timestamp,gt_uref_raw,dataset_name,label,iref,tref,ohref,i_range_low,i_range_high,t_range_low,t_range_high,oh_range_low,oh_range_high
2021-06-19 06:33:00,1.8858625888824463,G1M1_new,g1m1_high_load,1.48,57.0,100.0,1.46,1.5,56,58,14,500
2021-06-19 06:34:00,1.8884446620941162,G1M1_new,g1m1_high_load,1.48,57.0,100.0,1.46,1.5,56,58,14,500
2021-06-19 06:35:00,1.8889127969741821,G1M1_new,g1m1_high_load,1.48,57.0,100.0,1.46,1.5,56,58,14,500
2021-06-19 06:38:00,1.8852012157440186,G1M1_new,g1m1_high_load,1.48,57.0,100.0,1.46,1.5,56,58,14,500
2021-06-19 06:52:00,1.8847006559371948,G1M1_new,g1m1_high_load,1.48,57.0,100.0,1.46,1.5,56,58,14,500
2021-06-19 06:53:00,1.8859776258468628,G1M1_new,g1m1_high_load,1.48,57.0,100.0,1.46,1.5,56,58,14,500
2021-06-19 06:55:00,1.8884795904159546,G1M1_new,g1m1_high_load,1.48,57.0,100.0,1.46,1.5,56,58,14,500
2021-06-19 06:56:00,1.8900067806243896,G1M1_new,g1m1_high_load,1.48,57.0,100.0,1.46,1.5,56,58,14,500
2021-06-19 06:57:00,1.8884689807891846,G1M1_new,g1m1_high_load,1.48,57.0,100.0,1.46,1.5,56,58,14,500
2021-06-19 07:00:00,1.8813740015029907,G1M1_new,g1m1_high_load,1.48,57.0,100.0,1.46,1.5,56,58,14,500
2021-06-19 07:12:00,1.8850116729736328,G1M1_new,g1m1_high_load,1.48,57.0,100.0,1.46,1.5,56,58,14,500
2021-06-19 07:14:00,1.8874094486236572,G1M1_new,g1m1_high_load,1.48,57.0,100.0,1.46,1.5,56,58,14,500
2021-06-19 07:15:00,1.8872454166412354,G1M1_new,g1m1_high_load,1.48,57.0,100.0,1.46,1.5,56,58,14,500
2021-06-19 07:17:00,1.8875466585159302,G1M1_new,g1m1_high_load,1.48,57.0,100.0,1.46,1.5,56,58,14,500
2021-06-19 07:18:00,1.8868494033813477,G1M1_new,g1m1_high_load,1.48,57.0,100.0,1.46,1.5,56,58,14,500
2021-06-19 07:19:00,1.8846635818481445,G1M1_new,g1m1_high_load,1.48,57.0,100.0,1.46,1.5,56,58,14,500
2021-06-19 07:32:00,1.8841112852096558,G1M1_new,g1m1_high_load,1.48,57.0,100.0,1.46,1.5,56,58,14,500
2021-06-19 07:33:00,1.8856343030929565,G1M1_new,g1m1_high_load,1.48,57.0,100.0,1.46,1.5,56,58,14,500
2021-06-19 07:35:00,1.8888323307037354,G1M1_new,g1m1_high_load,1.48,57.0,100.0,1.46,1.5,56,58,14,500
2021-06-19 07:37:00,1.8908133506774902,G1M1_new,g1m1_high_load,1.48,57.0,100.0,1.46,1.5,56,58,14,500
2021-08-03 09:20:00,1.8903419971466064,G1M1_new,g1m1_high_load,1.48,57.0,100.0,1.46,1.5,56,58,14,500
2022-02-03 04:44:00,1.9444025754928589,G1M1_new,g1m1_high_load,1.48,57.0,100.0,1.46,1.5,56,58,14,500
2022-02-03 04:45:00,1.9443540573120117,G1M1_new,g1m1_high_load,1.48,57.0,100.0,1.46,1.5,56,58,14,500
2022-02-03 04:59:00,1.9457473754882812,G1M1_new,g1m1_high_load,1.48,57.0,100.0,1.46,1.5,56,58,14,500
2022-02-03 05:11:00,1.9446015357971191,G1M1_new,g1m1_high_load,1.48,57.0,100.0,1.46,1.5,56,58,14,500
2022-02-03 05:25:00,1.9456260204315186,G1M1_new,g1m1_high_load,1.48,57.0,100.0,1.46,1.5,56,58,14,500
2022-02-03 05:29:00,1.945258617401123,G1M1_new,g1m1_high_load,1.48,57.0,100.0,1.46,1.5,56,58,14,500
2022-02-03 05:31:00,1.9463813304901123,G1M1_new,g1m1_high_load,1.48,57.0,100.0,1.46,1.5,56,58,14,500
2022-02-03 05:33:00,1.9464133977890015,G1M1_new,g1m1_high_load,1.48,57.0,100.0,1.46,1.5,56,58,14,500
2022-02-03 05:35:00,1.9446169137954712,G1M1_new,g1m1_high_load,1.48,57.0,100.0,1.46,1.5,56,58,14,500
2022-02-03 05:48:00,1.9439767599105835,G1M1_new,g1m1_high_load,1.48,57.0,100.0,1.46,1.5,56,58,14,500
2022-02-03 05:50:00,1.9444143772125244,G1M1_new,g1m1_high_load,1.48,57.0,100.0,1.46,1.5,56,58,14,500
2022-02-03 05:56:00,1.9471355676651,G1M1_new,g1m1_high_load,1.48,57.0,100.0,1.46,1.5,56,58,14,500
2022-02-03 07:48:00,1.9443285465240479,G1M1_new,g1m1_high_load,1.48,57.0,100.0,1.46,1.5,56,58,14,500
2022-02-03 07:50:00,1.9456074237823486,G1M1_new,g1m1_high_load,1.48,57.0,100.0,1.46,1.5,56,58,14,500
2022-02-03 07:52:00,1.9465746879577637,G1M1_new,g1m1_high_load,1.48,57.0,100.0,1.46,1.5,56,58,14,500
2022-02-03 07:53:00,1.9473975896835327,G1M1_new,g1m1_high_load,1.48,57.0,100.0,1.46,1.5,56,58,14,500
2022-02-03 07:55:00,1.9450902938842773,G1M1_new,g1m1_high_load,1.48,57.0,100.0,1.46,1.5,56,58,14,500
2022-05-24 10:11:00,1.9489432573318481,G1M1_new,g1m1_high_load,1.48,57.0,100.0,1.46,1.5,56,58,14,500
2022-05-24 10:19:00,1.9472644329071045,G1M1_new,g1m1_high_load,1.48,57.0,100.0,1.46,1.5,56,58,14,500
2022-05-24 10:23:00,1.949074149131775,G1M1_new,g1m1_high_load,1.48,57.0,100.0,1.46,1.5,56,58,14,500
2022-05-24 10:24:00,1.9476208686828613,G1M1_new,g1m1_high_load,1.48,57.0,100.0,1.46,1.5,56,58,14,500
2022-05-24 10:30:00,1.9493480920791626,G1M1_new,g1m1_high_load,1.48,57.0,100.0,1.46,1.5,56,58,14,500
2022-05-24 10:31:00,1.9485348463058472,G1M1_new,g1m1_high_load,1.48,57.0,100.0,1.46,1.5,56,58,14,500
2022-05-24 10:38:00,1.9486994743347168,G1M1_new,g1m1_high_load,1.48,57.0,100.0,1.46,1.5,56,58,14,500
2022-05-24 10:39:00,1.9492172002792358,G1M1_new,g1m1_high_load,1.48,57.0,100.0,1.46,1.5,56,58,14,500
2022-05-24 10:41:00,1.9498347043991089,G1M1_new,g1m1_high_load,1.48,57.0,100.0,1.46,1.5,56,58,14,500
2022-05-24 10:50:00,1.9498257637023926,G1M1_new,g1m1_high_load,1.48,57.0,100.0,1.46,1.5,56,58,14,500
2022-05-24 10:51:00,1.9503581523895264,G1M1_new,g1m1_high_load,1.48,57.0,100.0,1.46,1.5,56,58,14,500
2022-05-24 10:52:00,1.9498368501663208,G1M1_new,g1m1_high_load,1.48,57.0,100.0,1.46,1.5,56,58,14,500
2022-05-24 10:53:00,1.949686884880066,G1M1_new,g1m1_high_load,1.48,57.0,100.0,1.46,1.5,56,58,14,500
2022-05-24 10:55:00,1.9483479261398315,G1M1_new,g1m1_high_load,1.48,57.0,100.0,1.46,1.5,56,58,14,500
2022-05-30 10:06:00,2.007242202758789,G1M1_new,g1m1_high_load,1.48,57.0,100.0,1.46,1.5,56,58,14,500
2022-05-30 10:08:00,2.009143352508545,G1M1_new,g1m1_high_load,1.48,57.0,100.0,1.46,1.5,56,58,14,500
2022-05-30 10:09:00,2.01035213470459,G1M1_new,g1m1_high_load,1.48,57.0,100.0,1.46,1.5,56,58,14,500
2022-05-30 10:11:00,2.0096688270568848,G1M1_new,g1m1_high_load,1.48,57.0,100.0,1.46,1.5,56,58,14,500
2022-05-30 10:15:00,2.011021137237549,G1M1_new,g1m1_high_load,1.48,57.0,100.0,1.46,1.5,56,58,14,500
2022-05-30 10:19:00,2.0140209197998047,G1M1_new,g1m1_high_load,1.48,57.0,100.0,1.46,1.5,56,58,14,500
2022-05-30 10:20:00,2.0117340087890625,G1M1_new,g1m1_high_load,1.48,57.0,100.0,1.46,1.5,56,58,14,500
2022-05-30 10:24:00,2.0135176181793213,G1M1_new,g1m1_high_load,1.48,57.0,100.0,1.46,1.5,56,58,14,500
2022-05-30 10:25:00,2.0104734897613525,G1M1_new,g1m1_high_load,1.48,57.0,100.0,1.46,1.5,56,58,14,500
2022-05-30 10:26:00,2.0146310329437256,G1M1_new,g1m1_high_load,1.48,57.0,100.0,1.46,1.5,56,58,14,500
2022-05-30 10:27:00,2.0118393898010254,G1M1_new,g1m1_high_load,1.48,57.0,100.0,1.46,1.5,56,58,14,500
2022-05-30 10:30:00,2.0142974853515625,G1M1_new,g1m1_high_load,1.48,57.0,100.0,1.46,1.5,56,58,14,500
2022-05-30 10:32:00,2.0151665210723877,G1M1_new,g1m1_high_load,1.48,57.0,100.0,1.46,1.5,56,58,14,500
2022-05-30 10:34:00,2.0145773887634277,G1M1_new,g1m1_high_load,1.48,57.0,100.0,1.46,1.5,56,58,14,500
2022-05-30 10:37:00,2.0103952884674072,G1M1_new,g1m1_high_load,1.48,57.0,100.0,1.46,1.5,56,58,14,500
2022-05-30 10:40:00,2.01165771484375,G1M1_new,g1m1_high_load,1.48,57.0,100.0,1.46,1.5,56,58,14,500
2022-05-30 10:41:00,2.014186382293701,G1M1_new,g1m1_high_load,1.48,57.0,100.0,1.46,1.5,56,58,14,500
2022-05-30 10:42:00,2.0160975456237793,G1M1_new,g1m1_high_load,1.48,57.0,100.0,1.46,1.5,56,58,14,500
2022-05-30 10:44:00,2.016613721847534,G1M1_new,g1m1_high_load,1.48,57.0,100.0,1.46,1.5,56,58,14,500
2022-05-30 10:45:00,2.014873743057251,G1M1_new,g1m1_high_load,1.48,57.0,100.0,1.46,1.5,56,58,14,500
2022-05-30 10:46:00,2.0179905891418457,G1M1_new,g1m1_high_load,1.48,57.0,100.0,1.46,1.5,56,58,14,500
2022-05-30 10:47:00,2.015524387359619,G1M1_new,g1m1_high_load,1.48,57.0,100.0,1.46,1.5,56,58,14,500
2022-05-30 10:50:00,2.0144693851470947,G1M1_new,g1m1_high_load,1.48,57.0,100.0,1.46,1.5,56,58,14,500
2022-05-30 10:51:00,2.015280246734619,G1M1_new,g1m1_high_load,1.48,57.0,100.0,1.46,1.5,56,58,14,500
2022-05-30 10:53:00,2.0144057273864746,G1M1_new,g1m1_high_load,1.48,57.0,100.0,1.46,1.5,56,58,14,500
2022-05-30 10:55:00,2.0149009227752686,G1M1_new,g1m1_high_load,1.48,57.0,100.0,1.46,1.5,56,58,14,500
2022-05-30 10:56:00,2.0148794651031494,G1M1_new,g1m1_high_load,1.48,57.0,100.0,1.46,1.5,56,58,14,500
2022-05-30 10:59:00,2.009934186935425,G1M1_new,g1m1_high_load,1.48,57.0,100.0,1.46,1.5,56,58,14,500
2022-06-03 06:57:00,2.0241036415100098,G1M1_new,g1m1_high_load,1.48,57.0,100.0,1.46,1.5,56,58,14,500
2022-06-03 06:59:00,2.0244109630584717,G1M1_new,g1m1_high_load,1.48,57.0,100.0,1.46,1.5,56,58,14,500
2022-06-03 07:01:00,2.0214037895202637,G1M1_new,g1m1_high_load,1.48,57.0,100.0,1.46,1.5,56,58,14,500
2022-06-03 07:05:00,2.0226175785064697,G1M1_new,g1m1_high_load,1.48,57.0,100.0,1.46,1.5,56,58,14,500
2022-06-03 07:06:00,2.020993947982788,G1M1_new,g1m1_high_load,1.48,57.0,100.0,1.46,1.5,56,58,14,500
2022-06-03 07:10:00,2.0247864723205566,G1M1_new,g1m1_high_load,1.48,57.0,100.0,1.46,1.5,56,58,14,500
2022-06-03 07:12:00,2.0265860557556152,G1M1_new,g1m1_high_load,1.48,57.0,100.0,1.46,1.5,56,58,14,500
2022-06-03 07:15:00,2.017789125442505,G1M1_new,g1m1_high_load,1.48,57.0,100.0,1.46,1.5,56,58,14,500
2022-06-03 07:17:00,2.020066976547241,G1M1_new,g1m1_high_load,1.48,57.0,100.0,1.46,1.5,56,58,14,500
2022-06-03 07:19:00,2.0233585834503174,G1M1_new,g1m1_high_load,1.48,57.0,100.0,1.46,1.5,56,58,14,500
2022-06-03 07:28:00,2.018829584121704,G1M1_new,g1m1_high_load,1.48,57.0,100.0,1.46,1.5,56,58,14,500
2022-06-03 07:29:00,2.0236005783081055,G1M1_new,g1m1_high_load,1.48,57.0,100.0,1.46,1.5,56,58,14,500
2022-06-03 07:33:00,2.0230636596679688,G1M1_new,g1m1_high_load,1.48,57.0,100.0,1.46,1.5,56,58,14,500
2022-06-03 07:34:00,2.0257697105407715,G1M1_new,g1m1_high_load,1.48,57.0,100.0,1.46,1.5,56,58,14,500
2022-06-03 07:36:00,2.0243289470672607,G1M1_new,g1m1_high_load,1.48,57.0,100.0,1.46,1.5,56,58,14,500
2022-06-03 07:39:00,2.0203890800476074,G1M1_new,g1m1_high_load,1.48,57.0,100.0,1.46,1.5,56,58,14,500
2022-06-03 07:42:00,2.0218913555145264,G1M1_new,g1m1_high_load,1.48,57.0,100.0,1.46,1.5,56,58,14,500
2022-06-03 07:44:00,2.02038311958313,G1M1_new,g1m1_high_load,1.48,57.0,100.0,1.46,1.5,56,58,14,500
2022-06-03 07:45:00,2.020495653152466,G1M1_new,g1m1_high_load,1.48,57.0,100.0,1.46,1.5,56,58,14,500
2022-06-03 07:47:00,2.0222578048706055,G1M1_new,g1m1_high_load,1.48,57.0,100.0,1.46,1.5,56,58,14,500
2022-06-03 07:49:00,2.024228096008301,G1M1_new,g1m1_high_load,1.48,57.0,100.0,1.46,1.5,56,58,14,500
2022-06-03 07:54:00,2.021573543548584,G1M1_new,g1m1_high_load,1.48,57.0,100.0,1.46,1.5,56,58,14,500
2022-06-03 07:56:00,2.0187268257141113,G1M1_new,g1m1_high_load,1.48,57.0,100.0,1.46,1.5,56,58,14,500
2022-06-03 07:58:00,2.02315616607666,G1M1_new,g1m1_high_load,1.48,57.0,100.0,1.46,1.5,56,58,14,500
2022-06-03 08:00:00,2.027372360229492,G1M1_new,g1m1_high_load,1.48,57.0,100.0,1.46,1.5,56,58,14,500
2022-06-03 08:02:00,2.025279998779297,G1M1_new,g1m1_high_load,1.48,57.0,100.0,1.46,1.5,56,58,14,500
2022-06-03 08:04:00,2.0230464935302734,G1M1_new,g1m1_high_load,1.48,57.0,100.0,1.46,1.5,56,58,14,500
2022-06-03 08:06:00,2.0219030380249023,G1M1_new,g1m1_high_load,1.48,57.0,100.0,1.46,1.5,56,58,14,500
2022-06-03 08:07:00,2.020612955093384,G1M1_new,g1m1_high_load,1.48,57.0,100.0,1.46,1.5,56,58,14,500
2022-06-03 08:09:00,2.0195233821868896,G1M1_new,g1m1_high_load,1.48,57.0,100.0,1.46,1.5,56,58,14,500
2022-06-03 08:11:00,2.020958185195923,G1M1_new,g1m1_high_load,1.48,57.0,100.0,1.46,1.5,56,58,14,500
2022-06-03 08:13:00,2.0231521129608154,G1M1_new,g1m1_high_load,1.48,57.0,100.0,1.46,1.5,56,58,14,500
2022-06-03 08:15:00,2.0233006477355957,G1M1_new,g1m1_high_load,1.48,57.0,100.0,1.46,1.5,56,58,14,500
2022-06-03 08:18:00,2.0240843296051025,G1M1_new,g1m1_high_load,1.48,57.0,100.0,1.46,1.5,56,58,14,500
2022-06-03 08:19:00,2.024746894836426,G1M1_new,g1m1_high_load,1.48,57.0,100.0,1.46,1.5,56,58,14,500
2022-06-03 08:21:00,2.0262579917907715,G1M1_new,g1m1_high_load,1.48,57.0,100.0,1.46,1.5,56,58,14,500
2022-06-03 08:22:00,2.0245373249053955,G1M1_new,g1m1_high_load,1.48,57.0,100.0,1.46,1.5,56,58,14,500
2022-06-03 08:27:00,2.0223500728607178,G1M1_new,g1m1_high_load,1.48,57.0,100.0,1.46,1.5,56,58,14,500
2022-06-03 08:28:00,2.0223639011383057,G1M1_new,g1m1_high_load,1.48,57.0,100.0,1.46,1.5,56,58,14,500
2022-06-03 08:29:00,2.0239830017089844,G1M1_new,g1m1_high_load,1.48,57.0,100.0,1.46,1.5,56,58,14,500
2022-06-03 08:30:00,2.0234291553497314,G1M1_new,g1m1_high_load,1.48,57.0,100.0,1.46,1.5,56,58,14,500
2022-06-03 08:31:00,2.024632692337036,G1M1_new,g1m1_high_load,1.48,57.0,100.0,1.46,1.5,56,58,14,500
2022-06-03 08:32:00,2.0250649452209473,G1M1_new,g1m1_high_load,1.48,57.0,100.0,1.46,1.5,56,58,14,500
2022-06-03 08:34:00,2.0206892490386963,G1M1_new,g1m1_high_load,1.48,57.0,100.0,1.46,1.5,56,58,14,500
2022-06-03 08:36:00,2.021981954574585,G1M1_new,g1m1_high_load,1.48,57.0,100.0,1.46,1.5,56,58,14,500
2022-06-03 08:37:00,2.021371841430664,G1M1_new,g1m1_high_load,1.48,57.0,100.0,1.46,1.5,56,58,14,500
2022-06-03 08:41:00,2.024996519088745,G1M1_new,g1m1_high_load,1.48,57.0,100.0,1.46,1.5,56,58,14,500
2022-06-03 08:42:00,2.025808572769165,G1M1_new,g1m1_high_load,1.48,57.0,100.0,1.46,1.5,56,58,14,500
2022-06-03 08:43:00,2.025700092315674,G1M1_new,g1m1_high_load,1.48,57.0,100.0,1.46,1.5,56,58,14,500
2022-06-03 08:46:00,2.0225956439971924,G1M1_new,g1m1_high_load,1.48,57.0,100.0,1.46,1.5,56,58,14,500
2022-06-03 08:47:00,2.020031213760376,G1M1_new,g1m1_high_load,1.48,57.0,100.0,1.46,1.5,56,58,14,500
2022-06-03 08:51:00,2.02264404296875,G1M1_new,g1m1_high_load,1.48,57.0,100.0,1.46,1.5,56,58,14,500
2022-06-03 08:53:00,2.0256290435791016,G1M1_new,g1m1_high_load,1.48,57.0,100.0,1.46,1.5,56,58,14,500
2022-06-03 08:55:00,2.0280792713165283,G1M1_new,g1m1_high_load,1.48,57.0,100.0,1.46,1.5,56,58,14,500
2022-06-03 08:56:00,2.0260820388793945,G1M1_new,g1m1_high_load,1.48,57.0,100.0,1.46,1.5,56,58,14,500
2022-06-03 09:01:00,2.0223240852355957,G1M1_new,g1m1_high_load,1.48,57.0,100.0,1.46,1.5,56,58,14,500
2022-06-03 09:02:00,2.0236029624938965,G1M1_new,g1m1_high_load,1.48,57.0,100.0,1.46,1.5,56,58,14,500
2022-06-03 09:03:00,2.0226850509643555,G1M1_new,g1m1_high_load,1.48,57.0,100.0,1.46,1.5,56,58,14,500
2022-06-03 09:05:00,2.0252938270568848,G1M1_new,g1m1_high_load,1.48,57.0,100.0,1.46,1.5,56,58,14,500
2022-06-03 09:07:00,2.0237677097320557,G1M1_new,g1m1_high_load,1.48,57.0,100.0,1.46,1.5,56,58,14,500
2022-06-03 09:09:00,2.0208985805511475,G1M1_new,g1m1_high_load,1.48,57.0,100.0,1.46,1.5,56,58,14,500
2022-06-03 09:12:00,2.0234122276306152,G1M1_new,g1m1_high_load,1.48,57.0,100.0,1.46,1.5,56,58,14,500
2022-06-03 09:13:00,2.025416612625122,G1M1_new,g1m1_high_load,1.48,57.0,100.0,1.46,1.5,56,58,14,500
2022-06-03 09:14:00,2.0230886936187744,G1M1_new,g1m1_high_load,1.48,57.0,100.0,1.46,1.5,56,58,14,500
2022-06-03 09:16:00,2.0247769355773926,G1M1_new,g1m1_high_load,1.48,57.0,100.0,1.46,1.5,56,58,14,500
2022-06-03 09:17:00,2.026477336883545,G1M1_new,g1m1_high_load,1.48,57.0,100.0,1.46,1.5,56,58,14,500
2022-06-03 09:18:00,2.026287794113159,G1M1_new,g1m1_high_load,1.48,57.0,100.0,1.46,1.5,56,58,14,500
2022-06-03 09:19:00,2.025940179824829,G1M1_new,g1m1_high_load,1.48,57.0,100.0,1.46,1.5,56,58,14,500
2022-06-03 09:22:00,2.0198349952697754,G1M1_new,g1m1_high_load,1.48,57.0,100.0,1.46,1.5,56,58,14,500
2022-06-03 09:23:00,2.0224719047546387,G1M1_new,g1m1_high_load,1.48,57.0,100.0,1.46,1.5,56,58,14,500
2022-06-03 09:27:00,2.0253148078918457,G1M1_new,g1m1_high_load,1.48,57.0,100.0,1.46,1.5,56,58,14,500
2022-06-03 09:28:00,2.026128053665161,G1M1_new,g1m1_high_load,1.48,57.0,100.0,1.46,1.5,56,58,14,500
2022-06-03 09:34:00,2.0228521823883057,G1M1_new,g1m1_high_load,1.48,57.0,100.0,1.46,1.5,56,58,14,500
2022-06-03 09:36:00,2.026212215423584,G1M1_new,g1m1_high_load,1.48,57.0,100.0,1.46,1.5,56,58,14,500
2022-06-03 09:38:00,2.0254645347595215,G1M1_new,g1m1_high_load,1.48,57.0,100.0,1.46,1.5,56,58,14,500
2022-06-03 09:40:00,2.022679567337036,G1M1_new,g1m1_high_load,1.48,57.0,100.0,1.46,1.5,56,58,14,500
2022-06-03 09:41:00,2.022439479827881,G1M1_new,g1m1_high_load,1.48,57.0,100.0,1.46,1.5,56,58,14,500
2022-06-03 09:43:00,2.021710157394409,G1M1_new,g1m1_high_load,1.48,57.0,100.0,1.46,1.5,56,58,14,500
2022-06-03 09:45:00,2.0246028900146484,G1M1_new,g1m1_high_load,1.48,57.0,100.0,1.46,1.5,56,58,14,500
2022-06-03 09:46:00,2.0267577171325684,G1M1_new,g1m1_high_load,1.48,57.0,100.0,1.46,1.5,56,58,14,500
2022-06-03 09:49:00,2.0241663455963135,G1M1_new,g1m1_high_load,1.48,57.0,100.0,1.46,1.5,56,58,14,500
2022-06-03 09:50:00,2.024671792984009,G1M1_new,g1m1_high_load,1.48,57.0,100.0,1.46,1.5,56,58,14,500
2022-06-03 09:51:00,2.0212881565093994,G1M1_new,g1m1_high_load,1.48,57.0,100.0,1.46,1.5,56,58,14,500
2022-06-03 09:55:00,2.0208277702331543,G1M1_new,g1m1_high_load,1.48,57.0,100.0,1.46,1.5,56,58,14,500
2022-06-03 09:57:00,2.025386333465576,G1M1_new,g1m1_high_load,1.48,57.0,100.0,1.46,1.5,56,58,14,500
2022-06-03 09:58:00,2.0232443809509277,G1M1_new,g1m1_high_load,1.48,57.0,100.0,1.46,1.5,56,58,14,500
2022-06-03 10:01:00,2.0278220176696777,G1M1_new,g1m1_high_load,1.48,57.0,100.0,1.46,1.5,56,58,14,500
2022-06-03 10:03:00,2.022486448287964,G1M1_new,g1m1_high_load,1.48,57.0,100.0,1.46,1.5,56,58,14,500
2022-06-03 10:05:00,2.022082567214966,G1M1_new,g1m1_high_load,1.48,57.0,100.0,1.46,1.5,56,58,14,500
2022-06-03 10:07:00,2.023651123046875,G1M1_new,g1m1_high_load,1.48,57.0,100.0,1.46,1.5,56,58,14,500
2022-06-03 10:10:00,2.0288949012756348,G1M1_new,g1m1_high_load,1.48,57.0,100.0,1.46,1.5,56,58,14,500
2022-06-03 10:12:00,2.020643711090088,G1M1_new,g1m1_high_load,1.48,57.0,100.0,1.46,1.5,56,58,14,500
2022-06-03 10:16:00,2.0241029262542725,G1M1_new,g1m1_high_load,1.48,57.0,100.0,1.46,1.5,56,58,14,500
2022-06-03 10:17:00,2.023421049118042,G1M1_new,g1m1_high_load,1.48,57.0,100.0,1.46,1.5,56,58,14,500
2022-06-03 10:19:00,2.025663137435913,G1M1_new,g1m1_high_load,1.48,57.0,100.0,1.46,1.5,56,58,14,500
2022-06-03 10:21:00,2.0237650871276855,G1M1_new,g1m1_high_load,1.48,57.0,100.0,1.46,1.5,56,58,14,500
2022-06-03 10:22:00,2.0231857299804688,G1M1_new,g1m1_high_load,1.48,57.0,100.0,1.46,1.5,56,58,14,500
2022-06-03 10:26:00,2.02406907081604,G1M1_new,g1m1_high_load,1.48,57.0,100.0,1.46,1.5,56,58,14,500
2022-06-03 10:27:00,2.0252346992492676,G1M1_new,g1m1_high_load,1.48,57.0,100.0,1.46,1.5,56,58,14,500
2022-06-03 10:29:00,2.024764060974121,G1M1_new,g1m1_high_load,1.48,57.0,100.0,1.46,1.5,56,58,14,500
2022-06-03 10:30:00,2.025104522705078,G1M1_new,g1m1_high_load,1.48,57.0,100.0,1.46,1.5,56,58,14,500
2022-06-03 10:31:00,2.0266904830932617,G1M1_new,g1m1_high_load,1.48,57.0,100.0,1.46,1.5,56,58,14,500
2022-06-03 10:32:00,2.0254435539245605,G1M1_new,g1m1_high_load,1.48,57.0,100.0,1.46,1.5,56,58,14,500
2022-06-03 10:34:00,2.027600049972534,G1M1_new,g1m1_high_load,1.48,57.0,100.0,1.46,1.5,56,58,14,500
2022-06-03 10:35:00,2.026698350906372,G1M1_new,g1m1_high_load,1.48,57.0,100.0,1.46,1.5,56,58,14,500
2022-06-03 10:40:00,2.0232107639312744,G1M1_new,g1m1_high_load,1.48,57.0,100.0,1.46,1.5,56,58,14,500
2022-06-03 10:41:00,2.024066209793091,G1M1_new,g1m1_high_load,1.48,57.0,100.0,1.46,1.5,56,58,14,500
2022-06-03 10:42:00,2.0240135192871094,G1M1_new,g1m1_high_load,1.48,57.0,100.0,1.46,1.5,56,58,14,500
2022-06-03 10:44:00,2.0257391929626465,G1M1_new,g1m1_high_load,1.48,57.0,100.0,1.46,1.5,56,58,14,500
2022-06-03 10:45:00,2.0250954627990723,G1M1_new,g1m1_high_load,1.48,57.0,100.0,1.46,1.5,56,58,14,500
2022-06-03 10:46:00,2.028672933578491,G1M1_new,g1m1_high_load,1.48,57.0,100.0,1.46,1.5,56,58,14,500
2022-06-03 10:47:00,2.024371385574341,G1M1_new,g1m1_high_load,1.48,57.0,100.0,1.46,1.5,56,58,14,500
2022-06-03 10:48:00,2.0226054191589355,G1M1_new,g1m1_high_load,1.48,57.0,100.0,1.46,1.5,56,58,14,500
2022-06-03 10:49:00,2.020101547241211,G1M1_new,g1m1_high_load,1.48,57.0,100.0,1.46,1.5,56,58,14,500
2022-06-03 10:51:00,2.0215604305267334,G1M1_new,g1m1_high_load,1.48,57.0,100.0,1.46,1.5,56,58,14,500
2022-06-03 10:53:00,2.0238075256347656,G1M1_new,g1m1_high_load,1.48,57.0,100.0,1.46,1.5,56,58,14,500
2022-06-03 10:56:00,2.0301151275634766,G1M1_new,g1m1_high_load,1.48,57.0,100.0,1.46,1.5,56,58,14,500
2022-06-03 10:57:00,2.027311325073242,G1M1_new,g1m1_high_load,1.48,57.0,100.0,1.46,1.5,56,58,14,500
2022-06-03 10:59:00,2.027141571044922,G1M1_new,g1m1_high_load,1.48,57.0,100.0,1.46,1.5,56,58,14,500
2022-06-03 11:00:00,2.026383399963379,G1M1_new,g1m1_high_load,1.48,57.0,100.0,1.46,1.5,56,58,14,500
2022-06-03 11:02:00,2.01977801322937,G1M1_new,g1m1_high_load,1.48,57.0,100.0,1.46,1.5,56,58,14,500
2022-06-03 11:04:00,2.0218796730041504,G1M1_new,g1m1_high_load,1.48,57.0,100.0,1.46,1.5,56,58,14,500
2022-06-03 11:05:00,2.0232527256011963,G1M1_new,g1m1_high_load,1.48,57.0,100.0,1.46,1.5,56,58,14,500
2022-06-03 11:10:00,2.027456521987915,G1M1_new,g1m1_high_load,1.48,57.0,100.0,1.46,1.5,56,58,14,500
2022-06-03 11:11:00,2.0267255306243896,G1M1_new,g1m1_high_load,1.48,57.0,100.0,1.46,1.5,56,58,14,500
2022-06-03 11:16:00,2.0228583812713623,G1M1_new,g1m1_high_load,1.48,57.0,100.0,1.46,1.5,56,58,14,500
2022-06-03 11:26:00,2.02386474609375,G1M1_new,g1m1_high_load,1.48,57.0,100.0,1.46,1.5,56,58,14,500
2022-06-03 11:27:00,2.022637128829956,G1M1_new,g1m1_high_load,1.48,57.0,100.0,1.46,1.5,56,58,14,500
2022-06-03 11:29:00,2.0263190269470215,G1M1_new,g1m1_high_load,1.48,57.0,100.0,1.46,1.5,56,58,14,500
2022-06-03 11:31:00,2.0248470306396484,G1M1_new,g1m1_high_load,1.48,57.0,100.0,1.46,1.5,56,58,14,500
2022-06-03 11:35:00,2.0202929973602295,G1M1_new,g1m1_high_load,1.48,57.0,100.0,1.46,1.5,56,58,14,500
2022-06-03 11:36:00,2.0227646827697754,G1M1_new,g1m1_high_load,1.48,57.0,100.0,1.46,1.5,56,58,14,500
2022-06-03 11:38:00,2.025068998336792,G1M1_new,g1m1_high_load,1.48,57.0,100.0,1.46,1.5,56,58,14,500
2022-06-03 11:39:00,2.0249719619750977,G1M1_new,g1m1_high_load,1.48,57.0,100.0,1.46,1.5,56,58,14,500
2022-06-03 11:41:00,2.024805784225464,G1M1_new,g1m1_high_load,1.48,57.0,100.0,1.46,1.5,56,58,14,500
2022-06-03 11:42:00,2.027069568634033,G1M1_new,g1m1_high_load,1.48,57.0,100.0,1.46,1.5,56,58,14,500
2022-06-03 11:48:00,2.023545026779175,G1M1_new,g1m1_high_load,1.48,57.0,100.0,1.46,1.5,56,58,14,500
2022-06-03 11:49:00,2.025071620941162,G1M1_new,g1m1_high_load,1.48,57.0,100.0,1.46,1.5,56,58,14,500
2022-06-03 11:50:00,2.0244686603546143,G1M1_new,g1m1_high_load,1.48,57.0,100.0,1.46,1.5,56,58,14,500
2022-06-03 11:52:00,2.022904396057129,G1M1_new,g1m1_high_load,1.48,57.0,100.0,1.46,1.5,56,58,14,500
2022-06-03 11:53:00,2.0209906101226807,G1M1_new,g1m1_high_load,1.48,57.0,100.0,1.46,1.5,56,58,14,500
2022-06-03 11:54:00,2.0215003490448,G1M1_new,g1m1_high_load,1.48,57.0,100.0,1.46,1.5,56,58,14,500
2022-06-03 11:55:00,2.0245089530944824,G1M1_new,g1m1_high_load,1.48,57.0,100.0,1.46,1.5,56,58,14,500
2022-06-03 12:01:00,2.0265910625457764,G1M1_new,g1m1_high_load,1.48,57.0,100.0,1.46,1.5,56,58,14,500
2022-06-03 12:02:00,2.026205062866211,G1M1_new,g1m1_high_load,1.48,57.0,100.0,1.46,1.5,56,58,14,500
2022-06-03 12:06:00,2.023545503616333,G1M1_new,g1m1_high_load,1.48,57.0,100.0,1.46,1.5,56,58,14,500
2022-06-03 12:07:00,2.0221457481384277,G1M1_new,g1m1_high_load,1.48,57.0,100.0,1.46,1.5,56,58,14,500
2022-06-03 12:08:00,2.022000789642334,G1M1_new,g1m1_high_load,1.48,57.0,100.0,1.46,1.5,56,58,14,500
2022-06-03 12:09:00,2.021116018295288,G1M1_new,g1m1_high_load,1.48,57.0,100.0,1.46,1.5,56,58,14,500
2022-06-03 12:10:00,2.0247325897216797,G1M1_new,g1m1_high_load,1.48,57.0,100.0,1.46,1.5,56,58,14,500
2022-06-03 12:11:00,2.026038885116577,G1M1_new,g1m1_high_load,1.48,57.0,100.0,1.46,1.5,56,58,14,500
2022-06-03 12:12:00,2.028702974319458,G1M1_new,g1m1_high_load,1.48,57.0,100.0,1.46,1.5,56,58,14,500
2022-06-03 12:13:00,2.0290420055389404,G1M1_new,g1m1_high_load,1.48,57.0,100.0,1.46,1.5,56,58,14,500
2022-06-03 12:14:00,2.027329683303833,G1M1_new,g1m1_high_load,1.48,57.0,100.0,1.46,1.5,56,58,14,500
2022-06-03 12:15:00,2.021730422973633,G1M1_new,g1m1_high_load,1.48,57.0,100.0,1.46,1.5,56,58,14,500
2022-06-03 12:16:00,2.019239902496338,G1M1_new,g1m1_high_load,1.48,57.0,100.0,1.46,1.5,56,58,14,500
2022-06-03 12:17:00,2.0215611457824707,G1M1_new,g1m1_high_load,1.48,57.0,100.0,1.46,1.5,56,58,14,500
2022-06-03 12:18:00,2.0248196125030518,G1M1_new,g1m1_high_load,1.48,57.0,100.0,1.46,1.5,56,58,14,500
2022-06-03 12:19:00,2.0219886302948,G1M1_new,g1m1_high_load,1.48,57.0,100.0,1.46,1.5,56,58,14,500
2022-06-03 12:20:00,2.025029420852661,G1M1_new,g1m1_high_load,1.48,57.0,100.0,1.46,1.5,56,58,14,500
2022-06-03 12:21:00,2.0264933109283447,G1M1_new,g1m1_high_load,1.48,57.0,100.0,1.46,1.5,56,58,14,500
2022-06-03 12:22:00,2.0260095596313477,G1M1_new,g1m1_high_load,1.48,57.0,100.0,1.46,1.5,56,58,14,500
2022-06-03 12:23:00,2.025939464569092,G1M1_new,g1m1_high_load,1.48,57.0,100.0,1.46,1.5,56,58,14,500
2022-06-03 12:25:00,2.026028633117676,G1M1_new,g1m1_high_load,1.48,57.0,100.0,1.46,1.5,56,58,14,500
2022-06-03 12:26:00,2.027147054672241,G1M1_new,g1m1_high_load,1.48,57.0,100.0,1.46,1.5,56,58,14,500
2022-06-03 12:27:00,2.0262274742126465,G1M1_new,g1m1_high_load,1.48,57.0,100.0,1.46,1.5,56,58,14,500
2022-06-03 12:29:00,2.0222556591033936,G1M1_new,g1m1_high_load,1.48,57.0,100.0,1.46,1.5,56,58,14,500
2022-06-03 12:30:00,2.0210213661193848,G1M1_new,g1m1_high_load,1.48,57.0,100.0,1.46,1.5,56,58,14,500
2022-06-03 12:31:00,2.0202722549438477,G1M1_new,g1m1_high_load,1.48,57.0,100.0,1.46,1.5,56,58,14,500
2022-06-03 12:33:00,2.023275136947632,G1M1_new,g1m1_high_load,1.48,57.0,100.0,1.46,1.5,56,58,14,500
2022-06-03 12:34:00,2.0246472358703613,G1M1_new,g1m1_high_load,1.48,57.0,100.0,1.46,1.5,56,58,14,500
2022-06-03 12:35:00,2.026186466217041,G1M1_new,g1m1_high_load,1.48,57.0,100.0,1.46,1.5,56,58,14,500
2022-06-03 12:36:00,2.0274739265441895,G1M1_new,g1m1_high_load,1.48,57.0,100.0,1.46,1.5,56,58,14,500
2022-06-03 12:37:00,2.0286178588867188,G1M1_new,g1m1_high_load,1.48,57.0,100.0,1.46,1.5,56,58,14,500
2022-06-03 12:42:00,2.023519992828369,G1M1_new,g1m1_high_load,1.48,57.0,100.0,1.46,1.5,56,58,14,500
2022-06-03 12:45:00,2.018056869506836,G1M1_new,g1m1_high_load,1.48,57.0,100.0,1.46,1.5,56,58,14,500
2022-06-03 12:46:00,2.021519660949707,G1M1_new,g1m1_high_load,1.48,57.0,100.0,1.46,1.5,56,58,14,500
2022-06-03 12:59:00,2.0255768299102783,G1M1_new,g1m1_high_load,1.48,57.0,100.0,1.46,1.5,56,58,14,500
2022-06-03 13:00:00,2.024862766265869,G1M1_new,g1m1_high_load,1.48,57.0,100.0,1.46,1.5,56,58,14,500
2022-06-03 13:03:00,2.0261926651000977,G1M1_new,g1m1_high_load,1.48,57.0,100.0,1.46,1.5,56,58,14,500
2022-06-03 13:06:00,2.0217361450195312,G1M1_new,g1m1_high_load,1.48,57.0,100.0,1.46,1.5,56,58,14,500
2022-06-03 13:08:00,2.0215141773223877,G1M1_new,g1m1_high_load,1.48,57.0,100.0,1.46,1.5,56,58,14,500
2022-06-03 13:12:00,2.0254204273223877,G1M1_new,g1m1_high_load,1.48,57.0,100.0,1.46,1.5,56,58,14,500
2022-06-03 13:14:00,2.0253472328186035,G1M1_new,g1m1_high_load,1.48,57.0,100.0,1.46,1.5,56,58,14,500
2022-06-03 13:15:00,2.0256309509277344,G1M1_new,g1m1_high_load,1.48,57.0,100.0,1.46,1.5,56,58,14,500
2022-06-03 13:17:00,2.0258820056915283,G1M1_new,g1m1_high_load,1.48,57.0,100.0,1.46,1.5,56,58,14,500
2022-06-03 13:18:00,2.027427911758423,G1M1_new,g1m1_high_load,1.48,57.0,100.0,1.46,1.5,56,58,14,500
2022-06-03 13:19:00,2.026773691177368,G1M1_new,g1m1_high_load,1.48,57.0,100.0,1.46,1.5,56,58,14,500
2022-06-03 13:20:00,2.026195764541626,G1M1_new,g1m1_high_load,1.48,57.0,100.0,1.46,1.5,56,58,14,500
2022-06-03 13:21:00,2.02316951751709,G1M1_new,g1m1_high_load,1.48,57.0,100.0,1.46,1.5,56,58,14,500
2022-06-03 13:23:00,2.023090124130249,G1M1_new,g1m1_high_load,1.48,57.0,100.0,1.46,1.5,56,58,14,500
2022-06-03 13:24:00,2.0240604877471924,G1M1_new,g1m1_high_load,1.48,57.0,100.0,1.46,1.5,56,58,14,500
2022-06-03 13:27:00,2.025078058242798,G1M1_new,g1m1_high_load,1.48,57.0,100.0,1.46,1.5,56,58,14,500
2022-06-03 13:29:00,2.027526378631592,G1M1_new,g1m1_high_load,1.48,57.0,100.0,1.46,1.5,56,58,14,500
2022-06-03 13:31:00,2.0276286602020264,G1M1_new,g1m1_high_load,1.48,57.0,100.0,1.46,1.5,56,58,14,500
2022-06-03 13:36:00,2.024041175842285,G1M1_new,g1m1_high_load,1.48,57.0,100.0,1.46,1.5,56,58,14,500
2022-06-03 13:37:00,2.025470733642578,G1M1_new,g1m1_high_load,1.48,57.0,100.0,1.46,1.5,56,58,14,500
2022-06-03 13:38:00,2.0241613388061523,G1M1_new,g1m1_high_load,1.48,57.0,100.0,1.46,1.5,56,58,14,500
2022-06-03 13:40:00,2.0249264240264893,G1M1_new,g1m1_high_load,1.48,57.0,100.0,1.46,1.5,56,58,14,500
2022-06-03 13:42:00,2.0266077518463135,G1M1_new,g1m1_high_load,1.48,57.0,100.0,1.46,1.5,56,58,14,500
2022-06-03 13:46:00,2.025932550430298,G1M1_new,g1m1_high_load,1.48,57.0,100.0,1.46,1.5,56,58,14,500
2022-06-03 13:48:00,2.0284719467163086,G1M1_new,g1m1_high_load,1.48,57.0,100.0,1.46,1.5,56,58,14,500
2022-06-03 13:50:00,2.0276005268096924,G1M1_new,g1m1_high_load,1.48,57.0,100.0,1.46,1.5,56,58,14,500
2022-06-03 13:52:00,2.0235519409179688,G1M1_new,g1m1_high_load,1.48,57.0,100.0,1.46,1.5,56,58,14,500
2022-06-03 13:58:00,2.0239710807800293,G1M1_new,g1m1_high_load,1.48,57.0,100.0,1.46,1.5,56,58,14,500
2022-06-03 14:00:00,2.0246739387512207,G1M1_new,g1m1_high_load,1.48,57.0,100.0,1.46,1.5,56,58,14,500
2022-06-03 14:02:00,2.026688814163208,G1M1_new,g1m1_high_load,1.48,57.0,100.0,1.46,1.5,56,58,14,500
2022-06-03 14:03:00,2.027216672897339,G1M1_new,g1m1_high_load,1.48,57.0,100.0,1.46,1.5,56,58,14,500
2022-06-03 14:12:00,2.0241827964782715,G1M1_new,g1m1_high_load,1.48,57.0,100.0,1.46,1.5,56,58,14,500
2022-06-03 14:13:00,2.0246684551239014,G1M1_new,g1m1_high_load,1.48,57.0,100.0,1.46,1.5,56,58,14,500
2022-06-03 14:15:00,2.0232903957366943,G1M1_new,g1m1_high_load,1.48,57.0,100.0,1.46,1.5,56,58,14,500
2022-06-03 14:16:00,2.021347999572754,G1M1_new,g1m1_high_load,1.48,57.0,100.0,1.46,1.5,56,58,14,500
2022-06-03 14:17:00,2.0250508785247803,G1M1_new,g1m1_high_load,1.48,57.0,100.0,1.46,1.5,56,58,14,500
2022-06-03 14:18:00,2.0265097618103027,G1M1_new,g1m1_high_load,1.48,57.0,100.0,1.46,1.5,56,58,14,500
2022-06-03 14:19:00,2.027578592300415,G1M1_new,g1m1_high_load,1.48,57.0,100.0,1.46,1.5,56,58,14,500
2022-06-03 14:20:00,2.0261282920837402,G1M1_new,g1m1_high_load,1.48,57.0,100.0,1.46,1.5,56,58,14,500
2022-06-03 14:25:00,2.0260860919952393,G1M1_new,g1m1_high_load,1.48,57.0,100.0,1.46,1.5,56,58,14,500
2022-06-03 14:28:00,2.0232248306274414,G1M1_new,g1m1_high_load,1.48,57.0,100.0,1.46,1.5,56,58,14,500
2022-06-03 14:30:00,2.0221056938171387,G1M1_new,g1m1_high_load,1.48,57.0,100.0,1.46,1.5,56,58,14,500
2022-06-03 14:35:00,2.0259790420532227,G1M1_new,g1m1_high_load,1.48,57.0,100.0,1.46,1.5,56,58,14,500
2022-06-03 14:36:00,2.029930830001831,G1M1_new,g1m1_high_load,1.48,57.0,100.0,1.46,1.5,56,58,14,500
2022-06-03 14:42:00,2.0236716270446777,G1M1_new,g1m1_high_load,1.48,57.0,100.0,1.46,1.5,56,58,14,500
2022-06-03 14:44:00,2.021685838699341,G1M1_new,g1m1_high_load,1.48,57.0,100.0,1.46,1.5,56,58,14,500
2022-06-03 14:48:00,2.0253283977508545,G1M1_new,g1m1_high_load,1.48,57.0,100.0,1.46,1.5,56,58,14,500
2022-06-03 14:49:00,2.0247421264648438,G1M1_new,g1m1_high_load,1.48,57.0,100.0,1.46,1.5,56,58,14,500
2022-06-03 14:50:00,2.0241057872772217,G1M1_new,g1m1_high_load,1.48,57.0,100.0,1.46,1.5,56,58,14,500
2022-06-03 14:51:00,2.0267276763916016,G1M1_new,g1m1_high_load,1.48,57.0,100.0,1.46,1.5,56,58,14,500
2022-06-03 14:54:00,2.0267062187194824,G1M1_new,g1m1_high_load,1.48,57.0,100.0,1.46,1.5,56,58,14,500
2022-06-03 14:56:00,2.0264623165130615,G1M1_new,g1m1_high_load,1.48,57.0,100.0,1.46,1.5,56,58,14,500
2022-06-03 14:58:00,2.0288422107696533,G1M1_new,g1m1_high_load,1.48,57.0,100.0,1.46,1.5,56,58,14,500
2022-06-03 15:00:00,2.028226137161255,G1M1_new,g1m1_high_load,1.48,57.0,100.0,1.46,1.5,56,58,14,500
2022-06-03 15:01:00,2.0317609310150146,G1M1_new,g1m1_high_load,1.48,57.0,100.0,1.46,1.5,56,58,14,500
2022-06-03 15:03:00,2.022871255874634,G1M1_new,g1m1_high_load,1.48,57.0,100.0,1.46,1.5,56,58,14,500
2022-06-03 15:06:00,2.0255820751190186,G1M1_new,g1m1_high_load,1.48,57.0,100.0,1.46,1.5,56,58,14,500
2022-06-03 15:07:00,2.025707721710205,G1M1_new,g1m1_high_load,1.48,57.0,100.0,1.46,1.5,56,58,14,500
2022-06-03 15:09:00,2.0276060104370117,G1M1_new,g1m1_high_load,1.48,57.0,100.0,1.46,1.5,56,58,14,500
2022-06-03 15:10:00,2.025817632675171,G1M1_new,g1m1_high_load,1.48,57.0,100.0,1.46,1.5,56,58,14,500
2022-06-03 15:11:00,2.026315689086914,G1M1_new,g1m1_high_load,1.48,57.0,100.0,1.46,1.5,56,58,14,500
2022-06-03 15:12:00,2.026587963104248,G1M1_new,g1m1_high_load,1.48,57.0,100.0,1.46,1.5,56,58,14,500
2022-06-03 15:13:00,2.0247626304626465,G1M1_new,g1m1_high_load,1.48,57.0,100.0,1.46,1.5,56,58,14,500
2022-06-03 15:14:00,2.0255682468414307,G1M1_new,g1m1_high_load,1.48,57.0,100.0,1.46,1.5,56,58,14,500
2022-06-03 15:24:00,2.0252835750579834,G1M1_new,g1m1_high_load,1.48,57.0,100.0,1.46,1.5,56,58,14,500
2022-06-03 15:25:00,2.0250394344329834,G1M1_new,g1m1_high_load,1.48,57.0,100.0,1.46,1.5,56,58,14,500
2022-06-03 15:29:00,2.0220465660095215,G1M1_new,g1m1_high_load,1.48,57.0,100.0,1.46,1.5,56,58,14,500
2022-06-03 15:31:00,2.023808479309082,G1M1_new,g1m1_high_load,1.48,57.0,100.0,1.46,1.5,56,58,14,500
2022-06-03 15:33:00,2.0236592292785645,G1M1_new,g1m1_high_load,1.48,57.0,100.0,1.46,1.5,56,58,14,500
2022-06-03 15:36:00,2.0264973640441895,G1M1_new,g1m1_high_load,1.48,57.0,100.0,1.46,1.5,56,58,14,500
2022-06-03 15:37:00,2.0279884338378906,G1M1_new,g1m1_high_load,1.48,57.0,100.0,1.46,1.5,56,58,14,500
2022-06-03 15:39:00,2.0268914699554443,G1M1_new,g1m1_high_load,1.48,57.0,100.0,1.46,1.5,56,58,14,500
2022-06-03 15:43:00,2.0240561962127686,G1M1_new,g1m1_high_load,1.48,57.0,100.0,1.46,1.5,56,58,14,500
2022-06-03 15:49:00,2.02658748626709,G1M1_new,g1m1_high_load,1.48,57.0,100.0,1.46,1.5,56,58,14,500
2022-06-03 15:50:00,2.028489589691162,G1M1_new,g1m1_high_load,1.48,57.0,100.0,1.46,1.5,56,58,14,500
2022-06-03 15:52:00,2.027799367904663,G1M1_new,g1m1_high_load,1.48,57.0,100.0,1.46,1.5,56,58,14,500
2022-06-03 15:54:00,2.0245392322540283,G1M1_new,g1m1_high_load,1.48,57.0,100.0,1.46,1.5,56,58,14,500
2022-06-03 15:55:00,2.0234248638153076,G1M1_new,g1m1_high_load,1.48,57.0,100.0,1.46,1.5,56,58,14,500
2022-06-03 16:01:00,2.0246341228485107,G1M1_new,g1m1_high_load,1.48,57.0,100.0,1.46,1.5,56,58,14,500
2022-06-03 16:03:00,2.0264806747436523,G1M1_new,g1m1_high_load,1.48,57.0,100.0,1.46,1.5,56,58,14,500
2022-06-03 16:04:00,2.0245041847229004,G1M1_new,g1m1_high_load,1.48,57.0,100.0,1.46,1.5,56,58,14,500
2022-06-03 16:05:00,2.027846097946167,G1M1_new,g1m1_high_load,1.48,57.0,100.0,1.46,1.5,56,58,14,500
2022-06-03 16:06:00,2.0260703563690186,G1M1_new,g1m1_high_load,1.48,57.0,100.0,1.46,1.5,56,58,14,500
2022-06-03 16:07:00,2.02758526802063,G1M1_new,g1m1_high_load,1.48,57.0,100.0,1.46,1.5,56,58,14,500
2022-06-03 16:09:00,2.0287883281707764,G1M1_new,g1m1_high_load,1.48,57.0,100.0,1.46,1.5,56,58,14,500
2022-06-03 16:10:00,2.0263490676879883,G1M1_new,g1m1_high_load,1.48,57.0,100.0,1.46,1.5,56,58,14,500
2022-06-03 16:12:00,2.030533790588379,G1M1_new,g1m1_high_load,1.48,57.0,100.0,1.46,1.5,56,58,14,500
2022-06-03 16:13:00,2.0281143188476562,G1M1_new,g1m1_high_load,1.48,57.0,100.0,1.46,1.5,56,58,14,500
2022-06-03 16:14:00,2.0286097526550293,G1M1_new,g1m1_high_load,1.48,57.0,100.0,1.46,1.5,56,58,14,500
2022-06-03 16:15:00,2.024625539779663,G1M1_new,g1m1_high_load,1.48,57.0,100.0,1.46,1.5,56,58,14,500
2022-06-03 16:16:00,2.021275281906128,G1M1_new,g1m1_high_load,1.48,57.0,100.0,1.46,1.5,56,58,14,500
2022-06-03 16:21:00,2.024157762527466,G1M1_new,g1m1_high_load,1.48,57.0,100.0,1.46,1.5,56,58,14,500
2022-06-03 16:22:00,2.0251853466033936,G1M1_new,g1m1_high_load,1.48,57.0,100.0,1.46,1.5,56,58,14,500
2022-06-03 16:23:00,2.0255963802337646,G1M1_new,g1m1_high_load,1.48,57.0,100.0,1.46,1.5,56,58,14,500
2022-06-03 16:27:00,2.0276331901550293,G1M1_new,g1m1_high_load,1.48,57.0,100.0,1.46,1.5,56,58,14,500
2022-06-03 16:28:00,2.0269553661346436,G1M1_new,g1m1_high_load,1.48,57.0,100.0,1.46,1.5,56,58,14,500
2022-06-03 16:31:00,2.028136730194092,G1M1_new,g1m1_high_load,1.48,57.0,100.0,1.46,1.5,56,58,14,500
2022-06-03 16:34:00,2.0265090465545654,G1M1_new,g1m1_high_load,1.48,57.0,100.0,1.46,1.5,56,58,14,500
2022-06-03 16:36:00,2.0261943340301514,G1M1_new,g1m1_high_load,1.48,57.0,100.0,1.46,1.5,56,58,14,500
2022-06-03 16:37:00,2.0252504348754883,G1M1_new,g1m1_high_load,1.48,57.0,100.0,1.46,1.5,56,58,14,500
2022-06-03 16:38:00,2.024038791656494,G1M1_new,g1m1_high_load,1.48,57.0,100.0,1.46,1.5,56,58,14,500
2022-06-03 16:40:00,2.021988868713379,G1M1_new,g1m1_high_load,1.48,57.0,100.0,1.46,1.5,56,58,14,500
2022-06-03 16:42:00,2.0235321521759033,G1M1_new,g1m1_high_load,1.48,57.0,100.0,1.46,1.5,56,58,14,500
2022-06-03 16:44:00,2.025644540786743,G1M1_new,g1m1_high_load,1.48,57.0,100.0,1.46,1.5,56,58,14,500
2022-06-03 16:46:00,2.025158405303955,G1M1_new,g1m1_high_load,1.48,57.0,100.0,1.46,1.5,56,58,14,500
2022-06-03 16:47:00,2.0251760482788086,G1M1_new,g1m1_high_load,1.48,57.0,100.0,1.46,1.5,56,58,14,500
2022-06-03 16:48:00,2.026611328125,G1M1_new,g1m1_high_load,1.48,57.0,100.0,1.46,1.5,56,58,14,500
2022-06-03 16:49:00,2.026254177093506,G1M1_new,g1m1_high_load,1.48,57.0,100.0,1.46,1.5,56,58,14,500
2022-06-03 16:53:00,2.0264432430267334,G1M1_new,g1m1_high_load,1.48,57.0,100.0,1.46,1.5,56,58,14,500
2022-06-03 16:54:00,2.027564287185669,G1M1_new,g1m1_high_load,1.48,57.0,100.0,1.46,1.5,56,58,14,500
2022-06-03 16:55:00,2.0276122093200684,G1M1_new,g1m1_high_load,1.48,57.0,100.0,1.46,1.5,56,58,14,500
2022-06-03 16:58:00,2.0290582180023193,G1M1_new,g1m1_high_load,1.48,57.0,100.0,1.46,1.5,56,58,14,500
2022-06-03 17:02:00,2.023777723312378,G1M1_new,g1m1_high_load,1.48,57.0,100.0,1.46,1.5,56,58,14,500
2022-06-03 17:04:00,2.021730899810791,G1M1_new,g1m1_high_load,1.48,57.0,100.0,1.46,1.5,56,58,14,500
2022-06-03 17:05:00,2.023998498916626,G1M1_new,g1m1_high_load,1.48,57.0,100.0,1.46,1.5,56,58,14,500
2022-06-03 17:10:00,2.025803804397583,G1M1_new,g1m1_high_load,1.48,57.0,100.0,1.46,1.5,56,58,14,500
2022-06-03 17:12:00,2.0257749557495117,G1M1_new,g1m1_high_load,1.48,57.0,100.0,1.46,1.5,56,58,14,500
2022-06-03 17:13:00,2.0270979404449463,G1M1_new,g1m1_high_load,1.48,57.0,100.0,1.46,1.5,56,58,14,500
2022-06-03 17:16:00,2.0276072025299072,G1M1_new,g1m1_high_load,1.48,57.0,100.0,1.46,1.5,56,58,14,500
2022-06-03 17:17:00,2.0249831676483154,G1M1_new,g1m1_high_load,1.48,57.0,100.0,1.46,1.5,56,58,14,500
2022-06-03 17:18:00,2.026655912399292,G1M1_new,g1m1_high_load,1.48,57.0,100.0,1.46,1.5,56,58,14,500
2022-06-03 17:19:00,2.0237226486206055,G1M1_new,g1m1_high_load,1.48,57.0,100.0,1.46,1.5,56,58,14,500
2022-06-03 17:21:00,2.027083158493042,G1M1_new,g1m1_high_load,1.48,57.0,100.0,1.46,1.5,56,58,14,500
2022-06-03 17:23:00,2.029897689819336,G1M1_new,g1m1_high_load,1.48,57.0,100.0,1.46,1.5,56,58,14,500
2022-06-03 17:26:00,2.0216424465179443,G1M1_new,g1m1_high_load,1.48,57.0,100.0,1.46,1.5,56,58,14,500
2022-06-03 17:28:00,2.024730682373047,G1M1_new,g1m1_high_load,1.48,57.0,100.0,1.46,1.5,56,58,14,500
2022-06-03 17:31:00,2.0254642963409424,G1M1_new,g1m1_high_load,1.48,57.0,100.0,1.46,1.5,56,58,14,500
2022-06-03 17:40:00,2.0265955924987793,G1M1_new,g1m1_high_load,1.48,57.0,100.0,1.46,1.5,56,58,14,500
2022-06-03 17:43:00,2.0256218910217285,G1M1_new,g1m1_high_load,1.48,57.0,100.0,1.46,1.5,56,58,14,500
2022-06-03 17:44:00,2.0281128883361816,G1M1_new,g1m1_high_load,1.48,57.0,100.0,1.46,1.5,56,58,14,500
2022-06-03 17:46:00,2.0298566818237305,G1M1_new,g1m1_high_load,1.48,57.0,100.0,1.46,1.5,56,58,14,500
2022-06-03 17:47:00,2.0257019996643066,G1M1_new,g1m1_high_load,1.48,57.0,100.0,1.46,1.5,56,58,14,500
2022-06-03 17:50:00,2.0242109298706055,G1M1_new,g1m1_high_load,1.48,57.0,100.0,1.46,1.5,56,58,14,500
2022-06-03 17:59:00,2.0247061252593994,G1M1_new,g1m1_high_load,1.48,57.0,100.0,1.46,1.5,56,58,14,500
2022-06-03 18:00:00,2.026353359222412,G1M1_new,g1m1_high_load,1.48,57.0,100.0,1.46,1.5,56,58,14,500
2022-06-03 18:01:00,2.0260260105133057,G1M1_new,g1m1_high_load,1.48,57.0,100.0,1.46,1.5,56,58,14,500
2022-06-03 18:03:00,2.026857614517212,G1M1_new,g1m1_high_load,1.48,57.0,100.0,1.46,1.5,56,58,14,500
2022-06-03 18:04:00,2.0274229049682617,G1M1_new,g1m1_high_load,1.48,57.0,100.0,1.46,1.5,56,58,14,500
2022-06-03 18:06:00,2.028207540512085,G1M1_new,g1m1_high_load,1.48,57.0,100.0,1.46,1.5,56,58,14,500
2022-06-03 18:07:00,2.0273501873016357,G1M1_new,g1m1_high_load,1.48,57.0,100.0,1.46,1.5,56,58,14,500
2022-06-03 18:12:00,2.026808261871338,G1M1_new,g1m1_high_load,1.48,57.0,100.0,1.46,1.5,56,58,14,500
2022-06-03 18:13:00,2.02561092376709,G1M1_new,g1m1_high_load,1.48,57.0,100.0,1.46,1.5,56,58,14,500
2022-06-03 18:15:00,2.020498275756836,G1M1_new,g1m1_high_load,1.48,57.0,100.0,1.46,1.5,56,58,14,500
2022-06-03 18:19:00,2.0233445167541504,G1M1_new,g1m1_high_load,1.48,57.0,100.0,1.46,1.5,56,58,14,500
2022-06-03 18:23:00,2.024495840072632,G1M1_new,g1m1_high_load,1.48,57.0,100.0,1.46,1.5,56,58,14,500
2022-06-03 18:24:00,2.0258076190948486,G1M1_new,g1m1_high_load,1.48,57.0,100.0,1.46,1.5,56,58,14,500
2022-06-03 18:25:00,2.026092529296875,G1M1_new,g1m1_high_load,1.48,57.0,100.0,1.46,1.5,56,58,14,500
2022-06-03 18:30:00,2.0262367725372314,G1M1_new,g1m1_high_load,1.48,57.0,100.0,1.46,1.5,56,58,14,500
2022-06-03 18:33:00,2.026709794998169,G1M1_new,g1m1_high_load,1.48,57.0,100.0,1.46,1.5,56,58,14,500
2022-06-03 18:34:00,2.0291965007781982,G1M1_new,g1m1_high_load,1.48,57.0,100.0,1.46,1.5,56,58,14,500
2022-06-03 18:38:00,2.0244462490081787,G1M1_new,g1m1_high_load,1.48,57.0,100.0,1.46,1.5,56,58,14,500
2022-06-03 18:39:00,2.0217738151550293,G1M1_new,g1m1_high_load,1.48,57.0,100.0,1.46,1.5,56,58,14,500
2022-06-03 18:41:00,2.021131992340088,G1M1_new,g1m1_high_load,1.48,57.0,100.0,1.46,1.5,56,58,14,500
2022-06-03 18:42:00,2.0239081382751465,G1M1_new,g1m1_high_load,1.48,57.0,100.0,1.46,1.5,56,58,14,500
2022-06-03 18:44:00,2.0232715606689453,G1M1_new,g1m1_high_load,1.48,57.0,100.0,1.46,1.5,56,58,14,500
2022-06-03 18:45:00,2.024522066116333,G1M1_new,g1m1_high_load,1.48,57.0,100.0,1.46,1.5,56,58,14,500
2022-06-03 18:46:00,2.024540662765503,G1M1_new,g1m1_high_load,1.48,57.0,100.0,1.46,1.5,56,58,14,500
2022-06-03 18:48:00,2.024871349334717,G1M1_new,g1m1_high_load,1.48,57.0,100.0,1.46,1.5,56,58,14,500
2022-06-03 18:49:00,2.0249648094177246,G1M1_new,g1m1_high_load,1.48,57.0,100.0,1.46,1.5,56,58,14,500
2022-06-03 18:50:00,2.0258946418762207,G1M1_new,g1m1_high_load,1.48,57.0,100.0,1.46,1.5,56,58,14,500
2022-06-03 18:52:00,2.024097442626953,G1M1_new,g1m1_high_load,1.48,57.0,100.0,1.46,1.5,56,58,14,500
2022-06-03 18:53:00,2.02213716506958,G1M1_new,g1m1_high_load,1.48,57.0,100.0,1.46,1.5,56,58,14,500
2022-06-03 18:54:00,2.0273499488830566,G1M1_new,g1m1_high_load,1.48,57.0,100.0,1.46,1.5,56,58,14,500
2022-06-03 18:57:00,2.024996280670166,G1M1_new,g1m1_high_load,1.48,57.0,100.0,1.46,1.5,56,58,14,500
2022-06-03 18:58:00,2.0294322967529297,G1M1_new,g1m1_high_load,1.48,57.0,100.0,1.46,1.5,56,58,14,500
2022-06-03 19:00:00,2.027855634689331,G1M1_new,g1m1_high_load,1.48,57.0,100.0,1.46,1.5,56,58,14,500
2022-06-03 19:02:00,2.0203793048858643,G1M1_new,g1m1_high_load,1.48,57.0,100.0,1.46,1.5,56,58,14,500
2022-06-03 19:04:00,2.0246570110321045,G1M1_new,g1m1_high_load,1.48,57.0,100.0,1.46,1.5,56,58,14,500
2022-06-03 19:05:00,2.02565336227417,G1M1_new,g1m1_high_load,1.48,57.0,100.0,1.46,1.5,56,58,14,500
2022-06-03 19:06:00,2.023042917251587,G1M1_new,g1m1_high_load,1.48,57.0,100.0,1.46,1.5,56,58,14,500
2022-06-03 19:08:00,2.0261244773864746,G1M1_new,g1m1_high_load,1.48,57.0,100.0,1.46,1.5,56,58,14,500
2022-06-03 19:09:00,2.026007652282715,G1M1_new,g1m1_high_load,1.48,57.0,100.0,1.46,1.5,56,58,14,500
2022-06-03 19:10:00,2.025437593460083,G1M1_new,g1m1_high_load,1.48,57.0,100.0,1.46,1.5,56,58,14,500
2022-06-03 19:14:00,2.0258874893188477,G1M1_new,g1m1_high_load,1.48,57.0,100.0,1.46,1.5,56,58,14,500
2022-06-03 19:15:00,2.025813579559326,G1M1_new,g1m1_high_load,1.48,57.0,100.0,1.46,1.5,56,58,14,500
2022-06-03 19:16:00,2.025465250015259,G1M1_new,g1m1_high_load,1.48,57.0,100.0,1.46,1.5,56,58,14,500
2022-06-03 19:18:00,2.0239152908325195,G1M1_new,g1m1_high_load,1.48,57.0,100.0,1.46,1.5,56,58,14,500
2022-06-03 19:19:00,2.02356219291687,G1M1_new,g1m1_high_load,1.48,57.0,100.0,1.46,1.5,56,58,14,500
2022-06-03 19:20:00,2.0271990299224854,G1M1_new,g1m1_high_load,1.48,57.0,100.0,1.46,1.5,56,58,14,500
2022-06-03 19:21:00,2.027066469192505,G1M1_new,g1m1_high_load,1.48,57.0,100.0,1.46,1.5,56,58,14,500
2022-06-03 19:25:00,2.024200677871704,G1M1_new,g1m1_high_load,1.48,57.0,100.0,1.46,1.5,56,58,14,500
2022-06-03 19:26:00,2.0253214836120605,G1M1_new,g1m1_high_load,1.48,57.0,100.0,1.46,1.5,56,58,14,500
2022-06-03 19:27:00,2.0232198238372803,G1M1_new,g1m1_high_load,1.48,57.0,100.0,1.46,1.5,56,58,14,500
2022-06-03 19:28:00,2.0215461254119873,G1M1_new,g1m1_high_load,1.48,57.0,100.0,1.46,1.5,56,58,14,500
2022-06-03 19:29:00,2.0242323875427246,G1M1_new,g1m1_high_load,1.48,57.0,100.0,1.46,1.5,56,58,14,500
2022-06-03 19:31:00,2.0244317054748535,G1M1_new,g1m1_high_load,1.48,57.0,100.0,1.46,1.5,56,58,14,500
2022-06-03 19:33:00,2.023393392562866,G1M1_new,g1m1_high_load,1.48,57.0,100.0,1.46,1.5,56,58,14,500
2022-06-03 19:34:00,2.027838945388794,G1M1_new,g1m1_high_load,1.48,57.0,100.0,1.46,1.5,56,58,14,500
2022-06-03 19:36:00,2.0261306762695312,G1M1_new,g1m1_high_load,1.48,57.0,100.0,1.46,1.5,56,58,14,500
2022-06-03 19:39:00,2.0266284942626953,G1M1_new,g1m1_high_load,1.48,57.0,100.0,1.46,1.5,56,58,14,500
2022-06-03 19:40:00,2.026832342147827,G1M1_new,g1m1_high_load,1.48,57.0,100.0,1.46,1.5,56,58,14,500
2022-06-03 19:41:00,2.0274195671081543,G1M1_new,g1m1_high_load,1.48,57.0,100.0,1.46,1.5,56,58,14,500
2022-06-03 19:44:00,2.0265984535217285,G1M1_new,g1m1_high_load,1.48,57.0,100.0,1.46,1.5,56,58,14,500
2022-06-03 19:45:00,2.027086019515991,G1M1_new,g1m1_high_load,1.48,57.0,100.0,1.46,1.5,56,58,14,500
2022-06-03 19:47:00,2.0285277366638184,G1M1_new,g1m1_high_load,1.48,57.0,100.0,1.46,1.5,56,58,14,500
2022-06-03 19:48:00,2.024118185043335,G1M1_new,g1m1_high_load,1.48,57.0,100.0,1.46,1.5,56,58,14,500
2022-06-03 19:49:00,2.0235955715179443,G1M1_new,g1m1_high_load,1.48,57.0,100.0,1.46,1.5,56,58,14,500
2022-06-03 19:52:00,2.02177357673645,G1M1_new,g1m1_high_load,1.48,57.0,100.0,1.46,1.5,56,58,14,500
2022-06-03 19:53:00,2.022524833679199,G1M1_new,g1m1_high_load,1.48,57.0,100.0,1.46,1.5,56,58,14,500
2022-06-03 19:54:00,2.0229921340942383,G1M1_new,g1m1_high_load,1.48,57.0,100.0,1.46,1.5,56,58,14,500
2022-06-03 19:55:00,2.023247241973877,G1M1_new,g1m1_high_load,1.48,57.0,100.0,1.46,1.5,56,58,14,500
2022-06-03 19:56:00,2.024290084838867,G1M1_new,g1m1_high_load,1.48,57.0,100.0,1.46,1.5,56,58,14,500
2022-06-03 19:57:00,2.028505802154541,G1M1_new,g1m1_high_load,1.48,57.0,100.0,1.46,1.5,56,58,14,500
2022-06-03 19:59:00,2.028463363647461,G1M1_new,g1m1_high_load,1.48,57.0,100.0,1.46,1.5,56,58,14,500
2022-06-03 20:00:00,2.0291783809661865,G1M1_new,g1m1_high_load,1.48,57.0,100.0,1.46,1.5,56,58,14,500
2022-06-03 20:01:00,2.027369499206543,G1M1_new,g1m1_high_load,1.48,57.0,100.0,1.46,1.5,56,58,14,500
2022-06-03 20:02:00,2.0272679328918457,G1M1_new,g1m1_high_load,1.48,57.0,100.0,1.46,1.5,56,58,14,500
2022-06-03 20:04:00,2.0275485515594482,G1M1_new,g1m1_high_load,1.48,57.0,100.0,1.46,1.5,56,58,14,500
2022-06-03 20:08:00,2.0232913494110107,G1M1_new,g1m1_high_load,1.48,57.0,100.0,1.46,1.5,56,58,14,500
2022-06-03 20:10:00,2.0269832611083984,G1M1_new,g1m1_high_load,1.48,57.0,100.0,1.46,1.5,56,58,14,500
2022-06-03 20:11:00,2.0274250507354736,G1M1_new,g1m1_high_load,1.48,57.0,100.0,1.46,1.5,56,58,14,500
2022-06-03 20:12:00,2.0303537845611572,G1M1_new,g1m1_high_load,1.48,57.0,100.0,1.46,1.5,56,58,14,500
2022-06-03 20:13:00,2.0271248817443848,G1M1_new,g1m1_high_load,1.48,57.0,100.0,1.46,1.5,56,58,14,500
2022-06-03 20:15:00,2.0241074562072754,G1M1_new,g1m1_high_load,1.48,57.0,100.0,1.46,1.5,56,58,14,500
2022-06-03 20:17:00,2.0218918323516846,G1M1_new,g1m1_high_load,1.48,57.0,100.0,1.46,1.5,56,58,14,500
2022-06-03 20:18:00,2.0239312648773193,G1M1_new,g1m1_high_load,1.48,57.0,100.0,1.46,1.5,56,58,14,500
2022-06-03 20:19:00,2.025909662246704,G1M1_new,g1m1_high_load,1.48,57.0,100.0,1.46,1.5,56,58,14,500
2022-06-03 20:22:00,2.0251355171203613,G1M1_new,g1m1_high_load,1.48,57.0,100.0,1.46,1.5,56,58,14,500
2022-06-03 20:26:00,2.02571964263916,G1M1_new,g1m1_high_load,1.48,57.0,100.0,1.46,1.5,56,58,14,500
2022-06-03 20:27:00,2.027308225631714,G1M1_new,g1m1_high_load,1.48,57.0,100.0,1.46,1.5,56,58,14,500
2022-06-03 20:29:00,2.0249786376953125,G1M1_new,g1m1_high_load,1.48,57.0,100.0,1.46,1.5,56,58,14,500
2022-06-03 20:30:00,2.0274696350097656,G1M1_new,g1m1_high_load,1.48,57.0,100.0,1.46,1.5,56,58,14,500
2022-06-03 20:32:00,2.0270297527313232,G1M1_new,g1m1_high_load,1.48,57.0,100.0,1.46,1.5,56,58,14,500
2022-06-03 20:35:00,2.0264244079589844,G1M1_new,g1m1_high_load,1.48,57.0,100.0,1.46,1.5,56,58,14,500
2022-06-03 20:38:00,2.0231690406799316,G1M1_new,g1m1_high_load,1.48,57.0,100.0,1.46,1.5,56,58,14,500
2022-06-03 20:39:00,2.020815134048462,G1M1_new,g1m1_high_load,1.48,57.0,100.0,1.46,1.5,56,58,14,500
2022-06-03 20:40:00,2.0244174003601074,G1M1_new,g1m1_high_load,1.48,57.0,100.0,1.46,1.5,56,58,14,500
2022-06-03 20:43:00,2.024984359741211,G1M1_new,g1m1_high_load,1.48,57.0,100.0,1.46,1.5,56,58,14,500
2022-06-03 20:44:00,2.026240587234497,G1M1_new,g1m1_high_load,1.48,57.0,100.0,1.46,1.5,56,58,14,500
2022-06-03 20:47:00,2.026517868041992,G1M1_new,g1m1_high_load,1.48,57.0,100.0,1.46,1.5,56,58,14,500
2022-06-03 20:50:00,2.026343822479248,G1M1_new,g1m1_high_load,1.48,57.0,100.0,1.46,1.5,56,58,14,500
2022-06-03 20:52:00,2.0263967514038086,G1M1_new,g1m1_high_load,1.48,57.0,100.0,1.46,1.5,56,58,14,500
2022-06-03 20:53:00,2.028620958328247,G1M1_new,g1m1_high_load,1.48,57.0,100.0,1.46,1.5,56,58,14,500
2022-06-03 20:54:00,2.02872371673584,G1M1_new,g1m1_high_load,1.48,57.0,100.0,1.46,1.5,56,58,14,500
2022-06-03 20:55:00,2.0281178951263428,G1M1_new,g1m1_high_load,1.48,57.0,100.0,1.46,1.5,56,58,14,500
2022-06-03 20:56:00,2.0269041061401367,G1M1_new,g1m1_high_load,1.48,57.0,100.0,1.46,1.5,56,58,14,500
2022-06-03 20:57:00,2.0245068073272705,G1M1_new,g1m1_high_load,1.48,57.0,100.0,1.46,1.5,56,58,14,500
2022-06-03 21:00:00,2.0239765644073486,G1M1_new,g1m1_high_load,1.48,57.0,100.0,1.46,1.5,56,58,14,500
2022-06-03 21:01:00,2.0227885246276855,G1M1_new,g1m1_high_load,1.48,57.0,100.0,1.46,1.5,56,58,14,500
2022-06-03 21:03:00,2.02150297164917,G1M1_new,g1m1_high_load,1.48,57.0,100.0,1.46,1.5,56,58,14,500
2022-06-03 21:04:00,2.0211730003356934,G1M1_new,g1m1_high_load,1.48,57.0,100.0,1.46,1.5,56,58,14,500
2022-06-03 21:05:00,2.023422956466675,G1M1_new,g1m1_high_load,1.48,57.0,100.0,1.46,1.5,56,58,14,500
2022-06-03 21:11:00,2.0222015380859375,G1M1_new,g1m1_high_load,1.48,57.0,100.0,1.46,1.5,56,58,14,500
2022-06-03 21:14:00,2.0253562927246094,G1M1_new,g1m1_high_load,1.48,57.0,100.0,1.46,1.5,56,58,14,500
2022-06-03 21:16:00,2.02651309967041,G1M1_new,g1m1_high_load,1.48,57.0,100.0,1.46,1.5,56,58,14,500
2022-06-03 21:23:00,2.0233211517333984,G1M1_new,g1m1_high_load,1.48,57.0,100.0,1.46,1.5,56,58,14,500
2022-06-03 21:24:00,2.022664785385132,G1M1_new,g1m1_high_load,1.48,57.0,100.0,1.46,1.5,56,58,14,500
2022-06-03 21:26:00,2.0213520526885986,G1M1_new,g1m1_high_load,1.48,57.0,100.0,1.46,1.5,56,58,14,500
2022-06-03 21:27:00,2.0230212211608887,G1M1_new,g1m1_high_load,1.48,57.0,100.0,1.46,1.5,56,58,14,500
2022-06-03 21:29:00,2.024144172668457,G1M1_new,g1m1_high_load,1.48,57.0,100.0,1.46,1.5,56,58,14,500
2022-06-03 21:30:00,2.0248706340789795,G1M1_new,g1m1_high_load,1.48,57.0,100.0,1.46,1.5,56,58,14,500
2022-06-03 21:32:00,2.0255684852600098,G1M1_new,g1m1_high_load,1.48,57.0,100.0,1.46,1.5,56,58,14,500
2022-06-03 21:33:00,2.0245299339294434,G1M1_new,g1m1_high_load,1.48,57.0,100.0,1.46,1.5,56,58,14,500
2022-06-03 21:34:00,2.0232067108154297,G1M1_new,g1m1_high_load,1.48,57.0,100.0,1.46,1.5,56,58,14,500
2022-06-03 21:36:00,2.02614164352417,G1M1_new,g1m1_high_load,1.48,57.0,100.0,1.46,1.5,56,58,14,500
2022-06-03 21:37:00,2.026326894760132,G1M1_new,g1m1_high_load,1.48,57.0,100.0,1.46,1.5,56,58,14,500
2022-06-03 21:38:00,2.0262792110443115,G1M1_new,g1m1_high_load,1.48,57.0,100.0,1.46,1.5,56,58,14,500
2022-06-03 21:39:00,2.0262041091918945,G1M1_new,g1m1_high_load,1.48,57.0,100.0,1.46,1.5,56,58,14,500
2022-06-03 21:40:00,2.026837110519409,G1M1_new,g1m1_high_load,1.48,57.0,100.0,1.46,1.5,56,58,14,500
2022-06-03 21:41:00,2.026210069656372,G1M1_new,g1m1_high_load,1.48,57.0,100.0,1.46,1.5,56,58,14,500
2022-06-03 21:42:00,2.028702974319458,G1M1_new,g1m1_high_load,1.48,57.0,100.0,1.46,1.5,56,58,14,500
2022-06-03 21:43:00,2.026765823364258,G1M1_new,g1m1_high_load,1.48,57.0,100.0,1.46,1.5,56,58,14,500
2022-06-03 21:44:00,2.0266008377075195,G1M1_new,g1m1_high_load,1.48,57.0,100.0,1.46,1.5,56,58,14,500
2022-06-03 21:45:00,2.0255770683288574,G1M1_new,g1m1_high_load,1.48,57.0,100.0,1.46,1.5,56,58,14,500
2022-06-03 21:46:00,2.025038242340088,G1M1_new,g1m1_high_load,1.48,57.0,100.0,1.46,1.5,56,58,14,500
2022-06-03 21:48:00,2.0220160484313965,G1M1_new,g1m1_high_load,1.48,57.0,100.0,1.46,1.5,56,58,14,500
2022-06-03 21:49:00,2.021278142929077,G1M1_new,g1m1_high_load,1.48,57.0,100.0,1.46,1.5,56,58,14,500
2022-06-03 21:50:00,2.020371198654175,G1M1_new,g1m1_high_load,1.48,57.0,100.0,1.46,1.5,56,58,14,500
2022-06-03 21:53:00,2.0234735012054443,G1M1_new,g1m1_high_load,1.48,57.0,100.0,1.46,1.5,56,58,14,500
2022-06-03 21:54:00,2.023531675338745,G1M1_new,g1m1_high_load,1.48,57.0,100.0,1.46,1.5,56,58,14,500
2022-06-03 21:55:00,2.024068593978882,G1M1_new,g1m1_high_load,1.48,57.0,100.0,1.46,1.5,56,58,14,500
2022-06-03 21:57:00,2.0245251655578613,G1M1_new,g1m1_high_load,1.48,57.0,100.0,1.46,1.5,56,58,14,500
2022-06-03 21:58:00,2.024895668029785,G1M1_new,g1m1_high_load,1.48,57.0,100.0,1.46,1.5,56,58,14,500
2022-06-03 22:00:00,2.0252201557159424,G1M1_new,g1m1_high_load,1.48,57.0,100.0,1.46,1.5,56,58,14,500
2022-06-03 22:04:00,2.0260865688323975,G1M1_new,g1m1_high_load,1.48,57.0,100.0,1.46,1.5,56,58,14,500
2022-06-03 22:06:00,2.028325080871582,G1M1_new,g1m1_high_load,1.48,57.0,100.0,1.46,1.5,56,58,14,500
2022-06-03 22:07:00,2.0293428897857666,G1M1_new,g1m1_high_load,1.48,57.0,100.0,1.46,1.5,56,58,14,500
2022-06-03 22:10:00,2.026125431060791,G1M1_new,g1m1_high_load,1.48,57.0,100.0,1.46,1.5,56,58,14,500
2022-06-03 22:11:00,2.0238304138183594,G1M1_new,g1m1_high_load,1.48,57.0,100.0,1.46,1.5,56,58,14,500
2022-06-03 22:12:00,2.0233242511749268,G1M1_new,g1m1_high_load,1.48,57.0,100.0,1.46,1.5,56,58,14,500
2022-06-03 22:14:00,2.020714521408081,G1M1_new,g1m1_high_load,1.48,57.0,100.0,1.46,1.5,56,58,14,500
2022-06-03 22:15:00,2.023267984390259,G1M1_new,g1m1_high_load,1.48,57.0,100.0,1.46,1.5,56,58,14,500
2022-06-03 22:16:00,2.0211780071258545,G1M1_new,g1m1_high_load,1.48,57.0,100.0,1.46,1.5,56,58,14,500
2022-06-03 22:17:00,2.021491527557373,G1M1_new,g1m1_high_load,1.48,57.0,100.0,1.46,1.5,56,58,14,500
2022-06-03 22:19:00,2.0204379558563232,G1M1_new,g1m1_high_load,1.48,57.0,100.0,1.46,1.5,56,58,14,500
2022-06-03 22:22:00,2.0259430408477783,G1M1_new,g1m1_high_load,1.48,57.0,100.0,1.46,1.5,56,58,14,500
2022-06-03 22:24:00,2.025923728942871,G1M1_new,g1m1_high_load,1.48,57.0,100.0,1.46,1.5,56,58,14,500
2022-06-03 22:25:00,2.0254483222961426,G1M1_new,g1m1_high_load,1.48,57.0,100.0,1.46,1.5,56,58,14,500
2022-06-03 22:28:00,2.0256528854370117,G1M1_new,g1m1_high_load,1.48,57.0,100.0,1.46,1.5,56,58,14,500
2022-06-03 22:30:00,2.027773141860962,G1M1_new,g1m1_high_load,1.48,57.0,100.0,1.46,1.5,56,58,14,500
2022-06-03 22:31:00,2.031251907348633,G1M1_new,g1m1_high_load,1.48,57.0,100.0,1.46,1.5,56,58,14,500
2022-06-03 22:32:00,2.026693820953369,G1M1_new,g1m1_high_load,1.48,57.0,100.0,1.46,1.5,56,58,14,500
2022-06-03 22:34:00,2.020082712173462,G1M1_new,g1m1_high_load,1.48,57.0,100.0,1.46,1.5,56,58,14,500
2022-06-03 22:37:00,2.0233213901519775,G1M1_new,g1m1_high_load,1.48,57.0,100.0,1.46,1.5,56,58,14,500
2022-06-03 22:38:00,2.0237791538238525,G1M1_new,g1m1_high_load,1.48,57.0,100.0,1.46,1.5,56,58,14,500
2022-06-03 22:39:00,2.0234756469726562,G1M1_new,g1m1_high_load,1.48,57.0,100.0,1.46,1.5,56,58,14,500
2022-06-03 22:40:00,2.024482488632202,G1M1_new,g1m1_high_load,1.48,57.0,100.0,1.46,1.5,56,58,14,500
2022-06-03 22:41:00,2.0240042209625244,G1M1_new,g1m1_high_load,1.48,57.0,100.0,1.46,1.5,56,58,14,500
2022-06-03 22:44:00,2.0264225006103516,G1M1_new,g1m1_high_load,1.48,57.0,100.0,1.46,1.5,56,58,14,500
2022-06-03 22:47:00,2.0262718200683594,G1M1_new,g1m1_high_load,1.48,57.0,100.0,1.46,1.5,56,58,14,500
2022-06-03 22:48:00,2.0243330001831055,G1M1_new,g1m1_high_load,1.48,57.0,100.0,1.46,1.5,56,58,14,500
2022-06-03 22:50:00,2.0267937183380127,G1M1_new,g1m1_high_load,1.48,57.0,100.0,1.46,1.5,56,58,14,500
2022-06-03 22:52:00,2.0269269943237305,G1M1_new,g1m1_high_load,1.48,57.0,100.0,1.46,1.5,56,58,14,500
2022-06-03 22:53:00,2.0277912616729736,G1M1_new,g1m1_high_load,1.48,57.0,100.0,1.46,1.5,56,58,14,500
2022-06-03 22:56:00,2.02583909034729,G1M1_new,g1m1_high_load,1.48,57.0,100.0,1.46,1.5,56,58,14,500
2022-06-03 22:58:00,2.019728183746338,G1M1_new,g1m1_high_load,1.48,57.0,100.0,1.46,1.5,56,58,14,500
2022-06-03 23:00:00,2.0209996700286865,G1M1_new,g1m1_high_load,1.48,57.0,100.0,1.46,1.5,56,58,14,500
2022-06-03 23:02:00,2.0228843688964844,G1M1_new,g1m1_high_load,1.48,57.0,100.0,1.46,1.5,56,58,14,500
2022-06-03 23:04:00,2.0235724449157715,G1M1_new,g1m1_high_load,1.48,57.0,100.0,1.46,1.5,56,58,14,500
2022-06-03 23:06:00,2.0252268314361572,G1M1_new,g1m1_high_load,1.48,57.0,100.0,1.46,1.5,56,58,14,500
2022-06-03 23:07:00,2.0262205600738525,G1M1_new,g1m1_high_load,1.48,57.0,100.0,1.46,1.5,56,58,14,500
2022-06-03 23:08:00,2.024202823638916,G1M1_new,g1m1_high_load,1.48,57.0,100.0,1.46,1.5,56,58,14,500
2022-06-03 23:11:00,2.026502847671509,G1M1_new,g1m1_high_load,1.48,57.0,100.0,1.46,1.5,56,58,14,500
2022-06-03 23:13:00,2.026829242706299,G1M1_new,g1m1_high_load,1.48,57.0,100.0,1.46,1.5,56,58,14,500
2022-06-03 23:15:00,2.026965618133545,G1M1_new,g1m1_high_load,1.48,57.0,100.0,1.46,1.5,56,58,14,500
2022-06-03 23:17:00,2.026123523712158,G1M1_new,g1m1_high_load,1.48,57.0,100.0,1.46,1.5,56,58,14,500
2022-06-03 23:18:00,2.026275157928467,G1M1_new,g1m1_high_load,1.48,57.0,100.0,1.46,1.5,56,58,14,500
2022-06-03 23:19:00,2.0243334770202637,G1M1_new,g1m1_high_load,1.48,57.0,100.0,1.46,1.5,56,58,14,500
2022-06-03 23:21:00,2.0236268043518066,G1M1_new,g1m1_high_load,1.48,57.0,100.0,1.46,1.5,56,58,14,500
2022-06-03 23:25:00,2.0242202281951904,G1M1_new,g1m1_high_load,1.48,57.0,100.0,1.46,1.5,56,58,14,500
2022-06-03 23:28:00,2.0258326530456543,G1M1_new,g1m1_high_load,1.48,57.0,100.0,1.46,1.5,56,58,14,500
2022-06-03 23:31:00,2.0254147052764893,G1M1_new,g1m1_high_load,1.48,57.0,100.0,1.46,1.5,56,58,14,500
2022-06-03 23:32:00,2.0247743129730225,G1M1_new,g1m1_high_load,1.48,57.0,100.0,1.46,1.5,56,58,14,500
2022-06-03 23:33:00,2.02441143989563,G1M1_new,g1m1_high_load,1.48,57.0,100.0,1.46,1.5,56,58,14,500
2022-06-03 23:34:00,2.0251126289367676,G1M1_new,g1m1_high_load,1.48,57.0,100.0,1.46,1.5,56,58,14,500
2022-06-03 23:37:00,2.0237889289855957,G1M1_new,g1m1_high_load,1.48,57.0,100.0,1.46,1.5,56,58,14,500
2022-06-03 23:41:00,2.025684356689453,G1M1_new,g1m1_high_load,1.48,57.0,100.0,1.46,1.5,56,58,14,500
2022-06-03 23:45:00,2.023270845413208,G1M1_new,g1m1_high_load,1.48,57.0,100.0,1.46,1.5,56,58,14,500
2022-06-03 23:47:00,2.0219595432281494,G1M1_new,g1m1_high_load,1.48,57.0,100.0,1.46,1.5,56,58,14,500
2022-06-03 23:51:00,2.0235443115234375,G1M1_new,g1m1_high_load,1.48,57.0,100.0,1.46,1.5,56,58,14,500
2022-06-03 23:52:00,2.022820472717285,G1M1_new,g1m1_high_load,1.48,57.0,100.0,1.46,1.5,56,58,14,500
2022-06-03 23:53:00,2.025092124938965,G1M1_new,g1m1_high_load,1.48,57.0,100.0,1.46,1.5,56,58,14,500
2022-06-03 23:54:00,2.022482395172119,G1M1_new,g1m1_high_load,1.48,57.0,100.0,1.46,1.5,56,58,14,500
2022-06-03 23:55:00,2.0254263877868652,G1M1_new,g1m1_high_load,1.48,57.0,100.0,1.46,1.5,56,58,14,500
2022-06-03 23:57:00,2.024709463119507,G1M1_new,g1m1_high_load,1.48,57.0,100.0,1.46,1.5,56,58,14,500
2022-06-03 23:59:00,2.024958848953247,G1M1_new,g1m1_high_load,1.48,57.0,100.0,1.46,1.5,56,58,14,500
2022-06-04 00:02:00,2.026510238647461,G1M1_new,g1m1_high_load,1.48,57.0,100.0,1.46,1.5,56,58,14,500
2022-06-04 00:07:00,2.0253210067749023,G1M1_new,g1m1_high_load,1.48,57.0,100.0,1.46,1.5,56,58,14,500
2022-06-04 00:10:00,2.0226144790649414,G1M1_new,g1m1_high_load,1.48,57.0,100.0,1.46,1.5,56,58,14,500
2022-06-04 00:15:00,2.0270185470581055,G1M1_new,g1m1_high_load,1.48,57.0,100.0,1.46,1.5,56,58,14,500
2022-06-04 00:16:00,2.02541446685791,G1M1_new,g1m1_high_load,1.48,57.0,100.0,1.46,1.5,56,58,14,500
2022-06-04 00:17:00,2.025606632232666,G1M1_new,g1m1_high_load,1.48,57.0,100.0,1.46,1.5,56,58,14,500
2022-06-04 00:19:00,2.025630235671997,G1M1_new,g1m1_high_load,1.48,57.0,100.0,1.46,1.5,56,58,14,500
2022-06-04 00:23:00,2.0268871784210205,G1M1_new,g1m1_high_load,1.48,57.0,100.0,1.46,1.5,56,58,14,500
2022-06-04 00:24:00,2.02571439743042,G1M1_new,g1m1_high_load,1.48,57.0,100.0,1.46,1.5,56,58,14,500
2022-06-04 00:27:00,2.023350238800049,G1M1_new,g1m1_high_load,1.48,57.0,100.0,1.46,1.5,56,58,14,500
2022-06-04 00:28:00,2.023313045501709,G1M1_new,g1m1_high_load,1.48,57.0,100.0,1.46,1.5,56,58,14,500
2022-06-04 00:31:00,2.021282911300659,G1M1_new,g1m1_high_load,1.48,57.0,100.0,1.46,1.5,56,58,14,500
2022-06-04 00:34:00,2.024670124053955,G1M1_new,g1m1_high_load,1.48,57.0,100.0,1.46,1.5,56,58,14,500
2022-06-04 00:35:00,2.025665760040283,G1M1_new,g1m1_high_load,1.48,57.0,100.0,1.46,1.5,56,58,14,500
2022-06-04 00:36:00,2.0241119861602783,G1M1_new,g1m1_high_load,1.48,57.0,100.0,1.46,1.5,56,58,14,500
2022-06-04 00:38:00,2.024698495864868,G1M1_new,g1m1_high_load,1.48,57.0,100.0,1.46,1.5,56,58,14,500
2022-06-04 00:39:00,2.0248475074768066,G1M1_new,g1m1_high_load,1.48,57.0,100.0,1.46,1.5,56,58,14,500
2022-06-04 00:40:00,2.0256540775299072,G1M1_new,g1m1_high_load,1.48,57.0,100.0,1.46,1.5,56,58,14,500
2022-06-04 00:41:00,2.0255050659179688,G1M1_new,g1m1_high_load,1.48,57.0,100.0,1.46,1.5,56,58,14,500
2022-06-04 00:42:00,2.025705337524414,G1M1_new,g1m1_high_load,1.48,57.0,100.0,1.46,1.5,56,58,14,500
2022-06-04 00:44:00,2.0241751670837402,G1M1_new,g1m1_high_load,1.48,57.0,100.0,1.46,1.5,56,58,14,500
2022-06-04 00:45:00,2.025369882583618,G1M1_new,g1m1_high_load,1.48,57.0,100.0,1.46,1.5,56,58,14,500
2022-06-04 00:46:00,2.0255303382873535,G1M1_new,g1m1_high_load,1.48,57.0,100.0,1.46,1.5,56,58,14,500
2022-06-04 00:48:00,2.0258278846740723,G1M1_new,g1m1_high_load,1.48,57.0,100.0,1.46,1.5,56,58,14,500
2022-06-04 00:49:00,2.0270168781280518,G1M1_new,g1m1_high_load,1.48,57.0,100.0,1.46,1.5,56,58,14,500
2022-06-04 00:50:00,2.0268959999084473,G1M1_new,g1m1_high_load,1.48,57.0,100.0,1.46,1.5,56,58,14,500
2022-06-04 00:52:00,2.0228421688079834,G1M1_new,g1m1_high_load,1.48,57.0,100.0,1.46,1.5,56,58,14,500
2022-06-04 00:54:00,2.0224227905273438,G1M1_new,g1m1_high_load,1.48,57.0,100.0,1.46,1.5,56,58,14,500
2022-06-04 00:56:00,2.0237526893615723,G1M1_new,g1m1_high_load,1.48,57.0,100.0,1.46,1.5,56,58,14,500
2022-06-04 00:57:00,2.0235636234283447,G1M1_new,g1m1_high_load,1.48,57.0,100.0,1.46,1.5,56,58,14,500
2022-06-04 01:00:00,2.024792432785034,G1M1_new,g1m1_high_load,1.48,57.0,100.0,1.46,1.5,56,58,14,500
2022-06-04 01:01:00,2.0242838859558105,G1M1_new,g1m1_high_load,1.48,57.0,100.0,1.46,1.5,56,58,14,500
2022-06-04 01:02:00,2.0259816646575928,G1M1_new,g1m1_high_load,1.48,57.0,100.0,1.46,1.5,56,58,14,500
2022-06-04 01:09:00,2.0256853103637695,G1M1_new,g1m1_high_load,1.48,57.0,100.0,1.46,1.5,56,58,14,500
2022-06-04 01:10:00,2.0250930786132812,G1M1_new,g1m1_high_load,1.48,57.0,100.0,1.46,1.5,56,58,14,500
2022-06-04 01:12:00,2.0243098735809326,G1M1_new,g1m1_high_load,1.48,57.0,100.0,1.46,1.5,56,58,14,500
2022-06-04 01:14:00,2.0268683433532715,G1M1_new,g1m1_high_load,1.48,57.0,100.0,1.46,1.5,56,58,14,500
2022-06-04 01:17:00,2.024428129196167,G1M1_new,g1m1_high_load,1.48,57.0,100.0,1.46,1.5,56,58,14,500
2022-06-04 01:20:00,2.0232532024383545,G1M1_new,g1m1_high_load,1.48,57.0,100.0,1.46,1.5,56,58,14,500
2022-06-04 01:21:00,2.0233988761901855,G1M1_new,g1m1_high_load,1.48,57.0,100.0,1.46,1.5,56,58,14,500
2022-06-04 01:23:00,2.0220842361450195,G1M1_new,g1m1_high_load,1.48,57.0,100.0,1.46,1.5,56,58,14,500
2022-06-04 01:27:00,2.0248379707336426,G1M1_new,g1m1_high_load,1.48,57.0,100.0,1.46,1.5,56,58,14,500
2022-06-04 01:28:00,2.024101734161377,G1M1_new,g1m1_high_load,1.48,57.0,100.0,1.46,1.5,56,58,14,500
2022-06-04 01:29:00,2.024599075317383,G1M1_new,g1m1_high_load,1.48,57.0,100.0,1.46,1.5,56,58,14,500
2022-06-04 01:31:00,2.025170087814331,G1M1_new,g1m1_high_load,1.48,57.0,100.0,1.46,1.5,56,58,14,500
2022-06-04 01:33:00,2.026125431060791,G1M1_new,g1m1_high_load,1.48,57.0,100.0,1.46,1.5,56,58,14,500
2022-06-04 01:35:00,2.0257492065429688,G1M1_new,g1m1_high_load,1.48,57.0,100.0,1.46,1.5,56,58,14,500
2022-06-04 01:38:00,2.0247280597686768,G1M1_new,g1m1_high_load,1.48,57.0,100.0,1.46,1.5,56,58,14,500
2022-06-04 01:40:00,2.026312828063965,G1M1_new,g1m1_high_load,1.48,57.0,100.0,1.46,1.5,56,58,14,500
2022-06-04 01:42:00,2.024730682373047,G1M1_new,g1m1_high_load,1.48,57.0,100.0,1.46,1.5,56,58,14,500
2022-06-04 01:43:00,2.0252442359924316,G1M1_new,g1m1_high_load,1.48,57.0,100.0,1.46,1.5,56,58,14,500
2022-06-04 01:45:00,2.0236852169036865,G1M1_new,g1m1_high_load,1.48,57.0,100.0,1.46,1.5,56,58,14,500
2022-06-04 01:46:00,2.020392656326294,G1M1_new,g1m1_high_load,1.48,57.0,100.0,1.46,1.5,56,58,14,500
2022-06-04 01:47:00,2.020847797393799,G1M1_new,g1m1_high_load,1.48,57.0,100.0,1.46,1.5,56,58,14,500
2022-06-04 01:49:00,2.023149013519287,G1M1_new,g1m1_high_load,1.48,57.0,100.0,1.46,1.5,56,58,14,500
2022-06-04 01:51:00,2.023259401321411,G1M1_new,g1m1_high_load,1.48,57.0,100.0,1.46,1.5,56,58,14,500
2022-06-04 01:52:00,2.023555040359497,G1M1_new,g1m1_high_load,1.48,57.0,100.0,1.46,1.5,56,58,14,500
2022-06-04 01:53:00,2.025780200958252,G1M1_new,g1m1_high_load,1.48,57.0,100.0,1.46,1.5,56,58,14,500
2022-06-04 01:54:00,2.023113489151001,G1M1_new,g1m1_high_load,1.48,57.0,100.0,1.46,1.5,56,58,14,500
2022-06-04 01:56:00,2.024402618408203,G1M1_new,g1m1_high_load,1.48,57.0,100.0,1.46,1.5,56,58,14,500
2022-06-04 01:57:00,2.0252747535705566,G1M1_new,g1m1_high_load,1.48,57.0,100.0,1.46,1.5,56,58,14,500
2022-06-04 02:00:00,2.0251219272613525,G1M1_new,g1m1_high_load,1.48,57.0,100.0,1.46,1.5,56,58,14,500
2022-06-04 02:01:00,2.0245633125305176,G1M1_new,g1m1_high_load,1.48,57.0,100.0,1.46,1.5,56,58,14,500
2022-06-04 02:03:00,2.0276496410369873,G1M1_new,g1m1_high_load,1.48,57.0,100.0,1.46,1.5,56,58,14,500
2022-06-04 02:04:00,2.0288400650024414,G1M1_new,g1m1_high_load,1.48,57.0,100.0,1.46,1.5,56,58,14,500
2022-06-04 02:06:00,2.0233564376831055,G1M1_new,g1m1_high_load,1.48,57.0,100.0,1.46,1.5,56,58,14,500
2022-06-04 02:10:00,2.02308988571167,G1M1_new,g1m1_high_load,1.48,57.0,100.0,1.46,1.5,56,58,14,500
2022-06-04 02:11:00,2.0241048336029053,G1M1_new,g1m1_high_load,1.48,57.0,100.0,1.46,1.5,56,58,14,500
2022-06-04 02:14:00,2.0253210067749023,G1M1_new,g1m1_high_load,1.48,57.0,100.0,1.46,1.5,56,58,14,500
2022-06-04 02:16:00,2.026855945587158,G1M1_new,g1m1_high_load,1.48,57.0,100.0,1.46,1.5,56,58,14,500
2022-06-04 02:17:00,2.0255255699157715,G1M1_new,g1m1_high_load,1.48,57.0,100.0,1.46,1.5,56,58,14,500
2022-06-04 02:21:00,2.027357578277588,G1M1_new,g1m1_high_load,1.48,57.0,100.0,1.46,1.5,56,58,14,500
2022-06-04 02:22:00,2.026003360748291,G1M1_new,g1m1_high_load,1.48,57.0,100.0,1.46,1.5,56,58,14,500
2022-06-04 02:24:00,2.0283701419830322,G1M1_new,g1m1_high_load,1.48,57.0,100.0,1.46,1.5,56,58,14,500
2022-06-04 02:25:00,2.023279905319214,G1M1_new,g1m1_high_load,1.48,57.0,100.0,1.46,1.5,56,58,14,500
2022-06-04 02:26:00,2.0227508544921875,G1M1_new,g1m1_high_load,1.48,57.0,100.0,1.46,1.5,56,58,14,500
2022-06-04 02:27:00,2.025228977203369,G1M1_new,g1m1_high_load,1.48,57.0,100.0,1.46,1.5,56,58,14,500
2022-06-04 02:28:00,2.0231902599334717,G1M1_new,g1m1_high_load,1.48,57.0,100.0,1.46,1.5,56,58,14,500
2022-06-04 02:29:00,2.025510311126709,G1M1_new,g1m1_high_load,1.48,57.0,100.0,1.46,1.5,56,58,14,500
2022-06-04 02:32:00,2.026677131652832,G1M1_new,g1m1_high_load,1.48,57.0,100.0,1.46,1.5,56,58,14,500
2022-06-04 02:33:00,2.023826837539673,G1M1_new,g1m1_high_load,1.48,57.0,100.0,1.46,1.5,56,58,14,500
2022-06-04 02:34:00,2.022789478302002,G1M1_new,g1m1_high_load,1.48,57.0,100.0,1.46,1.5,56,58,14,500
2022-06-04 02:35:00,2.020381212234497,G1M1_new,g1m1_high_load,1.48,57.0,100.0,1.46,1.5,56,58,14,500
2022-06-04 02:38:00,2.0239267349243164,G1M1_new,g1m1_high_load,1.48,57.0,100.0,1.46,1.5,56,58,14,500
2022-06-04 02:39:00,2.0227081775665283,G1M1_new,g1m1_high_load,1.48,57.0,100.0,1.46,1.5,56,58,14,500
2022-06-04 02:43:00,2.024897813796997,G1M1_new,g1m1_high_load,1.48,57.0,100.0,1.46,1.5,56,58,14,500
2022-06-04 02:45:00,2.027377128601074,G1M1_new,g1m1_high_load,1.48,57.0,100.0,1.46,1.5,56,58,14,500
2022-06-04 02:46:00,2.025570869445801,G1M1_new,g1m1_high_load,1.48,57.0,100.0,1.46,1.5,56,58,14,500
2022-06-04 02:47:00,2.025949239730835,G1M1_new,g1m1_high_load,1.48,57.0,100.0,1.46,1.5,56,58,14,500
2022-06-04 02:49:00,2.025819778442383,G1M1_new,g1m1_high_load,1.48,57.0,100.0,1.46,1.5,56,58,14,500
2022-06-04 02:52:00,2.027496576309204,G1M1_new,g1m1_high_load,1.48,57.0,100.0,1.46,1.5,56,58,14,500
2022-06-04 02:54:00,2.025017261505127,G1M1_new,g1m1_high_load,1.48,57.0,100.0,1.46,1.5,56,58,14,500
2022-06-04 02:55:00,2.02213978767395,G1M1_new,g1m1_high_load,1.48,57.0,100.0,1.46,1.5,56,58,14,500
2022-06-04 02:57:00,2.021575689315796,G1M1_new,g1m1_high_load,1.48,57.0,100.0,1.46,1.5,56,58,14,500
2022-06-04 02:59:00,2.0241785049438477,G1M1_new,g1m1_high_load,1.48,57.0,100.0,1.46,1.5,56,58,14,500
2022-06-04 03:01:00,2.026123523712158,G1M1_new,g1m1_high_load,1.48,57.0,100.0,1.46,1.5,56,58,14,500
2022-06-04 03:02:00,2.024566888809204,G1M1_new,g1m1_high_load,1.48,57.0,100.0,1.46,1.5,56,58,14,500
2022-06-04 03:03:00,2.0248167514801025,G1M1_new,g1m1_high_load,1.48,57.0,100.0,1.46,1.5,56,58,14,500
2022-06-04 03:05:00,2.025756597518921,G1M1_new,g1m1_high_load,1.48,57.0,100.0,1.46,1.5,56,58,14,500
2022-06-04 03:06:00,2.0258259773254395,G1M1_new,g1m1_high_load,1.48,57.0,100.0,1.46,1.5,56,58,14,500
2022-06-04 03:07:00,2.0257210731506348,G1M1_new,g1m1_high_load,1.48,57.0,100.0,1.46,1.5,56,58,14,500
2022-06-04 03:08:00,2.0255472660064697,G1M1_new,g1m1_high_load,1.48,57.0,100.0,1.46,1.5,56,58,14,500
2022-06-04 03:09:00,2.0253870487213135,G1M1_new,g1m1_high_load,1.48,57.0,100.0,1.46,1.5,56,58,14,500
2022-06-04 03:13:00,2.0221054553985596,G1M1_new,g1m1_high_load,1.48,57.0,100.0,1.46,1.5,56,58,14,500
2022-06-04 03:14:00,2.023259162902832,G1M1_new,g1m1_high_load,1.48,57.0,100.0,1.46,1.5,56,58,14,500
2022-06-04 03:15:00,2.0238161087036133,G1M1_new,g1m1_high_load,1.48,57.0,100.0,1.46,1.5,56,58,14,500
2022-06-04 03:17:00,2.0258452892303467,G1M1_new,g1m1_high_load,1.48,57.0,100.0,1.46,1.5,56,58,14,500
2022-06-04 03:18:00,2.023387908935547,G1M1_new,g1m1_high_load,1.48,57.0,100.0,1.46,1.5,56,58,14,500
2022-06-04 03:21:00,2.021963119506836,G1M1_new,g1m1_high_load,1.48,57.0,100.0,1.46,1.5,56,58,14,500
2022-06-04 03:24:00,2.0232179164886475,G1M1_new,g1m1_high_load,1.48,57.0,100.0,1.46,1.5,56,58,14,500
2022-06-04 03:25:00,2.0231893062591553,G1M1_new,g1m1_high_load,1.48,57.0,100.0,1.46,1.5,56,58,14,500
2022-06-04 03:26:00,2.026127338409424,G1M1_new,g1m1_high_load,1.48,57.0,100.0,1.46,1.5,56,58,14,500
2022-06-04 03:27:00,2.0232443809509277,G1M1_new,g1m1_high_load,1.48,57.0,100.0,1.46,1.5,56,58,14,500
2022-06-04 03:28:00,2.0255887508392334,G1M1_new,g1m1_high_load,1.48,57.0,100.0,1.46,1.5,56,58,14,500
2022-06-04 03:29:00,2.025484323501587,G1M1_new,g1m1_high_load,1.48,57.0,100.0,1.46,1.5,56,58,14,500
2022-06-04 03:30:00,2.0244688987731934,G1M1_new,g1m1_high_load,1.48,57.0,100.0,1.46,1.5,56,58,14,500
2022-06-04 03:31:00,2.0273122787475586,G1M1_new,g1m1_high_load,1.48,57.0,100.0,1.46,1.5,56,58,14,500
2022-06-04 03:32:00,2.026705026626587,G1M1_new,g1m1_high_load,1.48,57.0,100.0,1.46,1.5,56,58,14,500
2022-06-04 03:33:00,2.0258562564849854,G1M1_new,g1m1_high_load,1.48,57.0,100.0,1.46,1.5,56,58,14,500
2022-06-04 03:35:00,2.0280678272247314,G1M1_new,g1m1_high_load,1.48,57.0,100.0,1.46,1.5,56,58,14,500
2022-06-04 03:36:00,2.0239665508270264,G1M1_new,g1m1_high_load,1.48,57.0,100.0,1.46,1.5,56,58,14,500
2022-06-04 03:37:00,2.0232598781585693,G1M1_new,g1m1_high_load,1.48,57.0,100.0,1.46,1.5,56,58,14,500
2022-06-04 03:38:00,2.0240161418914795,G1M1_new,g1m1_high_load,1.48,57.0,100.0,1.46,1.5,56,58,14,500
2022-06-04 03:40:00,2.0236968994140625,G1M1_new,g1m1_high_load,1.48,57.0,100.0,1.46,1.5,56,58,14,500
2022-06-04 03:41:00,2.0231399536132812,G1M1_new,g1m1_high_load,1.48,57.0,100.0,1.46,1.5,56,58,14,500
2022-06-04 03:43:00,2.0221590995788574,G1M1_new,g1m1_high_load,1.48,57.0,100.0,1.46,1.5,56,58,14,500
2022-06-04 03:44:00,2.0246312618255615,G1M1_new,g1m1_high_load,1.48,57.0,100.0,1.46,1.5,56,58,14,500
2022-06-04 03:46:00,2.0257954597473145,G1M1_new,g1m1_high_load,1.48,57.0,100.0,1.46,1.5,56,58,14,500
2022-06-04 03:48:00,2.025189161300659,G1M1_new,g1m1_high_load,1.48,57.0,100.0,1.46,1.5,56,58,14,500
2022-06-04 03:49:00,2.0254921913146973,G1M1_new,g1m1_high_load,1.48,57.0,100.0,1.46,1.5,56,58,14,500
2022-06-04 03:50:00,2.024693489074707,G1M1_new,g1m1_high_load,1.48,57.0,100.0,1.46,1.5,56,58,14,500
2022-06-04 03:52:00,2.0273308753967285,G1M1_new,g1m1_high_load,1.48,57.0,100.0,1.46,1.5,56,58,14,500
2022-06-04 03:53:00,2.026925802230835,G1M1_new,g1m1_high_load,1.48,57.0,100.0,1.46,1.5,56,58,14,500
2022-06-04 03:55:00,2.0217413902282715,G1M1_new,g1m1_high_load,1.48,57.0,100.0,1.46,1.5,56,58,14,500
2022-06-04 03:56:00,2.0194692611694336,G1M1_new,g1m1_high_load,1.48,57.0,100.0,1.46,1.5,56,58,14,500
2022-06-04 03:58:00,2.023367404937744,G1M1_new,g1m1_high_load,1.48,57.0,100.0,1.46,1.5,56,58,14,500
2022-06-04 04:04:00,2.025123119354248,G1M1_new,g1m1_high_load,1.48,57.0,100.0,1.46,1.5,56,58,14,500
2022-06-04 04:05:00,2.0253939628601074,G1M1_new,g1m1_high_load,1.48,57.0,100.0,1.46,1.5,56,58,14,500
2022-06-04 04:06:00,2.023710012435913,G1M1_new,g1m1_high_load,1.48,57.0,100.0,1.46,1.5,56,58,14,500
2022-06-04 04:07:00,2.023841381072998,G1M1_new,g1m1_high_load,1.48,57.0,100.0,1.46,1.5,56,58,14,500
2022-06-04 04:11:00,2.021188497543335,G1M1_new,g1m1_high_load,1.48,57.0,100.0,1.46,1.5,56,58,14,500
2022-06-04 04:12:00,2.024594306945801,G1M1_new,g1m1_high_load,1.48,57.0,100.0,1.46,1.5,56,58,14,500
2022-06-04 04:13:00,2.025355815887451,G1M1_new,g1m1_high_load,1.48,57.0,100.0,1.46,1.5,56,58,14,500
2022-06-04 04:16:00,2.0268006324768066,G1M1_new,g1m1_high_load,1.48,57.0,100.0,1.46,1.5,56,58,14,500
2022-06-04 04:18:00,2.0271477699279785,G1M1_new,g1m1_high_load,1.48,57.0,100.0,1.46,1.5,56,58,14,500
2022-06-04 04:19:00,2.0270988941192627,G1M1_new,g1m1_high_load,1.48,57.0,100.0,1.46,1.5,56,58,14,500
2022-06-04 04:20:00,2.026332139968872,G1M1_new,g1m1_high_load,1.48,57.0,100.0,1.46,1.5,56,58,14,500
2022-06-04 04:22:00,2.023892879486084,G1M1_new,g1m1_high_load,1.48,57.0,100.0,1.46,1.5,56,58,14,500
2022-06-04 04:24:00,2.0230696201324463,G1M1_new,g1m1_high_load,1.48,57.0,100.0,1.46,1.5,56,58,14,500
2022-06-04 04:25:00,2.023573637008667,G1M1_new,g1m1_high_load,1.48,57.0,100.0,1.46,1.5,56,58,14,500
2022-06-04 04:26:00,2.023223638534546,G1M1_new,g1m1_high_load,1.48,57.0,100.0,1.46,1.5,56,58,14,500
2022-06-04 04:29:00,2.0232667922973633,G1M1_new,g1m1_high_load,1.48,57.0,100.0,1.46,1.5,56,58,14,500
2022-06-04 04:34:00,2.0255768299102783,G1M1_new,g1m1_high_load,1.48,57.0,100.0,1.46,1.5,56,58,14,500
2022-06-04 04:36:00,2.025588274002075,G1M1_new,g1m1_high_load,1.48,57.0,100.0,1.46,1.5,56,58,14,500
2022-06-04 04:37:00,2.0267438888549805,G1M1_new,g1m1_high_load,1.48,57.0,100.0,1.46,1.5,56,58,14,500
2022-06-04 04:38:00,2.026214599609375,G1M1_new,g1m1_high_load,1.48,57.0,100.0,1.46,1.5,56,58,14,500
2022-06-04 04:39:00,2.024989604949951,G1M1_new,g1m1_high_load,1.48,57.0,100.0,1.46,1.5,56,58,14,500
2022-06-04 04:41:00,2.022897958755493,G1M1_new,g1m1_high_load,1.48,57.0,100.0,1.46,1.5,56,58,14,500
2022-06-04 04:42:00,2.022254228591919,G1M1_new,g1m1_high_load,1.48,57.0,100.0,1.46,1.5,56,58,14,500
2022-06-04 04:43:00,2.0188827514648438,G1M1_new,g1m1_high_load,1.48,57.0,100.0,1.46,1.5,56,58,14,500
2022-06-04 04:46:00,2.0293731689453125,G1M1_new,g1m1_high_load,1.48,57.0,100.0,1.46,1.5,56,58,14,500
2022-06-04 04:48:00,2.0286951065063477,G1M1_new,g1m1_high_load,1.48,57.0,100.0,1.46,1.5,56,58,14,500
2022-06-04 04:50:00,2.025024890899658,G1M1_new,g1m1_high_load,1.48,57.0,100.0,1.46,1.5,56,58,14,500
2022-06-04 04:52:00,2.0240542888641357,G1M1_new,g1m1_high_load,1.48,57.0,100.0,1.46,1.5,56,58,14,500
2022-06-04 04:53:00,2.0209765434265137,G1M1_new,g1m1_high_load,1.48,57.0,100.0,1.46,1.5,56,58,14,500
2022-06-04 04:55:00,2.019826650619507,G1M1_new,g1m1_high_load,1.48,57.0,100.0,1.46,1.5,56,58,14,500
2022-06-04 04:58:00,2.0228238105773926,G1M1_new,g1m1_high_load,1.48,57.0,100.0,1.46,1.5,56,58,14,500
2022-06-04 04:59:00,2.024979829788208,G1M1_new,g1m1_high_load,1.48,57.0,100.0,1.46,1.5,56,58,14,500
2022-06-04 05:00:00,2.0253093242645264,G1M1_new,g1m1_high_load,1.48,57.0,100.0,1.46,1.5,56,58,14,500
2022-06-04 05:02:00,2.0254855155944824,G1M1_new,g1m1_high_load,1.48,57.0,100.0,1.46,1.5,56,58,14,500
2022-06-04 05:03:00,2.026333808898926,G1M1_new,g1m1_high_load,1.48,57.0,100.0,1.46,1.5,56,58,14,500
2022-06-04 05:04:00,2.0260534286499023,G1M1_new,g1m1_high_load,1.48,57.0,100.0,1.46,1.5,56,58,14,500
2022-06-04 05:07:00,2.0260794162750244,G1M1_new,g1m1_high_load,1.48,57.0,100.0,1.46,1.5,56,58,14,500
2022-06-04 05:09:00,2.0245046615600586,G1M1_new,g1m1_high_load,1.48,57.0,100.0,1.46,1.5,56,58,14,500
2022-06-04 05:14:00,2.0228781700134277,G1M1_new,g1m1_high_load,1.48,57.0,100.0,1.46,1.5,56,58,14,500
2022-06-04 05:15:00,2.0217885971069336,G1M1_new,g1m1_high_load,1.48,57.0,100.0,1.46,1.5,56,58,14,500
2022-06-04 05:17:00,2.0236592292785645,G1M1_new,g1m1_high_load,1.48,57.0,100.0,1.46,1.5,56,58,14,500
2022-06-04 05:19:00,2.0249316692352295,G1M1_new,g1m1_high_load,1.48,57.0,100.0,1.46,1.5,56,58,14,500
2022-06-04 05:21:00,2.0262527465820312,G1M1_new,g1m1_high_load,1.48,57.0,100.0,1.46,1.5,56,58,14,500
2022-06-04 05:22:00,2.025728702545166,G1M1_new,g1m1_high_load,1.48,57.0,100.0,1.46,1.5,56,58,14,500
2022-06-04 05:23:00,2.0250563621520996,G1M1_new,g1m1_high_load,1.48,57.0,100.0,1.46,1.5,56,58,14,500
2022-06-04 05:24:00,2.0266001224517822,G1M1_new,g1m1_high_load,1.48,57.0,100.0,1.46,1.5,56,58,14,500
2022-06-04 05:25:00,2.026165008544922,G1M1_new,g1m1_high_load,1.48,57.0,100.0,1.46,1.5,56,58,14,500
2022-06-04 05:29:00,2.0255985260009766,G1M1_new,g1m1_high_load,1.48,57.0,100.0,1.46,1.5,56,58,14,500
2022-06-04 05:32:00,2.0224359035491943,G1M1_new,g1m1_high_load,1.48,57.0,100.0,1.46,1.5,56,58,14,500
2022-06-04 05:33:00,2.0228383541107178,G1M1_new,g1m1_high_load,1.48,57.0,100.0,1.46,1.5,56,58,14,500
2022-06-04 05:35:00,2.027435302734375,G1M1_new,g1m1_high_load,1.48,57.0,100.0,1.46,1.5,56,58,14,500
2022-06-04 05:38:00,2.023646593093872,G1M1_new,g1m1_high_load,1.48,57.0,100.0,1.46,1.5,56,58,14,500
2022-06-04 05:40:00,2.0224668979644775,G1M1_new,g1m1_high_load,1.48,57.0,100.0,1.46,1.5,56,58,14,500
2022-06-04 05:45:00,2.025890350341797,G1M1_new,g1m1_high_load,1.48,57.0,100.0,1.46,1.5,56,58,14,500
2022-06-04 05:46:00,2.0253074169158936,G1M1_new,g1m1_high_load,1.48,57.0,100.0,1.46,1.5,56,58,14,500
2022-06-04 05:50:00,2.0252835750579834,G1M1_new,g1m1_high_load,1.48,57.0,100.0,1.46,1.5,56,58,14,500
2022-06-04 05:51:00,2.0248422622680664,G1M1_new,g1m1_high_load,1.48,57.0,100.0,1.46,1.5,56,58,14,500
2022-06-04 05:53:00,2.0250208377838135,G1M1_new,g1m1_high_load,1.48,57.0,100.0,1.46,1.5,56,58,14,500
2022-06-04 05:55:00,2.025156259536743,G1M1_new,g1m1_high_load,1.48,57.0,100.0,1.46,1.5,56,58,14,500
2022-06-04 05:56:00,2.0239250659942627,G1M1_new,g1m1_high_load,1.48,57.0,100.0,1.46,1.5,56,58,14,500
2022-06-04 05:59:00,2.024231195449829,G1M1_new,g1m1_high_load,1.48,57.0,100.0,1.46,1.5,56,58,14,500
2022-06-04 06:01:00,2.023287534713745,G1M1_new,g1m1_high_load,1.48,57.0,100.0,1.46,1.5,56,58,14,500
2022-06-04 06:02:00,2.019987106323242,G1M1_new,g1m1_high_load,1.48,57.0,100.0,1.46,1.5,56,58,14,500
2022-06-04 06:04:00,2.025139570236206,G1M1_new,g1m1_high_load,1.48,57.0,100.0,1.46,1.5,56,58,14,500
2022-06-04 06:05:00,2.0245161056518555,G1M1_new,g1m1_high_load,1.48,57.0,100.0,1.46,1.5,56,58,14,500
2022-06-04 06:06:00,2.025614023208618,G1M1_new,g1m1_high_load,1.48,57.0,100.0,1.46,1.5,56,58,14,500
2022-06-04 06:07:00,2.0250327587127686,G1M1_new,g1m1_high_load,1.48,57.0,100.0,1.46,1.5,56,58,14,500
2022-06-04 06:08:00,2.024722099304199,G1M1_new,g1m1_high_load,1.48,57.0,100.0,1.46,1.5,56,58,14,500
2022-06-04 06:11:00,2.0268189907073975,G1M1_new,g1m1_high_load,1.48,57.0,100.0,1.46,1.5,56,58,14,500
2022-06-04 06:13:00,2.0262186527252197,G1M1_new,g1m1_high_load,1.48,57.0,100.0,1.46,1.5,56,58,14,500
2022-06-04 06:14:00,2.027113437652588,G1M1_new,g1m1_high_load,1.48,57.0,100.0,1.46,1.5,56,58,14,500
2022-06-04 06:15:00,2.0274434089660645,G1M1_new,g1m1_high_load,1.48,57.0,100.0,1.46,1.5,56,58,14,500
2022-06-04 06:16:00,2.024416208267212,G1M1_new,g1m1_high_load,1.48,57.0,100.0,1.46,1.5,56,58,14,500
2022-06-04 06:18:00,2.021746873855591,G1M1_new,g1m1_high_load,1.48,57.0,100.0,1.46,1.5,56,58,14,500
2022-06-04 06:19:00,2.0222530364990234,G1M1_new,g1m1_high_load,1.48,57.0,100.0,1.46,1.5,56,58,14,500
2022-06-04 06:21:00,2.0277788639068604,G1M1_new,g1m1_high_load,1.48,57.0,100.0,1.46,1.5,56,58,14,500
2022-06-04 06:23:00,2.027191400527954,G1M1_new,g1m1_high_load,1.48,57.0,100.0,1.46,1.5,56,58,14,500
2022-06-04 06:26:00,2.0225625038146973,G1M1_new,g1m1_high_load,1.48,57.0,100.0,1.46,1.5,56,58,14,500
2022-06-04 06:27:00,2.0222508907318115,G1M1_new,g1m1_high_load,1.48,57.0,100.0,1.46,1.5,56,58,14,500
2022-06-04 06:28:00,2.0207083225250244,G1M1_new,g1m1_high_load,1.48,57.0,100.0,1.46,1.5,56,58,14,500
2022-06-04 06:30:00,2.0218796730041504,G1M1_new,g1m1_high_load,1.48,57.0,100.0,1.46,1.5,56,58,14,500
2022-06-04 06:31:00,2.0213818550109863,G1M1_new,g1m1_high_load,1.48,57.0,100.0,1.46,1.5,56,58,14,500
2022-06-04 06:32:00,2.022470474243164,G1M1_new,g1m1_high_load,1.48,57.0,100.0,1.46,1.5,56,58,14,500
2022-06-04 06:33:00,2.025691270828247,G1M1_new,g1m1_high_load,1.48,57.0,100.0,1.46,1.5,56,58,14,500
2022-06-04 06:34:00,2.0251359939575195,G1M1_new,g1m1_high_load,1.48,57.0,100.0,1.46,1.5,56,58,14,500
2022-06-04 06:35:00,2.0265450477600098,G1M1_new,g1m1_high_load,1.48,57.0,100.0,1.46,1.5,56,58,14,500
2022-06-04 06:38:00,2.0256810188293457,G1M1_new,g1m1_high_load,1.48,57.0,100.0,1.46,1.5,56,58,14,500
2022-06-04 06:39:00,2.0268428325653076,G1M1_new,g1m1_high_load,1.48,57.0,100.0,1.46,1.5,56,58,14,500
2022-06-04 06:47:00,2.024686574935913,G1M1_new,g1m1_high_load,1.48,57.0,100.0,1.46,1.5,56,58,14,500
2022-06-04 06:49:00,2.0213608741760254,G1M1_new,g1m1_high_load,1.48,57.0,100.0,1.46,1.5,56,58,14,500
2022-06-04 06:50:00,2.021566390991211,G1M1_new,g1m1_high_load,1.48,57.0,100.0,1.46,1.5,56,58,14,500
2022-06-04 06:53:00,2.0246481895446777,G1M1_new,g1m1_high_load,1.48,57.0,100.0,1.46,1.5,56,58,14,500
2022-06-04 06:54:00,2.023132801055908,G1M1_new,g1m1_high_load,1.48,57.0,100.0,1.46,1.5,56,58,14,500
2022-06-04 06:55:00,2.0256004333496094,G1M1_new,g1m1_high_load,1.48,57.0,100.0,1.46,1.5,56,58,14,500
2022-06-04 06:56:00,2.024268388748169,G1M1_new,g1m1_high_load,1.48,57.0,100.0,1.46,1.5,56,58,14,500
2022-06-04 06:57:00,2.025634288787842,G1M1_new,g1m1_high_load,1.48,57.0,100.0,1.46,1.5,56,58,14,500
2022-06-04 06:59:00,2.025114059448242,G1M1_new,g1m1_high_load,1.48,57.0,100.0,1.46,1.5,56,58,14,500
2022-06-04 07:02:00,2.027100086212158,G1M1_new,g1m1_high_load,1.48,57.0,100.0,1.46,1.5,56,58,14,500
2022-06-04 07:03:00,2.026005983352661,G1M1_new,g1m1_high_load,1.48,57.0,100.0,1.46,1.5,56,58,14,500
2022-06-04 07:05:00,2.026984214782715,G1M1_new,g1m1_high_load,1.48,57.0,100.0,1.46,1.5,56,58,14,500
2022-06-04 07:07:00,2.0294201374053955,G1M1_new,g1m1_high_load,1.48,57.0,100.0,1.46,1.5,56,58,14,500
2022-06-04 07:08:00,2.026642322540283,G1M1_new,g1m1_high_load,1.48,57.0,100.0,1.46,1.5,56,58,14,500
2022-06-04 07:09:00,2.0229177474975586,G1M1_new,g1m1_high_load,1.48,57.0,100.0,1.46,1.5,56,58,14,500
2022-06-04 07:13:00,2.0236058235168457,G1M1_new,g1m1_high_load,1.48,57.0,100.0,1.46,1.5,56,58,14,500
2022-06-04 07:14:00,2.024454355239868,G1M1_new,g1m1_high_load,1.48,57.0,100.0,1.46,1.5,56,58,14,500
2022-06-04 07:16:00,2.0268523693084717,G1M1_new,g1m1_high_load,1.48,57.0,100.0,1.46,1.5,56,58,14,500
2022-06-04 07:19:00,2.02673602104187,G1M1_new,g1m1_high_load,1.48,57.0,100.0,1.46,1.5,56,58,14,500
2022-06-04 07:20:00,2.026557207107544,G1M1_new,g1m1_high_load,1.48,57.0,100.0,1.46,1.5,56,58,14,500
2022-06-04 07:21:00,2.02363657951355,G1M1_new,g1m1_high_load,1.48,57.0,100.0,1.46,1.5,56,58,14,500
2022-06-04 07:24:00,2.0204660892486572,G1M1_new,g1m1_high_load,1.48,57.0,100.0,1.46,1.5,56,58,14,500
2022-06-04 07:28:00,2.0251097679138184,G1M1_new,g1m1_high_load,1.48,57.0,100.0,1.46,1.5,56,58,14,500
2022-06-04 07:30:00,2.026836395263672,G1M1_new,g1m1_high_load,1.48,57.0,100.0,1.46,1.5,56,58,14,500
2022-06-04 07:31:00,2.0282678604125977,G1M1_new,g1m1_high_load,1.48,57.0,100.0,1.46,1.5,56,58,14,500
2022-06-04 07:34:00,2.031602382659912,G1M1_new,g1m1_high_load,1.48,57.0,100.0,1.46,1.5,56,58,14,500
2022-06-04 07:37:00,2.0206472873687744,G1M1_new,g1m1_high_load,1.48,57.0,100.0,1.46,1.5,56,58,14,500
2022-06-04 07:38:00,2.022059679031372,G1M1_new,g1m1_high_load,1.48,57.0,100.0,1.46,1.5,56,58,14,500
2022-06-04 07:39:00,2.0234527587890625,G1M1_new,g1m1_high_load,1.48,57.0,100.0,1.46,1.5,56,58,14,500
2022-06-04 07:41:00,2.0248842239379883,G1M1_new,g1m1_high_load,1.48,57.0,100.0,1.46,1.5,56,58,14,500
2022-06-04 07:42:00,2.022705316543579,G1M1_new,g1m1_high_load,1.48,57.0,100.0,1.46,1.5,56,58,14,500
2022-06-04 07:44:00,2.0257081985473633,G1M1_new,g1m1_high_load,1.48,57.0,100.0,1.46,1.5,56,58,14,500
2022-06-04 07:46:00,2.025222063064575,G1M1_new,g1m1_high_load,1.48,57.0,100.0,1.46,1.5,56,58,14,500
2022-06-04 07:48:00,2.028308391571045,G1M1_new,g1m1_high_load,1.48,57.0,100.0,1.46,1.5,56,58,14,500
2022-06-04 07:49:00,2.025418519973755,G1M1_new,g1m1_high_load,1.48,57.0,100.0,1.46,1.5,56,58,14,500
2022-06-04 07:53:00,2.026318311691284,G1M1_new,g1m1_high_load,1.48,57.0,100.0,1.46,1.5,56,58,14,500
2022-06-04 07:54:00,2.027172803878784,G1M1_new,g1m1_high_load,1.48,57.0,100.0,1.46,1.5,56,58,14,500
2022-06-04 07:55:00,2.0270605087280273,G1M1_new,g1m1_high_load,1.48,57.0,100.0,1.46,1.5,56,58,14,500
2022-06-04 07:56:00,2.026827096939087,G1M1_new,g1m1_high_load,1.48,57.0,100.0,1.46,1.5,56,58,14,500
2022-06-04 07:57:00,2.02508282661438,G1M1_new,g1m1_high_load,1.48,57.0,100.0,1.46,1.5,56,58,14,500
2022-06-04 07:59:00,2.0240330696105957,G1M1_new,g1m1_high_load,1.48,57.0,100.0,1.46,1.5,56,58,14,500
2022-06-04 08:03:00,2.0241053104400635,G1M1_new,g1m1_high_load,1.48,57.0,100.0,1.46,1.5,56,58,14,500
2022-06-04 08:08:00,2.026590585708618,G1M1_new,g1m1_high_load,1.48,57.0,100.0,1.46,1.5,56,58,14,500
2022-06-04 08:10:00,2.0269694328308105,G1M1_new,g1m1_high_load,1.48,57.0,100.0,1.46,1.5,56,58,14,500
2022-06-04 08:12:00,2.0263195037841797,G1M1_new,g1m1_high_load,1.48,57.0,100.0,1.46,1.5,56,58,14,500
2022-06-04 08:14:00,2.0261056423187256,G1M1_new,g1m1_high_load,1.48,57.0,100.0,1.46,1.5,56,58,14,500
2022-06-04 08:16:00,2.025625705718994,G1M1_new,g1m1_high_load,1.48,57.0,100.0,1.46,1.5,56,58,14,500
2022-06-04 08:17:00,2.0285191535949707,G1M1_new,g1m1_high_load,1.48,57.0,100.0,1.46,1.5,56,58,14,500
2022-06-04 08:19:00,2.02644419670105,G1M1_new,g1m1_high_load,1.48,57.0,100.0,1.46,1.5,56,58,14,500
2022-06-04 08:21:00,2.02502703666687,G1M1_new,g1m1_high_load,1.48,57.0,100.0,1.46,1.5,56,58,14,500
2022-06-04 08:24:00,2.0216612815856934,G1M1_new,g1m1_high_load,1.48,57.0,100.0,1.46,1.5,56,58,14,500
2022-06-04 08:26:00,2.0245201587677,G1M1_new,g1m1_high_load,1.48,57.0,100.0,1.46,1.5,56,58,14,500
2022-06-04 08:27:00,2.02392578125,G1M1_new,g1m1_high_load,1.48,57.0,100.0,1.46,1.5,56,58,14,500
2022-06-04 08:28:00,2.024580717086792,G1M1_new,g1m1_high_load,1.48,57.0,100.0,1.46,1.5,56,58,14,500
2022-06-04 08:29:00,2.0259411334991455,G1M1_new,g1m1_high_load,1.48,57.0,100.0,1.46,1.5,56,58,14,500
2022-06-04 08:31:00,2.0267348289489746,G1M1_new,g1m1_high_load,1.48,57.0,100.0,1.46,1.5,56,58,14,500
2022-06-04 08:33:00,2.027994155883789,G1M1_new,g1m1_high_load,1.48,57.0,100.0,1.46,1.5,56,58,14,500
2022-06-04 08:34:00,2.024678945541382,G1M1_new,g1m1_high_load,1.48,57.0,100.0,1.46,1.5,56,58,14,500
2022-06-04 08:35:00,2.026067018508911,G1M1_new,g1m1_high_load,1.48,57.0,100.0,1.46,1.5,56,58,14,500
2022-06-04 08:37:00,2.025693893432617,G1M1_new,g1m1_high_load,1.48,57.0,100.0,1.46,1.5,56,58,14,500
2022-06-04 08:38:00,2.0252957344055176,G1M1_new,g1m1_high_load,1.48,57.0,100.0,1.46,1.5,56,58,14,500
2022-06-04 08:40:00,2.0274970531463623,G1M1_new,g1m1_high_load,1.48,57.0,100.0,1.46,1.5,56,58,14,500
2022-06-04 08:43:00,2.024653196334839,G1M1_new,g1m1_high_load,1.48,57.0,100.0,1.46,1.5,56,58,14,500
2022-06-04 08:46:00,2.0236687660217285,G1M1_new,g1m1_high_load,1.48,57.0,100.0,1.46,1.5,56,58,14,500
2022-06-04 08:48:00,2.025171995162964,G1M1_new,g1m1_high_load,1.48,57.0,100.0,1.46,1.5,56,58,14,500
2022-06-04 08:49:00,2.023778200149536,G1M1_new,g1m1_high_load,1.48,57.0,100.0,1.46,1.5,56,58,14,500
2022-06-04 08:53:00,2.026291847229004,G1M1_new,g1m1_high_load,1.48,57.0,100.0,1.46,1.5,56,58,14,500
2022-06-04 08:54:00,2.027456521987915,G1M1_new,g1m1_high_load,1.48,57.0,100.0,1.46,1.5,56,58,14,500
2022-06-04 08:56:00,2.027153253555298,G1M1_new,g1m1_high_load,1.48,57.0,100.0,1.46,1.5,56,58,14,500
2022-06-04 08:59:00,2.0255930423736572,G1M1_new,g1m1_high_load,1.48,57.0,100.0,1.46,1.5,56,58,14,500
2022-06-04 09:01:00,2.026737689971924,G1M1_new,g1m1_high_load,1.48,57.0,100.0,1.46,1.5,56,58,14,500
2022-06-04 09:02:00,2.0278289318084717,G1M1_new,g1m1_high_load,1.48,57.0,100.0,1.46,1.5,56,58,14,500
2022-06-04 09:04:00,2.023737668991089,G1M1_new,g1m1_high_load,1.48,57.0,100.0,1.46,1.5,56,58,14,500
2022-06-04 09:05:00,2.02372670173645,G1M1_new,g1m1_high_load,1.48,57.0,100.0,1.46,1.5,56,58,14,500
2022-06-04 09:07:00,2.023594379425049,G1M1_new,g1m1_high_load,1.48,57.0,100.0,1.46,1.5,56,58,14,500
2022-06-04 09:09:00,2.0242953300476074,G1M1_new,g1m1_high_load,1.48,57.0,100.0,1.46,1.5,56,58,14,500
2022-06-04 09:11:00,2.0261662006378174,G1M1_new,g1m1_high_load,1.48,57.0,100.0,1.46,1.5,56,58,14,500
2022-06-04 09:12:00,2.0267319679260254,G1M1_new,g1m1_high_load,1.48,57.0,100.0,1.46,1.5,56,58,14,500
2022-06-04 09:14:00,2.027238607406616,G1M1_new,g1m1_high_load,1.48,57.0,100.0,1.46,1.5,56,58,14,500
2022-06-04 09:20:00,2.0256381034851074,G1M1_new,g1m1_high_load,1.48,57.0,100.0,1.46,1.5,56,58,14,500
2022-06-04 09:22:00,2.021883964538574,G1M1_new,g1m1_high_load,1.48,57.0,100.0,1.46,1.5,56,58,14,500
2022-06-04 09:24:00,2.026073694229126,G1M1_new,g1m1_high_load,1.48,57.0,100.0,1.46,1.5,56,58,14,500
2022-06-04 09:25:00,2.023678779602051,G1M1_new,g1m1_high_load,1.48,57.0,100.0,1.46,1.5,56,58,14,500
2022-06-04 09:28:00,2.0281882286071777,G1M1_new,g1m1_high_load,1.48,57.0,100.0,1.46,1.5,56,58,14,500
2022-06-04 09:30:00,2.022428035736084,G1M1_new,g1m1_high_load,1.48,57.0,100.0,1.46,1.5,56,58,14,500
2022-06-04 09:31:00,2.023052930831909,G1M1_new,g1m1_high_load,1.48,57.0,100.0,1.46,1.5,56,58,14,500
2022-06-04 09:32:00,2.0225272178649902,G1M1_new,g1m1_high_load,1.48,57.0,100.0,1.46,1.5,56,58,14,500
2022-06-04 09:35:00,2.026761293411255,G1M1_new,g1m1_high_load,1.48,57.0,100.0,1.46,1.5,56,58,14,500
2022-06-04 09:37:00,2.0266876220703125,G1M1_new,g1m1_high_load,1.48,57.0,100.0,1.46,1.5,56,58,14,500
2022-06-04 09:39:00,2.0260603427886963,G1M1_new,g1m1_high_load,1.48,57.0,100.0,1.46,1.5,56,58,14,500
2022-06-04 09:42:00,2.025968074798584,G1M1_new,g1m1_high_load,1.48,57.0,100.0,1.46,1.5,56,58,14,500
2022-06-04 09:44:00,2.027211904525757,G1M1_new,g1m1_high_load,1.48,57.0,100.0,1.46,1.5,56,58,14,500
2022-06-04 09:46:00,2.026937484741211,G1M1_new,g1m1_high_load,1.48,57.0,100.0,1.46,1.5,56,58,14,500
2022-06-04 09:48:00,2.025684118270874,G1M1_new,g1m1_high_load,1.48,57.0,100.0,1.46,1.5,56,58,14,500
2022-06-04 09:49:00,2.0254950523376465,G1M1_new,g1m1_high_load,1.48,57.0,100.0,1.46,1.5,56,58,14,500
2022-06-04 09:52:00,2.025230646133423,G1M1_new,g1m1_high_load,1.48,57.0,100.0,1.46,1.5,56,58,14,500
2022-06-04 09:56:00,2.023320436477661,G1M1_new,g1m1_high_load,1.48,57.0,100.0,1.46,1.5,56,58,14,500
2022-06-04 09:59:00,2.026197910308838,G1M1_new,g1m1_high_load,1.48,57.0,100.0,1.46,1.5,56,58,14,500
2022-06-04 10:00:00,2.0254955291748047,G1M1_new,g1m1_high_load,1.48,57.0,100.0,1.46,1.5,56,58,14,500
2022-06-04 10:02:00,2.026561975479126,G1M1_new,g1m1_high_load,1.48,57.0,100.0,1.46,1.5,56,58,14,500
2022-06-04 10:05:00,2.0275652408599854,G1M1_new,g1m1_high_load,1.48,57.0,100.0,1.46,1.5,56,58,14,500
2022-06-04 10:07:00,2.0276877880096436,G1M1_new,g1m1_high_load,1.48,57.0,100.0,1.46,1.5,56,58,14,500
2022-06-04 10:08:00,2.0267210006713867,G1M1_new,g1m1_high_load,1.48,57.0,100.0,1.46,1.5,56,58,14,500
2022-06-04 10:09:00,2.027292490005493,G1M1_new,g1m1_high_load,1.48,57.0,100.0,1.46,1.5,56,58,14,500
2022-06-04 10:10:00,2.0270276069641113,G1M1_new,g1m1_high_load,1.48,57.0,100.0,1.46,1.5,56,58,14,500
2022-06-04 10:11:00,2.028684616088867,G1M1_new,g1m1_high_load,1.48,57.0,100.0,1.46,1.5,56,58,14,500
2022-06-04 10:12:00,2.0266764163970947,G1M1_new,g1m1_high_load,1.48,57.0,100.0,1.46,1.5,56,58,14,500
2022-06-04 10:14:00,2.028547525405884,G1M1_new,g1m1_high_load,1.48,57.0,100.0,1.46,1.5,56,58,14,500
2022-06-04 10:17:00,2.0264439582824707,G1M1_new,g1m1_high_load,1.48,57.0,100.0,1.46,1.5,56,58,14,500
2022-06-04 10:18:00,2.0251963138580322,G1M1_new,g1m1_high_load,1.48,57.0,100.0,1.46,1.5,56,58,14,500
2022-06-04 10:21:00,2.021731376647949,G1M1_new,g1m1_high_load,1.48,57.0,100.0,1.46,1.5,56,58,14,500
2022-06-04 10:26:00,2.0261154174804688,G1M1_new,g1m1_high_load,1.48,57.0,100.0,1.46,1.5,56,58,14,500
2022-06-04 10:30:00,2.026825428009033,G1M1_new,g1m1_high_load,1.48,57.0,100.0,1.46,1.5,56,58,14,500
2022-06-04 10:31:00,2.026702404022217,G1M1_new,g1m1_high_load,1.48,57.0,100.0,1.46,1.5,56,58,14,500
2022-06-04 10:32:00,2.0257155895233154,G1M1_new,g1m1_high_load,1.48,57.0,100.0,1.46,1.5,56,58,14,500
2022-06-04 10:35:00,2.0268027782440186,G1M1_new,g1m1_high_load,1.48,57.0,100.0,1.46,1.5,56,58,14,500
2022-06-04 10:37:00,2.02689790725708,G1M1_new,g1m1_high_load,1.48,57.0,100.0,1.46,1.5,56,58,14,500
2022-06-04 10:38:00,2.028235673904419,G1M1_new,g1m1_high_load,1.48,57.0,100.0,1.46,1.5,56,58,14,500
2022-06-04 10:39:00,2.0269253253936768,G1M1_new,g1m1_high_load,1.48,57.0,100.0,1.46,1.5,56,58,14,500
2022-06-04 10:40:00,2.0272552967071533,G1M1_new,g1m1_high_load,1.48,57.0,100.0,1.46,1.5,56,58,14,500
2022-06-04 10:43:00,2.0248849391937256,G1M1_new,g1m1_high_load,1.48,57.0,100.0,1.46,1.5,56,58,14,500
2022-06-04 10:46:00,2.0240278244018555,G1M1_new,g1m1_high_load,1.48,57.0,100.0,1.46,1.5,56,58,14,500
2022-06-04 10:47:00,2.025947332382202,G1M1_new,g1m1_high_load,1.48,57.0,100.0,1.46,1.5,56,58,14,500
2022-06-04 10:49:00,2.0255515575408936,G1M1_new,g1m1_high_load,1.48,57.0,100.0,1.46,1.5,56,58,14,500
2022-06-04 10:50:00,2.0241918563842773,G1M1_new,g1m1_high_load,1.48,57.0,100.0,1.46,1.5,56,58,14,500
2022-06-04 10:53:00,2.025556802749634,G1M1_new,g1m1_high_load,1.48,57.0,100.0,1.46,1.5,56,58,14,500
2022-06-04 10:54:00,2.025007486343384,G1M1_new,g1m1_high_load,1.48,57.0,100.0,1.46,1.5,56,58,14,500
2022-06-04 10:55:00,2.0266849994659424,G1M1_new,g1m1_high_load,1.48,57.0,100.0,1.46,1.5,56,58,14,500
2022-06-04 10:57:00,2.0275049209594727,G1M1_new,g1m1_high_load,1.48,57.0,100.0,1.46,1.5,56,58,14,500
2022-06-04 10:58:00,2.0271008014678955,G1M1_new,g1m1_high_load,1.48,57.0,100.0,1.46,1.5,56,58,14,500
2022-06-04 11:00:00,2.0279994010925293,G1M1_new,g1m1_high_load,1.48,57.0,100.0,1.46,1.5,56,58,14,500
2022-06-04 11:02:00,2.028749465942383,G1M1_new,g1m1_high_load,1.48,57.0,100.0,1.46,1.5,56,58,14,500
2022-06-04 11:03:00,2.028409481048584,G1M1_new,g1m1_high_load,1.48,57.0,100.0,1.46,1.5,56,58,14,500
2022-06-04 11:08:00,2.0227437019348145,G1M1_new,g1m1_high_load,1.48,57.0,100.0,1.46,1.5,56,58,14,500
2022-06-04 11:09:00,2.022770643234253,G1M1_new,g1m1_high_load,1.48,57.0,100.0,1.46,1.5,56,58,14,500
2022-06-04 11:12:00,2.0244052410125732,G1M1_new,g1m1_high_load,1.48,57.0,100.0,1.46,1.5,56,58,14,500
2022-06-04 11:16:00,2.0265345573425293,G1M1_new,g1m1_high_load,1.48,57.0,100.0,1.46,1.5,56,58,14,500
2022-06-04 11:21:00,2.0264642238616943,G1M1_new,g1m1_high_load,1.48,57.0,100.0,1.46,1.5,56,58,14,500
2022-06-04 11:23:00,2.0266735553741455,G1M1_new,g1m1_high_load,1.48,57.0,100.0,1.46,1.5,56,58,14,500
2022-06-04 11:25:00,2.0276501178741455,G1M1_new,g1m1_high_load,1.48,57.0,100.0,1.46,1.5,56,58,14,500
2022-06-04 11:27:00,2.028944492340088,G1M1_new,g1m1_high_load,1.48,57.0,100.0,1.46,1.5,56,58,14,500
2022-06-04 11:28:00,2.027855157852173,G1M1_new,g1m1_high_load,1.48,57.0,100.0,1.46,1.5,56,58,14,500
2022-06-04 11:29:00,2.025505304336548,G1M1_new,g1m1_high_load,1.48,57.0,100.0,1.46,1.5,56,58,14,500
2022-06-04 11:33:00,2.0270838737487793,G1M1_new,g1m1_high_load,1.48,57.0,100.0,1.46,1.5,56,58,14,500
2022-06-04 11:36:00,2.02485728263855,G1M1_new,g1m1_high_load,1.48,57.0,100.0,1.46,1.5,56,58,14,500
2022-06-04 11:38:00,2.0249111652374268,G1M1_new,g1m1_high_load,1.48,57.0,100.0,1.46,1.5,56,58,14,500
2022-06-04 11:39:00,2.0265581607818604,G1M1_new,g1m1_high_load,1.48,57.0,100.0,1.46,1.5,56,58,14,500
2022-06-04 11:44:00,2.0279324054718018,G1M1_new,g1m1_high_load,1.48,57.0,100.0,1.46,1.5,56,58,14,500
2022-06-04 11:46:00,2.027041435241699,G1M1_new,g1m1_high_load,1.48,57.0,100.0,1.46,1.5,56,58,14,500
2022-06-04 11:47:00,2.0278267860412598,G1M1_new,g1m1_high_load,1.48,57.0,100.0,1.46,1.5,56,58,14,500
2022-06-04 11:49:00,2.028207302093506,G1M1_new,g1m1_high_load,1.48,57.0,100.0,1.46,1.5,56,58,14,500
2022-06-04 11:52:00,2.0257155895233154,G1M1_new,g1m1_high_load,1.48,57.0,100.0,1.46,1.5,56,58,14,500
2022-06-04 11:54:00,2.020480155944824,G1M1_new,g1m1_high_load,1.48,57.0,100.0,1.46,1.5,56,58,14,500
2022-06-04 11:55:00,2.0223398208618164,G1M1_new,g1m1_high_load,1.48,57.0,100.0,1.46,1.5,56,58,14,500
2022-06-04 11:57:00,2.023480176925659,G1M1_new,g1m1_high_load,1.48,57.0,100.0,1.46,1.5,56,58,14,500
2022-06-04 11:58:00,2.0263354778289795,G1M1_new,g1m1_high_load,1.48,57.0,100.0,1.46,1.5,56,58,14,500
2022-06-04 11:59:00,2.024840831756592,G1M1_new,g1m1_high_load,1.48,57.0,100.0,1.46,1.5,56,58,14,500
2022-06-04 12:01:00,2.0259792804718018,G1M1_new,g1m1_high_load,1.48,57.0,100.0,1.46,1.5,56,58,14,500
2022-06-04 12:03:00,2.0254170894622803,G1M1_new,g1m1_high_load,1.48,57.0,100.0,1.46,1.5,56,58,14,500
2022-06-04 12:08:00,2.0273749828338623,G1M1_new,g1m1_high_load,1.48,57.0,100.0,1.46,1.5,56,58,14,500
2022-06-04 12:09:00,2.0266401767730713,G1M1_new,g1m1_high_load,1.48,57.0,100.0,1.46,1.5,56,58,14,500
2022-06-04 12:13:00,2.0276288986206055,G1M1_new,g1m1_high_load,1.48,57.0,100.0,1.46,1.5,56,58,14,500
2022-06-04 12:15:00,2.0298147201538086,G1M1_new,g1m1_high_load,1.48,57.0,100.0,1.46,1.5,56,58,14,500
2022-06-04 12:17:00,2.0280613899230957,G1M1_new,g1m1_high_load,1.48,57.0,100.0,1.46,1.5,56,58,14,500
2022-06-04 12:20:00,2.0226731300354004,G1M1_new,g1m1_high_load,1.48,57.0,100.0,1.46,1.5,56,58,14,500
2022-06-04 12:21:00,2.0233163833618164,G1M1_new,g1m1_high_load,1.48,57.0,100.0,1.46,1.5,56,58,14,500
2022-06-04 12:22:00,2.023308515548706,G1M1_new,g1m1_high_load,1.48,57.0,100.0,1.46,1.5,56,58,14,500
2022-06-04 12:23:00,2.0243730545043945,G1M1_new,g1m1_high_load,1.48,57.0,100.0,1.46,1.5,56,58,14,500
2022-06-04 12:24:00,2.0243113040924072,G1M1_new,g1m1_high_load,1.48,57.0,100.0,1.46,1.5,56,58,14,500
2022-06-04 12:25:00,2.0247833728790283,G1M1_new,g1m1_high_load,1.48,57.0,100.0,1.46,1.5,56,58,14,500
2022-06-04 12:28:00,2.02632212638855,G1M1_new,g1m1_high_load,1.48,57.0,100.0,1.46,1.5,56,58,14,500
2022-06-04 12:29:00,2.0262856483459473,G1M1_new,g1m1_high_load,1.48,57.0,100.0,1.46,1.5,56,58,14,500
2022-06-04 12:30:00,2.026073932647705,G1M1_new,g1m1_high_load,1.48,57.0,100.0,1.46,1.5,56,58,14,500
2022-06-04 12:31:00,2.025683641433716,G1M1_new,g1m1_high_load,1.48,57.0,100.0,1.46,1.5,56,58,14,500
2022-06-04 12:32:00,2.025463819503784,G1M1_new,g1m1_high_load,1.48,57.0,100.0,1.46,1.5,56,58,14,500
2022-06-04 12:34:00,2.026704788208008,G1M1_new,g1m1_high_load,1.48,57.0,100.0,1.46,1.5,56,58,14,500
2022-06-04 12:36:00,2.026688575744629,G1M1_new,g1m1_high_load,1.48,57.0,100.0,1.46,1.5,56,58,14,500
2022-06-04 12:38:00,2.025134801864624,G1M1_new,g1m1_high_load,1.48,57.0,100.0,1.46,1.5,56,58,14,500
2022-06-04 12:39:00,2.0288643836975098,G1M1_new,g1m1_high_load,1.48,57.0,100.0,1.46,1.5,56,58,14,500
2022-06-04 12:40:00,2.029036283493042,G1M1_new,g1m1_high_load,1.48,57.0,100.0,1.46,1.5,56,58,14,500
2022-06-04 12:42:00,2.032033920288086,G1M1_new,g1m1_high_load,1.48,57.0,100.0,1.46,1.5,56,58,14,500
2022-06-04 12:46:00,2.0242221355438232,G1M1_new,g1m1_high_load,1.48,57.0,100.0,1.46,1.5,56,58,14,500
2022-06-04 12:47:00,2.026426076889038,G1M1_new,g1m1_high_load,1.48,57.0,100.0,1.46,1.5,56,58,14,500
2022-06-04 12:48:00,2.0255913734436035,G1M1_new,g1m1_high_load,1.48,57.0,100.0,1.46,1.5,56,58,14,500
2022-06-04 12:50:00,2.0276095867156982,G1M1_new,g1m1_high_load,1.48,57.0,100.0,1.46,1.5,56,58,14,500
2022-06-04 12:51:00,2.025710344314575,G1M1_new,g1m1_high_load,1.48,57.0,100.0,1.46,1.5,56,58,14,500
2022-06-04 12:52:00,2.026374578475952,G1M1_new,g1m1_high_load,1.48,57.0,100.0,1.46,1.5,56,58,14,500
2022-06-04 12:53:00,2.0267646312713623,G1M1_new,g1m1_high_load,1.48,57.0,100.0,1.46,1.5,56,58,14,500
2022-06-04 12:54:00,2.0267257690429688,G1M1_new,g1m1_high_load,1.48,57.0,100.0,1.46,1.5,56,58,14,500
2022-06-04 12:55:00,2.0264763832092285,G1M1_new,g1m1_high_load,1.48,57.0,100.0,1.46,1.5,56,58,14,500
2022-06-04 12:58:00,2.0273985862731934,G1M1_new,g1m1_high_load,1.48,57.0,100.0,1.46,1.5,56,58,14,500
2022-06-04 13:02:00,2.030805826187134,G1M1_new,g1m1_high_load,1.48,57.0,100.0,1.46,1.5,56,58,14,500
2022-06-04 13:03:00,2.029860019683838,G1M1_new,g1m1_high_load,1.48,57.0,100.0,1.46,1.5,56,58,14,500
2022-06-04 13:05:00,2.0270767211914062,G1M1_new,g1m1_high_load,1.48,57.0,100.0,1.46,1.5,56,58,14,500
2022-06-04 13:07:00,2.0217232704162598,G1M1_new,g1m1_high_load,1.48,57.0,100.0,1.46,1.5,56,58,14,500
2022-06-04 13:09:00,2.024268865585327,G1M1_new,g1m1_high_load,1.48,57.0,100.0,1.46,1.5,56,58,14,500
2022-06-04 13:11:00,2.0227162837982178,G1M1_new,g1m1_high_load,1.48,57.0,100.0,1.46,1.5,56,58,14,500
2022-06-04 13:13:00,2.026214838027954,G1M1_new,g1m1_high_load,1.48,57.0,100.0,1.46,1.5,56,58,14,500
2022-06-04 13:16:00,2.024994134902954,G1M1_new,g1m1_high_load,1.48,57.0,100.0,1.46,1.5,56,58,14,500
2022-06-04 13:17:00,2.029432535171509,G1M1_new,g1m1_high_load,1.48,57.0,100.0,1.46,1.5,56,58,14,500
2022-06-04 13:22:00,2.0282623767852783,G1M1_new,g1m1_high_load,1.48,57.0,100.0,1.46,1.5,56,58,14,500
2022-06-04 13:24:00,2.030272960662842,G1M1_new,g1m1_high_load,1.48,57.0,100.0,1.46,1.5,56,58,14,500
2022-06-04 13:27:00,2.0299415588378906,G1M1_new,g1m1_high_load,1.48,57.0,100.0,1.46,1.5,56,58,14,500
2022-06-04 13:28:00,2.026318311691284,G1M1_new,g1m1_high_load,1.48,57.0,100.0,1.46,1.5,56,58,14,500
2022-06-04 13:32:00,2.024930477142334,G1M1_new,g1m1_high_load,1.48,57.0,100.0,1.46,1.5,56,58,14,500
2022-06-04 13:33:00,2.024702548980713,G1M1_new,g1m1_high_load,1.48,57.0,100.0,1.46,1.5,56,58,14,500
2022-06-04 13:35:00,2.0267226696014404,G1M1_new,g1m1_high_load,1.48,57.0,100.0,1.46,1.5,56,58,14,500
2022-06-04 13:40:00,2.026624917984009,G1M1_new,g1m1_high_load,1.48,57.0,100.0,1.46,1.5,56,58,14,500
2022-06-04 13:41:00,2.0275819301605225,G1M1_new,g1m1_high_load,1.48,57.0,100.0,1.46,1.5,56,58,14,500
2022-06-04 13:42:00,2.024202346801758,G1M1_new,g1m1_high_load,1.48,57.0,100.0,1.46,1.5,56,58,14,500
2022-06-04 13:45:00,2.026684045791626,G1M1_new,g1m1_high_load,1.48,57.0,100.0,1.46,1.5,56,58,14,500
2022-06-04 13:46:00,2.0279154777526855,G1M1_new,g1m1_high_load,1.48,57.0,100.0,1.46,1.5,56,58,14,500
2022-06-04 13:47:00,2.029940366744995,G1M1_new,g1m1_high_load,1.48,57.0,100.0,1.46,1.5,56,58,14,500
2022-06-04 13:51:00,2.031278610229492,G1M1_new,g1m1_high_load,1.48,57.0,100.0,1.46,1.5,56,58,14,500
2022-06-04 13:53:00,2.0258946418762207,G1M1_new,g1m1_high_load,1.48,57.0,100.0,1.46,1.5,56,58,14,500
2022-06-04 13:57:00,2.0241434574127197,G1M1_new,g1m1_high_load,1.48,57.0,100.0,1.46,1.5,56,58,14,500
2022-06-04 14:01:00,2.0248706340789795,G1M1_new,g1m1_high_load,1.48,57.0,100.0,1.46,1.5,56,58,14,500
2022-06-04 14:03:00,2.026599168777466,G1M1_new,g1m1_high_load,1.48,57.0,100.0,1.46,1.5,56,58,14,500
2022-06-04 14:04:00,2.029290199279785,G1M1_new,g1m1_high_load,1.48,57.0,100.0,1.46,1.5,56,58,14,500
2022-06-04 14:07:00,2.029343605041504,G1M1_new,g1m1_high_load,1.48,57.0,100.0,1.46,1.5,56,58,14,500
2022-06-04 14:08:00,2.02908992767334,G1M1_new,g1m1_high_load,1.48,57.0,100.0,1.46,1.5,56,58,14,500
2022-06-04 14:10:00,2.029031276702881,G1M1_new,g1m1_high_load,1.48,57.0,100.0,1.46,1.5,56,58,14,500
2022-06-04 14:11:00,2.028190851211548,G1M1_new,g1m1_high_load,1.48,57.0,100.0,1.46,1.5,56,58,14,500
2022-06-04 14:14:00,2.0238287448883057,G1M1_new,g1m1_high_load,1.48,57.0,100.0,1.46,1.5,56,58,14,500
2022-06-04 14:16:00,2.0232155323028564,G1M1_new,g1m1_high_load,1.48,57.0,100.0,1.46,1.5,56,58,14,500
2022-06-04 14:19:00,2.026798725128174,G1M1_new,g1m1_high_load,1.48,57.0,100.0,1.46,1.5,56,58,14,500
2022-06-04 14:20:00,2.0261013507843018,G1M1_new,g1m1_high_load,1.48,57.0,100.0,1.46,1.5,56,58,14,500
2022-06-04 14:21:00,2.0262291431427,G1M1_new,g1m1_high_load,1.48,57.0,100.0,1.46,1.5,56,58,14,500
2022-06-04 14:23:00,2.0260441303253174,G1M1_new,g1m1_high_load,1.48,57.0,100.0,1.46,1.5,56,58,14,500
2022-06-04 14:24:00,2.025644540786743,G1M1_new,g1m1_high_load,1.48,57.0,100.0,1.46,1.5,56,58,14,500
2022-06-04 14:27:00,2.0255823135375977,G1M1_new,g1m1_high_load,1.48,57.0,100.0,1.46,1.5,56,58,14,500
2022-06-04 14:31:00,2.0262160301208496,G1M1_new,g1m1_high_load,1.48,57.0,100.0,1.46,1.5,56,58,14,500
2022-06-04 14:33:00,2.025113344192505,G1M1_new,g1m1_high_load,1.48,57.0,100.0,1.46,1.5,56,58,14,500
2022-06-04 14:35:00,2.029911756515503,G1M1_new,g1m1_high_load,1.48,57.0,100.0,1.46,1.5,56,58,14,500
2022-06-04 14:36:00,2.027968406677246,G1M1_new,g1m1_high_load,1.48,57.0,100.0,1.46,1.5,56,58,14,500
2022-06-04 14:37:00,2.028873920440674,G1M1_new,g1m1_high_load,1.48,57.0,100.0,1.46,1.5,56,58,14,500
2022-06-04 14:38:00,2.0291078090667725,G1M1_new,g1m1_high_load,1.48,57.0,100.0,1.46,1.5,56,58,14,500
2022-06-04 14:39:00,2.0292696952819824,G1M1_new,g1m1_high_load,1.48,57.0,100.0,1.46,1.5,56,58,14,500
2022-06-04 14:40:00,2.028425455093384,G1M1_new,g1m1_high_load,1.48,57.0,100.0,1.46,1.5,56,58,14,500
2022-06-04 14:43:00,2.02547287940979,G1M1_new,g1m1_high_load,1.48,57.0,100.0,1.46,1.5,56,58,14,500
2022-06-04 14:45:00,2.023869752883911,G1M1_new,g1m1_high_load,1.48,57.0,100.0,1.46,1.5,56,58,14,500
2022-06-04 14:47:00,2.0248167514801025,G1M1_new,g1m1_high_load,1.48,57.0,100.0,1.46,1.5,56,58,14,500
2022-06-04 14:48:00,2.025221824645996,G1M1_new,g1m1_high_load,1.48,57.0,100.0,1.46,1.5,56,58,14,500
2022-06-04 14:49:00,2.0243966579437256,G1M1_new,g1m1_high_load,1.48,57.0,100.0,1.46,1.5,56,58,14,500
2022-06-04 14:50:00,2.0263671875,G1M1_new,g1m1_high_load,1.48,57.0,100.0,1.46,1.5,56,58,14,500
2022-06-04 14:52:00,2.0309717655181885,G1M1_new,g1m1_high_load,1.48,57.0,100.0,1.46,1.5,56,58,14,500
2022-06-04 14:57:00,2.025815963745117,G1M1_new,g1m1_high_load,1.48,57.0,100.0,1.46,1.5,56,58,14,500
2022-06-04 14:59:00,2.0221049785614014,G1M1_new,g1m1_high_load,1.48,57.0,100.0,1.46,1.5,56,58,14,500
2022-06-04 15:01:00,2.0240416526794434,G1M1_new,g1m1_high_load,1.48,57.0,100.0,1.46,1.5,56,58,14,500
2022-06-04 15:02:00,2.0248324871063232,G1M1_new,g1m1_high_load,1.48,57.0,100.0,1.46,1.5,56,58,14,500
2022-06-04 15:04:00,2.0258662700653076,G1M1_new,g1m1_high_load,1.48,57.0,100.0,1.46,1.5,56,58,14,500
2022-06-04 15:05:00,2.0285630226135254,G1M1_new,g1m1_high_load,1.48,57.0,100.0,1.46,1.5,56,58,14,500
2022-06-04 15:08:00,2.0288093090057373,G1M1_new,g1m1_high_load,1.48,57.0,100.0,1.46,1.5,56,58,14,500
2022-06-04 15:09:00,2.0289111137390137,G1M1_new,g1m1_high_load,1.48,57.0,100.0,1.46,1.5,56,58,14,500
2022-06-04 15:11:00,2.0278944969177246,G1M1_new,g1m1_high_load,1.48,57.0,100.0,1.46,1.5,56,58,14,500
2022-06-04 15:12:00,2.027214288711548,G1M1_new,g1m1_high_load,1.48,57.0,100.0,1.46,1.5,56,58,14,500
2022-06-04 15:14:00,2.0291543006896973,G1M1_new,g1m1_high_load,1.48,57.0,100.0,1.46,1.5,56,58,14,500
2022-06-04 15:15:00,2.0268728733062744,G1M1_new,g1m1_high_load,1.48,57.0,100.0,1.46,1.5,56,58,14,500
2022-06-04 15:16:00,2.0285329818725586,G1M1_new,g1m1_high_load,1.48,57.0,100.0,1.46,1.5,56,58,14,500
2022-06-04 15:20:00,2.02258038520813,G1M1_new,g1m1_high_load,1.48,57.0,100.0,1.46,1.5,56,58,14,500
2022-06-04 15:21:00,2.022026300430298,G1M1_new,g1m1_high_load,1.48,57.0,100.0,1.46,1.5,56,58,14,500
2022-06-04 15:22:00,2.0237534046173096,G1M1_new,g1m1_high_load,1.48,57.0,100.0,1.46,1.5,56,58,14,500
2022-06-04 15:23:00,2.0241663455963135,G1M1_new,g1m1_high_load,1.48,57.0,100.0,1.46,1.5,56,58,14,500
2022-06-04 15:27:00,2.029252767562866,G1M1_new,g1m1_high_load,1.48,57.0,100.0,1.46,1.5,56,58,14,500
2022-06-04 15:28:00,2.0295472145080566,G1M1_new,g1m1_high_load,1.48,57.0,100.0,1.46,1.5,56,58,14,500
2022-06-04 15:29:00,2.0287137031555176,G1M1_new,g1m1_high_load,1.48,57.0,100.0,1.46,1.5,56,58,14,500
2022-06-04 15:30:00,2.0280685424804688,G1M1_new,g1m1_high_load,1.48,57.0,100.0,1.46,1.5,56,58,14,500
2022-06-04 15:31:00,2.0268757343292236,G1M1_new,g1m1_high_load,1.48,57.0,100.0,1.46,1.5,56,58,14,500
2022-06-04 15:33:00,2.0267062187194824,G1M1_new,g1m1_high_load,1.48,57.0,100.0,1.46,1.5,56,58,14,500
2022-06-04 15:34:00,2.026270627975464,G1M1_new,g1m1_high_load,1.48,57.0,100.0,1.46,1.5,56,58,14,500
2022-06-04 15:35:00,2.0265824794769287,G1M1_new,g1m1_high_load,1.48,57.0,100.0,1.46,1.5,56,58,14,500
2022-06-04 15:36:00,2.0283920764923096,G1M1_new,g1m1_high_load,1.48,57.0,100.0,1.46,1.5,56,58,14,500
2022-06-04 15:37:00,2.0261754989624023,G1M1_new,g1m1_high_load,1.48,57.0,100.0,1.46,1.5,56,58,14,500
2022-06-04 15:39:00,2.0271735191345215,G1M1_new,g1m1_high_load,1.48,57.0,100.0,1.46,1.5,56,58,14,500
2022-06-04 15:41:00,2.0278255939483643,G1M1_new,g1m1_high_load,1.48,57.0,100.0,1.46,1.5,56,58,14,500
2022-06-04 15:43:00,2.026240825653076,G1M1_new,g1m1_high_load,1.48,57.0,100.0,1.46,1.5,56,58,14,500
2022-06-04 15:44:00,2.0241572856903076,G1M1_new,g1m1_high_load,1.48,57.0,100.0,1.46,1.5,56,58,14,500
2022-06-04 15:45:00,2.0228829383850098,G1M1_new,g1m1_high_load,1.48,57.0,100.0,1.46,1.5,56,58,14,500
2022-06-04 15:48:00,2.0239779949188232,G1M1_new,g1m1_high_load,1.48,57.0,100.0,1.46,1.5,56,58,14,500
2022-06-04 15:49:00,2.0258781909942627,G1M1_new,g1m1_high_load,1.48,57.0,100.0,1.46,1.5,56,58,14,500
2022-06-04 15:51:00,2.0233564376831055,G1M1_new,g1m1_high_load,1.48,57.0,100.0,1.46,1.5,56,58,14,500
2022-06-04 15:52:00,2.026707887649536,G1M1_new,g1m1_high_load,1.48,57.0,100.0,1.46,1.5,56,58,14,500
2022-06-04 15:53:00,2.030564069747925,G1M1_new,g1m1_high_load,1.48,57.0,100.0,1.46,1.5,56,58,14,500
2022-06-04 15:55:00,2.0310721397399902,G1M1_new,g1m1_high_load,1.48,57.0,100.0,1.46,1.5,56,58,14,500
2022-06-04 15:57:00,2.0280702114105225,G1M1_new,g1m1_high_load,1.48,57.0,100.0,1.46,1.5,56,58,14,500
2022-06-04 15:59:00,2.0273044109344482,G1M1_new,g1m1_high_load,1.48,57.0,100.0,1.46,1.5,56,58,14,500
2022-06-04 16:01:00,2.0278053283691406,G1M1_new,g1m1_high_load,1.48,57.0,100.0,1.46,1.5,56,58,14,500
2022-06-04 16:02:00,2.0281972885131836,G1M1_new,g1m1_high_load,1.48,57.0,100.0,1.46,1.5,56,58,14,500
2022-06-04 16:05:00,2.028028964996338,G1M1_new,g1m1_high_load,1.48,57.0,100.0,1.46,1.5,56,58,14,500
2022-06-04 16:06:00,2.0255393981933594,G1M1_new,g1m1_high_load,1.48,57.0,100.0,1.46,1.5,56,58,14,500
2022-06-04 16:08:00,2.0239365100860596,G1M1_new,g1m1_high_load,1.48,57.0,100.0,1.46,1.5,56,58,14,500
2022-06-04 16:09:00,2.0219247341156006,G1M1_new,g1m1_high_load,1.48,57.0,100.0,1.46,1.5,56,58,14,500
2022-06-04 16:11:00,2.0262889862060547,G1M1_new,g1m1_high_load,1.48,57.0,100.0,1.46,1.5,56,58,14,500
2022-06-04 16:15:00,2.0296709537506104,G1M1_new,g1m1_high_load,1.48,57.0,100.0,1.46,1.5,56,58,14,500
2022-06-04 16:18:00,2.024806499481201,G1M1_new,g1m1_high_load,1.48,57.0,100.0,1.46,1.5,56,58,14,500
2022-06-04 16:20:00,2.026200294494629,G1M1_new,g1m1_high_load,1.48,57.0,100.0,1.46,1.5,56,58,14,500
2022-06-04 16:21:00,2.0247273445129395,G1M1_new,g1m1_high_load,1.48,57.0,100.0,1.46,1.5,56,58,14,500
2022-06-04 16:22:00,2.026301860809326,G1M1_new,g1m1_high_load,1.48,57.0,100.0,1.46,1.5,56,58,14,500
2022-06-04 16:24:00,2.0266382694244385,G1M1_new,g1m1_high_load,1.48,57.0,100.0,1.46,1.5,56,58,14,500
2022-06-04 16:25:00,2.027484893798828,G1M1_new,g1m1_high_load,1.48,57.0,100.0,1.46,1.5,56,58,14,500
2022-06-04 16:26:00,2.0274136066436768,G1M1_new,g1m1_high_load,1.48,57.0,100.0,1.46,1.5,56,58,14,500
2022-06-04 16:27:00,2.027101516723633,G1M1_new,g1m1_high_load,1.48,57.0,100.0,1.46,1.5,56,58,14,500
2022-06-04 16:28:00,2.0282208919525146,G1M1_new,g1m1_high_load,1.48,57.0,100.0,1.46,1.5,56,58,14,500
2022-06-04 16:32:00,2.0250515937805176,G1M1_new,g1m1_high_load,1.48,57.0,100.0,1.46,1.5,56,58,14,500
2022-06-04 16:34:00,2.0238873958587646,G1M1_new,g1m1_high_load,1.48,57.0,100.0,1.46,1.5,56,58,14,500
2022-06-04 16:36:00,2.0246920585632324,G1M1_new,g1m1_high_load,1.48,57.0,100.0,1.46,1.5,56,58,14,500
2022-06-04 16:37:00,2.0244290828704834,G1M1_new,g1m1_high_load,1.48,57.0,100.0,1.46,1.5,56,58,14,500
2022-06-04 16:39:00,2.0279757976531982,G1M1_new,g1m1_high_load,1.48,57.0,100.0,1.46,1.5,56,58,14,500
2022-06-04 16:40:00,2.0297670364379883,G1M1_new,g1m1_high_load,1.48,57.0,100.0,1.46,1.5,56,58,14,500
2022-06-04 16:43:00,2.028839349746704,G1M1_new,g1m1_high_load,1.48,57.0,100.0,1.46,1.5,56,58,14,500
2022-06-04 16:44:00,2.029639720916748,G1M1_new,g1m1_high_load,1.48,57.0,100.0,1.46,1.5,56,58,14,500
2022-06-04 16:45:00,2.0279200077056885,G1M1_new,g1m1_high_load,1.48,57.0,100.0,1.46,1.5,56,58,14,500
2022-06-04 16:47:00,2.0264973640441895,G1M1_new,g1m1_high_load,1.48,57.0,100.0,1.46,1.5,56,58,14,500
2022-06-04 16:49:00,2.0276057720184326,G1M1_new,g1m1_high_load,1.48,57.0,100.0,1.46,1.5,56,58,14,500
2022-06-04 16:50:00,2.0290539264678955,G1M1_new,g1m1_high_load,1.48,57.0,100.0,1.46,1.5,56,58,14,500
2022-06-04 16:51:00,2.028168201446533,G1M1_new,g1m1_high_load,1.48,57.0,100.0,1.46,1.5,56,58,14,500
2022-06-04 16:53:00,2.025278329849243,G1M1_new,g1m1_high_load,1.48,57.0,100.0,1.46,1.5,56,58,14,500
2022-06-04 16:54:00,2.0256433486938477,G1M1_new,g1m1_high_load,1.48,57.0,100.0,1.46,1.5,56,58,14,500
2022-06-04 16:55:00,2.0251731872558594,G1M1_new,g1m1_high_load,1.48,57.0,100.0,1.46,1.5,56,58,14,500
2022-06-04 16:57:00,2.0241317749023438,G1M1_new,g1m1_high_load,1.48,57.0,100.0,1.46,1.5,56,58,14,500
2022-06-04 16:59:00,2.0247867107391357,G1M1_new,g1m1_high_load,1.48,57.0,100.0,1.46,1.5,56,58,14,500
2022-06-04 17:00:00,2.026041030883789,G1M1_new,g1m1_high_load,1.48,57.0,100.0,1.46,1.5,56,58,14,500
2022-06-04 17:02:00,2.0262696743011475,G1M1_new,g1m1_high_load,1.48,57.0,100.0,1.46,1.5,56,58,14,500
2022-06-04 17:05:00,2.030393362045288,G1M1_new,g1m1_high_load,1.48,57.0,100.0,1.46,1.5,56,58,14,500
2022-06-04 17:10:00,2.0277373790740967,G1M1_new,g1m1_high_load,1.48,57.0,100.0,1.46,1.5,56,58,14,500
2022-06-04 17:11:00,2.027275323867798,G1M1_new,g1m1_high_load,1.48,57.0,100.0,1.46,1.5,56,58,14,500
2022-06-04 17:12:00,2.0279808044433594,G1M1_new,g1m1_high_load,1.48,57.0,100.0,1.46,1.5,56,58,14,500
2022-06-04 17:15:00,2.0296504497528076,G1M1_new,g1m1_high_load,1.48,57.0,100.0,1.46,1.5,56,58,14,500
2022-06-04 17:16:00,2.03037428855896,G1M1_new,g1m1_high_load,1.48,57.0,100.0,1.46,1.5,56,58,14,500
2022-06-04 17:18:00,2.0244290828704834,G1M1_new,g1m1_high_load,1.48,57.0,100.0,1.46,1.5,56,58,14,500
2022-06-04 17:20:00,2.023159980773926,G1M1_new,g1m1_high_load,1.48,57.0,100.0,1.46,1.5,56,58,14,500
2022-06-04 17:22:00,2.0245063304901123,G1M1_new,g1m1_high_load,1.48,57.0,100.0,1.46,1.5,56,58,14,500
2022-06-04 17:24:00,2.026644468307495,G1M1_new,g1m1_high_load,1.48,57.0,100.0,1.46,1.5,56,58,14,500
2022-06-04 17:26:00,2.030341625213623,G1M1_new,g1m1_high_load,1.48,57.0,100.0,1.46,1.5,56,58,14,500
2022-06-04 17:27:00,2.0310049057006836,G1M1_new,g1m1_high_load,1.48,57.0,100.0,1.46,1.5,56,58,14,500
2022-06-04 17:28:00,2.0299901962280273,G1M1_new,g1m1_high_load,1.48,57.0,100.0,1.46,1.5,56,58,14,500
2022-06-04 17:31:00,2.0278427600860596,G1M1_new,g1m1_high_load,1.48,57.0,100.0,1.46,1.5,56,58,14,500
2022-06-04 17:32:00,2.027029037475586,G1M1_new,g1m1_high_load,1.48,57.0,100.0,1.46,1.5,56,58,14,500
2022-06-04 17:33:00,2.0272581577301025,G1M1_new,g1m1_high_load,1.48,57.0,100.0,1.46,1.5,56,58,14,500
2022-06-04 17:35:00,2.0264499187469482,G1M1_new,g1m1_high_load,1.48,57.0,100.0,1.46,1.5,56,58,14,500
2022-06-04 17:36:00,2.0265917778015137,G1M1_new,g1m1_high_load,1.48,57.0,100.0,1.46,1.5,56,58,14,500
2022-06-04 17:42:00,2.026337146759033,G1M1_new,g1m1_high_load,1.48,57.0,100.0,1.46,1.5,56,58,14,500
2022-06-04 17:43:00,2.0251781940460205,G1M1_new,g1m1_high_load,1.48,57.0,100.0,1.46,1.5,56,58,14,500
2022-06-04 17:44:00,2.0241386890411377,G1M1_new,g1m1_high_load,1.48,57.0,100.0,1.46,1.5,56,58,14,500
2022-06-04 17:45:00,2.024674415588379,G1M1_new,g1m1_high_load,1.48,57.0,100.0,1.46,1.5,56,58,14,500
2022-06-04 17:46:00,2.025383710861206,G1M1_new,g1m1_high_load,1.48,57.0,100.0,1.46,1.5,56,58,14,500
2022-06-04 17:47:00,2.0275158882141113,G1M1_new,g1m1_high_load,1.48,57.0,100.0,1.46,1.5,56,58,14,500
2022-06-04 17:48:00,2.0273940563201904,G1M1_new,g1m1_high_load,1.48,57.0,100.0,1.46,1.5,56,58,14,500
2022-06-04 17:49:00,2.0296294689178467,G1M1_new,g1m1_high_load,1.48,57.0,100.0,1.46,1.5,56,58,14,500
2022-06-04 17:51:00,2.028414726257324,G1M1_new,g1m1_high_load,1.48,57.0,100.0,1.46,1.5,56,58,14,500
2022-06-04 17:52:00,2.0277833938598633,G1M1_new,g1m1_high_load,1.48,57.0,100.0,1.46,1.5,56,58,14,500
2022-06-04 17:55:00,2.0288126468658447,G1M1_new,g1m1_high_load,1.48,57.0,100.0,1.46,1.5,56,58,14,500
2022-06-04 17:56:00,2.027158737182617,G1M1_new,g1m1_high_load,1.48,57.0,100.0,1.46,1.5,56,58,14,500
2022-06-04 17:58:00,2.0263843536376953,G1M1_new,g1m1_high_load,1.48,57.0,100.0,1.46,1.5,56,58,14,500
2022-06-04 17:59:00,2.026754856109619,G1M1_new,g1m1_high_load,1.48,57.0,100.0,1.46,1.5,56,58,14,500
2022-06-04 18:01:00,2.028249979019165,G1M1_new,g1m1_high_load,1.48,57.0,100.0,1.46,1.5,56,58,14,500
2022-06-04 18:02:00,2.0284030437469482,G1M1_new,g1m1_high_load,1.48,57.0,100.0,1.46,1.5,56,58,14,500
2022-06-04 18:05:00,2.0280046463012695,G1M1_new,g1m1_high_load,1.48,57.0,100.0,1.46,1.5,56,58,14,500
2022-06-04 18:06:00,2.0291528701782227,G1M1_new,g1m1_high_load,1.48,57.0,100.0,1.46,1.5,56,58,14,500
2022-06-04 18:07:00,2.0263726711273193,G1M1_new,g1m1_high_load,1.48,57.0,100.0,1.46,1.5,56,58,14,500
2022-06-04 18:08:00,2.0251212120056152,G1M1_new,g1m1_high_load,1.48,57.0,100.0,1.46,1.5,56,58,14,500
2022-06-04 18:12:00,2.0295586585998535,G1M1_new,g1m1_high_load,1.48,57.0,100.0,1.46,1.5,56,58,14,500
2022-06-04 18:13:00,2.0311360359191895,G1M1_new,g1m1_high_load,1.48,57.0,100.0,1.46,1.5,56,58,14,500
2022-06-04 18:14:00,2.0281264781951904,G1M1_new,g1m1_high_load,1.48,57.0,100.0,1.46,1.5,56,58,14,500
2022-06-04 18:15:00,2.0283637046813965,G1M1_new,g1m1_high_load,1.48,57.0,100.0,1.46,1.5,56,58,14,500
2022-06-04 18:17:00,2.0256645679473877,G1M1_new,g1m1_high_load,1.48,57.0,100.0,1.46,1.5,56,58,14,500
2022-06-04 18:18:00,2.0263214111328125,G1M1_new,g1m1_high_load,1.48,57.0,100.0,1.46,1.5,56,58,14,500
2022-06-04 18:19:00,2.0273263454437256,G1M1_new,g1m1_high_load,1.48,57.0,100.0,1.46,1.5,56,58,14,500
2022-06-04 18:23:00,2.0252058506011963,G1M1_new,g1m1_high_load,1.48,57.0,100.0,1.46,1.5,56,58,14,500
2022-06-04 18:26:00,2.0301780700683594,G1M1_new,g1m1_high_load,1.48,57.0,100.0,1.46,1.5,56,58,14,500
2022-06-04 18:27:00,2.030557632446289,G1M1_new,g1m1_high_load,1.48,57.0,100.0,1.46,1.5,56,58,14,500
2022-06-04 18:28:00,2.0294301509857178,G1M1_new,g1m1_high_load,1.48,57.0,100.0,1.46,1.5,56,58,14,500
2022-06-04 18:29:00,2.026557683944702,G1M1_new,g1m1_high_load,1.48,57.0,100.0,1.46,1.5,56,58,14,500
2022-06-04 18:30:00,2.0244452953338623,G1M1_new,g1m1_high_load,1.48,57.0,100.0,1.46,1.5,56,58,14,500
2022-06-04 18:31:00,2.023012161254883,G1M1_new,g1m1_high_load,1.48,57.0,100.0,1.46,1.5,56,58,14,500
2022-06-04 18:32:00,2.0235860347747803,G1M1_new,g1m1_high_load,1.48,57.0,100.0,1.46,1.5,56,58,14,500
2022-06-04 18:33:00,2.0210444927215576,G1M1_new,g1m1_high_load,1.48,57.0,100.0,1.46,1.5,56,58,14,500
2022-06-04 18:35:00,2.0280425548553467,G1M1_new,g1m1_high_load,1.48,57.0,100.0,1.46,1.5,56,58,14,500
2022-06-04 18:38:00,2.0262444019317627,G1M1_new,g1m1_high_load,1.48,57.0,100.0,1.46,1.5,56,58,14,500
2022-06-04 18:40:00,2.028042793273926,G1M1_new,g1m1_high_load,1.48,57.0,100.0,1.46,1.5,56,58,14,500
2022-06-04 18:41:00,2.0281500816345215,G1M1_new,g1m1_high_load,1.48,57.0,100.0,1.46,1.5,56,58,14,500
2022-06-04 18:42:00,2.0265183448791504,G1M1_new,g1m1_high_load,1.48,57.0,100.0,1.46,1.5,56,58,14,500
2022-06-04 18:44:00,2.0273993015289307,G1M1_new,g1m1_high_load,1.48,57.0,100.0,1.46,1.5,56,58,14,500
2022-06-04 18:47:00,2.028053045272827,G1M1_new,g1m1_high_load,1.48,57.0,100.0,1.46,1.5,56,58,14,500
2022-06-04 18:48:00,2.0307276248931885,G1M1_new,g1m1_high_load,1.48,57.0,100.0,1.46,1.5,56,58,14,500
2022-06-04 18:51:00,2.0239524841308594,G1M1_new,g1m1_high_load,1.48,57.0,100.0,1.46,1.5,56,58,14,500
2022-06-04 18:53:00,2.024925947189331,G1M1_new,g1m1_high_load,1.48,57.0,100.0,1.46,1.5,56,58,14,500
2022-06-04 18:54:00,2.023010730743408,G1M1_new,g1m1_high_load,1.48,57.0,100.0,1.46,1.5,56,58,14,500
2022-06-04 18:55:00,2.024461030960083,G1M1_new,g1m1_high_load,1.48,57.0,100.0,1.46,1.5,56,58,14,500
2022-06-04 18:56:00,2.0231947898864746,G1M1_new,g1m1_high_load,1.48,57.0,100.0,1.46,1.5,56,58,14,500
2022-06-04 18:57:00,2.028430938720703,G1M1_new,g1m1_high_load,1.48,57.0,100.0,1.46,1.5,56,58,14,500
2022-06-04 18:59:00,2.0287935733795166,G1M1_new,g1m1_high_load,1.48,57.0,100.0,1.46,1.5,56,58,14,500
2022-06-04 19:01:00,2.02774977684021,G1M1_new,g1m1_high_load,1.48,57.0,100.0,1.46,1.5,56,58,14,500
2022-06-04 19:02:00,2.0289106369018555,G1M1_new,g1m1_high_load,1.48,57.0,100.0,1.46,1.5,56,58,14,500
2022-06-04 19:03:00,2.0286405086517334,G1M1_new,g1m1_high_load,1.48,57.0,100.0,1.46,1.5,56,58,14,500
2022-06-04 19:05:00,2.0270233154296875,G1M1_new,g1m1_high_load,1.48,57.0,100.0,1.46,1.5,56,58,14,500
2022-06-04 19:07:00,2.0250403881073,G1M1_new,g1m1_high_load,1.48,57.0,100.0,1.46,1.5,56,58,14,500
2022-06-04 19:10:00,2.027724504470825,G1M1_new,g1m1_high_load,1.48,57.0,100.0,1.46,1.5,56,58,14,500
2022-06-04 19:12:00,2.0297770500183105,G1M1_new,g1m1_high_load,1.48,57.0,100.0,1.46,1.5,56,58,14,500
2022-06-04 19:14:00,2.026460886001587,G1M1_new,g1m1_high_load,1.48,57.0,100.0,1.46,1.5,56,58,14,500
2022-06-04 19:16:00,2.0237443447113037,G1M1_new,g1m1_high_load,1.48,57.0,100.0,1.46,1.5,56,58,14,500
2022-06-04 19:17:00,2.0219268798828125,G1M1_new,g1m1_high_load,1.48,57.0,100.0,1.46,1.5,56,58,14,500
2022-06-04 19:19:00,2.023707866668701,G1M1_new,g1m1_high_load,1.48,57.0,100.0,1.46,1.5,56,58,14,500
2022-06-04 19:21:00,2.0241544246673584,G1M1_new,g1m1_high_load,1.48,57.0,100.0,1.46,1.5,56,58,14,500
2022-06-04 19:23:00,2.0271453857421875,G1M1_new,g1m1_high_load,1.48,57.0,100.0,1.46,1.5,56,58,14,500
2022-06-04 19:24:00,2.0299112796783447,G1M1_new,g1m1_high_load,1.48,57.0,100.0,1.46,1.5,56,58,14,500
2022-06-04 19:26:00,2.029653310775757,G1M1_new,g1m1_high_load,1.48,57.0,100.0,1.46,1.5,56,58,14,500
2022-06-04 19:27:00,2.027207612991333,G1M1_new,g1m1_high_load,1.48,57.0,100.0,1.46,1.5,56,58,14,500
2022-06-04 19:29:00,2.0273118019104004,G1M1_new,g1m1_high_load,1.48,57.0,100.0,1.46,1.5,56,58,14,500
2022-06-04 19:30:00,2.0275511741638184,G1M1_new,g1m1_high_load,1.48,57.0,100.0,1.46,1.5,56,58,14,500
2022-06-04 19:32:00,2.0261285305023193,G1M1_new,g1m1_high_load,1.48,57.0,100.0,1.46,1.5,56,58,14,500
2022-06-04 19:34:00,2.027000904083252,G1M1_new,g1m1_high_load,1.48,57.0,100.0,1.46,1.5,56,58,14,500
2022-06-04 19:37:00,2.0288455486297607,G1M1_new,g1m1_high_load,1.48,57.0,100.0,1.46,1.5,56,58,14,500
2022-06-04 19:38:00,2.0268969535827637,G1M1_new,g1m1_high_load,1.48,57.0,100.0,1.46,1.5,56,58,14,500
2022-06-04 19:39:00,2.0229365825653076,G1M1_new,g1m1_high_load,1.48,57.0,100.0,1.46,1.5,56,58,14,500
2022-06-04 19:40:00,2.0242764949798584,G1M1_new,g1m1_high_load,1.48,57.0,100.0,1.46,1.5,56,58,14,500
2022-06-04 19:41:00,2.0218617916107178,G1M1_new,g1m1_high_load,1.48,57.0,100.0,1.46,1.5,56,58,14,500
2022-06-04 19:43:00,2.021986722946167,G1M1_new,g1m1_high_load,1.48,57.0,100.0,1.46,1.5,56,58,14,500
2022-06-04 19:45:00,2.0241858959198,G1M1_new,g1m1_high_load,1.48,57.0,100.0,1.46,1.5,56,58,14,500
2022-06-04 19:48:00,2.0270636081695557,G1M1_new,g1m1_high_load,1.48,57.0,100.0,1.46,1.5,56,58,14,500
2022-06-04 19:52:00,2.026527166366577,G1M1_new,g1m1_high_load,1.48,57.0,100.0,1.46,1.5,56,58,14,500
2022-06-04 19:55:00,2.026899576187134,G1M1_new,g1m1_high_load,1.48,57.0,100.0,1.46,1.5,56,58,14,500
2022-06-04 19:56:00,2.0271224975585938,G1M1_new,g1m1_high_load,1.48,57.0,100.0,1.46,1.5,56,58,14,500
2022-06-04 19:58:00,2.0274405479431152,G1M1_new,g1m1_high_load,1.48,57.0,100.0,1.46,1.5,56,58,14,500
2022-06-04 20:00:00,2.0282294750213623,G1M1_new,g1m1_high_load,1.48,57.0,100.0,1.46,1.5,56,58,14,500
2022-06-04 20:05:00,2.021955728530884,G1M1_new,g1m1_high_load,1.48,57.0,100.0,1.46,1.5,56,58,14,500
2022-06-04 20:06:00,2.02335524559021,G1M1_new,g1m1_high_load,1.48,57.0,100.0,1.46,1.5,56,58,14,500
2022-06-04 20:07:00,2.022486925125122,G1M1_new,g1m1_high_load,1.48,57.0,100.0,1.46,1.5,56,58,14,500
2022-06-04 20:09:00,2.0251169204711914,G1M1_new,g1m1_high_load,1.48,57.0,100.0,1.46,1.5,56,58,14,500
2022-06-04 20:10:00,2.0270609855651855,G1M1_new,g1m1_high_load,1.48,57.0,100.0,1.46,1.5,56,58,14,500
2022-06-04 20:11:00,2.0286705493927,G1M1_new,g1m1_high_load,1.48,57.0,100.0,1.46,1.5,56,58,14,500
2022-06-04 20:15:00,2.0255770683288574,G1M1_new,g1m1_high_load,1.48,57.0,100.0,1.46,1.5,56,58,14,500
2022-06-04 20:16:00,2.026449203491211,G1M1_new,g1m1_high_load,1.48,57.0,100.0,1.46,1.5,56,58,14,500
2022-06-04 20:25:00,2.029400110244751,G1M1_new,g1m1_high_load,1.48,57.0,100.0,1.46,1.5,56,58,14,500
2022-06-04 20:27:00,2.024993419647217,G1M1_new,g1m1_high_load,1.48,57.0,100.0,1.46,1.5,56,58,14,500
2022-06-04 20:30:00,2.0213372707366943,G1M1_new,g1m1_high_load,1.48,57.0,100.0,1.46,1.5,56,58,14,500
2022-06-04 20:31:00,2.0220813751220703,G1M1_new,g1m1_high_load,1.48,57.0,100.0,1.46,1.5,56,58,14,500
2022-06-04 20:33:00,2.023566722869873,G1M1_new,g1m1_high_load,1.48,57.0,100.0,1.46,1.5,56,58,14,500
2022-06-04 20:34:00,2.0235843658447266,G1M1_new,g1m1_high_load,1.48,57.0,100.0,1.46,1.5,56,58,14,500
2022-06-04 20:38:00,2.0289323329925537,G1M1_new,g1m1_high_load,1.48,57.0,100.0,1.46,1.5,56,58,14,500
2022-06-04 20:41:00,2.027880907058716,G1M1_new,g1m1_high_load,1.48,57.0,100.0,1.46,1.5,56,58,14,500
2022-06-04 20:42:00,2.0253565311431885,G1M1_new,g1m1_high_load,1.48,57.0,100.0,1.46,1.5,56,58,14,500
2022-06-04 20:44:00,2.024317979812622,G1M1_new,g1m1_high_load,1.48,57.0,100.0,1.46,1.5,56,58,14,500
2022-06-04 20:47:00,2.0275299549102783,G1M1_new,g1m1_high_load,1.48,57.0,100.0,1.46,1.5,56,58,14,500
2022-06-04 20:50:00,2.0285191535949707,G1M1_new,g1m1_high_load,1.48,57.0,100.0,1.46,1.5,56,58,14,500
2022-06-04 20:51:00,2.0268807411193848,G1M1_new,g1m1_high_load,1.48,57.0,100.0,1.46,1.5,56,58,14,500
2022-06-04 20:57:00,2.023043394088745,G1M1_new,g1m1_high_load,1.48,57.0,100.0,1.46,1.5,56,58,14,500
2022-06-04 21:00:00,2.0271010398864746,G1M1_new,g1m1_high_load,1.48,57.0,100.0,1.46,1.5,56,58,14,500
2022-06-04 21:03:00,2.0271155834198,G1M1_new,g1m1_high_load,1.48,57.0,100.0,1.46,1.5,56,58,14,500
2022-06-04 21:04:00,2.0266940593719482,G1M1_new,g1m1_high_load,1.48,57.0,100.0,1.46,1.5,56,58,14,500
2022-06-04 21:05:00,2.0261518955230713,G1M1_new,g1m1_high_load,1.48,57.0,100.0,1.46,1.5,56,58,14,500
2022-06-04 21:08:00,2.0258586406707764,G1M1_new,g1m1_high_load,1.48,57.0,100.0,1.46,1.5,56,58,14,500
2022-06-04 21:09:00,2.02541184425354,G1M1_new,g1m1_high_load,1.48,57.0,100.0,1.46,1.5,56,58,14,500
2022-06-04 21:11:00,2.0261192321777344,G1M1_new,g1m1_high_load,1.48,57.0,100.0,1.46,1.5,56,58,14,500
2022-06-04 21:18:00,2.0205671787261963,G1M1_new,g1m1_high_load,1.48,57.0,100.0,1.46,1.5,56,58,14,500
2022-06-04 21:20:00,2.022179365158081,G1M1_new,g1m1_high_load,1.48,57.0,100.0,1.46,1.5,56,58,14,500
2022-06-04 21:22:00,2.024136781692505,G1M1_new,g1m1_high_load,1.48,57.0,100.0,1.46,1.5,56,58,14,500
2022-06-04 21:26:00,2.027334213256836,G1M1_new,g1m1_high_load,1.48,57.0,100.0,1.46,1.5,56,58,14,500
2022-06-04 21:27:00,2.029139757156372,G1M1_new,g1m1_high_load,1.48,57.0,100.0,1.46,1.5,56,58,14,500
2022-06-04 21:28:00,2.0289201736450195,G1M1_new,g1m1_high_load,1.48,57.0,100.0,1.46,1.5,56,58,14,500
2022-06-04 21:30:00,2.0286455154418945,G1M1_new,g1m1_high_load,1.48,57.0,100.0,1.46,1.5,56,58,14,500
2022-06-04 21:33:00,2.026073932647705,G1M1_new,g1m1_high_load,1.48,57.0,100.0,1.46,1.5,56,58,14,500
2022-06-04 21:34:00,2.025259494781494,G1M1_new,g1m1_high_load,1.48,57.0,100.0,1.46,1.5,56,58,14,500
2022-06-04 21:35:00,2.026088237762451,G1M1_new,g1m1_high_load,1.48,57.0,100.0,1.46,1.5,56,58,14,500
2022-06-04 21:36:00,2.0255703926086426,G1M1_new,g1m1_high_load,1.48,57.0,100.0,1.46,1.5,56,58,14,500
2022-06-04 21:37:00,2.024942398071289,G1M1_new,g1m1_high_load,1.48,57.0,100.0,1.46,1.5,56,58,14,500
2022-06-04 21:38:00,2.0250983238220215,G1M1_new,g1m1_high_load,1.48,57.0,100.0,1.46,1.5,56,58,14,500
2022-06-04 21:41:00,2.022061586380005,G1M1_new,g1m1_high_load,1.48,57.0,100.0,1.46,1.5,56,58,14,500
2022-06-04 21:43:00,2.0219836235046387,G1M1_new,g1m1_high_load,1.48,57.0,100.0,1.46,1.5,56,58,14,500
2022-06-04 21:44:00,2.0229294300079346,G1M1_new,g1m1_high_load,1.48,57.0,100.0,1.46,1.5,56,58,14,500
2022-06-04 21:46:00,2.0231711864471436,G1M1_new,g1m1_high_load,1.48,57.0,100.0,1.46,1.5,56,58,14,500
2022-06-04 21:47:00,2.02555513381958,G1M1_new,g1m1_high_load,1.48,57.0,100.0,1.46,1.5,56,58,14,500
2022-06-04 21:51:00,2.027677297592163,G1M1_new,g1m1_high_load,1.48,57.0,100.0,1.46,1.5,56,58,14,500
2022-06-04 21:53:00,2.0270743370056152,G1M1_new,g1m1_high_load,1.48,57.0,100.0,1.46,1.5,56,58,14,500
2022-06-04 21:54:00,2.024216413497925,G1M1_new,g1m1_high_load,1.48,57.0,100.0,1.46,1.5,56,58,14,500
2022-06-04 21:55:00,2.02278470993042,G1M1_new,g1m1_high_load,1.48,57.0,100.0,1.46,1.5,56,58,14,500
2022-06-04 21:56:00,2.0215234756469727,G1M1_new,g1m1_high_load,1.48,57.0,100.0,1.46,1.5,56,58,14,500
2022-06-04 21:57:00,2.0236523151397705,G1M1_new,g1m1_high_load,1.48,57.0,100.0,1.46,1.5,56,58,14,500
2022-06-04 21:58:00,2.0237679481506348,G1M1_new,g1m1_high_load,1.48,57.0,100.0,1.46,1.5,56,58,14,500
2022-06-04 22:00:00,2.0240437984466553,G1M1_new,g1m1_high_load,1.48,57.0,100.0,1.46,1.5,56,58,14,500
2022-06-04 22:01:00,2.025329828262329,G1M1_new,g1m1_high_load,1.48,57.0,100.0,1.46,1.5,56,58,14,500
2022-06-04 22:06:00,2.0242090225219727,G1M1_new,g1m1_high_load,1.48,57.0,100.0,1.46,1.5,56,58,14,500
2022-06-04 22:07:00,2.020270347595215,G1M1_new,g1m1_high_load,1.48,57.0,100.0,1.46,1.5,56,58,14,500
2022-06-04 22:14:00,2.0274510383605957,G1M1_new,g1m1_high_load,1.48,57.0,100.0,1.46,1.5,56,58,14,500
2022-06-04 22:15:00,2.0270397663116455,G1M1_new,g1m1_high_load,1.48,57.0,100.0,1.46,1.5,56,58,14,500
2022-06-04 22:16:00,2.029050827026367,G1M1_new,g1m1_high_load,1.48,57.0,100.0,1.46,1.5,56,58,14,500
2022-06-04 22:19:00,2.024942636489868,G1M1_new,g1m1_high_load,1.48,57.0,100.0,1.46,1.5,56,58,14,500
2022-06-04 22:20:00,2.0279903411865234,G1M1_new,g1m1_high_load,1.48,57.0,100.0,1.46,1.5,56,58,14,500
2022-06-04 22:21:00,2.024843454360962,G1M1_new,g1m1_high_load,1.48,57.0,100.0,1.46,1.5,56,58,14,500
2022-06-04 22:23:00,2.0256459712982178,G1M1_new,g1m1_high_load,1.48,57.0,100.0,1.46,1.5,56,58,14,500
2022-06-04 22:25:00,2.025845527648926,G1M1_new,g1m1_high_load,1.48,57.0,100.0,1.46,1.5,56,58,14,500
2022-06-04 22:27:00,2.024453639984131,G1M1_new,g1m1_high_load,1.48,57.0,100.0,1.46,1.5,56,58,14,500
2022-06-04 22:28:00,2.0251736640930176,G1M1_new,g1m1_high_load,1.48,57.0,100.0,1.46,1.5,56,58,14,500
2022-06-04 22:29:00,2.0238726139068604,G1M1_new,g1m1_high_load,1.48,57.0,100.0,1.46,1.5,56,58,14,500
2022-06-04 22:34:00,2.022688150405884,G1M1_new,g1m1_high_load,1.48,57.0,100.0,1.46,1.5,56,58,14,500
2022-06-04 22:35:00,2.0242936611175537,G1M1_new,g1m1_high_load,1.48,57.0,100.0,1.46,1.5,56,58,14,500
2022-06-04 22:37:00,2.022857904434204,G1M1_new,g1m1_high_load,1.48,57.0,100.0,1.46,1.5,56,58,14,500
2022-06-04 22:38:00,2.0251872539520264,G1M1_new,g1m1_high_load,1.48,57.0,100.0,1.46,1.5,56,58,14,500
2022-06-04 22:39:00,2.028562307357788,G1M1_new,g1m1_high_load,1.48,57.0,100.0,1.46,1.5,56,58,14,500
2022-06-04 22:41:00,2.0293357372283936,G1M1_new,g1m1_high_load,1.48,57.0,100.0,1.46,1.5,56,58,14,500
2022-06-04 22:43:00,2.0272676944732666,G1M1_new,g1m1_high_load,1.48,57.0,100.0,1.46,1.5,56,58,14,500
2022-06-04 22:44:00,2.0267131328582764,G1M1_new,g1m1_high_load,1.48,57.0,100.0,1.46,1.5,56,58,14,500
2022-06-04 22:47:00,2.0249361991882324,G1M1_new,g1m1_high_load,1.48,57.0,100.0,1.46,1.5,56,58,14,500
2022-06-04 22:48:00,2.0268702507019043,G1M1_new,g1m1_high_load,1.48,57.0,100.0,1.46,1.5,56,58,14,500
2022-06-04 22:50:00,2.027280807495117,G1M1_new,g1m1_high_load,1.48,57.0,100.0,1.46,1.5,56,58,14,500
2022-06-04 22:52:00,2.0257043838500977,G1M1_new,g1m1_high_load,1.48,57.0,100.0,1.46,1.5,56,58,14,500
2022-06-04 22:57:00,2.0229036808013916,G1M1_new,g1m1_high_load,1.48,57.0,100.0,1.46,1.5,56,58,14,500
2022-06-04 22:58:00,2.0240602493286133,G1M1_new,g1m1_high_load,1.48,57.0,100.0,1.46,1.5,56,58,14,500
2022-06-04 23:00:00,2.0242083072662354,G1M1_new,g1m1_high_load,1.48,57.0,100.0,1.46,1.5,56,58,14,500
2022-06-04 23:01:00,2.0240402221679688,G1M1_new,g1m1_high_load,1.48,57.0,100.0,1.46,1.5,56,58,14,500
2022-06-04 23:06:00,2.0277512073516846,G1M1_new,g1m1_high_load,1.48,57.0,100.0,1.46,1.5,56,58,14,500
2022-06-04 23:07:00,2.0276577472686768,G1M1_new,g1m1_high_load,1.48,57.0,100.0,1.46,1.5,56,58,14,500
2022-06-04 23:09:00,2.028956890106201,G1M1_new,g1m1_high_load,1.48,57.0,100.0,1.46,1.5,56,58,14,500
2022-06-04 23:13:00,2.029423236846924,G1M1_new,g1m1_high_load,1.48,57.0,100.0,1.46,1.5,56,58,14,500
2022-06-04 23:15:00,2.025949239730835,G1M1_new,g1m1_high_load,1.48,57.0,100.0,1.46,1.5,56,58,14,500
2022-06-04 23:17:00,2.022299289703369,G1M1_new,g1m1_high_load,1.48,57.0,100.0,1.46,1.5,56,58,14,500
2022-06-04 23:18:00,2.020940065383911,G1M1_new,g1m1_high_load,1.48,57.0,100.0,1.46,1.5,56,58,14,500
2022-06-04 23:19:00,2.0210494995117188,G1M1_new,g1m1_high_load,1.48,57.0,100.0,1.46,1.5,56,58,14,500
2022-06-04 23:20:00,2.0221312046051025,G1M1_new,g1m1_high_load,1.48,57.0,100.0,1.46,1.5,56,58,14,500
2022-06-04 23:23:00,2.0231544971466064,G1M1_new,g1m1_high_load,1.48,57.0,100.0,1.46,1.5,56,58,14,500
2022-06-04 23:25:00,2.028533458709717,G1M1_new,g1m1_high_load,1.48,57.0,100.0,1.46,1.5,56,58,14,500
2022-06-04 23:26:00,2.026977300643921,G1M1_new,g1m1_high_load,1.48,57.0,100.0,1.46,1.5,56,58,14,500
2022-06-04 23:27:00,2.0271875858306885,G1M1_new,g1m1_high_load,1.48,57.0,100.0,1.46,1.5,56,58,14,500
2022-06-04 23:30:00,2.027812957763672,G1M1_new,g1m1_high_load,1.48,57.0,100.0,1.46,1.5,56,58,14,500
2022-06-04 23:31:00,2.0263922214508057,G1M1_new,g1m1_high_load,1.48,57.0,100.0,1.46,1.5,56,58,14,500
2022-06-04 23:37:00,2.022428035736084,G1M1_new,g1m1_high_load,1.48,57.0,100.0,1.46,1.5,56,58,14,500
2022-06-04 23:38:00,2.0240843296051025,G1M1_new,g1m1_high_load,1.48,57.0,100.0,1.46,1.5,56,58,14,500
2022-06-04 23:39:00,2.023486614227295,G1M1_new,g1m1_high_load,1.48,57.0,100.0,1.46,1.5,56,58,14,500
2022-06-04 23:42:00,2.0224967002868652,G1M1_new,g1m1_high_load,1.48,57.0,100.0,1.46,1.5,56,58,14,500
2022-06-04 23:46:00,2.0256338119506836,G1M1_new,g1m1_high_load,1.48,57.0,100.0,1.46,1.5,56,58,14,500
2022-06-04 23:47:00,2.0258374214172363,G1M1_new,g1m1_high_load,1.48,57.0,100.0,1.46,1.5,56,58,14,500
2022-06-04 23:52:00,2.027129650115967,G1M1_new,g1m1_high_load,1.48,57.0,100.0,1.46,1.5,56,58,14,500
2022-06-04 23:54:00,2.02565598487854,G1M1_new,g1m1_high_load,1.48,57.0,100.0,1.46,1.5,56,58,14,500
2022-06-04 23:55:00,2.023083448410034,G1M1_new,g1m1_high_load,1.48,57.0,100.0,1.46,1.5,56,58,14,500
2022-06-04 23:56:00,2.0244808197021484,G1M1_new,g1m1_high_load,1.48,57.0,100.0,1.46,1.5,56,58,14,500
2022-06-04 23:58:00,2.024437665939331,G1M1_new,g1m1_high_load,1.48,57.0,100.0,1.46,1.5,56,58,14,500
2022-06-04 23:59:00,2.027827739715576,G1M1_new,g1m1_high_load,1.48,57.0,100.0,1.46,1.5,56,58,14,500
2022-06-05 00:01:00,2.0285472869873047,G1M1_new,g1m1_high_load,1.48,57.0,100.0,1.46,1.5,56,58,14,500
2022-06-05 00:02:00,2.0270893573760986,G1M1_new,g1m1_high_load,1.48,57.0,100.0,1.46,1.5,56,58,14,500
2022-06-05 00:03:00,2.026137351989746,G1M1_new,g1m1_high_load,1.48,57.0,100.0,1.46,1.5,56,58,14,500
2022-06-05 00:04:00,2.0234344005584717,G1M1_new,g1m1_high_load,1.48,57.0,100.0,1.46,1.5,56,58,14,500
2022-06-05 00:05:00,2.0224695205688477,G1M1_new,g1m1_high_load,1.48,57.0,100.0,1.46,1.5,56,58,14,500
2022-06-05 00:06:00,2.0209853649139404,G1M1_new,g1m1_high_load,1.48,57.0,100.0,1.46,1.5,56,58,14,500
2022-06-05 00:08:00,2.022718667984009,G1M1_new,g1m1_high_load,1.48,57.0,100.0,1.46,1.5,56,58,14,500
2022-06-05 00:10:00,2.0233309268951416,G1M1_new,g1m1_high_load,1.48,57.0,100.0,1.46,1.5,56,58,14,500
2022-06-05 00:12:00,2.0252363681793213,G1M1_new,g1m1_high_load,1.48,57.0,100.0,1.46,1.5,56,58,14,500
2022-06-05 00:13:00,2.0262904167175293,G1M1_new,g1m1_high_load,1.48,57.0,100.0,1.46,1.5,56,58,14,500
2022-06-05 00:16:00,2.027874231338501,G1M1_new,g1m1_high_load,1.48,57.0,100.0,1.46,1.5,56,58,14,500
2022-06-05 00:17:00,2.027132987976074,G1M1_new,g1m1_high_load,1.48,57.0,100.0,1.46,1.5,56,58,14,500
2022-06-05 00:30:00,2.02227520942688,G1M1_new,g1m1_high_load,1.48,57.0,100.0,1.46,1.5,56,58,14,500
2022-06-05 00:31:00,2.022515296936035,G1M1_new,g1m1_high_load,1.48,57.0,100.0,1.46,1.5,56,58,14,500
2022-06-05 00:34:00,2.0235610008239746,G1M1_new,g1m1_high_load,1.48,57.0,100.0,1.46,1.5,56,58,14,500
2022-06-05 00:36:00,2.0276992321014404,G1M1_new,g1m1_high_load,1.48,57.0,100.0,1.46,1.5,56,58,14,500
2022-06-05 00:37:00,2.027768611907959,G1M1_new,g1m1_high_load,1.48,57.0,100.0,1.46,1.5,56,58,14,500
2022-06-05 00:40:00,2.025686740875244,G1M1_new,g1m1_high_load,1.48,57.0,100.0,1.46,1.5,56,58,14,500
2022-06-05 00:45:00,2.0242528915405273,G1M1_new,g1m1_high_load,1.48,57.0,100.0,1.46,1.5,56,58,14,500
2022-06-05 00:47:00,2.023097515106201,G1M1_new,g1m1_high_load,1.48,57.0,100.0,1.46,1.5,56,58,14,500
2022-06-05 00:48:00,2.0229594707489014,G1M1_new,g1m1_high_load,1.48,57.0,100.0,1.46,1.5,56,58,14,500
2022-06-05 00:50:00,2.0234317779541016,G1M1_new,g1m1_high_load,1.48,57.0,100.0,1.46,1.5,56,58,14,500
2022-06-05 00:51:00,2.0257396697998047,G1M1_new,g1m1_high_load,1.48,57.0,100.0,1.46,1.5,56,58,14,500
2022-06-05 00:52:00,2.024857759475708,G1M1_new,g1m1_high_load,1.48,57.0,100.0,1.46,1.5,56,58,14,500
2022-06-05 00:54:00,2.0247628688812256,G1M1_new,g1m1_high_load,1.48,57.0,100.0,1.46,1.5,56,58,14,500
2022-06-05 00:55:00,2.024683952331543,G1M1_new,g1m1_high_load,1.48,57.0,100.0,1.46,1.5,56,58,14,500
2022-06-05 00:57:00,2.021860122680664,G1M1_new,g1m1_high_load,1.48,57.0,100.0,1.46,1.5,56,58,14,500
2022-06-05 00:58:00,2.0239851474761963,G1M1_new,g1m1_high_load,1.48,57.0,100.0,1.46,1.5,56,58,14,500
2022-06-05 01:00:00,2.024186611175537,G1M1_new,g1m1_high_load,1.48,57.0,100.0,1.46,1.5,56,58,14,500
2022-06-05 01:03:00,2.0244412422180176,G1M1_new,g1m1_high_load,1.48,57.0,100.0,1.46,1.5,56,58,14,500
2022-06-05 01:10:00,2.0263707637786865,G1M1_new,g1m1_high_load,1.48,57.0,100.0,1.46,1.5,56,58,14,500
2022-06-05 01:15:00,2.0251872539520264,G1M1_new,g1m1_high_load,1.48,57.0,100.0,1.46,1.5,56,58,14,500
2022-06-05 01:16:00,2.02280330657959,G1M1_new,g1m1_high_load,1.48,57.0,100.0,1.46,1.5,56,58,14,500
2022-06-05 01:19:00,2.0226902961730957,G1M1_new,g1m1_high_load,1.48,57.0,100.0,1.46,1.5,56,58,14,500
2022-06-05 01:21:00,2.02345871925354,G1M1_new,g1m1_high_load,1.48,57.0,100.0,1.46,1.5,56,58,14,500
2022-06-05 01:22:00,2.0229098796844482,G1M1_new,g1m1_high_load,1.48,57.0,100.0,1.46,1.5,56,58,14,500
2022-06-05 01:26:00,2.0274782180786133,G1M1_new,g1m1_high_load,1.48,57.0,100.0,1.46,1.5,56,58,14,500
2022-06-05 01:28:00,2.028602361679077,G1M1_new,g1m1_high_load,1.48,57.0,100.0,1.46,1.5,56,58,14,500
2022-06-05 01:32:00,2.0235342979431152,G1M1_new,g1m1_high_load,1.48,57.0,100.0,1.46,1.5,56,58,14,500
2022-06-05 01:35:00,2.0232436656951904,G1M1_new,g1m1_high_load,1.48,57.0,100.0,1.46,1.5,56,58,14,500
2022-06-05 01:36:00,2.0257294178009033,G1M1_new,g1m1_high_load,1.48,57.0,100.0,1.46,1.5,56,58,14,500
2022-06-05 01:38:00,2.024869441986084,G1M1_new,g1m1_high_load,1.48,57.0,100.0,1.46,1.5,56,58,14,500
2022-06-05 01:39:00,2.022911310195923,G1M1_new,g1m1_high_load,1.48,57.0,100.0,1.46,1.5,56,58,14,500
2022-06-05 01:41:00,2.0206375122070312,G1M1_new,g1m1_high_load,1.48,57.0,100.0,1.46,1.5,56,58,14,500
2022-06-05 01:42:00,2.021486520767212,G1M1_new,g1m1_high_load,1.48,57.0,100.0,1.46,1.5,56,58,14,500
2022-06-05 01:44:00,2.022620916366577,G1M1_new,g1m1_high_load,1.48,57.0,100.0,1.46,1.5,56,58,14,500
2022-06-05 01:46:00,2.023524284362793,G1M1_new,g1m1_high_load,1.48,57.0,100.0,1.46,1.5,56,58,14,500
2022-06-05 01:47:00,2.0243349075317383,G1M1_new,g1m1_high_load,1.48,57.0,100.0,1.46,1.5,56,58,14,500
2022-06-05 01:50:00,2.0264382362365723,G1M1_new,g1m1_high_load,1.48,57.0,100.0,1.46,1.5,56,58,14,500
2022-06-05 01:51:00,2.023887872695923,G1M1_new,g1m1_high_load,1.48,57.0,100.0,1.46,1.5,56,58,14,500
2022-06-05 01:53:00,2.0262393951416016,G1M1_new,g1m1_high_load,1.48,57.0,100.0,1.46,1.5,56,58,14,500
2022-06-05 01:54:00,2.0252737998962402,G1M1_new,g1m1_high_load,1.48,57.0,100.0,1.46,1.5,56,58,14,500
2022-06-05 01:57:00,2.0248823165893555,G1M1_new,g1m1_high_load,1.48,57.0,100.0,1.46,1.5,56,58,14,500
2022-06-05 01:58:00,2.0249061584472656,G1M1_new,g1m1_high_load,1.48,57.0,100.0,1.46,1.5,56,58,14,500
2022-06-05 02:05:00,2.020859479904175,G1M1_new,g1m1_high_load,1.48,57.0,100.0,1.46,1.5,56,58,14,500
2022-06-05 02:06:00,2.0211222171783447,G1M1_new,g1m1_high_load,1.48,57.0,100.0,1.46,1.5,56,58,14,500
2022-06-05 02:07:00,2.0210986137390137,G1M1_new,g1m1_high_load,1.48,57.0,100.0,1.46,1.5,56,58,14,500
2022-06-05 02:08:00,2.021857500076294,G1M1_new,g1m1_high_load,1.48,57.0,100.0,1.46,1.5,56,58,14,500
2022-06-05 02:09:00,2.022209644317627,G1M1_new,g1m1_high_load,1.48,57.0,100.0,1.46,1.5,56,58,14,500
2022-06-05 02:10:00,2.0234997272491455,G1M1_new,g1m1_high_load,1.48,57.0,100.0,1.46,1.5,56,58,14,500
2022-06-05 02:11:00,2.023764133453369,G1M1_new,g1m1_high_load,1.48,57.0,100.0,1.46,1.5,56,58,14,500
2022-06-05 02:12:00,2.0259130001068115,G1M1_new,g1m1_high_load,1.48,57.0,100.0,1.46,1.5,56,58,14,500
2022-06-05 02:13:00,2.024523973464966,G1M1_new,g1m1_high_load,1.48,57.0,100.0,1.46,1.5,56,58,14,500
2022-06-05 02:15:00,2.0240070819854736,G1M1_new,g1m1_high_load,1.48,57.0,100.0,1.46,1.5,56,58,14,500
2022-06-05 02:16:00,2.0235862731933594,G1M1_new,g1m1_high_load,1.48,57.0,100.0,1.46,1.5,56,58,14,500
2022-06-05 02:17:00,2.027876853942871,G1M1_new,g1m1_high_load,1.48,57.0,100.0,1.46,1.5,56,58,14,500
2022-06-05 02:18:00,2.030118465423584,G1M1_new,g1m1_high_load,1.48,57.0,100.0,1.46,1.5,56,58,14,500
2022-06-05 02:19:00,2.027543783187866,G1M1_new,g1m1_high_load,1.48,57.0,100.0,1.46,1.5,56,58,14,500
2022-06-05 02:20:00,2.027013063430786,G1M1_new,g1m1_high_load,1.48,57.0,100.0,1.46,1.5,56,58,14,500
2022-06-05 02:23:00,2.026390552520752,G1M1_new,g1m1_high_load,1.48,57.0,100.0,1.46,1.5,56,58,14,500
2022-06-05 02:25:00,2.0251712799072266,G1M1_new,g1m1_high_load,1.48,57.0,100.0,1.46,1.5,56,58,14,500
2022-06-05 02:26:00,2.0257132053375244,G1M1_new,g1m1_high_load,1.48,57.0,100.0,1.46,1.5,56,58,14,500
2022-06-05 02:31:00,2.0237443447113037,G1M1_new,g1m1_high_load,1.48,57.0,100.0,1.46,1.5,56,58,14,500
2022-06-05 02:33:00,2.0223183631896973,G1M1_new,g1m1_high_load,1.48,57.0,100.0,1.46,1.5,56,58,14,500
2022-06-05 02:35:00,2.0238037109375,G1M1_new,g1m1_high_load,1.48,57.0,100.0,1.46,1.5,56,58,14,500
2022-06-05 02:37:00,2.0252606868743896,G1M1_new,g1m1_high_load,1.48,57.0,100.0,1.46,1.5,56,58,14,500
2022-06-05 02:39:00,2.0245275497436523,G1M1_new,g1m1_high_load,1.48,57.0,100.0,1.46,1.5,56,58,14,500
2022-06-05 02:41:00,2.0241377353668213,G1M1_new,g1m1_high_load,1.48,57.0,100.0,1.46,1.5,56,58,14,500
2022-06-05 02:42:00,2.025606155395508,G1M1_new,g1m1_high_load,1.48,57.0,100.0,1.46,1.5,56,58,14,500
2022-06-05 02:44:00,2.024653911590576,G1M1_new,g1m1_high_load,1.48,57.0,100.0,1.46,1.5,56,58,14,500
2022-06-05 02:45:00,2.024456024169922,G1M1_new,g1m1_high_load,1.48,57.0,100.0,1.46,1.5,56,58,14,500
2022-06-05 02:49:00,2.0284368991851807,G1M1_new,g1m1_high_load,1.48,57.0,100.0,1.46,1.5,56,58,14,500
2022-06-05 02:52:00,2.024447202682495,G1M1_new,g1m1_high_load,1.48,57.0,100.0,1.46,1.5,56,58,14,500
2022-06-05 02:54:00,2.0218753814697266,G1M1_new,g1m1_high_load,1.48,57.0,100.0,1.46,1.5,56,58,14,500
2022-06-05 02:57:00,2.024228811264038,G1M1_new,g1m1_high_load,1.48,57.0,100.0,1.46,1.5,56,58,14,500
2022-06-05 02:58:00,2.0242931842803955,G1M1_new,g1m1_high_load,1.48,57.0,100.0,1.46,1.5,56,58,14,500
2022-06-05 02:59:00,2.0228662490844727,G1M1_new,g1m1_high_load,1.48,57.0,100.0,1.46,1.5,56,58,14,500
2022-06-05 03:01:00,2.0242722034454346,G1M1_new,g1m1_high_load,1.48,57.0,100.0,1.46,1.5,56,58,14,500
2022-06-05 03:03:00,2.0239264965057373,G1M1_new,g1m1_high_load,1.48,57.0,100.0,1.46,1.5,56,58,14,500
2022-06-05 03:07:00,2.0255749225616455,G1M1_new,g1m1_high_load,1.48,57.0,100.0,1.46,1.5,56,58,14,500
2022-06-05 03:08:00,2.025768518447876,G1M1_new,g1m1_high_load,1.48,57.0,100.0,1.46,1.5,56,58,14,500
2022-06-05 03:10:00,2.028677225112915,G1M1_new,g1m1_high_load,1.48,57.0,100.0,1.46,1.5,56,58,14,500
2022-06-05 03:11:00,2.0277669429779053,G1M1_new,g1m1_high_load,1.48,57.0,100.0,1.46,1.5,56,58,14,500
2022-06-05 03:13:00,2.0267910957336426,G1M1_new,g1m1_high_load,1.48,57.0,100.0,1.46,1.5,56,58,14,500
2022-06-05 03:15:00,2.022338390350342,G1M1_new,g1m1_high_load,1.48,57.0,100.0,1.46,1.5,56,58,14,500
2022-06-05 03:16:00,2.0198957920074463,G1M1_new,g1m1_high_load,1.48,57.0,100.0,1.46,1.5,56,58,14,500
2022-06-05 03:17:00,2.0204498767852783,G1M1_new,g1m1_high_load,1.48,57.0,100.0,1.46,1.5,56,58,14,500
2022-06-05 03:21:00,2.0249576568603516,G1M1_new,g1m1_high_load,1.48,57.0,100.0,1.46,1.5,56,58,14,500
2022-06-05 03:23:00,2.023590087890625,G1M1_new,g1m1_high_load,1.48,57.0,100.0,1.46,1.5,56,58,14,500
2022-06-05 03:24:00,2.024941921234131,G1M1_new,g1m1_high_load,1.48,57.0,100.0,1.46,1.5,56,58,14,500
2022-06-05 03:26:00,2.024463415145874,G1M1_new,g1m1_high_load,1.48,57.0,100.0,1.46,1.5,56,58,14,500
2022-06-05 03:27:00,2.025691032409668,G1M1_new,g1m1_high_load,1.48,57.0,100.0,1.46,1.5,56,58,14,500
2022-06-05 03:28:00,2.0251271724700928,G1M1_new,g1m1_high_load,1.48,57.0,100.0,1.46,1.5,56,58,14,500
2022-06-05 03:30:00,2.0244781970977783,G1M1_new,g1m1_high_load,1.48,57.0,100.0,1.46,1.5,56,58,14,500
2022-06-05 03:31:00,2.0266919136047363,G1M1_new,g1m1_high_load,1.48,57.0,100.0,1.46,1.5,56,58,14,500
2022-06-05 03:32:00,2.0278875827789307,G1M1_new,g1m1_high_load,1.48,57.0,100.0,1.46,1.5,56,58,14,500
2022-06-05 03:33:00,2.0313472747802734,G1M1_new,g1m1_high_load,1.48,57.0,100.0,1.46,1.5,56,58,14,500
2022-06-05 03:34:00,2.027057647705078,G1M1_new,g1m1_high_load,1.48,57.0,100.0,1.46,1.5,56,58,14,500
2022-06-05 03:35:00,2.0276386737823486,G1M1_new,g1m1_high_load,1.48,57.0,100.0,1.46,1.5,56,58,14,500
2022-06-05 03:36:00,2.0242347717285156,G1M1_new,g1m1_high_load,1.48,57.0,100.0,1.46,1.5,56,58,14,500
2022-06-05 03:39:00,2.0222690105438232,G1M1_new,g1m1_high_load,1.48,57.0,100.0,1.46,1.5,56,58,14,500
2022-06-05 03:40:00,2.0198745727539062,G1M1_new,g1m1_high_load,1.48,57.0,100.0,1.46,1.5,56,58,14,500
2022-06-05 03:44:00,2.0232343673706055,G1M1_new,g1m1_high_load,1.48,57.0,100.0,1.46,1.5,56,58,14,500
2022-06-05 03:45:00,2.0264217853546143,G1M1_new,g1m1_high_load,1.48,57.0,100.0,1.46,1.5,56,58,14,500
2022-06-05 03:49:00,2.025848150253296,G1M1_new,g1m1_high_load,1.48,57.0,100.0,1.46,1.5,56,58,14,500
2022-06-05 03:52:00,2.025425672531128,G1M1_new,g1m1_high_load,1.48,57.0,100.0,1.46,1.5,56,58,14,500
2022-06-05 03:54:00,2.0265145301818848,G1M1_new,g1m1_high_load,1.48,57.0,100.0,1.46,1.5,56,58,14,500
2022-06-05 03:55:00,2.0269839763641357,G1M1_new,g1m1_high_load,1.48,57.0,100.0,1.46,1.5,56,58,14,500
2022-06-05 03:56:00,2.0287656784057617,G1M1_new,g1m1_high_load,1.48,57.0,100.0,1.46,1.5,56,58,14,500
2022-06-05 03:57:00,2.0303242206573486,G1M1_new,g1m1_high_load,1.48,57.0,100.0,1.46,1.5,56,58,14,500
2022-06-05 03:59:00,2.0246894359588623,G1M1_new,g1m1_high_load,1.48,57.0,100.0,1.46,1.5,56,58,14,500
2022-06-05 04:01:00,2.020603895187378,G1M1_new,g1m1_high_load,1.48,57.0,100.0,1.46,1.5,56,58,14,500
2022-06-05 04:05:00,2.022768497467041,G1M1_new,g1m1_high_load,1.48,57.0,100.0,1.46,1.5,56,58,14,500
2022-06-05 04:07:00,2.0241246223449707,G1M1_new,g1m1_high_load,1.48,57.0,100.0,1.46,1.5,56,58,14,500
2022-06-05 04:08:00,2.0218656063079834,G1M1_new,g1m1_high_load,1.48,57.0,100.0,1.46,1.5,56,58,14,500
2022-06-05 04:09:00,2.023524522781372,G1M1_new,g1m1_high_load,1.48,57.0,100.0,1.46,1.5,56,58,14,500
2022-06-05 04:10:00,2.025535821914673,G1M1_new,g1m1_high_load,1.48,57.0,100.0,1.46,1.5,56,58,14,500
2022-06-05 04:11:00,2.0243282318115234,G1M1_new,g1m1_high_load,1.48,57.0,100.0,1.46,1.5,56,58,14,500
2022-06-05 04:13:00,2.024778366088867,G1M1_new,g1m1_high_load,1.48,57.0,100.0,1.46,1.5,56,58,14,500
2022-06-05 04:14:00,2.0245473384857178,G1M1_new,g1m1_high_load,1.48,57.0,100.0,1.46,1.5,56,58,14,500
2022-06-05 04:16:00,2.0238680839538574,G1M1_new,g1m1_high_load,1.48,57.0,100.0,1.46,1.5,56,58,14,500
2022-06-05 04:17:00,2.0264642238616943,G1M1_new,g1m1_high_load,1.48,57.0,100.0,1.46,1.5,56,58,14,500
2022-06-05 04:19:00,2.024693012237549,G1M1_new,g1m1_high_load,1.48,57.0,100.0,1.46,1.5,56,58,14,500
2022-06-05 04:22:00,2.028062343597412,G1M1_new,g1m1_high_load,1.48,57.0,100.0,1.46,1.5,56,58,14,500
2022-06-05 04:24:00,2.0236852169036865,G1M1_new,g1m1_high_load,1.48,57.0,100.0,1.46,1.5,56,58,14,500
2022-06-05 04:27:00,2.022679567337036,G1M1_new,g1m1_high_load,1.48,57.0,100.0,1.46,1.5,56,58,14,500
2022-06-05 04:28:00,2.0227973461151123,G1M1_new,g1m1_high_load,1.48,57.0,100.0,1.46,1.5,56,58,14,500
2022-06-05 04:30:00,2.0244829654693604,G1M1_new,g1m1_high_load,1.48,57.0,100.0,1.46,1.5,56,58,14,500
2022-06-05 04:32:00,2.0261991024017334,G1M1_new,g1m1_high_load,1.48,57.0,100.0,1.46,1.5,56,58,14,500
2022-06-05 04:33:00,2.0255892276763916,G1M1_new,g1m1_high_load,1.48,57.0,100.0,1.46,1.5,56,58,14,500
2022-06-05 04:35:00,2.0265283584594727,G1M1_new,g1m1_high_load,1.48,57.0,100.0,1.46,1.5,56,58,14,500
2022-06-05 04:36:00,2.027764320373535,G1M1_new,g1m1_high_load,1.48,57.0,100.0,1.46,1.5,56,58,14,500
2022-06-05 04:37:00,2.0286386013031006,G1M1_new,g1m1_high_load,1.48,57.0,100.0,1.46,1.5,56,58,14,500
2022-06-05 04:39:00,2.025418996810913,G1M1_new,g1m1_high_load,1.48,57.0,100.0,1.46,1.5,56,58,14,500
2022-06-05 04:40:00,2.0231616497039795,G1M1_new,g1m1_high_load,1.48,57.0,100.0,1.46,1.5,56,58,14,500
2022-06-05 04:42:00,2.0242342948913574,G1M1_new,g1m1_high_load,1.48,57.0,100.0,1.46,1.5,56,58,14,500
2022-06-05 04:44:00,2.023895740509033,G1M1_new,g1m1_high_load,1.48,57.0,100.0,1.46,1.5,56,58,14,500
2022-06-05 04:46:00,2.023728609085083,G1M1_new,g1m1_high_load,1.48,57.0,100.0,1.46,1.5,56,58,14,500
2022-06-05 04:47:00,2.024916648864746,G1M1_new,g1m1_high_load,1.48,57.0,100.0,1.46,1.5,56,58,14,500
2022-06-05 04:50:00,2.024043560028076,G1M1_new,g1m1_high_load,1.48,57.0,100.0,1.46,1.5,56,58,14,500
2022-06-05 04:51:00,2.02485728263855,G1M1_new,g1m1_high_load,1.48,57.0,100.0,1.46,1.5,56,58,14,500
2022-06-05 04:52:00,2.0249102115631104,G1M1_new,g1m1_high_load,1.48,57.0,100.0,1.46,1.5,56,58,14,500
2022-06-05 04:53:00,2.024411916732788,G1M1_new,g1m1_high_load,1.48,57.0,100.0,1.46,1.5,56,58,14,500
2022-06-05 04:56:00,2.02490234375,G1M1_new,g1m1_high_load,1.48,57.0,100.0,1.46,1.5,56,58,14,500
2022-06-05 04:58:00,2.025395154953003,G1M1_new,g1m1_high_load,1.48,57.0,100.0,1.46,1.5,56,58,14,500
2022-06-05 05:01:00,2.0284974575042725,G1M1_new,g1m1_high_load,1.48,57.0,100.0,1.46,1.5,56,58,14,500
2022-06-05 05:04:00,2.023479461669922,G1M1_new,g1m1_high_load,1.48,57.0,100.0,1.46,1.5,56,58,14,500
2022-06-05 05:07:00,2.023569107055664,G1M1_new,g1m1_high_load,1.48,57.0,100.0,1.46,1.5,56,58,14,500
2022-06-05 05:09:00,2.0236868858337402,G1M1_new,g1m1_high_load,1.48,57.0,100.0,1.46,1.5,56,58,14,500
2022-06-05 05:10:00,2.0259616374969482,G1M1_new,g1m1_high_load,1.48,57.0,100.0,1.46,1.5,56,58,14,500
2022-06-05 05:14:00,2.0256636142730713,G1M1_new,g1m1_high_load,1.48,57.0,100.0,1.46,1.5,56,58,14,500
2022-06-05 05:15:00,2.0272469520568848,G1M1_new,g1m1_high_load,1.48,57.0,100.0,1.46,1.5,56,58,14,500
2022-06-05 05:20:00,2.0246236324310303,G1M1_new,g1m1_high_load,1.48,57.0,100.0,1.46,1.5,56,58,14,500
2022-06-05 05:22:00,2.0223286151885986,G1M1_new,g1m1_high_load,1.48,57.0,100.0,1.46,1.5,56,58,14,500
2022-06-05 05:23:00,2.0256569385528564,G1M1_new,g1m1_high_load,1.48,57.0,100.0,1.46,1.5,56,58,14,500
2022-06-05 05:24:00,2.02777361869812,G1M1_new,g1m1_high_load,1.48,57.0,100.0,1.46,1.5,56,58,14,500
2022-06-05 05:25:00,2.025158405303955,G1M1_new,g1m1_high_load,1.48,57.0,100.0,1.46,1.5,56,58,14,500
2022-06-05 05:28:00,2.0259454250335693,G1M1_new,g1m1_high_load,1.48,57.0,100.0,1.46,1.5,56,58,14,500
2022-06-05 05:29:00,2.021911859512329,G1M1_new,g1m1_high_load,1.48,57.0,100.0,1.46,1.5,56,58,14,500
2022-06-05 05:30:00,2.0248095989227295,G1M1_new,g1m1_high_load,1.48,57.0,100.0,1.46,1.5,56,58,14,500
2022-06-05 05:36:00,2.022568941116333,G1M1_new,g1m1_high_load,1.48,57.0,100.0,1.46,1.5,56,58,14,500
2022-06-05 05:39:00,2.02488112449646,G1M1_new,g1m1_high_load,1.48,57.0,100.0,1.46,1.5,56,58,14,500
2022-06-05 05:43:00,2.0232391357421875,G1M1_new,g1m1_high_load,1.48,57.0,100.0,1.46,1.5,56,58,14,500
2022-06-05 05:45:00,2.026792526245117,G1M1_new,g1m1_high_load,1.48,57.0,100.0,1.46,1.5,56,58,14,500
2022-06-05 05:46:00,2.027210235595703,G1M1_new,g1m1_high_load,1.48,57.0,100.0,1.46,1.5,56,58,14,500
2022-06-05 05:49:00,2.026066780090332,G1M1_new,g1m1_high_load,1.48,57.0,100.0,1.46,1.5,56,58,14,500
2022-06-05 05:50:00,2.0257036685943604,G1M1_new,g1m1_high_load,1.48,57.0,100.0,1.46,1.5,56,58,14,500
2022-06-05 05:52:00,2.0274250507354736,G1M1_new,g1m1_high_load,1.48,57.0,100.0,1.46,1.5,56,58,14,500
2022-06-05 05:54:00,2.0249440670013428,G1M1_new,g1m1_high_load,1.48,57.0,100.0,1.46,1.5,56,58,14,500
2022-06-05 05:55:00,2.0247550010681152,G1M1_new,g1m1_high_load,1.48,57.0,100.0,1.46,1.5,56,58,14,500
2022-06-05 05:57:00,2.021298408508301,G1M1_new,g1m1_high_load,1.48,57.0,100.0,1.46,1.5,56,58,14,500
2022-06-05 05:58:00,2.022033452987671,G1M1_new,g1m1_high_load,1.48,57.0,100.0,1.46,1.5,56,58,14,500
2022-06-05 06:01:00,2.023796319961548,G1M1_new,g1m1_high_load,1.48,57.0,100.0,1.46,1.5,56,58,14,500
2022-06-05 06:02:00,2.0247292518615723,G1M1_new,g1m1_high_load,1.48,57.0,100.0,1.46,1.5,56,58,14,500
2022-06-05 06:06:00,2.0263264179229736,G1M1_new,g1m1_high_load,1.48,57.0,100.0,1.46,1.5,56,58,14,500
2022-06-05 06:09:00,2.02506160736084,G1M1_new,g1m1_high_load,1.48,57.0,100.0,1.46,1.5,56,58,14,500
2022-06-05 06:10:00,2.0266380310058594,G1M1_new,g1m1_high_load,1.48,57.0,100.0,1.46,1.5,56,58,14,500
2022-06-05 06:12:00,2.0256097316741943,G1M1_new,g1m1_high_load,1.48,57.0,100.0,1.46,1.5,56,58,14,500
2022-06-05 06:15:00,2.0250329971313477,G1M1_new,g1m1_high_load,1.48,57.0,100.0,1.46,1.5,56,58,14,500
2022-06-05 06:17:00,2.028108596801758,G1M1_new,g1m1_high_load,1.48,57.0,100.0,1.46,1.5,56,58,14,500
2022-06-05 06:18:00,2.029611825942993,G1M1_new,g1m1_high_load,1.48,57.0,100.0,1.46,1.5,56,58,14,500
2022-06-05 06:19:00,2.0293619632720947,G1M1_new,g1m1_high_load,1.48,57.0,100.0,1.46,1.5,56,58,14,500
2022-06-05 06:20:00,2.025892496109009,G1M1_new,g1m1_high_load,1.48,57.0,100.0,1.46,1.5,56,58,14,500
2022-06-05 06:21:00,2.0255050659179688,G1M1_new,g1m1_high_load,1.48,57.0,100.0,1.46,1.5,56,58,14,500
2022-06-05 06:23:00,2.022554397583008,G1M1_new,g1m1_high_load,1.48,57.0,100.0,1.46,1.5,56,58,14,500
2022-06-05 06:26:00,2.0243189334869385,G1M1_new,g1m1_high_load,1.48,57.0,100.0,1.46,1.5,56,58,14,500
2022-06-05 06:28:00,2.0246095657348633,G1M1_new,g1m1_high_load,1.48,57.0,100.0,1.46,1.5,56,58,14,500
2022-06-05 06:30:00,2.0250892639160156,G1M1_new,g1m1_high_load,1.48,57.0,100.0,1.46,1.5,56,58,14,500
2022-06-05 06:31:00,2.02392315864563,G1M1_new,g1m1_high_load,1.48,57.0,100.0,1.46,1.5,56,58,14,500
2022-06-05 06:32:00,2.024890184402466,G1M1_new,g1m1_high_load,1.48,57.0,100.0,1.46,1.5,56,58,14,500
2022-06-05 06:35:00,2.02473521232605,G1M1_new,g1m1_high_load,1.48,57.0,100.0,1.46,1.5,56,58,14,500
2022-06-05 06:36:00,2.026507616043091,G1M1_new,g1m1_high_load,1.48,57.0,100.0,1.46,1.5,56,58,14,500
2022-06-05 06:39:00,2.0296998023986816,G1M1_new,g1m1_high_load,1.48,57.0,100.0,1.46,1.5,56,58,14,500
2022-06-05 06:42:00,2.0277791023254395,G1M1_new,g1m1_high_load,1.48,57.0,100.0,1.46,1.5,56,58,14,500
2022-06-05 06:43:00,2.0270981788635254,G1M1_new,g1m1_high_load,1.48,57.0,100.0,1.46,1.5,56,58,14,500
2022-06-05 06:44:00,2.0253405570983887,G1M1_new,g1m1_high_load,1.48,57.0,100.0,1.46,1.5,56,58,14,500
2022-06-05 06:47:00,2.02286958694458,G1M1_new,g1m1_high_load,1.48,57.0,100.0,1.46,1.5,56,58,14,500
2022-06-05 06:48:00,2.0212178230285645,G1M1_new,g1m1_high_load,1.48,57.0,100.0,1.46,1.5,56,58,14,500
2022-06-05 06:49:00,2.020772933959961,G1M1_new,g1m1_high_load,1.48,57.0,100.0,1.46,1.5,56,58,14,500
2022-06-05 06:51:00,2.022771120071411,G1M1_new,g1m1_high_load,1.48,57.0,100.0,1.46,1.5,56,58,14,500
2022-06-05 06:54:00,2.024163007736206,G1M1_new,g1m1_high_load,1.48,57.0,100.0,1.46,1.5,56,58,14,500
2022-06-05 06:56:00,2.025862693786621,G1M1_new,g1m1_high_load,1.48,57.0,100.0,1.46,1.5,56,58,14,500
2022-06-05 06:57:00,2.024526834487915,G1M1_new,g1m1_high_load,1.48,57.0,100.0,1.46,1.5,56,58,14,500
2022-06-05 06:59:00,2.024834632873535,G1M1_new,g1m1_high_load,1.48,57.0,100.0,1.46,1.5,56,58,14,500
2022-06-05 07:02:00,2.0242724418640137,G1M1_new,g1m1_high_load,1.48,57.0,100.0,1.46,1.5,56,58,14,500
2022-06-05 07:03:00,2.0253546237945557,G1M1_new,g1m1_high_load,1.48,57.0,100.0,1.46,1.5,56,58,14,500
2022-06-05 07:04:00,2.0241270065307617,G1M1_new,g1m1_high_load,1.48,57.0,100.0,1.46,1.5,56,58,14,500
2022-06-05 07:05:00,2.0272555351257324,G1M1_new,g1m1_high_load,1.48,57.0,100.0,1.46,1.5,56,58,14,500
2022-06-05 07:07:00,2.0263566970825195,G1M1_new,g1m1_high_load,1.48,57.0,100.0,1.46,1.5,56,58,14,500
2022-06-05 07:08:00,2.0272369384765625,G1M1_new,g1m1_high_load,1.48,57.0,100.0,1.46,1.5,56,58,14,500
2022-06-05 07:09:00,2.026916265487671,G1M1_new,g1m1_high_load,1.48,57.0,100.0,1.46,1.5,56,58,14,500
2022-06-05 07:10:00,2.0244576930999756,G1M1_new,g1m1_high_load,1.48,57.0,100.0,1.46,1.5,56,58,14,500
2022-06-05 07:14:00,2.0223095417022705,G1M1_new,g1m1_high_load,1.48,57.0,100.0,1.46,1.5,56,58,14,500
2022-06-05 07:16:00,2.0226025581359863,G1M1_new,g1m1_high_load,1.48,57.0,100.0,1.46,1.5,56,58,14,500
2022-06-05 07:17:00,2.023077964782715,G1M1_new,g1m1_high_load,1.48,57.0,100.0,1.46,1.5,56,58,14,500
2022-06-05 07:18:00,2.021554708480835,G1M1_new,g1m1_high_load,1.48,57.0,100.0,1.46,1.5,56,58,14,500
2022-06-05 07:19:00,2.026796817779541,G1M1_new,g1m1_high_load,1.48,57.0,100.0,1.46,1.5,56,58,14,500
2022-06-05 07:20:00,2.0255684852600098,G1M1_new,g1m1_high_load,1.48,57.0,100.0,1.46,1.5,56,58,14,500
2022-06-05 07:25:00,2.023955821990967,G1M1_new,g1m1_high_load,1.48,57.0,100.0,1.46,1.5,56,58,14,500
2022-06-05 07:26:00,2.023292064666748,G1M1_new,g1m1_high_load,1.48,57.0,100.0,1.46,1.5,56,58,14,500
2022-06-05 07:27:00,2.0282950401306152,G1M1_new,g1m1_high_load,1.48,57.0,100.0,1.46,1.5,56,58,14,500
2022-06-05 07:28:00,2.029162883758545,G1M1_new,g1m1_high_load,1.48,57.0,100.0,1.46,1.5,56,58,14,500
2022-06-05 07:29:00,2.029142141342163,G1M1_new,g1m1_high_load,1.48,57.0,100.0,1.46,1.5,56,58,14,500
2022-06-05 07:30:00,2.028380870819092,G1M1_new,g1m1_high_load,1.48,57.0,100.0,1.46,1.5,56,58,14,500
2022-06-05 07:31:00,2.028346538543701,G1M1_new,g1m1_high_load,1.48,57.0,100.0,1.46,1.5,56,58,14,500
2022-06-05 07:33:00,2.0253517627716064,G1M1_new,g1m1_high_load,1.48,57.0,100.0,1.46,1.5,56,58,14,500
2022-06-05 07:36:00,2.021085739135742,G1M1_new,g1m1_high_load,1.48,57.0,100.0,1.46,1.5,56,58,14,500
2022-06-05 07:37:00,2.022930860519409,G1M1_new,g1m1_high_load,1.48,57.0,100.0,1.46,1.5,56,58,14,500
2022-06-05 07:39:00,2.019965648651123,G1M1_new,g1m1_high_load,1.48,57.0,100.0,1.46,1.5,56,58,14,500
2022-06-05 07:40:00,2.024090051651001,G1M1_new,g1m1_high_load,1.48,57.0,100.0,1.46,1.5,56,58,14,500
2022-06-05 07:45:00,2.026484966278076,G1M1_new,g1m1_high_load,1.48,57.0,100.0,1.46,1.5,56,58,14,500
2022-06-05 07:47:00,2.026142120361328,G1M1_new,g1m1_high_load,1.48,57.0,100.0,1.46,1.5,56,58,14,500
2022-06-05 07:48:00,2.0273947715759277,G1M1_new,g1m1_high_load,1.48,57.0,100.0,1.46,1.5,56,58,14,500
2022-06-05 07:50:00,2.023613929748535,G1M1_new,g1m1_high_load,1.48,57.0,100.0,1.46,1.5,56,58,14,500
2022-06-05 07:54:00,2.026824474334717,G1M1_new,g1m1_high_load,1.48,57.0,100.0,1.46,1.5,56,58,14,500
2022-06-05 07:55:00,2.0286731719970703,G1M1_new,g1m1_high_load,1.48,57.0,100.0,1.46,1.5,56,58,14,500
2022-06-05 07:58:00,2.0223238468170166,G1M1_new,g1m1_high_load,1.48,57.0,100.0,1.46,1.5,56,58,14,500
2022-06-05 07:59:00,2.020005702972412,G1M1_new,g1m1_high_load,1.48,57.0,100.0,1.46,1.5,56,58,14,500
2022-06-05 08:00:00,2.022578716278076,G1M1_new,g1m1_high_load,1.48,57.0,100.0,1.46,1.5,56,58,14,500
2022-06-05 08:03:00,2.024047374725342,G1M1_new,g1m1_high_load,1.48,57.0,100.0,1.46,1.5,56,58,14,500
2022-06-05 08:04:00,2.0245819091796875,G1M1_new,g1m1_high_load,1.48,57.0,100.0,1.46,1.5,56,58,14,500
2022-06-05 08:05:00,2.02417254447937,G1M1_new,g1m1_high_load,1.48,57.0,100.0,1.46,1.5,56,58,14,500
2022-06-05 08:12:00,2.0263447761535645,G1M1_new,g1m1_high_load,1.48,57.0,100.0,1.46,1.5,56,58,14,500
2022-06-05 08:13:00,2.0262229442596436,G1M1_new,g1m1_high_load,1.48,57.0,100.0,1.46,1.5,56,58,14,500
2022-06-05 08:14:00,2.027334451675415,G1M1_new,g1m1_high_load,1.48,57.0,100.0,1.46,1.5,56,58,14,500
2022-06-05 08:15:00,2.0251245498657227,G1M1_new,g1m1_high_load,1.48,57.0,100.0,1.46,1.5,56,58,14,500
2022-06-05 08:17:00,2.02268385887146,G1M1_new,g1m1_high_load,1.48,57.0,100.0,1.46,1.5,56,58,14,500
2022-06-05 08:18:00,2.023845911026001,G1M1_new,g1m1_high_load,1.48,57.0,100.0,1.46,1.5,56,58,14,500
2022-06-05 08:19:00,2.023085594177246,G1M1_new,g1m1_high_load,1.48,57.0,100.0,1.46,1.5,56,58,14,500
2022-06-05 08:20:00,2.0261518955230713,G1M1_new,g1m1_high_load,1.48,57.0,100.0,1.46,1.5,56,58,14,500
2022-06-05 08:23:00,2.025827646255493,G1M1_new,g1m1_high_load,1.48,57.0,100.0,1.46,1.5,56,58,14,500
2022-06-05 08:26:00,2.027040719985962,G1M1_new,g1m1_high_load,1.48,57.0,100.0,1.46,1.5,56,58,14,500
2022-06-05 08:28:00,2.026695966720581,G1M1_new,g1m1_high_load,1.48,57.0,100.0,1.46,1.5,56,58,14,500
2022-06-05 08:33:00,2.024639368057251,G1M1_new,g1m1_high_load,1.48,57.0,100.0,1.46,1.5,56,58,14,500
2022-06-05 08:34:00,2.0250778198242188,G1M1_new,g1m1_high_load,1.48,57.0,100.0,1.46,1.5,56,58,14,500
2022-06-05 08:37:00,2.025601625442505,G1M1_new,g1m1_high_load,1.48,57.0,100.0,1.46,1.5,56,58,14,500
2022-06-05 08:38:00,2.024104595184326,G1M1_new,g1m1_high_load,1.48,57.0,100.0,1.46,1.5,56,58,14,500
2022-06-05 08:39:00,2.025477647781372,G1M1_new,g1m1_high_load,1.48,57.0,100.0,1.46,1.5,56,58,14,500
2022-06-05 08:40:00,2.0264790058135986,G1M1_new,g1m1_high_load,1.48,57.0,100.0,1.46,1.5,56,58,14,500
2022-06-05 08:44:00,2.024440050125122,G1M1_new,g1m1_high_load,1.48,57.0,100.0,1.46,1.5,56,58,14,500
2022-06-05 08:47:00,2.023225784301758,G1M1_new,g1m1_high_load,1.48,57.0,100.0,1.46,1.5,56,58,14,500
2022-06-05 08:50:00,2.0230154991149902,G1M1_new,g1m1_high_load,1.48,57.0,100.0,1.46,1.5,56,58,14,500
2022-06-05 08:52:00,2.0238826274871826,G1M1_new,g1m1_high_load,1.48,57.0,100.0,1.46,1.5,56,58,14,500
2022-06-05 08:54:00,2.0240097045898438,G1M1_new,g1m1_high_load,1.48,57.0,100.0,1.46,1.5,56,58,14,500
2022-06-05 08:57:00,2.0229263305664062,G1M1_new,g1m1_high_load,1.48,57.0,100.0,1.46,1.5,56,58,14,500
2022-06-05 08:59:00,2.027244806289673,G1M1_new,g1m1_high_load,1.48,57.0,100.0,1.46,1.5,56,58,14,500
2022-06-05 09:00:00,2.029761552810669,G1M1_new,g1m1_high_load,1.48,57.0,100.0,1.46,1.5,56,58,14,500
2022-06-05 09:03:00,2.0275309085845947,G1M1_new,g1m1_high_load,1.48,57.0,100.0,1.46,1.5,56,58,14,500
2022-06-05 09:06:00,2.0278701782226562,G1M1_new,g1m1_high_load,1.48,57.0,100.0,1.46,1.5,56,58,14,500
2022-06-05 09:08:00,2.0254645347595215,G1M1_new,g1m1_high_load,1.48,57.0,100.0,1.46,1.5,56,58,14,500
2022-06-05 09:10:00,2.025592565536499,G1M1_new,g1m1_high_load,1.48,57.0,100.0,1.46,1.5,56,58,14,500
2022-06-05 09:13:00,2.0237090587615967,G1M1_new,g1m1_high_load,1.48,57.0,100.0,1.46,1.5,56,58,14,500
2022-06-05 09:14:00,2.021833896636963,G1M1_new,g1m1_high_load,1.48,57.0,100.0,1.46,1.5,56,58,14,500
2022-06-05 09:15:00,2.024590253829956,G1M1_new,g1m1_high_load,1.48,57.0,100.0,1.46,1.5,56,58,14,500
2022-06-05 09:16:00,2.025026321411133,G1M1_new,g1m1_high_load,1.48,57.0,100.0,1.46,1.5,56,58,14,500
2022-06-05 09:18:00,2.0287418365478516,G1M1_new,g1m1_high_load,1.48,57.0,100.0,1.46,1.5,56,58,14,500
2022-06-05 09:19:00,2.0283215045928955,G1M1_new,g1m1_high_load,1.48,57.0,100.0,1.46,1.5,56,58,14,500
2022-06-05 09:20:00,2.030944347381592,G1M1_new,g1m1_high_load,1.48,57.0,100.0,1.46,1.5,56,58,14,500
2022-06-05 09:23:00,2.026820659637451,G1M1_new,g1m1_high_load,1.48,57.0,100.0,1.46,1.5,56,58,14,500
2022-06-05 09:29:00,2.027170181274414,G1M1_new,g1m1_high_load,1.48,57.0,100.0,1.46,1.5,56,58,14,500
2022-06-05 09:31:00,2.0243520736694336,G1M1_new,g1m1_high_load,1.48,57.0,100.0,1.46,1.5,56,58,14,500
2022-06-05 09:32:00,2.022505283355713,G1M1_new,g1m1_high_load,1.48,57.0,100.0,1.46,1.5,56,58,14,500
2022-06-05 09:33:00,2.024111032485962,G1M1_new,g1m1_high_load,1.48,57.0,100.0,1.46,1.5,56,58,14,500
2022-06-05 09:34:00,2.023421049118042,G1M1_new,g1m1_high_load,1.48,57.0,100.0,1.46,1.5,56,58,14,500
2022-06-05 09:36:00,2.0218262672424316,G1M1_new,g1m1_high_load,1.48,57.0,100.0,1.46,1.5,56,58,14,500
2022-06-05 09:37:00,2.0237772464752197,G1M1_new,g1m1_high_load,1.48,57.0,100.0,1.46,1.5,56,58,14,500
2022-06-05 09:38:00,2.024580955505371,G1M1_new,g1m1_high_load,1.48,57.0,100.0,1.46,1.5,56,58,14,500
2022-06-05 09:46:00,2.0282208919525146,G1M1_new,g1m1_high_load,1.48,57.0,100.0,1.46,1.5,56,58,14,500
2022-06-05 09:47:00,2.0260331630706787,G1M1_new,g1m1_high_load,1.48,57.0,100.0,1.46,1.5,56,58,14,500
2022-06-05 09:51:00,2.0272421836853027,G1M1_new,g1m1_high_load,1.48,57.0,100.0,1.46,1.5,56,58,14,500
2022-06-05 09:54:00,2.0241875648498535,G1M1_new,g1m1_high_load,1.48,57.0,100.0,1.46,1.5,56,58,14,500
2022-06-05 09:55:00,2.0225987434387207,G1M1_new,g1m1_high_load,1.48,57.0,100.0,1.46,1.5,56,58,14,500
2022-06-05 09:57:00,2.020996570587158,G1M1_new,g1m1_high_load,1.48,57.0,100.0,1.46,1.5,56,58,14,500
2022-06-05 09:59:00,2.0220487117767334,G1M1_new,g1m1_high_load,1.48,57.0,100.0,1.46,1.5,56,58,14,500
2022-06-05 10:02:00,2.027193069458008,G1M1_new,g1m1_high_load,1.48,57.0,100.0,1.46,1.5,56,58,14,500
2022-06-05 10:04:00,2.028186082839966,G1M1_new,g1m1_high_load,1.48,57.0,100.0,1.46,1.5,56,58,14,500
2022-06-05 10:06:00,2.023266077041626,G1M1_new,g1m1_high_load,1.48,57.0,100.0,1.46,1.5,56,58,14,500
2022-06-05 10:08:00,2.0257747173309326,G1M1_new,g1m1_high_load,1.48,57.0,100.0,1.46,1.5,56,58,14,500
2022-06-05 10:09:00,2.0289032459259033,G1M1_new,g1m1_high_load,1.48,57.0,100.0,1.46,1.5,56,58,14,500
2022-06-05 10:10:00,2.0252957344055176,G1M1_new,g1m1_high_load,1.48,57.0,100.0,1.46,1.5,56,58,14,500
2022-06-05 10:11:00,2.026083469390869,G1M1_new,g1m1_high_load,1.48,57.0,100.0,1.46,1.5,56,58,14,500
2022-06-05 10:12:00,2.0249476432800293,G1M1_new,g1m1_high_load,1.48,57.0,100.0,1.46,1.5,56,58,14,500
2022-06-05 10:13:00,2.024413824081421,G1M1_new,g1m1_high_load,1.48,57.0,100.0,1.46,1.5,56,58,14,500
2022-06-05 10:14:00,2.026482343673706,G1M1_new,g1m1_high_load,1.48,57.0,100.0,1.46,1.5,56,58,14,500
2022-06-05 10:16:00,2.0281336307525635,G1M1_new,g1m1_high_load,1.48,57.0,100.0,1.46,1.5,56,58,14,500
2022-06-05 10:20:00,2.0203359127044678,G1M1_new,g1m1_high_load,1.48,57.0,100.0,1.46,1.5,56,58,14,500
2022-06-05 10:21:00,2.0216140747070312,G1M1_new,g1m1_high_load,1.48,57.0,100.0,1.46,1.5,56,58,14,500
2022-06-05 10:24:00,2.0243494510650635,G1M1_new,g1m1_high_load,1.48,57.0,100.0,1.46,1.5,56,58,14,500
2022-06-05 10:26:00,2.0275344848632812,G1M1_new,g1m1_high_load,1.48,57.0,100.0,1.46,1.5,56,58,14,500
2022-06-05 10:29:00,2.0249922275543213,G1M1_new,g1m1_high_load,1.48,57.0,100.0,1.46,1.5,56,58,14,500
2022-06-05 10:31:00,2.025474786758423,G1M1_new,g1m1_high_load,1.48,57.0,100.0,1.46,1.5,56,58,14,500
2022-06-05 10:34:00,2.02447509765625,G1M1_new,g1m1_high_load,1.48,57.0,100.0,1.46,1.5,56,58,14,500
2022-06-05 10:35:00,2.0249569416046143,G1M1_new,g1m1_high_load,1.48,57.0,100.0,1.46,1.5,56,58,14,500
2022-06-05 10:37:00,2.026277780532837,G1M1_new,g1m1_high_load,1.48,57.0,100.0,1.46,1.5,56,58,14,500
2022-06-05 10:39:00,2.0256083011627197,G1M1_new,g1m1_high_load,1.48,57.0,100.0,1.46,1.5,56,58,14,500
2022-06-05 10:43:00,2.0268173217773438,G1M1_new,g1m1_high_load,1.48,57.0,100.0,1.46,1.5,56,58,14,500
2022-06-05 10:44:00,2.026339054107666,G1M1_new,g1m1_high_load,1.48,57.0,100.0,1.46,1.5,56,58,14,500
2022-06-05 10:46:00,2.0261013507843018,G1M1_new,g1m1_high_load,1.48,57.0,100.0,1.46,1.5,56,58,14,500
2022-06-05 10:49:00,2.022029161453247,G1M1_new,g1m1_high_load,1.48,57.0,100.0,1.46,1.5,56,58,14,500
2022-06-05 10:52:00,2.023320198059082,G1M1_new,g1m1_high_load,1.48,57.0,100.0,1.46,1.5,56,58,14,500
2022-06-05 10:53:00,2.0278284549713135,G1M1_new,g1m1_high_load,1.48,57.0,100.0,1.46,1.5,56,58,14,500
2022-06-05 10:54:00,2.0282375812530518,G1M1_new,g1m1_high_load,1.48,57.0,100.0,1.46,1.5,56,58,14,500
2022-06-05 10:55:00,2.0274527072906494,G1M1_new,g1m1_high_load,1.48,57.0,100.0,1.46,1.5,56,58,14,500
2022-06-05 10:59:00,2.0265607833862305,G1M1_new,g1m1_high_load,1.48,57.0,100.0,1.46,1.5,56,58,14,500
2022-06-05 11:00:00,2.024827003479004,G1M1_new,g1m1_high_load,1.48,57.0,100.0,1.46,1.5,56,58,14,500
2022-06-05 11:02:00,2.025418519973755,G1M1_new,g1m1_high_load,1.48,57.0,100.0,1.46,1.5,56,58,14,500
2022-06-05 11:03:00,2.0259320735931396,G1M1_new,g1m1_high_load,1.48,57.0,100.0,1.46,1.5,56,58,14,500
2022-06-05 11:05:00,2.0267996788024902,G1M1_new,g1m1_high_load,1.48,57.0,100.0,1.46,1.5,56,58,14,500
2022-06-05 11:07:00,2.0243475437164307,G1M1_new,g1m1_high_load,1.48,57.0,100.0,1.46,1.5,56,58,14,500
2022-06-05 11:09:00,2.0223100185394287,G1M1_new,g1m1_high_load,1.48,57.0,100.0,1.46,1.5,56,58,14,500
2022-06-05 11:11:00,2.0234487056732178,G1M1_new,g1m1_high_load,1.48,57.0,100.0,1.46,1.5,56,58,14,500
2022-06-05 11:15:00,2.025176525115967,G1M1_new,g1m1_high_load,1.48,57.0,100.0,1.46,1.5,56,58,14,500
2022-06-05 11:16:00,2.0273263454437256,G1M1_new,g1m1_high_load,1.48,57.0,100.0,1.46,1.5,56,58,14,500
2022-06-05 11:17:00,2.028200387954712,G1M1_new,g1m1_high_load,1.48,57.0,100.0,1.46,1.5,56,58,14,500
2022-06-05 11:19:00,2.027233362197876,G1M1_new,g1m1_high_load,1.48,57.0,100.0,1.46,1.5,56,58,14,500
2022-06-05 11:20:00,2.0269088745117188,G1M1_new,g1m1_high_load,1.48,57.0,100.0,1.46,1.5,56,58,14,500
2022-06-05 11:24:00,2.0248703956604004,G1M1_new,g1m1_high_load,1.48,57.0,100.0,1.46,1.5,56,58,14,500
2022-06-05 11:28:00,2.0254199504852295,G1M1_new,g1m1_high_load,1.48,57.0,100.0,1.46,1.5,56,58,14,500
2022-06-05 11:29:00,2.0238802433013916,G1M1_new,g1m1_high_load,1.48,57.0,100.0,1.46,1.5,56,58,14,500
2022-06-05 11:30:00,2.022300958633423,G1M1_new,g1m1_high_load,1.48,57.0,100.0,1.46,1.5,56,58,14,500
2022-06-05 11:31:00,2.0220041275024414,G1M1_new,g1m1_high_load,1.48,57.0,100.0,1.46,1.5,56,58,14,500
2022-06-05 11:33:00,2.0218958854675293,G1M1_new,g1m1_high_load,1.48,57.0,100.0,1.46,1.5,56,58,14,500
2022-06-05 11:37:00,2.0261292457580566,G1M1_new,g1m1_high_load,1.48,57.0,100.0,1.46,1.5,56,58,14,500
2022-06-05 11:38:00,2.0286717414855957,G1M1_new,g1m1_high_load,1.48,57.0,100.0,1.46,1.5,56,58,14,500
2022-06-05 11:41:00,2.0275797843933105,G1M1_new,g1m1_high_load,1.48,57.0,100.0,1.46,1.5,56,58,14,500
2022-06-05 11:42:00,2.02437424659729,G1M1_new,g1m1_high_load,1.48,57.0,100.0,1.46,1.5,56,58,14,500
2022-06-05 11:44:00,2.024393081665039,G1M1_new,g1m1_high_load,1.48,57.0,100.0,1.46,1.5,56,58,14,500
2022-06-05 11:46:00,2.0249452590942383,G1M1_new,g1m1_high_load,1.48,57.0,100.0,1.46,1.5,56,58,14,500
2022-06-05 11:50:00,2.0269834995269775,G1M1_new,g1m1_high_load,1.48,57.0,100.0,1.46,1.5,56,58,14,500
2022-06-05 11:52:00,2.0280635356903076,G1M1_new,g1m1_high_load,1.48,57.0,100.0,1.46,1.5,56,58,14,500
2022-06-05 11:57:00,2.0264999866485596,G1M1_new,g1m1_high_load,1.48,57.0,100.0,1.46,1.5,56,58,14,500
2022-06-05 11:58:00,2.0254714488983154,G1M1_new,g1m1_high_load,1.48,57.0,100.0,1.46,1.5,56,58,14,500
2022-06-05 12:03:00,2.0235536098480225,G1M1_new,g1m1_high_load,1.48,57.0,100.0,1.46,1.5,56,58,14,500
2022-06-05 12:08:00,2.023635149002075,G1M1_new,g1m1_high_load,1.48,57.0,100.0,1.46,1.5,56,58,14,500
2022-06-05 12:09:00,2.0252256393432617,G1M1_new,g1m1_high_load,1.48,57.0,100.0,1.46,1.5,56,58,14,500
2022-06-05 12:11:00,2.028158664703369,G1M1_new,g1m1_high_load,1.48,57.0,100.0,1.46,1.5,56,58,14,500
2022-06-05 12:14:00,2.0294885635375977,G1M1_new,g1m1_high_load,1.48,57.0,100.0,1.46,1.5,56,58,14,500
2022-06-05 12:15:00,2.027116537094116,G1M1_new,g1m1_high_load,1.48,57.0,100.0,1.46,1.5,56,58,14,500
2022-06-05 12:16:00,2.0242919921875,G1M1_new,g1m1_high_load,1.48,57.0,100.0,1.46,1.5,56,58,14,500
2022-06-05 12:17:00,2.0240354537963867,G1M1_new,g1m1_high_load,1.48,57.0,100.0,1.46,1.5,56,58,14,500
2022-06-05 12:22:00,2.0283970832824707,G1M1_new,g1m1_high_load,1.48,57.0,100.0,1.46,1.5,56,58,14,500
2022-06-05 12:23:00,2.0268056392669678,G1M1_new,g1m1_high_load,1.48,57.0,100.0,1.46,1.5,56,58,14,500
2022-06-05 12:24:00,2.02555251121521,G1M1_new,g1m1_high_load,1.48,57.0,100.0,1.46,1.5,56,58,14,500
2022-06-05 12:25:00,2.0253467559814453,G1M1_new,g1m1_high_load,1.48,57.0,100.0,1.46,1.5,56,58,14,500
2022-06-05 12:26:00,2.0256972312927246,G1M1_new,g1m1_high_load,1.48,57.0,100.0,1.46,1.5,56,58,14,500
2022-06-05 12:27:00,2.024061441421509,G1M1_new,g1m1_high_load,1.48,57.0,100.0,1.46,1.5,56,58,14,500
2022-06-05 12:28:00,2.0244293212890625,G1M1_new,g1m1_high_load,1.48,57.0,100.0,1.46,1.5,56,58,14,500
2022-06-05 12:30:00,2.024350643157959,G1M1_new,g1m1_high_load,1.48,57.0,100.0,1.46,1.5,56,58,14,500
2022-06-05 12:31:00,2.0239527225494385,G1M1_new,g1m1_high_load,1.48,57.0,100.0,1.46,1.5,56,58,14,500
2022-06-05 12:33:00,2.0243616104125977,G1M1_new,g1m1_high_load,1.48,57.0,100.0,1.46,1.5,56,58,14,500
2022-06-05 12:35:00,2.029900074005127,G1M1_new,g1m1_high_load,1.48,57.0,100.0,1.46,1.5,56,58,14,500
2022-06-05 12:37:00,2.0279674530029297,G1M1_new,g1m1_high_load,1.48,57.0,100.0,1.46,1.5,56,58,14,500
2022-06-05 12:38:00,2.025930166244507,G1M1_new,g1m1_high_load,1.48,57.0,100.0,1.46,1.5,56,58,14,500
2022-06-05 12:40:00,2.0229132175445557,G1M1_new,g1m1_high_load,1.48,57.0,100.0,1.46,1.5,56,58,14,500
2022-06-05 12:41:00,2.023845672607422,G1M1_new,g1m1_high_load,1.48,57.0,100.0,1.46,1.5,56,58,14,500
2022-06-05 12:42:00,2.0240817070007324,G1M1_new,g1m1_high_load,1.48,57.0,100.0,1.46,1.5,56,58,14,500
2022-06-05 12:43:00,2.0247538089752197,G1M1_new,g1m1_high_load,1.48,57.0,100.0,1.46,1.5,56,58,14,500
2022-06-05 12:45:00,2.025792360305786,G1M1_new,g1m1_high_load,1.48,57.0,100.0,1.46,1.5,56,58,14,500
2022-06-05 12:47:00,2.0296692848205566,G1M1_new,g1m1_high_load,1.48,57.0,100.0,1.46,1.5,56,58,14,500
2022-06-05 12:48:00,2.0279479026794434,G1M1_new,g1m1_high_load,1.48,57.0,100.0,1.46,1.5,56,58,14,500
2022-06-05 12:49:00,2.0265719890594482,G1M1_new,g1m1_high_load,1.48,57.0,100.0,1.46,1.5,56,58,14,500
2022-06-05 12:50:00,2.026401996612549,G1M1_new,g1m1_high_load,1.48,57.0,100.0,1.46,1.5,56,58,14,500
2022-06-05 12:55:00,2.023686170578003,G1M1_new,g1m1_high_load,1.48,57.0,100.0,1.46,1.5,56,58,14,500
2022-06-05 12:57:00,2.022458076477051,G1M1_new,g1m1_high_load,1.48,57.0,100.0,1.46,1.5,56,58,14,500
2022-06-05 12:59:00,2.0252583026885986,G1M1_new,g1m1_high_load,1.48,57.0,100.0,1.46,1.5,56,58,14,500
2022-06-05 13:01:00,2.0281426906585693,G1M1_new,g1m1_high_load,1.48,57.0,100.0,1.46,1.5,56,58,14,500
2022-06-05 13:03:00,2.0279159545898438,G1M1_new,g1m1_high_load,1.48,57.0,100.0,1.46,1.5,56,58,14,500
2022-06-05 13:06:00,2.026780605316162,G1M1_new,g1m1_high_load,1.48,57.0,100.0,1.46,1.5,56,58,14,500
2022-06-05 13:07:00,2.026254892349243,G1M1_new,g1m1_high_load,1.48,57.0,100.0,1.46,1.5,56,58,14,500
2022-06-05 13:10:00,2.0251049995422363,G1M1_new,g1m1_high_load,1.48,57.0,100.0,1.46,1.5,56,58,14,500
2022-06-05 13:13:00,2.0257298946380615,G1M1_new,g1m1_high_load,1.48,57.0,100.0,1.46,1.5,56,58,14,500
2022-06-05 13:17:00,2.0255885124206543,G1M1_new,g1m1_high_load,1.48,57.0,100.0,1.46,1.5,56,58,14,500
2022-06-05 13:19:00,2.0241341590881348,G1M1_new,g1m1_high_load,1.48,57.0,100.0,1.46,1.5,56,58,14,500
2022-06-05 13:22:00,2.026829242706299,G1M1_new,g1m1_high_load,1.48,57.0,100.0,1.46,1.5,56,58,14,500
2022-06-05 13:23:00,2.027642011642456,G1M1_new,g1m1_high_load,1.48,57.0,100.0,1.46,1.5,56,58,14,500
2022-06-05 13:24:00,2.0301311016082764,G1M1_new,g1m1_high_load,1.48,57.0,100.0,1.46,1.5,56,58,14,500
2022-06-05 13:26:00,2.0285351276397705,G1M1_new,g1m1_high_load,1.48,57.0,100.0,1.46,1.5,56,58,14,500
2022-06-05 13:27:00,2.0277225971221924,G1M1_new,g1m1_high_load,1.48,57.0,100.0,1.46,1.5,56,58,14,500
2022-06-05 13:31:00,2.0204601287841797,G1M1_new,g1m1_high_load,1.48,57.0,100.0,1.46,1.5,56,58,14,500
2022-06-05 13:32:00,2.0229005813598633,G1M1_new,g1m1_high_load,1.48,57.0,100.0,1.46,1.5,56,58,14,500
2022-06-05 13:34:00,2.025045394897461,G1M1_new,g1m1_high_load,1.48,57.0,100.0,1.46,1.5,56,58,14,500
2022-06-05 13:35:00,2.0253050327301025,G1M1_new,g1m1_high_load,1.48,57.0,100.0,1.46,1.5,56,58,14,500
2022-06-05 13:38:00,2.0281200408935547,G1M1_new,g1m1_high_load,1.48,57.0,100.0,1.46,1.5,56,58,14,500
2022-06-05 13:39:00,2.026925563812256,G1M1_new,g1m1_high_load,1.48,57.0,100.0,1.46,1.5,56,58,14,500
2022-06-05 13:40:00,2.026515245437622,G1M1_new,g1m1_high_load,1.48,57.0,100.0,1.46,1.5,56,58,14,500
2022-06-05 13:42:00,2.025416851043701,G1M1_new,g1m1_high_load,1.48,57.0,100.0,1.46,1.5,56,58,14,500
2022-06-05 13:45:00,2.024451494216919,G1M1_new,g1m1_high_load,1.48,57.0,100.0,1.46,1.5,56,58,14,500
2022-06-05 13:48:00,2.0244126319885254,G1M1_new,g1m1_high_load,1.48,57.0,100.0,1.46,1.5,56,58,14,500
2022-06-05 13:49:00,2.0245234966278076,G1M1_new,g1m1_high_load,1.48,57.0,100.0,1.46,1.5,56,58,14,500
2022-06-05 13:50:00,2.0277295112609863,G1M1_new,g1m1_high_load,1.48,57.0,100.0,1.46,1.5,56,58,14,500
2022-06-05 13:53:00,2.0260775089263916,G1M1_new,g1m1_high_load,1.48,57.0,100.0,1.46,1.5,56,58,14,500
2022-06-05 13:54:00,2.0279059410095215,G1M1_new,g1m1_high_load,1.48,57.0,100.0,1.46,1.5,56,58,14,500
2022-06-05 13:56:00,2.025301694869995,G1M1_new,g1m1_high_load,1.48,57.0,100.0,1.46,1.5,56,58,14,500
2022-06-05 13:58:00,2.025094509124756,G1M1_new,g1m1_high_load,1.48,57.0,100.0,1.46,1.5,56,58,14,500
2022-06-05 14:02:00,2.0238144397735596,G1M1_new,g1m1_high_load,1.48,57.0,100.0,1.46,1.5,56,58,14,500
2022-06-05 14:03:00,2.0233914852142334,G1M1_new,g1m1_high_load,1.48,57.0,100.0,1.46,1.5,56,58,14,500
2022-06-05 14:04:00,2.026559352874756,G1M1_new,g1m1_high_load,1.48,57.0,100.0,1.46,1.5,56,58,14,500
2022-06-05 14:05:00,2.0272457599639893,G1M1_new,g1m1_high_load,1.48,57.0,100.0,1.46,1.5,56,58,14,500
2022-06-05 14:06:00,2.0286307334899902,G1M1_new,g1m1_high_load,1.48,57.0,100.0,1.46,1.5,56,58,14,500
2022-06-05 14:07:00,2.0278244018554688,G1M1_new,g1m1_high_load,1.48,57.0,100.0,1.46,1.5,56,58,14,500
2022-06-05 14:09:00,2.027301073074341,G1M1_new,g1m1_high_load,1.48,57.0,100.0,1.46,1.5,56,58,14,500
2022-06-05 14:14:00,2.027919292449951,G1M1_new,g1m1_high_load,1.48,57.0,100.0,1.46,1.5,56,58,14,500
2022-06-05 14:16:00,2.0271260738372803,G1M1_new,g1m1_high_load,1.48,57.0,100.0,1.46,1.5,56,58,14,500
2022-06-05 14:17:00,2.0221686363220215,G1M1_new,g1m1_high_load,1.48,57.0,100.0,1.46,1.5,56,58,14,500
2022-06-05 14:18:00,2.020611524581909,G1M1_new,g1m1_high_load,1.48,57.0,100.0,1.46,1.5,56,58,14,500
2022-06-05 14:19:00,2.0215706825256348,G1M1_new,g1m1_high_load,1.48,57.0,100.0,1.46,1.5,56,58,14,500
2022-06-05 14:20:00,2.0230367183685303,G1M1_new,g1m1_high_load,1.48,57.0,100.0,1.46,1.5,56,58,14,500
2022-06-05 14:21:00,2.0237767696380615,G1M1_new,g1m1_high_load,1.48,57.0,100.0,1.46,1.5,56,58,14,500
2022-06-05 14:25:00,2.0278544425964355,G1M1_new,g1m1_high_load,1.48,57.0,100.0,1.46,1.5,56,58,14,500
2022-06-05 14:28:00,2.0256967544555664,G1M1_new,g1m1_high_load,1.48,57.0,100.0,1.46,1.5,56,58,14,500
2022-06-05 14:31:00,2.023085832595825,G1M1_new,g1m1_high_load,1.48,57.0,100.0,1.46,1.5,56,58,14,500
2022-06-05 14:32:00,2.023911952972412,G1M1_new,g1m1_high_load,1.48,57.0,100.0,1.46,1.5,56,58,14,500
2022-06-05 14:33:00,2.023723602294922,G1M1_new,g1m1_high_load,1.48,57.0,100.0,1.46,1.5,56,58,14,500
2022-06-05 14:35:00,2.0268349647521973,G1M1_new,g1m1_high_load,1.48,57.0,100.0,1.46,1.5,56,58,14,500
2022-06-05 14:37:00,2.029594898223877,G1M1_new,g1m1_high_load,1.48,57.0,100.0,1.46,1.5,56,58,14,500
2022-06-05 14:38:00,2.0307059288024902,G1M1_new,g1m1_high_load,1.48,57.0,100.0,1.46,1.5,56,58,14,500
2022-06-05 14:41:00,2.023705005645752,G1M1_new,g1m1_high_load,1.48,57.0,100.0,1.46,1.5,56,58,14,500
2022-06-05 14:42:00,2.021450996398926,G1M1_new,g1m1_high_load,1.48,57.0,100.0,1.46,1.5,56,58,14,500
2022-06-05 14:43:00,2.022852659225464,G1M1_new,g1m1_high_load,1.48,57.0,100.0,1.46,1.5,56,58,14,500
2022-06-05 14:44:00,2.02362060546875,G1M1_new,g1m1_high_load,1.48,57.0,100.0,1.46,1.5,56,58,14,500
2022-06-05 14:46:00,2.0266664028167725,G1M1_new,g1m1_high_load,1.48,57.0,100.0,1.46,1.5,56,58,14,500
2022-06-05 14:48:00,2.0274763107299805,G1M1_new,g1m1_high_load,1.48,57.0,100.0,1.46,1.5,56,58,14,500
2022-06-05 14:50:00,2.0287976264953613,G1M1_new,g1m1_high_load,1.48,57.0,100.0,1.46,1.5,56,58,14,500
2022-06-05 14:53:00,2.024641513824463,G1M1_new,g1m1_high_load,1.48,57.0,100.0,1.46,1.5,56,58,14,500
2022-06-05 14:55:00,2.0246849060058594,G1M1_new,g1m1_high_load,1.48,57.0,100.0,1.46,1.5,56,58,14,500
2022-06-05 14:58:00,2.025668144226074,G1M1_new,g1m1_high_load,1.48,57.0,100.0,1.46,1.5,56,58,14,500
2022-06-05 15:01:00,2.0268828868865967,G1M1_new,g1m1_high_load,1.48,57.0,100.0,1.46,1.5,56,58,14,500
2022-06-05 15:05:00,2.0273420810699463,G1M1_new,g1m1_high_load,1.48,57.0,100.0,1.46,1.5,56,58,14,500
2022-06-05 15:08:00,2.023359537124634,G1M1_new,g1m1_high_load,1.48,57.0,100.0,1.46,1.5,56,58,14,500
2022-06-05 15:09:00,2.0240228176116943,G1M1_new,g1m1_high_load,1.48,57.0,100.0,1.46,1.5,56,58,14,500
2022-06-05 15:14:00,2.0243771076202393,G1M1_new,g1m1_high_load,1.48,57.0,100.0,1.46,1.5,56,58,14,500
2022-06-05 15:18:00,2.0288162231445312,G1M1_new,g1m1_high_load,1.48,57.0,100.0,1.46,1.5,56,58,14,500
2022-06-05 15:19:00,2.0284311771392822,G1M1_new,g1m1_high_load,1.48,57.0,100.0,1.46,1.5,56,58,14,500
2022-06-05 15:21:00,2.0258419513702393,G1M1_new,g1m1_high_load,1.48,57.0,100.0,1.46,1.5,56,58,14,500
2022-06-05 15:22:00,2.025876522064209,G1M1_new,g1m1_high_load,1.48,57.0,100.0,1.46,1.5,56,58,14,500
2022-06-05 15:24:00,2.0266666412353516,G1M1_new,g1m1_high_load,1.48,57.0,100.0,1.46,1.5,56,58,14,500
2022-06-05 15:30:00,2.025294303894043,G1M1_new,g1m1_high_load,1.48,57.0,100.0,1.46,1.5,56,58,14,500
2022-06-05 15:31:00,2.0254178047180176,G1M1_new,g1m1_high_load,1.48,57.0,100.0,1.46,1.5,56,58,14,500
2022-06-05 15:32:00,2.0236740112304688,G1M1_new,g1m1_high_load,1.48,57.0,100.0,1.46,1.5,56,58,14,500
2022-06-05 15:33:00,2.024168014526367,G1M1_new,g1m1_high_load,1.48,57.0,100.0,1.46,1.5,56,58,14,500
2022-06-05 15:35:00,2.0226988792419434,G1M1_new,g1m1_high_load,1.48,57.0,100.0,1.46,1.5,56,58,14,500
2022-06-05 15:36:00,2.0244593620300293,G1M1_new,g1m1_high_load,1.48,57.0,100.0,1.46,1.5,56,58,14,500
2022-06-05 15:38:00,2.024012327194214,G1M1_new,g1m1_high_load,1.48,57.0,100.0,1.46,1.5,56,58,14,500
2022-06-05 15:41:00,2.026190996170044,G1M1_new,g1m1_high_load,1.48,57.0,100.0,1.46,1.5,56,58,14,500
2022-06-05 15:42:00,2.0274505615234375,G1M1_new,g1m1_high_load,1.48,57.0,100.0,1.46,1.5,56,58,14,500
2022-06-05 15:43:00,2.0282416343688965,G1M1_new,g1m1_high_load,1.48,57.0,100.0,1.46,1.5,56,58,14,500
2022-06-05 15:45:00,2.0274455547332764,G1M1_new,g1m1_high_load,1.48,57.0,100.0,1.46,1.5,56,58,14,500
2022-06-05 15:46:00,2.0275609493255615,G1M1_new,g1m1_high_load,1.48,57.0,100.0,1.46,1.5,56,58,14,500
2022-06-05 15:47:00,2.0275113582611084,G1M1_new,g1m1_high_load,1.48,57.0,100.0,1.46,1.5,56,58,14,500
2022-06-05 15:48:00,2.0274579524993896,G1M1_new,g1m1_high_load,1.48,57.0,100.0,1.46,1.5,56,58,14,500
2022-06-05 15:49:00,2.0276737213134766,G1M1_new,g1m1_high_load,1.48,57.0,100.0,1.46,1.5,56,58,14,500
2022-06-05 15:55:00,2.021099090576172,G1M1_new,g1m1_high_load,1.48,57.0,100.0,1.46,1.5,56,58,14,500
2022-06-05 15:57:00,2.024832010269165,G1M1_new,g1m1_high_load,1.48,57.0,100.0,1.46,1.5,56,58,14,500
2022-06-05 15:58:00,2.0272982120513916,G1M1_new,g1m1_high_load,1.48,57.0,100.0,1.46,1.5,56,58,14,500
2022-06-05 15:59:00,2.027804374694824,G1M1_new,g1m1_high_load,1.48,57.0,100.0,1.46,1.5,56,58,14,500
2022-06-05 16:00:00,2.02907133102417,G1M1_new,g1m1_high_load,1.48,57.0,100.0,1.46,1.5,56,58,14,500
2022-06-05 16:02:00,2.0267527103424072,G1M1_new,g1m1_high_load,1.48,57.0,100.0,1.46,1.5,56,58,14,500
2022-06-05 16:03:00,2.0262365341186523,G1M1_new,g1m1_high_load,1.48,57.0,100.0,1.46,1.5,56,58,14,500
2022-06-05 16:04:00,2.025188446044922,G1M1_new,g1m1_high_load,1.48,57.0,100.0,1.46,1.5,56,58,14,500
2022-06-05 16:06:00,2.024768114089966,G1M1_new,g1m1_high_load,1.48,57.0,100.0,1.46,1.5,56,58,14,500
2022-06-05 16:11:00,2.0270185470581055,G1M1_new,g1m1_high_load,1.48,57.0,100.0,1.46,1.5,56,58,14,500
2022-06-05 16:12:00,2.027132987976074,G1M1_new,g1m1_high_load,1.48,57.0,100.0,1.46,1.5,56,58,14,500
2022-06-05 16:13:00,2.027501106262207,G1M1_new,g1m1_high_load,1.48,57.0,100.0,1.46,1.5,56,58,14,500
2022-06-05 16:14:00,2.0273990631103516,G1M1_new,g1m1_high_load,1.48,57.0,100.0,1.46,1.5,56,58,14,500
2022-06-05 16:19:00,2.025222063064575,G1M1_new,g1m1_high_load,1.48,57.0,100.0,1.46,1.5,56,58,14,500
2022-06-05 16:20:00,2.0256147384643555,G1M1_new,g1m1_high_load,1.48,57.0,100.0,1.46,1.5,56,58,14,500
2022-06-05 16:22:00,2.024366855621338,G1M1_new,g1m1_high_load,1.48,57.0,100.0,1.46,1.5,56,58,14,500
2022-06-05 16:23:00,2.0243887901306152,G1M1_new,g1m1_high_load,1.48,57.0,100.0,1.46,1.5,56,58,14,500
2022-06-05 16:25:00,2.0256853103637695,G1M1_new,g1m1_high_load,1.48,57.0,100.0,1.46,1.5,56,58,14,500
2022-06-05 16:27:00,2.0265121459960938,G1M1_new,g1m1_high_load,1.48,57.0,100.0,1.46,1.5,56,58,14,500
2022-06-05 16:28:00,2.0295677185058594,G1M1_new,g1m1_high_load,1.48,57.0,100.0,1.46,1.5,56,58,14,500
2022-06-05 16:29:00,2.0268096923828125,G1M1_new,g1m1_high_load,1.48,57.0,100.0,1.46,1.5,56,58,14,500
2022-06-05 16:30:00,2.0286200046539307,G1M1_new,g1m1_high_load,1.48,57.0,100.0,1.46,1.5,56,58,14,500
2022-06-05 16:31:00,2.0309765338897705,G1M1_new,g1m1_high_load,1.48,57.0,100.0,1.46,1.5,56,58,14,500
2022-06-05 16:32:00,2.0272037982940674,G1M1_new,g1m1_high_load,1.48,57.0,100.0,1.46,1.5,56,58,14,500
2022-06-05 16:33:00,2.026297092437744,G1M1_new,g1m1_high_load,1.48,57.0,100.0,1.46,1.5,56,58,14,500
2022-06-05 16:34:00,2.0268876552581787,G1M1_new,g1m1_high_load,1.48,57.0,100.0,1.46,1.5,56,58,14,500
2022-06-05 16:36:00,2.026014804840088,G1M1_new,g1m1_high_load,1.48,57.0,100.0,1.46,1.5,56,58,14,500
2022-06-05 16:37:00,2.029449939727783,G1M1_new,g1m1_high_load,1.48,57.0,100.0,1.46,1.5,56,58,14,500
2022-06-05 16:38:00,2.0283560752868652,G1M1_new,g1m1_high_load,1.48,57.0,100.0,1.46,1.5,56,58,14,500
2022-06-05 16:40:00,2.0242555141448975,G1M1_new,g1m1_high_load,1.48,57.0,100.0,1.46,1.5,56,58,14,500
2022-06-05 16:41:00,2.020925521850586,G1M1_new,g1m1_high_load,1.48,57.0,100.0,1.46,1.5,56,58,14,500
2022-06-05 16:42:00,2.0220038890838623,G1M1_new,g1m1_high_load,1.48,57.0,100.0,1.46,1.5,56,58,14,500
2022-06-05 16:43:00,2.023129940032959,G1M1_new,g1m1_high_load,1.48,57.0,100.0,1.46,1.5,56,58,14,500
2022-06-05 16:44:00,2.0234744548797607,G1M1_new,g1m1_high_load,1.48,57.0,100.0,1.46,1.5,56,58,14,500
2022-06-05 16:47:00,2.0272109508514404,G1M1_new,g1m1_high_load,1.48,57.0,100.0,1.46,1.5,56,58,14,500
2022-06-05 16:48:00,2.0275118350982666,G1M1_new,g1m1_high_load,1.48,57.0,100.0,1.46,1.5,56,58,14,500
2022-06-05 16:50:00,2.0272068977355957,G1M1_new,g1m1_high_load,1.48,57.0,100.0,1.46,1.5,56,58,14,500
2022-06-05 16:52:00,2.025700092315674,G1M1_new,g1m1_high_load,1.48,57.0,100.0,1.46,1.5,56,58,14,500
2022-06-05 16:57:00,2.025327444076538,G1M1_new,g1m1_high_load,1.48,57.0,100.0,1.46,1.5,56,58,14,500
2022-06-05 16:58:00,2.0236899852752686,G1M1_new,g1m1_high_load,1.48,57.0,100.0,1.46,1.5,56,58,14,500
2022-06-05 17:10:00,2.024614095687866,G1M1_new,g1m1_high_load,1.48,57.0,100.0,1.46,1.5,56,58,14,500
2022-06-05 17:11:00,2.024718999862671,G1M1_new,g1m1_high_load,1.48,57.0,100.0,1.46,1.5,56,58,14,500
2022-06-05 17:14:00,2.0291502475738525,G1M1_new,g1m1_high_load,1.48,57.0,100.0,1.46,1.5,56,58,14,500
2022-06-05 17:16:00,2.027005195617676,G1M1_new,g1m1_high_load,1.48,57.0,100.0,1.46,1.5,56,58,14,500
2022-06-05 17:18:00,2.025327682495117,G1M1_new,g1m1_high_load,1.48,57.0,100.0,1.46,1.5,56,58,14,500
2022-06-05 17:21:00,2.024102210998535,G1M1_new,g1m1_high_load,1.48,57.0,100.0,1.46,1.5,56,58,14,500
2022-06-05 17:22:00,2.0239036083221436,G1M1_new,g1m1_high_load,1.48,57.0,100.0,1.46,1.5,56,58,14,500
2022-06-05 17:23:00,2.023160457611084,G1M1_new,g1m1_high_load,1.48,57.0,100.0,1.46,1.5,56,58,14,500
2022-06-05 17:25:00,2.0277626514434814,G1M1_new,g1m1_high_load,1.48,57.0,100.0,1.46,1.5,56,58,14,500
2022-06-05 17:27:00,2.0294923782348633,G1M1_new,g1m1_high_load,1.48,57.0,100.0,1.46,1.5,56,58,14,500
2022-06-05 17:28:00,2.026972770690918,G1M1_new,g1m1_high_load,1.48,57.0,100.0,1.46,1.5,56,58,14,500
2022-06-05 17:33:00,2.022639751434326,G1M1_new,g1m1_high_load,1.48,57.0,100.0,1.46,1.5,56,58,14,500
2022-06-05 17:36:00,2.0273194313049316,G1M1_new,g1m1_high_load,1.48,57.0,100.0,1.46,1.5,56,58,14,500
2022-06-05 17:38:00,2.027092695236206,G1M1_new,g1m1_high_load,1.48,57.0,100.0,1.46,1.5,56,58,14,500
2022-06-05 17:41:00,2.0250675678253174,G1M1_new,g1m1_high_load,1.48,57.0,100.0,1.46,1.5,56,58,14,500
2022-06-05 17:44:00,2.0236093997955322,G1M1_new,g1m1_high_load,1.48,57.0,100.0,1.46,1.5,56,58,14,500
2022-06-05 17:45:00,2.023749589920044,G1M1_new,g1m1_high_load,1.48,57.0,100.0,1.46,1.5,56,58,14,500
2022-06-05 17:49:00,2.029813528060913,G1M1_new,g1m1_high_load,1.48,57.0,100.0,1.46,1.5,56,58,14,500
2022-06-05 17:50:00,2.0262532234191895,G1M1_new,g1m1_high_load,1.48,57.0,100.0,1.46,1.5,56,58,14,500
2022-06-05 17:51:00,2.024665355682373,G1M1_new,g1m1_high_load,1.48,57.0,100.0,1.46,1.5,56,58,14,500
2022-06-05 17:53:00,2.0206284523010254,G1M1_new,g1m1_high_load,1.48,57.0,100.0,1.46,1.5,56,58,14,500
2022-06-05 17:56:00,2.025360107421875,G1M1_new,g1m1_high_load,1.48,57.0,100.0,1.46,1.5,56,58,14,500
2022-06-05 17:57:00,2.026012659072876,G1M1_new,g1m1_high_load,1.48,57.0,100.0,1.46,1.5,56,58,14,500
2022-06-05 17:58:00,2.026465654373169,G1M1_new,g1m1_high_load,1.48,57.0,100.0,1.46,1.5,56,58,14,500
2022-06-05 17:59:00,2.0277702808380127,G1M1_new,g1m1_high_load,1.48,57.0,100.0,1.46,1.5,56,58,14,500
2022-06-05 18:01:00,2.0270943641662598,G1M1_new,g1m1_high_load,1.48,57.0,100.0,1.46,1.5,56,58,14,500
2022-06-05 18:02:00,2.025534152984619,G1M1_new,g1m1_high_load,1.48,57.0,100.0,1.46,1.5,56,58,14,500
2022-06-05 18:03:00,2.026243209838867,G1M1_new,g1m1_high_load,1.48,57.0,100.0,1.46,1.5,56,58,14,500
2022-06-05 18:05:00,2.0237605571746826,G1M1_new,g1m1_high_load,1.48,57.0,100.0,1.46,1.5,56,58,14,500
2022-06-05 18:06:00,2.024855375289917,G1M1_new,g1m1_high_load,1.48,57.0,100.0,1.46,1.5,56,58,14,500
2022-06-05 18:07:00,2.023602247238159,G1M1_new,g1m1_high_load,1.48,57.0,100.0,1.46,1.5,56,58,14,500
2022-06-05 18:08:00,2.0230491161346436,G1M1_new,g1m1_high_load,1.48,57.0,100.0,1.46,1.5,56,58,14,500
2022-06-05 18:09:00,2.0241410732269287,G1M1_new,g1m1_high_load,1.48,57.0,100.0,1.46,1.5,56,58,14,500
2022-06-05 18:10:00,2.023725986480713,G1M1_new,g1m1_high_load,1.48,57.0,100.0,1.46,1.5,56,58,14,500
2022-06-05 18:14:00,2.0299551486968994,G1M1_new,g1m1_high_load,1.48,57.0,100.0,1.46,1.5,56,58,14,500
2022-06-05 18:15:00,2.0283496379852295,G1M1_new,g1m1_high_load,1.48,57.0,100.0,1.46,1.5,56,58,14,500
2022-06-05 18:17:00,2.024203300476074,G1M1_new,g1m1_high_load,1.48,57.0,100.0,1.46,1.5,56,58,14,500
2022-06-05 18:19:00,2.0220980644226074,G1M1_new,g1m1_high_load,1.48,57.0,100.0,1.46,1.5,56,58,14,500
2022-06-05 18:21:00,2.0212817192077637,G1M1_new,g1m1_high_load,1.48,57.0,100.0,1.46,1.5,56,58,14,500
2022-06-05 18:24:00,2.025958776473999,G1M1_new,g1m1_high_load,1.48,57.0,100.0,1.46,1.5,56,58,14,500
2022-06-05 18:27:00,2.026305913925171,G1M1_new,g1m1_high_load,1.48,57.0,100.0,1.46,1.5,56,58,14,500
2022-06-05 18:28:00,2.022765636444092,G1M1_new,g1m1_high_load,1.48,57.0,100.0,1.46,1.5,56,58,14,500
2022-06-05 18:29:00,2.025658369064331,G1M1_new,g1m1_high_load,1.48,57.0,100.0,1.46,1.5,56,58,14,500
2022-06-05 18:30:00,2.0245282649993896,G1M1_new,g1m1_high_load,1.48,57.0,100.0,1.46,1.5,56,58,14,500
2022-06-05 18:31:00,2.0226409435272217,G1M1_new,g1m1_high_load,1.48,57.0,100.0,1.46,1.5,56,58,14,500
2022-06-05 18:32:00,2.0228662490844727,G1M1_new,g1m1_high_load,1.48,57.0,100.0,1.46,1.5,56,58,14,500
2022-06-05 18:33:00,2.022284746170044,G1M1_new,g1m1_high_load,1.48,57.0,100.0,1.46,1.5,56,58,14,500
2022-06-05 18:36:00,2.0252342224121094,G1M1_new,g1m1_high_load,1.48,57.0,100.0,1.46,1.5,56,58,14,500
2022-06-05 18:37:00,2.026928424835205,G1M1_new,g1m1_high_load,1.48,57.0,100.0,1.46,1.5,56,58,14,500
2022-06-05 18:38:00,2.0260045528411865,G1M1_new,g1m1_high_load,1.48,57.0,100.0,1.46,1.5,56,58,14,500
2022-06-05 18:40:00,2.0247910022735596,G1M1_new,g1m1_high_load,1.48,57.0,100.0,1.46,1.5,56,58,14,500
2022-06-05 18:41:00,2.0236897468566895,G1M1_new,g1m1_high_load,1.48,57.0,100.0,1.46,1.5,56,58,14,500
2022-06-05 18:42:00,2.0202295780181885,G1M1_new,g1m1_high_load,1.48,57.0,100.0,1.46,1.5,56,58,14,500
2022-06-05 18:43:00,2.023226737976074,G1M1_new,g1m1_high_load,1.48,57.0,100.0,1.46,1.5,56,58,14,500
2022-06-05 18:45:00,2.0221071243286133,G1M1_new,g1m1_high_load,1.48,57.0,100.0,1.46,1.5,56,58,14,500
2022-06-05 18:47:00,2.0249862670898438,G1M1_new,g1m1_high_load,1.48,57.0,100.0,1.46,1.5,56,58,14,500
2022-06-05 18:48:00,2.026482582092285,G1M1_new,g1m1_high_load,1.48,57.0,100.0,1.46,1.5,56,58,14,500
2022-06-05 18:50:00,2.027747869491577,G1M1_new,g1m1_high_load,1.48,57.0,100.0,1.46,1.5,56,58,14,500
2022-06-05 18:53:00,2.0240628719329834,G1M1_new,g1m1_high_load,1.48,57.0,100.0,1.46,1.5,56,58,14,500
2022-06-05 18:54:00,2.023482322692871,G1M1_new,g1m1_high_load,1.48,57.0,100.0,1.46,1.5,56,58,14,500
2022-06-05 18:56:00,2.0233304500579834,G1M1_new,g1m1_high_load,1.48,57.0,100.0,1.46,1.5,56,58,14,500
2022-06-05 18:57:00,2.0235660076141357,G1M1_new,g1m1_high_load,1.48,57.0,100.0,1.46,1.5,56,58,14,500
2022-06-05 19:00:00,2.0239431858062744,G1M1_new,g1m1_high_load,1.48,57.0,100.0,1.46,1.5,56,58,14,500
2022-06-05 19:02:00,2.0259885787963867,G1M1_new,g1m1_high_load,1.48,57.0,100.0,1.46,1.5,56,58,14,500
2022-06-05 19:04:00,2.0279407501220703,G1M1_new,g1m1_high_load,1.48,57.0,100.0,1.46,1.5,56,58,14,500
2022-06-05 19:05:00,2.025846004486084,G1M1_new,g1m1_high_load,1.48,57.0,100.0,1.46,1.5,56,58,14,500
2022-06-05 19:08:00,2.0201194286346436,G1M1_new,g1m1_high_load,1.48,57.0,100.0,1.46,1.5,56,58,14,500
2022-06-05 19:10:00,2.022460699081421,G1M1_new,g1m1_high_load,1.48,57.0,100.0,1.46,1.5,56,58,14,500
2022-06-05 19:11:00,2.0219945907592773,G1M1_new,g1m1_high_load,1.48,57.0,100.0,1.46,1.5,56,58,14,500
2022-06-05 19:12:00,2.0240862369537354,G1M1_new,g1m1_high_load,1.48,57.0,100.0,1.46,1.5,56,58,14,500
2022-06-05 19:13:00,2.026735782623291,G1M1_new,g1m1_high_load,1.48,57.0,100.0,1.46,1.5,56,58,14,500
2022-06-05 19:15:00,2.027616024017334,G1M1_new,g1m1_high_load,1.48,57.0,100.0,1.46,1.5,56,58,14,500
2022-06-05 19:17:00,2.025515556335449,G1M1_new,g1m1_high_load,1.48,57.0,100.0,1.46,1.5,56,58,14,500
2022-06-05 19:18:00,2.024703025817871,G1M1_new,g1m1_high_load,1.48,57.0,100.0,1.46,1.5,56,58,14,500
2022-06-05 19:21:00,2.0229833126068115,G1M1_new,g1m1_high_load,1.48,57.0,100.0,1.46,1.5,56,58,14,500
2022-06-05 19:24:00,2.0242836475372314,G1M1_new,g1m1_high_load,1.48,57.0,100.0,1.46,1.5,56,58,14,500
2022-06-05 19:26:00,2.025010585784912,G1M1_new,g1m1_high_load,1.48,57.0,100.0,1.46,1.5,56,58,14,500
2022-06-05 19:35:00,2.024125337600708,G1M1_new,g1m1_high_load,1.48,57.0,100.0,1.46,1.5,56,58,14,500
2022-06-05 19:38:00,2.0263071060180664,G1M1_new,g1m1_high_load,1.48,57.0,100.0,1.46,1.5,56,58,14,500
2022-06-05 19:42:00,2.0248219966888428,G1M1_new,g1m1_high_load,1.48,57.0,100.0,1.46,1.5,56,58,14,500
2022-06-05 19:44:00,2.0242843627929688,G1M1_new,g1m1_high_load,1.48,57.0,100.0,1.46,1.5,56,58,14,500
2022-06-05 19:47:00,2.0230319499969482,G1M1_new,g1m1_high_load,1.48,57.0,100.0,1.46,1.5,56,58,14,500
2022-06-05 19:48:00,2.023787260055542,G1M1_new,g1m1_high_load,1.48,57.0,100.0,1.46,1.5,56,58,14,500
2022-06-05 19:49:00,2.024724245071411,G1M1_new,g1m1_high_load,1.48,57.0,100.0,1.46,1.5,56,58,14,500
2022-06-05 19:50:00,2.024519443511963,G1M1_new,g1m1_high_load,1.48,57.0,100.0,1.46,1.5,56,58,14,500
2022-06-05 19:51:00,2.0262317657470703,G1M1_new,g1m1_high_load,1.48,57.0,100.0,1.46,1.5,56,58,14,500
2022-06-05 19:54:00,2.020130157470703,G1M1_new,g1m1_high_load,1.48,57.0,100.0,1.46,1.5,56,58,14,500
2022-06-05 19:56:00,2.021517753601074,G1M1_new,g1m1_high_load,1.48,57.0,100.0,1.46,1.5,56,58,14,500
2022-06-05 19:57:00,2.021350145339966,G1M1_new,g1m1_high_load,1.48,57.0,100.0,1.46,1.5,56,58,14,500
2022-06-05 19:58:00,2.0234899520874023,G1M1_new,g1m1_high_load,1.48,57.0,100.0,1.46,1.5,56,58,14,500
2022-06-05 20:00:00,2.0268239974975586,G1M1_new,g1m1_high_load,1.48,57.0,100.0,1.46,1.5,56,58,14,500
2022-06-05 20:01:00,2.0268261432647705,G1M1_new,g1m1_high_load,1.48,57.0,100.0,1.46,1.5,56,58,14,500
2022-06-05 20:03:00,2.025115489959717,G1M1_new,g1m1_high_load,1.48,57.0,100.0,1.46,1.5,56,58,14,500
2022-06-05 20:06:00,2.0226027965545654,G1M1_new,g1m1_high_load,1.48,57.0,100.0,1.46,1.5,56,58,14,500
2022-06-05 20:08:00,2.022888422012329,G1M1_new,g1m1_high_load,1.48,57.0,100.0,1.46,1.5,56,58,14,500
2022-06-05 20:11:00,2.022986888885498,G1M1_new,g1m1_high_load,1.48,57.0,100.0,1.46,1.5,56,58,14,500
2022-06-05 20:13:00,2.023925304412842,G1M1_new,g1m1_high_load,1.48,57.0,100.0,1.46,1.5,56,58,14,500
2022-06-05 20:14:00,2.0244524478912354,G1M1_new,g1m1_high_load,1.48,57.0,100.0,1.46,1.5,56,58,14,500
2022-06-05 20:15:00,2.0257303714752197,G1M1_new,g1m1_high_load,1.48,57.0,100.0,1.46,1.5,56,58,14,500
2022-06-05 20:18:00,2.0254409313201904,G1M1_new,g1m1_high_load,1.48,57.0,100.0,1.46,1.5,56,58,14,500
2022-06-05 20:19:00,2.024975061416626,G1M1_new,g1m1_high_load,1.48,57.0,100.0,1.46,1.5,56,58,14,500
2022-06-05 20:20:00,2.0243098735809326,G1M1_new,g1m1_high_load,1.48,57.0,100.0,1.46,1.5,56,58,14,500
2022-06-05 20:24:00,2.02341365814209,G1M1_new,g1m1_high_load,1.48,57.0,100.0,1.46,1.5,56,58,14,500
2022-06-05 20:25:00,2.0230371952056885,G1M1_new,g1m1_high_load,1.48,57.0,100.0,1.46,1.5,56,58,14,500
2022-06-05 20:26:00,2.0236597061157227,G1M1_new,g1m1_high_load,1.48,57.0,100.0,1.46,1.5,56,58,14,500
2022-06-05 20:27:00,2.023501396179199,G1M1_new,g1m1_high_load,1.48,57.0,100.0,1.46,1.5,56,58,14,500
2022-06-05 20:32:00,2.021359920501709,G1M1_new,g1m1_high_load,1.48,57.0,100.0,1.46,1.5,56,58,14,500
2022-06-05 20:33:00,2.021277666091919,G1M1_new,g1m1_high_load,1.48,57.0,100.0,1.46,1.5,56,58,14,500
2022-06-05 20:35:00,2.0256264209747314,G1M1_new,g1m1_high_load,1.48,57.0,100.0,1.46,1.5,56,58,14,500
2022-06-05 20:36:00,2.026538372039795,G1M1_new,g1m1_high_load,1.48,57.0,100.0,1.46,1.5,56,58,14,500
2022-06-05 20:37:00,2.028219699859619,G1M1_new,g1m1_high_load,1.48,57.0,100.0,1.46,1.5,56,58,14,500
2022-06-05 20:38:00,2.028203010559082,G1M1_new,g1m1_high_load,1.48,57.0,100.0,1.46,1.5,56,58,14,500
2022-06-05 20:40:00,2.023341417312622,G1M1_new,g1m1_high_load,1.48,57.0,100.0,1.46,1.5,56,58,14,500
2022-06-05 20:42:00,2.019826650619507,G1M1_new,g1m1_high_load,1.48,57.0,100.0,1.46,1.5,56,58,14,500
2022-06-05 20:47:00,2.024552345275879,G1M1_new,g1m1_high_load,1.48,57.0,100.0,1.46,1.5,56,58,14,500
2022-06-05 20:48:00,2.025853157043457,G1M1_new,g1m1_high_load,1.48,57.0,100.0,1.46,1.5,56,58,14,500
2022-06-05 20:49:00,2.026625394821167,G1M1_new,g1m1_high_load,1.48,57.0,100.0,1.46,1.5,56,58,14,500
2022-06-05 20:50:00,2.0260136127471924,G1M1_new,g1m1_high_load,1.48,57.0,100.0,1.46,1.5,56,58,14,500
2022-06-05 20:52:00,2.0237698554992676,G1M1_new,g1m1_high_load,1.48,57.0,100.0,1.46,1.5,56,58,14,500
2022-06-05 20:55:00,2.023083209991455,G1M1_new,g1m1_high_load,1.48,57.0,100.0,1.46,1.5,56,58,14,500
2022-06-05 20:57:00,2.022141456604004,G1M1_new,g1m1_high_load,1.48,57.0,100.0,1.46,1.5,56,58,14,500
2022-06-05 20:58:00,2.0221948623657227,G1M1_new,g1m1_high_load,1.48,57.0,100.0,1.46,1.5,56,58,14,500
2022-06-05 21:00:00,2.0229082107543945,G1M1_new,g1m1_high_load,1.48,57.0,100.0,1.46,1.5,56,58,14,500
2022-06-05 21:02:00,2.0251193046569824,G1M1_new,g1m1_high_load,1.48,57.0,100.0,1.46,1.5,56,58,14,500
2022-06-05 21:03:00,2.0261082649230957,G1M1_new,g1m1_high_load,1.48,57.0,100.0,1.46,1.5,56,58,14,500
2022-06-05 21:04:00,2.026726007461548,G1M1_new,g1m1_high_load,1.48,57.0,100.0,1.46,1.5,56,58,14,500
2022-06-05 21:15:00,2.0270276069641113,G1M1_new,g1m1_high_load,1.48,57.0,100.0,1.46,1.5,56,58,14,500
2022-06-05 21:17:00,2.0252795219421387,G1M1_new,g1m1_high_load,1.48,57.0,100.0,1.46,1.5,56,58,14,500
2022-06-05 21:18:00,2.0248966217041016,G1M1_new,g1m1_high_load,1.48,57.0,100.0,1.46,1.5,56,58,14,500
2022-06-05 21:20:00,2.0239806175231934,G1M1_new,g1m1_high_load,1.48,57.0,100.0,1.46,1.5,56,58,14,500
2022-06-05 21:23:00,2.024430990219116,G1M1_new,g1m1_high_load,1.48,57.0,100.0,1.46,1.5,56,58,14,500
2022-06-05 21:24:00,2.0246176719665527,G1M1_new,g1m1_high_load,1.48,57.0,100.0,1.46,1.5,56,58,14,500
2022-06-05 21:27:00,2.0247321128845215,G1M1_new,g1m1_high_load,1.48,57.0,100.0,1.46,1.5,56,58,14,500
2022-06-05 21:30:00,2.0175960063934326,G1M1_new,g1m1_high_load,1.48,57.0,100.0,1.46,1.5,56,58,14,500
2022-06-05 21:31:00,2.018009662628174,G1M1_new,g1m1_high_load,1.48,57.0,100.0,1.46,1.5,56,58,14,500
2022-06-05 21:32:00,2.019594430923462,G1M1_new,g1m1_high_load,1.48,57.0,100.0,1.46,1.5,56,58,14,500
2022-06-05 21:34:00,2.0209436416625977,G1M1_new,g1m1_high_load,1.48,57.0,100.0,1.46,1.5,56,58,14,500
2022-06-05 21:36:00,2.0237038135528564,G1M1_new,g1m1_high_load,1.48,57.0,100.0,1.46,1.5,56,58,14,500
2022-06-05 21:38:00,2.0248758792877197,G1M1_new,g1m1_high_load,1.48,57.0,100.0,1.46,1.5,56,58,14,500
2022-06-05 21:40:00,2.0248911380767822,G1M1_new,g1m1_high_load,1.48,57.0,100.0,1.46,1.5,56,58,14,500
2022-06-05 21:41:00,2.0233137607574463,G1M1_new,g1m1_high_load,1.48,57.0,100.0,1.46,1.5,56,58,14,500
2022-06-05 21:42:00,2.023869752883911,G1M1_new,g1m1_high_load,1.48,57.0,100.0,1.46,1.5,56,58,14,500
2022-06-05 21:44:00,2.0225541591644287,G1M1_new,g1m1_high_load,1.48,57.0,100.0,1.46,1.5,56,58,14,500
2022-06-05 21:45:00,2.0233209133148193,G1M1_new,g1m1_high_load,1.48,57.0,100.0,1.46,1.5,56,58,14,500
2022-06-05 21:46:00,2.0189602375030518,G1M1_new,g1m1_high_load,1.48,57.0,100.0,1.46,1.5,56,58,14,500
2022-06-05 21:48:00,2.024933099746704,G1M1_new,g1m1_high_load,1.48,57.0,100.0,1.46,1.5,56,58,14,500
2022-06-05 21:51:00,2.0252506732940674,G1M1_new,g1m1_high_load,1.48,57.0,100.0,1.46,1.5,56,58,14,500
2022-06-05 21:53:00,2.01786208152771,G1M1_new,g1m1_high_load,1.48,57.0,100.0,1.46,1.5,56,58,14,500
2022-06-05 21:55:00,2.020355701446533,G1M1_new,g1m1_high_load,1.48,57.0,100.0,1.46,1.5,56,58,14,500
2022-06-05 21:56:00,2.020195722579956,G1M1_new,g1m1_high_load,1.48,57.0,100.0,1.46,1.5,56,58,14,500
2022-06-05 21:58:00,2.023221492767334,G1M1_new,g1m1_high_load,1.48,57.0,100.0,1.46,1.5,56,58,14,500
2022-06-05 22:02:00,2.0255777835845947,G1M1_new,g1m1_high_load,1.48,57.0,100.0,1.46,1.5,56,58,14,500
2022-06-05 22:06:00,2.0235800743103027,G1M1_new,g1m1_high_load,1.48,57.0,100.0,1.46,1.5,56,58,14,500
2022-06-05 22:11:00,2.0241048336029053,G1M1_new,g1m1_high_load,1.48,57.0,100.0,1.46,1.5,56,58,14,500
2022-06-05 22:12:00,2.0256431102752686,G1M1_new,g1m1_high_load,1.48,57.0,100.0,1.46,1.5,56,58,14,500
2022-06-05 22:13:00,2.0241873264312744,G1M1_new,g1m1_high_load,1.48,57.0,100.0,1.46,1.5,56,58,14,500
2022-06-05 22:17:00,2.02270245552063,G1M1_new,g1m1_high_load,1.48,57.0,100.0,1.46,1.5,56,58,14,500
2022-06-05 22:23:00,2.023993730545044,G1M1_new,g1m1_high_load,1.48,57.0,100.0,1.46,1.5,56,58,14,500
2022-06-05 22:25:00,2.0263302326202393,G1M1_new,g1m1_high_load,1.48,57.0,100.0,1.46,1.5,56,58,14,500
2022-06-05 22:27:00,2.024885892868042,G1M1_new,g1m1_high_load,1.48,57.0,100.0,1.46,1.5,56,58,14,500
2022-06-05 22:29:00,2.0241951942443848,G1M1_new,g1m1_high_load,1.48,57.0,100.0,1.46,1.5,56,58,14,500
2022-06-05 22:30:00,2.023745059967041,G1M1_new,g1m1_high_load,1.48,57.0,100.0,1.46,1.5,56,58,14,500
2022-06-05 22:31:00,2.0229170322418213,G1M1_new,g1m1_high_load,1.48,57.0,100.0,1.46,1.5,56,58,14,500
2022-06-05 22:38:00,2.0209312438964844,G1M1_new,g1m1_high_load,1.48,57.0,100.0,1.46,1.5,56,58,14,500
2022-06-05 22:39:00,2.0207157135009766,G1M1_new,g1m1_high_load,1.48,57.0,100.0,1.46,1.5,56,58,14,500
2022-06-05 22:42:00,2.0215084552764893,G1M1_new,g1m1_high_load,1.48,57.0,100.0,1.46,1.5,56,58,14,500
2022-06-05 22:43:00,2.02299427986145,G1M1_new,g1m1_high_load,1.48,57.0,100.0,1.46,1.5,56,58,14,500
2022-06-05 22:45:00,2.0248374938964844,G1M1_new,g1m1_high_load,1.48,57.0,100.0,1.46,1.5,56,58,14,500
2022-06-05 22:47:00,2.0241427421569824,G1M1_new,g1m1_high_load,1.48,57.0,100.0,1.46,1.5,56,58,14,500
2022-06-05 22:48:00,2.0243489742279053,G1M1_new,g1m1_high_load,1.48,57.0,100.0,1.46,1.5,56,58,14,500
2022-06-05 22:49:00,2.023040294647217,G1M1_new,g1m1_high_load,1.48,57.0,100.0,1.46,1.5,56,58,14,500
2022-06-05 22:50:00,2.023275136947632,G1M1_new,g1m1_high_load,1.48,57.0,100.0,1.46,1.5,56,58,14,500
2022-06-05 22:51:00,2.022838592529297,G1M1_new,g1m1_high_load,1.48,57.0,100.0,1.46,1.5,56,58,14,500
2022-06-05 22:54:00,2.0223426818847656,G1M1_new,g1m1_high_load,1.48,57.0,100.0,1.46,1.5,56,58,14,500
2022-06-05 23:00:00,2.0279228687286377,G1M1_new,g1m1_high_load,1.48,57.0,100.0,1.46,1.5,56,58,14,500
2022-06-05 23:02:00,2.0246379375457764,G1M1_new,g1m1_high_load,1.48,57.0,100.0,1.46,1.5,56,58,14,500
2022-06-05 23:04:00,2.0210657119750977,G1M1_new,g1m1_high_load,1.48,57.0,100.0,1.46,1.5,56,58,14,500
2022-06-05 23:08:00,2.020488739013672,G1M1_new,g1m1_high_load,1.48,57.0,100.0,1.46,1.5,56,58,14,500
2022-06-05 23:11:00,2.025682210922241,G1M1_new,g1m1_high_load,1.48,57.0,100.0,1.46,1.5,56,58,14,500
2022-06-05 23:12:00,2.0252597332000732,G1M1_new,g1m1_high_load,1.48,57.0,100.0,1.46,1.5,56,58,14,500
2022-06-05 23:15:00,2.024204969406128,G1M1_new,g1m1_high_load,1.48,57.0,100.0,1.46,1.5,56,58,14,500
2022-06-05 23:17:00,2.023911237716675,G1M1_new,g1m1_high_load,1.48,57.0,100.0,1.46,1.5,56,58,14,500
2022-06-05 23:18:00,2.0214295387268066,G1M1_new,g1m1_high_load,1.48,57.0,100.0,1.46,1.5,56,58,14,500
2022-06-05 23:19:00,2.021737575531006,G1M1_new,g1m1_high_load,1.48,57.0,100.0,1.46,1.5,56,58,14,500
2022-06-05 23:20:00,2.0221381187438965,G1M1_new,g1m1_high_load,1.48,57.0,100.0,1.46,1.5,56,58,14,500
2022-06-05 23:21:00,2.023815870285034,G1M1_new,g1m1_high_load,1.48,57.0,100.0,1.46,1.5,56,58,14,500
2022-06-05 23:22:00,2.0219907760620117,G1M1_new,g1m1_high_load,1.48,57.0,100.0,1.46,1.5,56,58,14,500
2022-06-05 23:27:00,2.019845724105835,G1M1_new,g1m1_high_load,1.48,57.0,100.0,1.46,1.5,56,58,14,500
2022-06-05 23:28:00,2.0194506645202637,G1M1_new,g1m1_high_load,1.48,57.0,100.0,1.46,1.5,56,58,14,500
2022-06-05 23:32:00,2.0232040882110596,G1M1_new,g1m1_high_load,1.48,57.0,100.0,1.46,1.5,56,58,14,500
2022-06-05 23:33:00,2.0246925354003906,G1M1_new,g1m1_high_load,1.48,57.0,100.0,1.46,1.5,56,58,14,500
2022-06-05 23:39:00,2.0248067378997803,G1M1_new,g1m1_high_load,1.48,57.0,100.0,1.46,1.5,56,58,14,500
2022-06-05 23:40:00,2.023115634918213,G1M1_new,g1m1_high_load,1.48,57.0,100.0,1.46,1.5,56,58,14,500
2022-06-05 23:41:00,2.023083209991455,G1M1_new,g1m1_high_load,1.48,57.0,100.0,1.46,1.5,56,58,14,500
2022-06-05 23:47:00,2.023782968521118,G1M1_new,g1m1_high_load,1.48,57.0,100.0,1.46,1.5,56,58,14,500
2022-06-05 23:48:00,2.023240327835083,G1M1_new,g1m1_high_load,1.48,57.0,100.0,1.46,1.5,56,58,14,500
2022-06-05 23:50:00,2.0254859924316406,G1M1_new,g1m1_high_load,1.48,57.0,100.0,1.46,1.5,56,58,14,500
2022-06-05 23:51:00,2.021167278289795,G1M1_new,g1m1_high_load,1.48,57.0,100.0,1.46,1.5,56,58,14,500
2022-06-05 23:52:00,2.0188004970550537,G1M1_new,g1m1_high_load,1.48,57.0,100.0,1.46,1.5,56,58,14,500
2022-06-05 23:53:00,2.019681453704834,G1M1_new,g1m1_high_load,1.48,57.0,100.0,1.46,1.5,56,58,14,500
2022-06-05 23:55:00,2.0214574337005615,G1M1_new,g1m1_high_load,1.48,57.0,100.0,1.46,1.5,56,58,14,500
2022-06-06 00:00:00,2.0249223709106445,G1M1_new,g1m1_high_load,1.48,57.0,100.0,1.46,1.5,56,58,14,500
2022-06-06 00:01:00,2.0251734256744385,G1M1_new,g1m1_high_load,1.48,57.0,100.0,1.46,1.5,56,58,14,500
2022-06-06 00:05:00,2.023582696914673,G1M1_new,g1m1_high_load,1.48,57.0,100.0,1.46,1.5,56,58,14,500
2022-06-06 00:07:00,2.0235531330108643,G1M1_new,g1m1_high_load,1.48,57.0,100.0,1.46,1.5,56,58,14,500
2022-06-06 00:08:00,2.022073268890381,G1M1_new,g1m1_high_load,1.48,57.0,100.0,1.46,1.5,56,58,14,500
2022-06-06 00:10:00,2.0238969326019287,G1M1_new,g1m1_high_load,1.48,57.0,100.0,1.46,1.5,56,58,14,500
2022-06-06 00:12:00,2.0256311893463135,G1M1_new,g1m1_high_load,1.48,57.0,100.0,1.46,1.5,56,58,14,500
2022-06-06 00:13:00,2.025980234146118,G1M1_new,g1m1_high_load,1.48,57.0,100.0,1.46,1.5,56,58,14,500
2022-06-06 00:15:00,2.021196126937866,G1M1_new,g1m1_high_load,1.48,57.0,100.0,1.46,1.5,56,58,14,500
2022-06-06 00:17:00,2.0190577507019043,G1M1_new,g1m1_high_load,1.48,57.0,100.0,1.46,1.5,56,58,14,500
2022-06-06 00:18:00,2.019535779953003,G1M1_new,g1m1_high_load,1.48,57.0,100.0,1.46,1.5,56,58,14,500
2022-06-06 00:21:00,2.0250940322875977,G1M1_new,g1m1_high_load,1.48,57.0,100.0,1.46,1.5,56,58,14,500
2022-06-06 00:22:00,2.0270440578460693,G1M1_new,g1m1_high_load,1.48,57.0,100.0,1.46,1.5,56,58,14,500
2022-06-06 00:23:00,2.025238037109375,G1M1_new,g1m1_high_load,1.48,57.0,100.0,1.46,1.5,56,58,14,500
2022-06-06 00:24:00,2.024320125579834,G1M1_new,g1m1_high_load,1.48,57.0,100.0,1.46,1.5,56,58,14,500
2022-06-06 00:25:00,2.024005889892578,G1M1_new,g1m1_high_load,1.48,57.0,100.0,1.46,1.5,56,58,14,500
2022-06-06 00:28:00,2.023327112197876,G1M1_new,g1m1_high_load,1.48,57.0,100.0,1.46,1.5,56,58,14,500
2022-06-06 00:30:00,2.0234947204589844,G1M1_new,g1m1_high_load,1.48,57.0,100.0,1.46,1.5,56,58,14,500
2022-06-06 00:32:00,2.0218207836151123,G1M1_new,g1m1_high_load,1.48,57.0,100.0,1.46,1.5,56,58,14,500
2022-06-06 00:34:00,2.024031400680542,G1M1_new,g1m1_high_load,1.48,57.0,100.0,1.46,1.5,56,58,14,500
2022-06-06 00:36:00,2.0253124237060547,G1M1_new,g1m1_high_load,1.48,57.0,100.0,1.46,1.5,56,58,14,500
2022-06-06 00:40:00,2.020754814147949,G1M1_new,g1m1_high_load,1.48,57.0,100.0,1.46,1.5,56,58,14,500
2022-06-06 00:42:00,2.0193135738372803,G1M1_new,g1m1_high_load,1.48,57.0,100.0,1.46,1.5,56,58,14,500
2022-06-06 00:46:00,2.0231077671051025,G1M1_new,g1m1_high_load,1.48,57.0,100.0,1.46,1.5,56,58,14,500
2022-06-06 00:49:00,2.026179075241089,G1M1_new,g1m1_high_load,1.48,57.0,100.0,1.46,1.5,56,58,14,500
2022-06-06 00:51:00,2.0239548683166504,G1M1_new,g1m1_high_load,1.48,57.0,100.0,1.46,1.5,56,58,14,500
2022-06-06 00:52:00,2.0227036476135254,G1M1_new,g1m1_high_load,1.48,57.0,100.0,1.46,1.5,56,58,14,500
2022-06-06 00:53:00,2.022732734680176,G1M1_new,g1m1_high_load,1.48,57.0,100.0,1.46,1.5,56,58,14,500
2022-06-06 00:54:00,2.0242536067962646,G1M1_new,g1m1_high_load,1.48,57.0,100.0,1.46,1.5,56,58,14,500
2022-06-06 00:57:00,2.0226356983184814,G1M1_new,g1m1_high_load,1.48,57.0,100.0,1.46,1.5,56,58,14,500
2022-06-06 01:01:00,2.0217673778533936,G1M1_new,g1m1_high_load,1.48,57.0,100.0,1.46,1.5,56,58,14,500
2022-06-06 01:02:00,2.021569013595581,G1M1_new,g1m1_high_load,1.48,57.0,100.0,1.46,1.5,56,58,14,500
2022-06-06 01:03:00,2.0197885036468506,G1M1_new,g1m1_high_load,1.48,57.0,100.0,1.46,1.5,56,58,14,500
2022-06-06 01:06:00,2.0209288597106934,G1M1_new,g1m1_high_load,1.48,57.0,100.0,1.46,1.5,56,58,14,500
2022-06-06 01:08:00,2.0276806354522705,G1M1_new,g1m1_high_load,1.48,57.0,100.0,1.46,1.5,56,58,14,500
2022-06-06 01:09:00,2.024851083755493,G1M1_new,g1m1_high_load,1.48,57.0,100.0,1.46,1.5,56,58,14,500
2022-06-06 01:11:00,2.0240542888641357,G1M1_new,g1m1_high_load,1.48,57.0,100.0,1.46,1.5,56,58,14,500
2022-06-06 01:13:00,2.024773120880127,G1M1_new,g1m1_high_load,1.48,57.0,100.0,1.46,1.5,56,58,14,500
2022-06-06 01:14:00,2.023284912109375,G1M1_new,g1m1_high_load,1.48,57.0,100.0,1.46,1.5,56,58,14,500
2022-06-06 01:16:00,2.0223724842071533,G1M1_new,g1m1_high_load,1.48,57.0,100.0,1.46,1.5,56,58,14,500
2022-06-06 01:18:00,2.021841049194336,G1M1_new,g1m1_high_load,1.48,57.0,100.0,1.46,1.5,56,58,14,500
2022-06-06 01:22:00,2.0251450538635254,G1M1_new,g1m1_high_load,1.48,57.0,100.0,1.46,1.5,56,58,14,500
2022-06-06 01:23:00,2.025282859802246,G1M1_new,g1m1_high_load,1.48,57.0,100.0,1.46,1.5,56,58,14,500
2022-06-06 01:25:00,2.0252435207366943,G1M1_new,g1m1_high_load,1.48,57.0,100.0,1.46,1.5,56,58,14,500
2022-06-06 01:27:00,2.02164626121521,G1M1_new,g1m1_high_load,1.48,57.0,100.0,1.46,1.5,56,58,14,500
2022-06-06 01:28:00,2.020808696746826,G1M1_new,g1m1_high_load,1.48,57.0,100.0,1.46,1.5,56,58,14,500
2022-06-06 01:29:00,2.0189599990844727,G1M1_new,g1m1_high_load,1.48,57.0,100.0,1.46,1.5,56,58,14,500
2022-06-06 01:30:00,2.0204780101776123,G1M1_new,g1m1_high_load,1.48,57.0,100.0,1.46,1.5,56,58,14,500
2022-06-06 01:32:00,2.022176742553711,G1M1_new,g1m1_high_load,1.48,57.0,100.0,1.46,1.5,56,58,14,500
2022-06-06 01:33:00,2.024606466293335,G1M1_new,g1m1_high_load,1.48,57.0,100.0,1.46,1.5,56,58,14,500
2022-06-06 01:35:00,2.0266342163085938,G1M1_new,g1m1_high_load,1.48,57.0,100.0,1.46,1.5,56,58,14,500
2022-06-06 01:36:00,2.0239834785461426,G1M1_new,g1m1_high_load,1.48,57.0,100.0,1.46,1.5,56,58,14,500
2022-06-06 01:37:00,2.0244412422180176,G1M1_new,g1m1_high_load,1.48,57.0,100.0,1.46,1.5,56,58,14,500
2022-06-06 01:40:00,2.0208659172058105,G1M1_new,g1m1_high_load,1.48,57.0,100.0,1.46,1.5,56,58,14,500
2022-06-06 01:41:00,2.0232865810394287,G1M1_new,g1m1_high_load,1.48,57.0,100.0,1.46,1.5,56,58,14,500
2022-06-06 01:44:00,2.021606683731079,G1M1_new,g1m1_high_load,1.48,57.0,100.0,1.46,1.5,56,58,14,500
2022-06-06 01:45:00,2.0222322940826416,G1M1_new,g1m1_high_load,1.48,57.0,100.0,1.46,1.5,56,58,14,500
2022-06-06 01:46:00,2.0232107639312744,G1M1_new,g1m1_high_load,1.48,57.0,100.0,1.46,1.5,56,58,14,500
2022-06-06 01:47:00,2.0230085849761963,G1M1_new,g1m1_high_load,1.48,57.0,100.0,1.46,1.5,56,58,14,500
2022-06-06 01:49:00,2.0245985984802246,G1M1_new,g1m1_high_load,1.48,57.0,100.0,1.46,1.5,56,58,14,500
2022-06-06 01:50:00,2.024779796600342,G1M1_new,g1m1_high_load,1.48,57.0,100.0,1.46,1.5,56,58,14,500
2022-06-06 01:53:00,2.0242457389831543,G1M1_new,g1m1_high_load,1.48,57.0,100.0,1.46,1.5,56,58,14,500
2022-06-06 01:56:00,2.021899938583374,G1M1_new,g1m1_high_load,1.48,57.0,100.0,1.46,1.5,56,58,14,500
2022-06-06 01:57:00,2.020650625228882,G1M1_new,g1m1_high_load,1.48,57.0,100.0,1.46,1.5,56,58,14,500
2022-06-06 01:58:00,2.0192410945892334,G1M1_new,g1m1_high_load,1.48,57.0,100.0,1.46,1.5,56,58,14,500
2022-06-06 01:59:00,2.0207531452178955,G1M1_new,g1m1_high_load,1.48,57.0,100.0,1.46,1.5,56,58,14,500
2022-06-06 02:02:00,2.0206186771392822,G1M1_new,g1m1_high_load,1.48,57.0,100.0,1.46,1.5,56,58,14,500
2022-06-06 02:03:00,2.022900104522705,G1M1_new,g1m1_high_load,1.48,57.0,100.0,1.46,1.5,56,58,14,500
2022-06-06 02:05:00,2.025972366333008,G1M1_new,g1m1_high_load,1.48,57.0,100.0,1.46,1.5,56,58,14,500
2022-06-06 02:07:00,2.0237977504730225,G1M1_new,g1m1_high_load,1.48,57.0,100.0,1.46,1.5,56,58,14,500
2022-06-06 02:10:00,2.0265119075775146,G1M1_new,g1m1_high_load,1.48,57.0,100.0,1.46,1.5,56,58,14,500
2022-06-06 02:11:00,2.0234439373016357,G1M1_new,g1m1_high_load,1.48,57.0,100.0,1.46,1.5,56,58,14,500
2022-06-06 02:12:00,2.0251591205596924,G1M1_new,g1m1_high_load,1.48,57.0,100.0,1.46,1.5,56,58,14,500
2022-06-06 02:13:00,2.02290415763855,G1M1_new,g1m1_high_load,1.48,57.0,100.0,1.46,1.5,56,58,14,500
2022-06-06 02:14:00,2.0210254192352295,G1M1_new,g1m1_high_load,1.48,57.0,100.0,1.46,1.5,56,58,14,500
2022-06-06 02:15:00,2.0199854373931885,G1M1_new,g1m1_high_load,1.48,57.0,100.0,1.46,1.5,56,58,14,500
2022-06-06 02:22:00,2.0258071422576904,G1M1_new,g1m1_high_load,1.48,57.0,100.0,1.46,1.5,56,58,14,500
2022-06-06 02:23:00,2.0272116661071777,G1M1_new,g1m1_high_load,1.48,57.0,100.0,1.46,1.5,56,58,14,500
2022-06-06 02:24:00,2.025454521179199,G1M1_new,g1m1_high_load,1.48,57.0,100.0,1.46,1.5,56,58,14,500
2022-06-06 02:28:00,2.0197670459747314,G1M1_new,g1m1_high_load,1.48,57.0,100.0,1.46,1.5,56,58,14,500
2022-06-06 02:29:00,2.0215699672698975,G1M1_new,g1m1_high_load,1.48,57.0,100.0,1.46,1.5,56,58,14,500
2022-06-06 02:31:00,2.023301362991333,G1M1_new,g1m1_high_load,1.48,57.0,100.0,1.46,1.5,56,58,14,500
2022-06-06 02:33:00,2.0244686603546143,G1M1_new,g1m1_high_load,1.48,57.0,100.0,1.46,1.5,56,58,14,500
2022-06-06 02:35:00,2.023226261138916,G1M1_new,g1m1_high_load,1.48,57.0,100.0,1.46,1.5,56,58,14,500
2022-06-06 02:40:00,2.0200750827789307,G1M1_new,g1m1_high_load,1.48,57.0,100.0,1.46,1.5,56,58,14,500
2022-06-06 02:42:00,2.0224766731262207,G1M1_new,g1m1_high_load,1.48,57.0,100.0,1.46,1.5,56,58,14,500
2022-06-06 02:43:00,2.0241990089416504,G1M1_new,g1m1_high_load,1.48,57.0,100.0,1.46,1.5,56,58,14,500
2022-06-06 02:44:00,2.023406982421875,G1M1_new,g1m1_high_load,1.48,57.0,100.0,1.46,1.5,56,58,14,500
2022-06-06 02:46:00,2.0252363681793213,G1M1_new,g1m1_high_load,1.48,57.0,100.0,1.46,1.5,56,58,14,500
2022-06-06 02:48:00,2.0249598026275635,G1M1_new,g1m1_high_load,1.48,57.0,100.0,1.46,1.5,56,58,14,500
2022-06-06 02:49:00,2.0249125957489014,G1M1_new,g1m1_high_load,1.48,57.0,100.0,1.46,1.5,56,58,14,500
2022-06-06 02:51:00,2.0232791900634766,G1M1_new,g1m1_high_load,1.48,57.0,100.0,1.46,1.5,56,58,14,500
2022-06-06 02:53:00,2.0226266384124756,G1M1_new,g1m1_high_load,1.48,57.0,100.0,1.46,1.5,56,58,14,500
2022-06-06 02:55:00,2.022275686264038,G1M1_new,g1m1_high_load,1.48,57.0,100.0,1.46,1.5,56,58,14,500
2022-06-06 02:56:00,2.0223567485809326,G1M1_new,g1m1_high_load,1.48,57.0,100.0,1.46,1.5,56,58,14,500
2022-06-06 02:58:00,2.0228946208953857,G1M1_new,g1m1_high_load,1.48,57.0,100.0,1.46,1.5,56,58,14,500
2022-06-06 02:59:00,2.02675461769104,G1M1_new,g1m1_high_load,1.48,57.0,100.0,1.46,1.5,56,58,14,500
2022-06-06 03:02:00,2.01936936378479,G1M1_new,g1m1_high_load,1.48,57.0,100.0,1.46,1.5,56,58,14,500
2022-06-06 03:03:00,2.0176661014556885,G1M1_new,g1m1_high_load,1.48,57.0,100.0,1.46,1.5,56,58,14,500
2022-06-06 03:04:00,2.020286798477173,G1M1_new,g1m1_high_load,1.48,57.0,100.0,1.46,1.5,56,58,14,500
2022-06-06 03:05:00,2.0204169750213623,G1M1_new,g1m1_high_load,1.48,57.0,100.0,1.46,1.5,56,58,14,500
2022-06-06 03:06:00,2.0238780975341797,G1M1_new,g1m1_high_load,1.48,57.0,100.0,1.46,1.5,56,58,14,500
2022-06-06 03:09:00,2.025348663330078,G1M1_new,g1m1_high_load,1.48,57.0,100.0,1.46,1.5,56,58,14,500
2022-06-06 03:13:00,2.0238749980926514,G1M1_new,g1m1_high_load,1.48,57.0,100.0,1.46,1.5,56,58,14,500
2022-06-06 03:15:00,2.023909330368042,G1M1_new,g1m1_high_load,1.48,57.0,100.0,1.46,1.5,56,58,14,500
2022-06-06 03:16:00,2.0233445167541504,G1M1_new,g1m1_high_load,1.48,57.0,100.0,1.46,1.5,56,58,14,500
2022-06-06 03:18:00,2.020160436630249,G1M1_new,g1m1_high_load,1.48,57.0,100.0,1.46,1.5,56,58,14,500
2022-06-06 03:19:00,2.0241377353668213,G1M1_new,g1m1_high_load,1.48,57.0,100.0,1.46,1.5,56,58,14,500
2022-06-06 03:21:00,2.023486614227295,G1M1_new,g1m1_high_load,1.48,57.0,100.0,1.46,1.5,56,58,14,500
2022-06-06 03:22:00,2.0256426334381104,G1M1_new,g1m1_high_load,1.48,57.0,100.0,1.46,1.5,56,58,14,500
2022-06-06 03:25:00,2.0192983150482178,G1M1_new,g1m1_high_load,1.48,57.0,100.0,1.46,1.5,56,58,14,500
2022-06-06 03:27:00,2.019374370574951,G1M1_new,g1m1_high_load,1.48,57.0,100.0,1.46,1.5,56,58,14,500
2022-06-06 03:31:00,2.0233206748962402,G1M1_new,g1m1_high_load,1.48,57.0,100.0,1.46,1.5,56,58,14,500
2022-06-06 03:32:00,2.024606704711914,G1M1_new,g1m1_high_load,1.48,57.0,100.0,1.46,1.5,56,58,14,500
2022-06-06 03:34:00,2.0247583389282227,G1M1_new,g1m1_high_load,1.48,57.0,100.0,1.46,1.5,56,58,14,500
2022-06-06 03:37:00,2.023240327835083,G1M1_new,g1m1_high_load,1.48,57.0,100.0,1.46,1.5,56,58,14,500
2022-06-06 03:39:00,2.0237905979156494,G1M1_new,g1m1_high_load,1.48,57.0,100.0,1.46,1.5,56,58,14,500
2022-06-06 03:42:00,2.0256104469299316,G1M1_new,g1m1_high_load,1.48,57.0,100.0,1.46,1.5,56,58,14,500
2022-06-06 03:43:00,2.023588180541992,G1M1_new,g1m1_high_load,1.48,57.0,100.0,1.46,1.5,56,58,14,500
2022-06-06 03:48:00,2.019503355026245,G1M1_new,g1m1_high_load,1.48,57.0,100.0,1.46,1.5,56,58,14,500
2022-06-06 03:49:00,2.018822193145752,G1M1_new,g1m1_high_load,1.48,57.0,100.0,1.46,1.5,56,58,14,500
2022-06-06 03:56:00,2.0241682529449463,G1M1_new,g1m1_high_load,1.48,57.0,100.0,1.46,1.5,56,58,14,500
2022-06-06 03:57:00,2.024564743041992,G1M1_new,g1m1_high_load,1.48,57.0,100.0,1.46,1.5,56,58,14,500
2022-06-06 03:58:00,2.022709369659424,G1M1_new,g1m1_high_load,1.48,57.0,100.0,1.46,1.5,56,58,14,500
2022-06-06 03:59:00,2.0239856243133545,G1M1_new,g1m1_high_load,1.48,57.0,100.0,1.46,1.5,56,58,14,500
2022-06-06 04:01:00,2.0237390995025635,G1M1_new,g1m1_high_load,1.48,57.0,100.0,1.46,1.5,56,58,14,500
2022-06-06 04:04:00,2.0224087238311768,G1M1_new,g1m1_high_load,1.48,57.0,100.0,1.46,1.5,56,58,14,500
2022-06-06 04:06:00,2.023554801940918,G1M1_new,g1m1_high_load,1.48,57.0,100.0,1.46,1.5,56,58,14,500
2022-06-06 04:07:00,2.023125171661377,G1M1_new,g1m1_high_load,1.48,57.0,100.0,1.46,1.5,56,58,14,500
2022-06-06 04:08:00,2.0226058959960938,G1M1_new,g1m1_high_load,1.48,57.0,100.0,1.46,1.5,56,58,14,500
2022-06-06 04:09:00,2.0226218700408936,G1M1_new,g1m1_high_load,1.48,57.0,100.0,1.46,1.5,56,58,14,500
2022-06-06 04:13:00,2.026067018508911,G1M1_new,g1m1_high_load,1.48,57.0,100.0,1.46,1.5,56,58,14,500
2022-06-06 04:15:00,2.0207419395446777,G1M1_new,g1m1_high_load,1.48,57.0,100.0,1.46,1.5,56,58,14,500
2022-06-06 04:16:00,2.0170650482177734,G1M1_new,g1m1_high_load,1.48,57.0,100.0,1.46,1.5,56,58,14,500
2022-06-06 04:18:00,2.0198659896850586,G1M1_new,g1m1_high_load,1.48,57.0,100.0,1.46,1.5,56,58,14,500
2022-06-06 04:20:00,2.0229554176330566,G1M1_new,g1m1_high_load,1.48,57.0,100.0,1.46,1.5,56,58,14,500
2022-06-06 04:21:00,2.022047281265259,G1M1_new,g1m1_high_load,1.48,57.0,100.0,1.46,1.5,56,58,14,500
2022-06-06 04:22:00,2.0254199504852295,G1M1_new,g1m1_high_load,1.48,57.0,100.0,1.46,1.5,56,58,14,500
2022-06-06 04:24:00,2.0234601497650146,G1M1_new,g1m1_high_load,1.48,57.0,100.0,1.46,1.5,56,58,14,500
2022-06-06 04:25:00,2.0249764919281006,G1M1_new,g1m1_high_load,1.48,57.0,100.0,1.46,1.5,56,58,14,500
2022-06-06 04:26:00,2.025017738342285,G1M1_new,g1m1_high_load,1.48,57.0,100.0,1.46,1.5,56,58,14,500
2022-06-06 04:27:00,2.0235793590545654,G1M1_new,g1m1_high_load,1.48,57.0,100.0,1.46,1.5,56,58,14,500
2022-06-06 04:31:00,2.0243637561798096,G1M1_new,g1m1_high_load,1.48,57.0,100.0,1.46,1.5,56,58,14,500
2022-06-06 04:32:00,2.024120330810547,G1M1_new,g1m1_high_load,1.48,57.0,100.0,1.46,1.5,56,58,14,500
2022-06-06 04:34:00,2.0235073566436768,G1M1_new,g1m1_high_load,1.48,57.0,100.0,1.46,1.5,56,58,14,500
2022-06-06 04:38:00,2.0191001892089844,G1M1_new,g1m1_high_load,1.48,57.0,100.0,1.46,1.5,56,58,14,500
2022-06-06 04:41:00,2.021048069000244,G1M1_new,g1m1_high_load,1.48,57.0,100.0,1.46,1.5,56,58,14,500
2022-06-06 04:43:00,2.0225696563720703,G1M1_new,g1m1_high_load,1.48,57.0,100.0,1.46,1.5,56,58,14,500
2022-06-06 04:44:00,2.0240609645843506,G1M1_new,g1m1_high_load,1.48,57.0,100.0,1.46,1.5,56,58,14,500
2022-06-06 04:46:00,2.0243988037109375,G1M1_new,g1m1_high_load,1.48,57.0,100.0,1.46,1.5,56,58,14,500
2022-06-06 04:47:00,2.0212864875793457,G1M1_new,g1m1_high_load,1.48,57.0,100.0,1.46,1.5,56,58,14,500
2022-06-06 04:53:00,2.023340940475464,G1M1_new,g1m1_high_load,1.48,57.0,100.0,1.46,1.5,56,58,14,500
2022-06-06 04:54:00,2.0234789848327637,G1M1_new,g1m1_high_load,1.48,57.0,100.0,1.46,1.5,56,58,14,500
2022-06-06 04:55:00,2.02323842048645,G1M1_new,g1m1_high_load,1.48,57.0,100.0,1.46,1.5,56,58,14,500
2022-06-06 04:56:00,2.0235345363616943,G1M1_new,g1m1_high_load,1.48,57.0,100.0,1.46,1.5,56,58,14,500
2022-06-06 04:57:00,2.024221420288086,G1M1_new,g1m1_high_load,1.48,57.0,100.0,1.46,1.5,56,58,14,500
2022-06-06 04:58:00,2.025043249130249,G1M1_new,g1m1_high_load,1.48,57.0,100.0,1.46,1.5,56,58,14,500
2022-06-06 04:59:00,2.0226891040802,G1M1_new,g1m1_high_load,1.48,57.0,100.0,1.46,1.5,56,58,14,500
2022-06-06 05:00:00,2.020185708999634,G1M1_new,g1m1_high_load,1.48,57.0,100.0,1.46,1.5,56,58,14,500
2022-06-06 05:03:00,2.0204925537109375,G1M1_new,g1m1_high_load,1.48,57.0,100.0,1.46,1.5,56,58,14,500
2022-06-06 05:04:00,2.01983380317688,G1M1_new,g1m1_high_load,1.48,57.0,100.0,1.46,1.5,56,58,14,500
2022-06-06 05:05:00,2.022979736328125,G1M1_new,g1m1_high_load,1.48,57.0,100.0,1.46,1.5,56,58,14,500
2022-06-06 05:06:00,2.025177001953125,G1M1_new,g1m1_high_load,1.48,57.0,100.0,1.46,1.5,56,58,14,500
2022-06-06 05:09:00,2.025761604309082,G1M1_new,g1m1_high_load,1.48,57.0,100.0,1.46,1.5,56,58,14,500
2022-06-06 05:10:00,2.024533271789551,G1M1_new,g1m1_high_load,1.48,57.0,100.0,1.46,1.5,56,58,14,500
2022-06-06 05:11:00,2.0251972675323486,G1M1_new,g1m1_high_load,1.48,57.0,100.0,1.46,1.5,56,58,14,500
2022-06-06 05:12:00,2.0245962142944336,G1M1_new,g1m1_high_load,1.48,57.0,100.0,1.46,1.5,56,58,14,500
2022-06-06 05:13:00,2.0212976932525635,G1M1_new,g1m1_high_load,1.48,57.0,100.0,1.46,1.5,56,58,14,500
2022-06-06 05:15:00,2.0224006175994873,G1M1_new,g1m1_high_load,1.48,57.0,100.0,1.46,1.5,56,58,14,500
2022-06-06 05:16:00,2.022224187850952,G1M1_new,g1m1_high_load,1.48,57.0,100.0,1.46,1.5,56,58,14,500
2022-06-06 05:17:00,2.022460460662842,G1M1_new,g1m1_high_load,1.48,57.0,100.0,1.46,1.5,56,58,14,500
2022-06-06 05:19:00,2.0229668617248535,G1M1_new,g1m1_high_load,1.48,57.0,100.0,1.46,1.5,56,58,14,500
2022-06-06 05:20:00,2.0252037048339844,G1M1_new,g1m1_high_load,1.48,57.0,100.0,1.46,1.5,56,58,14,500
2022-06-06 05:21:00,2.024627685546875,G1M1_new,g1m1_high_load,1.48,57.0,100.0,1.46,1.5,56,58,14,500
2022-06-06 05:22:00,2.0252695083618164,G1M1_new,g1m1_high_load,1.48,57.0,100.0,1.46,1.5,56,58,14,500
2022-06-06 05:25:00,2.0204083919525146,G1M1_new,g1m1_high_load,1.48,57.0,100.0,1.46,1.5,56,58,14,500
2022-06-06 05:28:00,2.0219600200653076,G1M1_new,g1m1_high_load,1.48,57.0,100.0,1.46,1.5,56,58,14,500
2022-06-06 05:29:00,2.020423412322998,G1M1_new,g1m1_high_load,1.48,57.0,100.0,1.46,1.5,56,58,14,500
2022-06-06 05:31:00,2.022325277328491,G1M1_new,g1m1_high_load,1.48,57.0,100.0,1.46,1.5,56,58,14,500
2022-06-06 05:32:00,2.024136543273926,G1M1_new,g1m1_high_load,1.48,57.0,100.0,1.46,1.5,56,58,14,500
2022-06-06 05:33:00,2.0243947505950928,G1M1_new,g1m1_high_load,1.48,57.0,100.0,1.46,1.5,56,58,14,500
2022-06-06 05:34:00,2.0251665115356445,G1M1_new,g1m1_high_load,1.48,57.0,100.0,1.46,1.5,56,58,14,500
2022-06-06 05:35:00,2.0256454944610596,G1M1_new,g1m1_high_load,1.48,57.0,100.0,1.46,1.5,56,58,14,500
2022-06-06 05:37:00,2.0240890979766846,G1M1_new,g1m1_high_load,1.48,57.0,100.0,1.46,1.5,56,58,14,500
2022-06-06 05:39:00,2.023576498031616,G1M1_new,g1m1_high_load,1.48,57.0,100.0,1.46,1.5,56,58,14,500
2022-06-06 05:41:00,2.0225303173065186,G1M1_new,g1m1_high_load,1.48,57.0,100.0,1.46,1.5,56,58,14,500
2022-06-06 05:42:00,2.02193021774292,G1M1_new,g1m1_high_load,1.48,57.0,100.0,1.46,1.5,56,58,14,500
2022-06-06 05:44:00,2.0245978832244873,G1M1_new,g1m1_high_load,1.48,57.0,100.0,1.46,1.5,56,58,14,500
2022-06-06 05:46:00,2.0254712104797363,G1M1_new,g1m1_high_load,1.48,57.0,100.0,1.46,1.5,56,58,14,500
2022-06-06 05:48:00,2.0239410400390625,G1M1_new,g1m1_high_load,1.48,57.0,100.0,1.46,1.5,56,58,14,500
2022-06-06 05:50:00,2.0211143493652344,G1M1_new,g1m1_high_load,1.48,57.0,100.0,1.46,1.5,56,58,14,500
2022-06-06 05:58:00,2.0251150131225586,G1M1_new,g1m1_high_load,1.48,57.0,100.0,1.46,1.5,56,58,14,500
2022-06-06 06:01:00,2.0229387283325195,G1M1_new,g1m1_high_load,1.48,57.0,100.0,1.46,1.5,56,58,14,500
2022-06-06 06:02:00,2.0242373943328857,G1M1_new,g1m1_high_load,1.48,57.0,100.0,1.46,1.5,56,58,14,500
2022-06-06 06:03:00,2.023688554763794,G1M1_new,g1m1_high_load,1.48,57.0,100.0,1.46,1.5,56,58,14,500
2022-06-06 06:05:00,2.0222280025482178,G1M1_new,g1m1_high_load,1.48,57.0,100.0,1.46,1.5,56,58,14,500
2022-06-06 06:07:00,2.0220131874084473,G1M1_new,g1m1_high_load,1.48,57.0,100.0,1.46,1.5,56,58,14,500
2022-06-06 06:09:00,2.020479440689087,G1M1_new,g1m1_high_load,1.48,57.0,100.0,1.46,1.5,56,58,14,500
2022-06-06 06:10:00,2.0221710205078125,G1M1_new,g1m1_high_load,1.48,57.0,100.0,1.46,1.5,56,58,14,500
2022-06-06 06:11:00,2.022841453552246,G1M1_new,g1m1_high_load,1.48,57.0,100.0,1.46,1.5,56,58,14,500
2022-06-06 06:12:00,2.0254242420196533,G1M1_new,g1m1_high_load,1.48,57.0,100.0,1.46,1.5,56,58,14,500
2022-06-06 06:15:00,2.0235061645507812,G1M1_new,g1m1_high_load,1.48,57.0,100.0,1.46,1.5,56,58,14,500
2022-06-06 06:17:00,2.0201268196105957,G1M1_new,g1m1_high_load,1.48,57.0,100.0,1.46,1.5,56,58,14,500
2022-06-06 06:18:00,2.020394802093506,G1M1_new,g1m1_high_load,1.48,57.0,100.0,1.46,1.5,56,58,14,500
2022-06-06 06:19:00,2.0215983390808105,G1M1_new,g1m1_high_load,1.48,57.0,100.0,1.46,1.5,56,58,14,500
2022-06-06 06:21:00,2.0208017826080322,G1M1_new,g1m1_high_load,1.48,57.0,100.0,1.46,1.5,56,58,14,500
2022-06-06 06:23:00,2.0240261554718018,G1M1_new,g1m1_high_load,1.48,57.0,100.0,1.46,1.5,56,58,14,500
2022-06-06 06:25:00,2.0241453647613525,G1M1_new,g1m1_high_load,1.48,57.0,100.0,1.46,1.5,56,58,14,500
2022-06-06 06:27:00,2.0252485275268555,G1M1_new,g1m1_high_load,1.48,57.0,100.0,1.46,1.5,56,58,14,500
2022-06-06 06:30:00,2.023648977279663,G1M1_new,g1m1_high_load,1.48,57.0,100.0,1.46,1.5,56,58,14,500
2022-06-06 06:31:00,2.0226964950561523,G1M1_new,g1m1_high_load,1.48,57.0,100.0,1.46,1.5,56,58,14,500
2022-06-06 06:32:00,2.0234766006469727,G1M1_new,g1m1_high_load,1.48,57.0,100.0,1.46,1.5,56,58,14,500
2022-06-06 06:33:00,2.0262610912323,G1M1_new,g1m1_high_load,1.48,57.0,100.0,1.46,1.5,56,58,14,500
2022-06-06 06:35:00,2.0252504348754883,G1M1_new,g1m1_high_load,1.48,57.0,100.0,1.46,1.5,56,58,14,500
2022-06-06 06:36:00,2.0251455307006836,G1M1_new,g1m1_high_load,1.48,57.0,100.0,1.46,1.5,56,58,14,500
2022-06-06 06:45:00,2.024475574493408,G1M1_new,g1m1_high_load,1.48,57.0,100.0,1.46,1.5,56,58,14,500
2022-06-06 06:50:00,2.0230650901794434,G1M1_new,g1m1_high_load,1.48,57.0,100.0,1.46,1.5,56,58,14,500
2022-06-06 06:53:00,2.0227198600769043,G1M1_new,g1m1_high_load,1.48,57.0,100.0,1.46,1.5,56,58,14,500
2022-06-06 06:54:00,2.0212435722351074,G1M1_new,g1m1_high_load,1.48,57.0,100.0,1.46,1.5,56,58,14,500
2022-06-06 06:57:00,2.0230398178100586,G1M1_new,g1m1_high_load,1.48,57.0,100.0,1.46,1.5,56,58,14,500
2022-06-06 06:58:00,2.0240132808685303,G1M1_new,g1m1_high_load,1.48,57.0,100.0,1.46,1.5,56,58,14,500
2022-06-06 07:00:00,2.029360055923462,G1M1_new,g1m1_high_load,1.48,57.0,100.0,1.46,1.5,56,58,14,500
2022-06-06 07:01:00,2.0262911319732666,G1M1_new,g1m1_high_load,1.48,57.0,100.0,1.46,1.5,56,58,14,500
2022-06-06 07:02:00,2.0239784717559814,G1M1_new,g1m1_high_load,1.48,57.0,100.0,1.46,1.5,56,58,14,500
2022-06-06 07:03:00,2.02201771736145,G1M1_new,g1m1_high_load,1.48,57.0,100.0,1.46,1.5,56,58,14,500
2022-06-06 07:06:00,2.021270751953125,G1M1_new,g1m1_high_load,1.48,57.0,100.0,1.46,1.5,56,58,14,500
2022-06-06 07:07:00,2.0209476947784424,G1M1_new,g1m1_high_load,1.48,57.0,100.0,1.46,1.5,56,58,14,500
2022-06-06 07:08:00,2.020097017288208,G1M1_new,g1m1_high_load,1.48,57.0,100.0,1.46,1.5,56,58,14,500
2022-06-06 07:14:00,2.024597406387329,G1M1_new,g1m1_high_load,1.48,57.0,100.0,1.46,1.5,56,58,14,500
2022-06-06 07:16:00,2.024057388305664,G1M1_new,g1m1_high_load,1.48,57.0,100.0,1.46,1.5,56,58,14,500
2022-06-06 07:17:00,2.0228993892669678,G1M1_new,g1m1_high_load,1.48,57.0,100.0,1.46,1.5,56,58,14,500
2022-06-06 07:19:00,2.019801139831543,G1M1_new,g1m1_high_load,1.48,57.0,100.0,1.46,1.5,56,58,14,500
2022-06-06 07:22:00,2.023409843444824,G1M1_new,g1m1_high_load,1.48,57.0,100.0,1.46,1.5,56,58,14,500
2022-06-06 07:24:00,2.0252933502197266,G1M1_new,g1m1_high_load,1.48,57.0,100.0,1.46,1.5,56,58,14,500
2022-06-06 07:25:00,2.025770664215088,G1M1_new,g1m1_high_load,1.48,57.0,100.0,1.46,1.5,56,58,14,500
2022-06-06 07:26:00,2.0259125232696533,G1M1_new,g1m1_high_load,1.48,57.0,100.0,1.46,1.5,56,58,14,500
2022-06-06 07:27:00,2.0220067501068115,G1M1_new,g1m1_high_load,1.48,57.0,100.0,1.46,1.5,56,58,14,500
2022-06-06 07:28:00,2.021280527114868,G1M1_new,g1m1_high_load,1.48,57.0,100.0,1.46,1.5,56,58,14,500
2022-06-06 07:30:00,2.0189623832702637,G1M1_new,g1m1_high_load,1.48,57.0,100.0,1.46,1.5,56,58,14,500
2022-06-06 07:32:00,2.021463632583618,G1M1_new,g1m1_high_load,1.48,57.0,100.0,1.46,1.5,56,58,14,500
2022-06-06 07:34:00,2.024205207824707,G1M1_new,g1m1_high_load,1.48,57.0,100.0,1.46,1.5,56,58,14,500
2022-06-06 07:35:00,2.0258491039276123,G1M1_new,g1m1_high_load,1.48,57.0,100.0,1.46,1.5,56,58,14,500
2022-06-06 07:37:00,2.0244016647338867,G1M1_new,g1m1_high_load,1.48,57.0,100.0,1.46,1.5,56,58,14,500
2022-06-06 07:38:00,2.024064064025879,G1M1_new,g1m1_high_load,1.48,57.0,100.0,1.46,1.5,56,58,14,500
2022-06-06 07:44:00,2.0224146842956543,G1M1_new,g1m1_high_load,1.48,57.0,100.0,1.46,1.5,56,58,14,500
2022-06-06 07:45:00,2.02211856842041,G1M1_new,g1m1_high_load,1.48,57.0,100.0,1.46,1.5,56,58,14,500
2022-06-06 07:46:00,2.0231807231903076,G1M1_new,g1m1_high_load,1.48,57.0,100.0,1.46,1.5,56,58,14,500
2022-06-06 07:47:00,2.0262677669525146,G1M1_new,g1m1_high_load,1.48,57.0,100.0,1.46,1.5,56,58,14,500
2022-06-06 07:49:00,2.0269503593444824,G1M1_new,g1m1_high_load,1.48,57.0,100.0,1.46,1.5,56,58,14,500
2022-06-06 07:54:00,2.0203590393066406,G1M1_new,g1m1_high_load,1.48,57.0,100.0,1.46,1.5,56,58,14,500
2022-06-06 07:55:00,2.0212655067443848,G1M1_new,g1m1_high_load,1.48,57.0,100.0,1.46,1.5,56,58,14,500
2022-06-06 07:58:00,2.0250144004821777,G1M1_new,g1m1_high_load,1.48,57.0,100.0,1.46,1.5,56,58,14,500
2022-06-06 08:00:00,2.0259265899658203,G1M1_new,g1m1_high_load,1.48,57.0,100.0,1.46,1.5,56,58,14,500
2022-06-06 08:01:00,2.02553129196167,G1M1_new,g1m1_high_load,1.48,57.0,100.0,1.46,1.5,56,58,14,500
2022-06-06 08:02:00,2.024378776550293,G1M1_new,g1m1_high_load,1.48,57.0,100.0,1.46,1.5,56,58,14,500
2022-06-06 08:03:00,2.0240371227264404,G1M1_new,g1m1_high_load,1.48,57.0,100.0,1.46,1.5,56,58,14,500
2022-06-06 08:07:00,2.0234780311584473,G1M1_new,g1m1_high_load,1.48,57.0,100.0,1.46,1.5,56,58,14,500
2022-06-06 08:09:00,2.0231611728668213,G1M1_new,g1m1_high_load,1.48,57.0,100.0,1.46,1.5,56,58,14,500
2022-06-06 08:10:00,2.0248568058013916,G1M1_new,g1m1_high_load,1.48,57.0,100.0,1.46,1.5,56,58,14,500
2022-06-06 08:11:00,2.024972438812256,G1M1_new,g1m1_high_load,1.48,57.0,100.0,1.46,1.5,56,58,14,500
2022-06-06 08:13:00,2.027247190475464,G1M1_new,g1m1_high_load,1.48,57.0,100.0,1.46,1.5,56,58,14,500
2022-06-06 08:15:00,2.0212838649749756,G1M1_new,g1m1_high_load,1.48,57.0,100.0,1.46,1.5,56,58,14,500
2022-06-06 08:17:00,2.0191593170166016,G1M1_new,g1m1_high_load,1.48,57.0,100.0,1.46,1.5,56,58,14,500
2022-06-06 08:19:00,2.0234787464141846,G1M1_new,g1m1_high_load,1.48,57.0,100.0,1.46,1.5,56,58,14,500
2022-06-06 08:20:00,2.024853229522705,G1M1_new,g1m1_high_load,1.48,57.0,100.0,1.46,1.5,56,58,14,500
2022-06-06 08:21:00,2.026170015335083,G1M1_new,g1m1_high_load,1.48,57.0,100.0,1.46,1.5,56,58,14,500
2022-06-06 08:24:00,2.024625778198242,G1M1_new,g1m1_high_load,1.48,57.0,100.0,1.46,1.5,56,58,14,500
2022-06-06 08:26:00,2.024292230606079,G1M1_new,g1m1_high_load,1.48,57.0,100.0,1.46,1.5,56,58,14,500
2022-06-06 08:27:00,2.0232162475585938,G1M1_new,g1m1_high_load,1.48,57.0,100.0,1.46,1.5,56,58,14,500
2022-06-06 08:29:00,2.023081064224243,G1M1_new,g1m1_high_load,1.48,57.0,100.0,1.46,1.5,56,58,14,500
2022-06-06 08:31:00,2.020597457885742,G1M1_new,g1m1_high_load,1.48,57.0,100.0,1.46,1.5,56,58,14,500
2022-06-06 08:32:00,2.022490978240967,G1M1_new,g1m1_high_load,1.48,57.0,100.0,1.46,1.5,56,58,14,500
2022-06-06 08:34:00,2.024097204208374,G1M1_new,g1m1_high_load,1.48,57.0,100.0,1.46,1.5,56,58,14,500
2022-06-06 08:36:00,2.025270700454712,G1M1_new,g1m1_high_load,1.48,57.0,100.0,1.46,1.5,56,58,14,500
2022-06-06 08:38:00,2.0231523513793945,G1M1_new,g1m1_high_load,1.48,57.0,100.0,1.46,1.5,56,58,14,500
2022-06-06 08:39:00,2.0238702297210693,G1M1_new,g1m1_high_load,1.48,57.0,100.0,1.46,1.5,56,58,14,500
2022-06-06 08:41:00,2.0195424556732178,G1M1_new,g1m1_high_load,1.48,57.0,100.0,1.46,1.5,56,58,14,500
2022-06-06 08:43:00,2.019911766052246,G1M1_new,g1m1_high_load,1.48,57.0,100.0,1.46,1.5,56,58,14,500
2022-06-06 08:45:00,2.024927854537964,G1M1_new,g1m1_high_load,1.48,57.0,100.0,1.46,1.5,56,58,14,500
2022-06-06 08:46:00,2.0255014896392822,G1M1_new,g1m1_high_load,1.48,57.0,100.0,1.46,1.5,56,58,14,500
2022-06-06 08:47:00,2.0279533863067627,G1M1_new,g1m1_high_load,1.48,57.0,100.0,1.46,1.5,56,58,14,500
2022-06-06 08:50:00,2.0251729488372803,G1M1_new,g1m1_high_load,1.48,57.0,100.0,1.46,1.5,56,58,14,500
2022-06-06 08:51:00,2.024184226989746,G1M1_new,g1m1_high_load,1.48,57.0,100.0,1.46,1.5,56,58,14,500
2022-06-06 08:52:00,2.0234243869781494,G1M1_new,g1m1_high_load,1.48,57.0,100.0,1.46,1.5,56,58,14,500
2022-06-06 08:53:00,2.025859832763672,G1M1_new,g1m1_high_load,1.48,57.0,100.0,1.46,1.5,56,58,14,500
2022-06-06 08:54:00,2.0242879390716553,G1M1_new,g1m1_high_load,1.48,57.0,100.0,1.46,1.5,56,58,14,500
2022-06-06 08:55:00,2.0237529277801514,G1M1_new,g1m1_high_load,1.48,57.0,100.0,1.46,1.5,56,58,14,500
2022-06-06 08:56:00,2.023425579071045,G1M1_new,g1m1_high_load,1.48,57.0,100.0,1.46,1.5,56,58,14,500
2022-06-06 08:57:00,2.024937391281128,G1M1_new,g1m1_high_load,1.48,57.0,100.0,1.46,1.5,56,58,14,500
2022-06-06 08:59:00,2.026851177215576,G1M1_new,g1m1_high_load,1.48,57.0,100.0,1.46,1.5,56,58,14,500
2022-06-06 09:02:00,2.020261526107788,G1M1_new,g1m1_high_load,1.48,57.0,100.0,1.46,1.5,56,58,14,500
2022-06-06 09:03:00,2.020134449005127,G1M1_new,g1m1_high_load,1.48,57.0,100.0,1.46,1.5,56,58,14,500
2022-06-06 09:06:00,2.021578311920166,G1M1_new,g1m1_high_load,1.48,57.0,100.0,1.46,1.5,56,58,14,500
2022-06-06 09:08:00,2.0233170986175537,G1M1_new,g1m1_high_load,1.48,57.0,100.0,1.46,1.5,56,58,14,500
2022-06-06 09:12:00,2.025529384613037,G1M1_new,g1m1_high_load,1.48,57.0,100.0,1.46,1.5,56,58,14,500
2022-06-06 09:13:00,2.0229461193084717,G1M1_new,g1m1_high_load,1.48,57.0,100.0,1.46,1.5,56,58,14,500
2022-06-06 09:14:00,2.0236144065856934,G1M1_new,g1m1_high_load,1.48,57.0,100.0,1.46,1.5,56,58,14,500
2022-06-06 09:15:00,2.023343801498413,G1M1_new,g1m1_high_load,1.48,57.0,100.0,1.46,1.5,56,58,14,500
2022-06-06 09:16:00,2.022869110107422,G1M1_new,g1m1_high_load,1.48,57.0,100.0,1.46,1.5,56,58,14,500
2022-06-06 09:18:00,2.0202767848968506,G1M1_new,g1m1_high_load,1.48,57.0,100.0,1.46,1.5,56,58,14,500
2022-06-06 09:19:00,2.0232315063476562,G1M1_new,g1m1_high_load,1.48,57.0,100.0,1.46,1.5,56,58,14,500
2022-06-06 09:20:00,2.0247788429260254,G1M1_new,g1m1_high_load,1.48,57.0,100.0,1.46,1.5,56,58,14,500
2022-06-06 09:22:00,2.0274081230163574,G1M1_new,g1m1_high_load,1.48,57.0,100.0,1.46,1.5,56,58,14,500
2022-06-06 09:24:00,2.023806571960449,G1M1_new,g1m1_high_load,1.48,57.0,100.0,1.46,1.5,56,58,14,500
2022-06-06 09:27:00,2.0214741230010986,G1M1_new,g1m1_high_load,1.48,57.0,100.0,1.46,1.5,56,58,14,500
2022-06-06 09:29:00,2.022249698638916,G1M1_new,g1m1_high_load,1.48,57.0,100.0,1.46,1.5,56,58,14,500
2022-06-06 09:31:00,2.0221364498138428,G1M1_new,g1m1_high_load,1.48,57.0,100.0,1.46,1.5,56,58,14,500
2022-06-06 09:32:00,2.0217161178588867,G1M1_new,g1m1_high_load,1.48,57.0,100.0,1.46,1.5,56,58,14,500
2022-06-06 09:34:00,2.0221033096313477,G1M1_new,g1m1_high_load,1.48,57.0,100.0,1.46,1.5,56,58,14,500
2022-06-06 09:36:00,2.0220584869384766,G1M1_new,g1m1_high_load,1.48,57.0,100.0,1.46,1.5,56,58,14,500
2022-06-06 09:38:00,2.0256705284118652,G1M1_new,g1m1_high_load,1.48,57.0,100.0,1.46,1.5,56,58,14,500
2022-06-06 09:39:00,2.0255675315856934,G1M1_new,g1m1_high_load,1.48,57.0,100.0,1.46,1.5,56,58,14,500
2022-06-06 09:43:00,2.0263569355010986,G1M1_new,g1m1_high_load,1.48,57.0,100.0,1.46,1.5,56,58,14,500
2022-06-06 09:45:00,2.0240304470062256,G1M1_new,g1m1_high_load,1.48,57.0,100.0,1.46,1.5,56,58,14,500
2022-06-06 09:48:00,2.020855665206909,G1M1_new,g1m1_high_load,1.48,57.0,100.0,1.46,1.5,56,58,14,500
2022-06-06 09:50:00,2.0207290649414062,G1M1_new,g1m1_high_load,1.48,57.0,100.0,1.46,1.5,56,58,14,500
2022-06-06 09:53:00,2.0243401527404785,G1M1_new,g1m1_high_load,1.48,57.0,100.0,1.46,1.5,56,58,14,500
2022-06-06 09:55:00,2.0255579948425293,G1M1_new,g1m1_high_load,1.48,57.0,100.0,1.46,1.5,56,58,14,500
2022-06-06 09:58:00,2.0223448276519775,G1M1_new,g1m1_high_load,1.48,57.0,100.0,1.46,1.5,56,58,14,500
2022-06-06 10:02:00,2.0219056606292725,G1M1_new,g1m1_high_load,1.48,57.0,100.0,1.46,1.5,56,58,14,500
2022-06-06 10:04:00,2.020650863647461,G1M1_new,g1m1_high_load,1.48,57.0,100.0,1.46,1.5,56,58,14,500
2022-06-06 10:06:00,2.028409004211426,G1M1_new,g1m1_high_load,1.48,57.0,100.0,1.46,1.5,56,58,14,500
2022-06-06 10:07:00,2.0287652015686035,G1M1_new,g1m1_high_load,1.48,57.0,100.0,1.46,1.5,56,58,14,500
2022-06-06 10:08:00,2.0263426303863525,G1M1_new,g1m1_high_load,1.48,57.0,100.0,1.46,1.5,56,58,14,500
2022-06-06 10:10:00,2.0228841304779053,G1M1_new,g1m1_high_load,1.48,57.0,100.0,1.46,1.5,56,58,14,500
2022-06-06 10:14:00,2.0202829837799072,G1M1_new,g1m1_high_load,1.48,57.0,100.0,1.46,1.5,56,58,14,500
2022-06-06 10:15:00,2.0229170322418213,G1M1_new,g1m1_high_load,1.48,57.0,100.0,1.46,1.5,56,58,14,500
2022-06-06 10:20:00,2.025463819503784,G1M1_new,g1m1_high_load,1.48,57.0,100.0,1.46,1.5,56,58,14,500
2022-06-06 10:24:00,2.0250282287597656,G1M1_new,g1m1_high_load,1.48,57.0,100.0,1.46,1.5,56,58,14,500
2022-06-06 10:25:00,2.022397041320801,G1M1_new,g1m1_high_load,1.48,57.0,100.0,1.46,1.5,56,58,14,500
2022-06-06 10:27:00,2.0236265659332275,G1M1_new,g1m1_high_load,1.48,57.0,100.0,1.46,1.5,56,58,14,500
2022-06-06 10:29:00,2.020650863647461,G1M1_new,g1m1_high_load,1.48,57.0,100.0,1.46,1.5,56,58,14,500
2022-06-06 10:30:00,2.023477554321289,G1M1_new,g1m1_high_load,1.48,57.0,100.0,1.46,1.5,56,58,14,500
2022-06-06 10:32:00,2.0279459953308105,G1M1_new,g1m1_high_load,1.48,57.0,100.0,1.46,1.5,56,58,14,500
2022-06-06 10:34:00,2.022348642349243,G1M1_new,g1m1_high_load,1.48,57.0,100.0,1.46,1.5,56,58,14,500
2022-06-06 10:36:00,2.0196995735168457,G1M1_new,g1m1_high_load,1.48,57.0,100.0,1.46,1.5,56,58,14,500
2022-06-06 10:37:00,2.021808385848999,G1M1_new,g1m1_high_load,1.48,57.0,100.0,1.46,1.5,56,58,14,500
2022-06-06 10:38:00,2.0210766792297363,G1M1_new,g1m1_high_load,1.48,57.0,100.0,1.46,1.5,56,58,14,500
2022-06-06 10:40:00,2.0248360633850098,G1M1_new,g1m1_high_load,1.48,57.0,100.0,1.46,1.5,56,58,14,500
2022-06-06 10:44:00,2.0241310596466064,G1M1_new,g1m1_high_load,1.48,57.0,100.0,1.46,1.5,56,58,14,500
2022-06-06 10:46:00,2.022968053817749,G1M1_new,g1m1_high_load,1.48,57.0,100.0,1.46,1.5,56,58,14,500
2022-06-06 10:49:00,2.023068428039551,G1M1_new,g1m1_high_load,1.48,57.0,100.0,1.46,1.5,56,58,14,500
2022-06-06 10:55:00,2.0281591415405273,G1M1_new,g1m1_high_load,1.48,57.0,100.0,1.46,1.5,56,58,14,500
2022-06-06 10:56:00,2.024932861328125,G1M1_new,g1m1_high_load,1.48,57.0,100.0,1.46,1.5,56,58,14,500
2022-06-06 10:57:00,2.022721290588379,G1M1_new,g1m1_high_load,1.48,57.0,100.0,1.46,1.5,56,58,14,500
2022-06-06 11:00:00,2.01912784576416,G1M1_new,g1m1_high_load,1.48,57.0,100.0,1.46,1.5,56,58,14,500
2022-06-06 11:01:00,2.020658493041992,G1M1_new,g1m1_high_load,1.48,57.0,100.0,1.46,1.5,56,58,14,500
2022-06-06 11:05:00,2.026381015777588,G1M1_new,g1m1_high_load,1.48,57.0,100.0,1.46,1.5,56,58,14,500
2022-06-06 11:06:00,2.0266597270965576,G1M1_new,g1m1_high_load,1.48,57.0,100.0,1.46,1.5,56,58,14,500
2022-06-06 11:07:00,2.0269100666046143,G1M1_new,g1m1_high_load,1.48,57.0,100.0,1.46,1.5,56,58,14,500
2022-06-06 11:08:00,2.025163173675537,G1M1_new,g1m1_high_load,1.48,57.0,100.0,1.46,1.5,56,58,14,500
2022-06-06 11:09:00,2.0243561267852783,G1M1_new,g1m1_high_load,1.48,57.0,100.0,1.46,1.5,56,58,14,500
2022-06-06 11:13:00,2.0207059383392334,G1M1_new,g1m1_high_load,1.48,57.0,100.0,1.46,1.5,56,58,14,500
2022-06-06 11:14:00,2.021528720855713,G1M1_new,g1m1_high_load,1.48,57.0,100.0,1.46,1.5,56,58,14,500
2022-06-06 11:16:00,2.0219242572784424,G1M1_new,g1m1_high_load,1.48,57.0,100.0,1.46,1.5,56,58,14,500
2022-06-06 11:19:00,2.02691650390625,G1M1_new,g1m1_high_load,1.48,57.0,100.0,1.46,1.5,56,58,14,500
2022-06-06 11:21:00,2.02400803565979,G1M1_new,g1m1_high_load,1.48,57.0,100.0,1.46,1.5,56,58,14,500
2022-06-06 11:22:00,2.0239107608795166,G1M1_new,g1m1_high_load,1.48,57.0,100.0,1.46,1.5,56,58,14,500
2022-06-06 11:24:00,2.0205020904541016,G1M1_new,g1m1_high_load,1.48,57.0,100.0,1.46,1.5,56,58,14,500
2022-06-06 11:25:00,2.021636962890625,G1M1_new,g1m1_high_load,1.48,57.0,100.0,1.46,1.5,56,58,14,500
2022-06-06 11:26:00,2.0200021266937256,G1M1_new,g1m1_high_load,1.48,57.0,100.0,1.46,1.5,56,58,14,500
2022-06-06 11:29:00,2.025053024291992,G1M1_new,g1m1_high_load,1.48,57.0,100.0,1.46,1.5,56,58,14,500
2022-06-06 11:33:00,2.023723602294922,G1M1_new,g1m1_high_load,1.48,57.0,100.0,1.46,1.5,56,58,14,500
2022-06-06 11:34:00,2.023749351501465,G1M1_new,g1m1_high_load,1.48,57.0,100.0,1.46,1.5,56,58,14,500
2022-06-06 11:35:00,2.0235037803649902,G1M1_new,g1m1_high_load,1.48,57.0,100.0,1.46,1.5,56,58,14,500
2022-06-06 11:41:00,2.0255744457244873,G1M1_new,g1m1_high_load,1.48,57.0,100.0,1.46,1.5,56,58,14,500
2022-06-06 11:42:00,2.0278284549713135,G1M1_new,g1m1_high_load,1.48,57.0,100.0,1.46,1.5,56,58,14,500
2022-06-06 11:45:00,2.026710271835327,G1M1_new,g1m1_high_load,1.48,57.0,100.0,1.46,1.5,56,58,14,500
2022-06-06 11:48:00,2.018885374069214,G1M1_new,g1m1_high_load,1.48,57.0,100.0,1.46,1.5,56,58,14,500
2022-06-06 11:50:00,2.0221145153045654,G1M1_new,g1m1_high_load,1.48,57.0,100.0,1.46,1.5,56,58,14,500
2022-06-06 11:52:00,2.024272918701172,G1M1_new,g1m1_high_load,1.48,57.0,100.0,1.46,1.5,56,58,14,500
2022-06-06 11:53:00,2.024318218231201,G1M1_new,g1m1_high_load,1.48,57.0,100.0,1.46,1.5,56,58,14,500
2022-06-06 11:54:00,2.0259227752685547,G1M1_new,g1m1_high_load,1.48,57.0,100.0,1.46,1.5,56,58,14,500
2022-06-06 11:56:00,2.022895097732544,G1M1_new,g1m1_high_load,1.48,57.0,100.0,1.46,1.5,56,58,14,500
2022-06-06 11:58:00,2.0225040912628174,G1M1_new,g1m1_high_load,1.48,57.0,100.0,1.46,1.5,56,58,14,500
2022-06-06 12:00:00,2.022733688354492,G1M1_new,g1m1_high_load,1.48,57.0,100.0,1.46,1.5,56,58,14,500
2022-06-06 12:01:00,2.0211434364318848,G1M1_new,g1m1_high_load,1.48,57.0,100.0,1.46,1.5,56,58,14,500
2022-06-06 12:03:00,2.0234103202819824,G1M1_new,g1m1_high_load,1.48,57.0,100.0,1.46,1.5,56,58,14,500
2022-06-06 12:04:00,2.025969982147217,G1M1_new,g1m1_high_load,1.48,57.0,100.0,1.46,1.5,56,58,14,500
2022-06-06 12:06:00,2.028169631958008,G1M1_new,g1m1_high_load,1.48,57.0,100.0,1.46,1.5,56,58,14,500
2022-06-06 12:07:00,2.0282301902770996,G1M1_new,g1m1_high_load,1.48,57.0,100.0,1.46,1.5,56,58,14,500
2022-06-06 12:12:00,2.0204572677612305,G1M1_new,g1m1_high_load,1.48,57.0,100.0,1.46,1.5,56,58,14,500
2022-06-06 12:14:00,2.024538040161133,G1M1_new,g1m1_high_load,1.48,57.0,100.0,1.46,1.5,56,58,14,500
2022-06-06 12:16:00,2.025702953338623,G1M1_new,g1m1_high_load,1.48,57.0,100.0,1.46,1.5,56,58,14,500
2022-06-06 12:18:00,2.023679494857788,G1M1_new,g1m1_high_load,1.48,57.0,100.0,1.46,1.5,56,58,14,500
2022-06-06 12:20:00,2.0227932929992676,G1M1_new,g1m1_high_load,1.48,57.0,100.0,1.46,1.5,56,58,14,500
2022-06-06 12:24:00,2.0216469764709473,G1M1_new,g1m1_high_load,1.48,57.0,100.0,1.46,1.5,56,58,14,500
2022-06-06 12:25:00,2.0224688053131104,G1M1_new,g1m1_high_load,1.48,57.0,100.0,1.46,1.5,56,58,14,500
2022-06-06 12:26:00,2.0230472087860107,G1M1_new,g1m1_high_load,1.48,57.0,100.0,1.46,1.5,56,58,14,500
2022-06-06 12:27:00,2.0236704349517822,G1M1_new,g1m1_high_load,1.48,57.0,100.0,1.46,1.5,56,58,14,500
2022-06-06 12:30:00,2.0271666049957275,G1M1_new,g1m1_high_load,1.48,57.0,100.0,1.46,1.5,56,58,14,500
2022-06-06 12:31:00,2.0287768840789795,G1M1_new,g1m1_high_load,1.48,57.0,100.0,1.46,1.5,56,58,14,500
2022-06-06 12:33:00,2.024244546890259,G1M1_new,g1m1_high_load,1.48,57.0,100.0,1.46,1.5,56,58,14,500
2022-06-06 12:35:00,2.0185556411743164,G1M1_new,g1m1_high_load,1.48,57.0,100.0,1.46,1.5,56,58,14,500
2022-06-06 12:37:00,2.020932912826538,G1M1_new,g1m1_high_load,1.48,57.0,100.0,1.46,1.5,56,58,14,500
2022-06-06 12:40:00,2.0242714881896973,G1M1_new,g1m1_high_load,1.48,57.0,100.0,1.46,1.5,56,58,14,500
2022-06-06 12:41:00,2.024637222290039,G1M1_new,g1m1_high_load,1.48,57.0,100.0,1.46,1.5,56,58,14,500
2022-06-06 12:43:00,2.026698589324951,G1M1_new,g1m1_high_load,1.48,57.0,100.0,1.46,1.5,56,58,14,500
2022-06-06 12:46:00,2.0228822231292725,G1M1_new,g1m1_high_load,1.48,57.0,100.0,1.46,1.5,56,58,14,500
2022-06-06 12:48:00,2.0213963985443115,G1M1_new,g1m1_high_load,1.48,57.0,100.0,1.46,1.5,56,58,14,500
2022-06-06 12:50:00,2.021798610687256,G1M1_new,g1m1_high_load,1.48,57.0,100.0,1.46,1.5,56,58,14,500
2022-06-06 12:51:00,2.0239815711975098,G1M1_new,g1m1_high_load,1.48,57.0,100.0,1.46,1.5,56,58,14,500
2022-06-06 12:52:00,2.024277687072754,G1M1_new,g1m1_high_load,1.48,57.0,100.0,1.46,1.5,56,58,14,500
2022-06-06 12:53:00,2.026689052581787,G1M1_new,g1m1_high_load,1.48,57.0,100.0,1.46,1.5,56,58,14,500
2022-06-06 12:55:00,2.028712034225464,G1M1_new,g1m1_high_load,1.48,57.0,100.0,1.46,1.5,56,58,14,500
2022-06-06 12:58:00,2.0236618518829346,G1M1_new,g1m1_high_load,1.48,57.0,100.0,1.46,1.5,56,58,14,500
2022-06-06 12:59:00,2.019381523132324,G1M1_new,g1m1_high_load,1.48,57.0,100.0,1.46,1.5,56,58,14,500
2022-06-06 13:00:00,2.019852638244629,G1M1_new,g1m1_high_load,1.48,57.0,100.0,1.46,1.5,56,58,14,500
2022-06-06 13:01:00,2.0203349590301514,G1M1_new,g1m1_high_load,1.48,57.0,100.0,1.46,1.5,56,58,14,500
2022-06-06 13:03:00,2.022019624710083,G1M1_new,g1m1_high_load,1.48,57.0,100.0,1.46,1.5,56,58,14,500
2022-06-06 13:04:00,2.0219781398773193,G1M1_new,g1m1_high_load,1.48,57.0,100.0,1.46,1.5,56,58,14,500
2022-06-06 13:06:00,2.02388334274292,G1M1_new,g1m1_high_load,1.48,57.0,100.0,1.46,1.5,56,58,14,500
2022-06-06 13:08:00,2.022919178009033,G1M1_new,g1m1_high_load,1.48,57.0,100.0,1.46,1.5,56,58,14,500
2022-06-06 13:10:00,2.0217506885528564,G1M1_new,g1m1_high_load,1.48,57.0,100.0,1.46,1.5,56,58,14,500
2022-06-06 13:13:00,2.0223240852355957,G1M1_new,g1m1_high_load,1.48,57.0,100.0,1.46,1.5,56,58,14,500
2022-06-06 13:14:00,2.022869825363159,G1M1_new,g1m1_high_load,1.48,57.0,100.0,1.46,1.5,56,58,14,500
2022-06-06 13:15:00,2.0235540866851807,G1M1_new,g1m1_high_load,1.48,57.0,100.0,1.46,1.5,56,58,14,500
2022-06-06 13:19:00,2.027639150619507,G1M1_new,g1m1_high_load,1.48,57.0,100.0,1.46,1.5,56,58,14,500
2022-06-06 13:20:00,2.0243992805480957,G1M1_new,g1m1_high_load,1.48,57.0,100.0,1.46,1.5,56,58,14,500
2022-06-06 13:21:00,2.021613121032715,G1M1_new,g1m1_high_load,1.48,57.0,100.0,1.46,1.5,56,58,14,500
2022-06-06 13:22:00,2.023355007171631,G1M1_new,g1m1_high_load,1.48,57.0,100.0,1.46,1.5,56,58,14,500
2022-06-06 13:23:00,2.0199971199035645,G1M1_new,g1m1_high_load,1.48,57.0,100.0,1.46,1.5,56,58,14,500
2022-06-06 13:24:00,2.0221951007843018,G1M1_new,g1m1_high_load,1.48,57.0,100.0,1.46,1.5,56,58,14,500
2022-06-06 13:26:00,2.024385452270508,G1M1_new,g1m1_high_load,1.48,57.0,100.0,1.46,1.5,56,58,14,500
2022-06-06 13:27:00,2.02359676361084,G1M1_new,g1m1_high_load,1.48,57.0,100.0,1.46,1.5,56,58,14,500
2022-06-06 13:33:00,2.0227572917938232,G1M1_new,g1m1_high_load,1.48,57.0,100.0,1.46,1.5,56,58,14,500
2022-06-06 13:34:00,2.0196008682250977,G1M1_new,g1m1_high_load,1.48,57.0,100.0,1.46,1.5,56,58,14,500
2022-06-06 13:36:00,2.0216448307037354,G1M1_new,g1m1_high_load,1.48,57.0,100.0,1.46,1.5,56,58,14,500
2022-06-06 13:39:00,2.022756576538086,G1M1_new,g1m1_high_load,1.48,57.0,100.0,1.46,1.5,56,58,14,500
2022-06-06 13:40:00,2.023272752761841,G1M1_new,g1m1_high_load,1.48,57.0,100.0,1.46,1.5,56,58,14,500
2022-06-06 13:42:00,2.0252349376678467,G1M1_new,g1m1_high_load,1.48,57.0,100.0,1.46,1.5,56,58,14,500
2022-06-06 13:47:00,2.021822690963745,G1M1_new,g1m1_high_load,1.48,57.0,100.0,1.46,1.5,56,58,14,500
2022-06-06 13:48:00,2.0183730125427246,G1M1_new,g1m1_high_load,1.48,57.0,100.0,1.46,1.5,56,58,14,500
2022-06-06 13:49:00,2.018449068069458,G1M1_new,g1m1_high_load,1.48,57.0,100.0,1.46,1.5,56,58,14,500
2022-06-06 13:50:00,2.0207362174987793,G1M1_new,g1m1_high_load,1.48,57.0,100.0,1.46,1.5,56,58,14,500
2022-06-06 13:51:00,2.0212719440460205,G1M1_new,g1m1_high_load,1.48,57.0,100.0,1.46,1.5,56,58,14,500
2022-06-06 13:53:00,2.023790121078491,G1M1_new,g1m1_high_load,1.48,57.0,100.0,1.46,1.5,56,58,14,500
2022-06-06 13:55:00,2.024205207824707,G1M1_new,g1m1_high_load,1.48,57.0,100.0,1.46,1.5,56,58,14,500
2022-06-06 13:56:00,2.025301933288574,G1M1_new,g1m1_high_load,1.48,57.0,100.0,1.46,1.5,56,58,14,500
2022-06-06 13:57:00,2.0261311531066895,G1M1_new,g1m1_high_load,1.48,57.0,100.0,1.46,1.5,56,58,14,500
2022-06-06 13:59:00,2.0240862369537354,G1M1_new,g1m1_high_load,1.48,57.0,100.0,1.46,1.5,56,58,14,500
2022-06-06 14:01:00,2.0224227905273438,G1M1_new,g1m1_high_load,1.48,57.0,100.0,1.46,1.5,56,58,14,500
2022-06-06 14:02:00,2.02229642868042,G1M1_new,g1m1_high_load,1.48,57.0,100.0,1.46,1.5,56,58,14,500
2022-06-06 14:03:00,2.021963357925415,G1M1_new,g1m1_high_load,1.48,57.0,100.0,1.46,1.5,56,58,14,500
2022-06-06 14:04:00,2.021028518676758,G1M1_new,g1m1_high_load,1.48,57.0,100.0,1.46,1.5,56,58,14,500
2022-06-06 14:06:00,2.023738145828247,G1M1_new,g1m1_high_load,1.48,57.0,100.0,1.46,1.5,56,58,14,500
2022-06-06 14:07:00,2.0261967182159424,G1M1_new,g1m1_high_load,1.48,57.0,100.0,1.46,1.5,56,58,14,500
2022-06-06 14:11:00,2.0235514640808105,G1M1_new,g1m1_high_load,1.48,57.0,100.0,1.46,1.5,56,58,14,500
2022-06-06 14:13:00,2.018587350845337,G1M1_new,g1m1_high_load,1.48,57.0,100.0,1.46,1.5,56,58,14,500
2022-06-06 14:15:00,2.0225980281829834,G1M1_new,g1m1_high_load,1.48,57.0,100.0,1.46,1.5,56,58,14,500
2022-06-06 14:19:00,2.0248279571533203,G1M1_new,g1m1_high_load,1.48,57.0,100.0,1.46,1.5,56,58,14,500
2022-06-06 14:20:00,2.0251853466033936,G1M1_new,g1m1_high_load,1.48,57.0,100.0,1.46,1.5,56,58,14,500
2022-06-06 14:21:00,2.02470326423645,G1M1_new,g1m1_high_load,1.48,57.0,100.0,1.46,1.5,56,58,14,500
2022-06-06 14:22:00,2.0256412029266357,G1M1_new,g1m1_high_load,1.48,57.0,100.0,1.46,1.5,56,58,14,500
2022-06-06 14:23:00,2.023379325866699,G1M1_new,g1m1_high_load,1.48,57.0,100.0,1.46,1.5,56,58,14,500
2022-06-06 14:26:00,2.021400213241577,G1M1_new,g1m1_high_load,1.48,57.0,100.0,1.46,1.5,56,58,14,500
2022-06-06 14:29:00,2.0236778259277344,G1M1_new,g1m1_high_load,1.48,57.0,100.0,1.46,1.5,56,58,14,500
2022-06-06 14:33:00,2.028085231781006,G1M1_new,g1m1_high_load,1.48,57.0,100.0,1.46,1.5,56,58,14,500
2022-06-06 14:34:00,2.025712490081787,G1M1_new,g1m1_high_load,1.48,57.0,100.0,1.46,1.5,56,58,14,500
2022-06-06 14:36:00,2.020948886871338,G1M1_new,g1m1_high_load,1.48,57.0,100.0,1.46,1.5,56,58,14,500
2022-06-06 14:40:00,2.021678924560547,G1M1_new,g1m1_high_load,1.48,57.0,100.0,1.46,1.5,56,58,14,500
2022-06-06 14:41:00,2.0233206748962402,G1M1_new,g1m1_high_load,1.48,57.0,100.0,1.46,1.5,56,58,14,500
2022-06-06 14:42:00,2.0231378078460693,G1M1_new,g1m1_high_load,1.48,57.0,100.0,1.46,1.5,56,58,14,500
2022-06-06 14:44:00,2.025270938873291,G1M1_new,g1m1_high_load,1.48,57.0,100.0,1.46,1.5,56,58,14,500
2022-06-06 14:45:00,2.0260636806488037,G1M1_new,g1m1_high_load,1.48,57.0,100.0,1.46,1.5,56,58,14,500
2022-06-06 14:46:00,2.027923583984375,G1M1_new,g1m1_high_load,1.48,57.0,100.0,1.46,1.5,56,58,14,500
2022-06-06 14:47:00,2.025624990463257,G1M1_new,g1m1_high_load,1.48,57.0,100.0,1.46,1.5,56,58,14,500
2022-06-06 14:48:00,2.024596929550171,G1M1_new,g1m1_high_load,1.48,57.0,100.0,1.46,1.5,56,58,14,500
2022-06-06 14:50:00,2.0219476222991943,G1M1_new,g1m1_high_load,1.48,57.0,100.0,1.46,1.5,56,58,14,500
2022-06-06 14:51:00,2.021134614944458,G1M1_new,g1m1_high_load,1.48,57.0,100.0,1.46,1.5,56,58,14,500
2022-06-06 14:52:00,2.021855354309082,G1M1_new,g1m1_high_load,1.48,57.0,100.0,1.46,1.5,56,58,14,500
2022-06-06 14:54:00,2.0234501361846924,G1M1_new,g1m1_high_load,1.48,57.0,100.0,1.46,1.5,56,58,14,500
2022-06-06 14:56:00,2.02547287940979,G1M1_new,g1m1_high_load,1.48,57.0,100.0,1.46,1.5,56,58,14,500
2022-06-06 14:57:00,2.025918960571289,G1M1_new,g1m1_high_load,1.48,57.0,100.0,1.46,1.5,56,58,14,500
2022-06-06 15:00:00,2.023458242416382,G1M1_new,g1m1_high_load,1.48,57.0,100.0,1.46,1.5,56,58,14,500
2022-06-06 15:01:00,2.0239014625549316,G1M1_new,g1m1_high_load,1.48,57.0,100.0,1.46,1.5,56,58,14,500
2022-06-06 15:02:00,2.022740364074707,G1M1_new,g1m1_high_load,1.48,57.0,100.0,1.46,1.5,56,58,14,500
2022-06-06 15:03:00,2.021120309829712,G1M1_new,g1m1_high_load,1.48,57.0,100.0,1.46,1.5,56,58,14,500
2022-06-06 15:06:00,2.021620273590088,G1M1_new,g1m1_high_load,1.48,57.0,100.0,1.46,1.5,56,58,14,500
2022-06-06 15:07:00,2.0226473808288574,G1M1_new,g1m1_high_load,1.48,57.0,100.0,1.46,1.5,56,58,14,500
2022-06-06 15:08:00,2.023441791534424,G1M1_new,g1m1_high_load,1.48,57.0,100.0,1.46,1.5,56,58,14,500
2022-06-06 15:10:00,2.0250258445739746,G1M1_new,g1m1_high_load,1.48,57.0,100.0,1.46,1.5,56,58,14,500
2022-06-06 15:11:00,2.023841381072998,G1M1_new,g1m1_high_load,1.48,57.0,100.0,1.46,1.5,56,58,14,500
2022-06-06 15:13:00,2.0254950523376465,G1M1_new,g1m1_high_load,1.48,57.0,100.0,1.46,1.5,56,58,14,500
2022-06-06 15:15:00,2.026846408843994,G1M1_new,g1m1_high_load,1.48,57.0,100.0,1.46,1.5,56,58,14,500
2022-06-06 15:17:00,2.024113893508911,G1M1_new,g1m1_high_load,1.48,57.0,100.0,1.46,1.5,56,58,14,500
2022-06-06 15:18:00,2.0249125957489014,G1M1_new,g1m1_high_load,1.48,57.0,100.0,1.46,1.5,56,58,14,500
2022-06-06 15:22:00,2.023811101913452,G1M1_new,g1m1_high_load,1.48,57.0,100.0,1.46,1.5,56,58,14,500
2022-06-06 15:23:00,2.022142171859741,G1M1_new,g1m1_high_load,1.48,57.0,100.0,1.46,1.5,56,58,14,500
2022-06-06 15:25:00,2.023528575897217,G1M1_new,g1m1_high_load,1.48,57.0,100.0,1.46,1.5,56,58,14,500
2022-06-06 15:27:00,2.020099401473999,G1M1_new,g1m1_high_load,1.48,57.0,100.0,1.46,1.5,56,58,14,500
2022-06-06 15:28:00,2.0229239463806152,G1M1_new,g1m1_high_load,1.48,57.0,100.0,1.46,1.5,56,58,14,500
2022-06-06 15:29:00,2.020981788635254,G1M1_new,g1m1_high_load,1.48,57.0,100.0,1.46,1.5,56,58,14,500
2022-06-06 15:30:00,2.0235846042633057,G1M1_new,g1m1_high_load,1.48,57.0,100.0,1.46,1.5,56,58,14,500
2022-06-06 15:31:00,2.0236737728118896,G1M1_new,g1m1_high_load,1.48,57.0,100.0,1.46,1.5,56,58,14,500
2022-06-06 15:33:00,2.024287223815918,G1M1_new,g1m1_high_load,1.48,57.0,100.0,1.46,1.5,56,58,14,500
2022-06-06 15:34:00,2.025512933731079,G1M1_new,g1m1_high_load,1.48,57.0,100.0,1.46,1.5,56,58,14,500
2022-06-06 15:35:00,2.0255508422851562,G1M1_new,g1m1_high_load,1.48,57.0,100.0,1.46,1.5,56,58,14,500
2022-06-06 15:40:00,2.0206031799316406,G1M1_new,g1m1_high_load,1.48,57.0,100.0,1.46,1.5,56,58,14,500
2022-06-06 15:42:00,2.0241596698760986,G1M1_new,g1m1_high_load,1.48,57.0,100.0,1.46,1.5,56,58,14,500
2022-06-06 15:43:00,2.0257067680358887,G1M1_new,g1m1_high_load,1.48,57.0,100.0,1.46,1.5,56,58,14,500
2022-06-06 15:46:00,2.025556802749634,G1M1_new,g1m1_high_load,1.48,57.0,100.0,1.46,1.5,56,58,14,500
2022-06-06 15:47:00,2.0241339206695557,G1M1_new,g1m1_high_load,1.48,57.0,100.0,1.46,1.5,56,58,14,500
2022-06-06 15:49:00,2.0227537155151367,G1M1_new,g1m1_high_load,1.48,57.0,100.0,1.46,1.5,56,58,14,500
2022-06-06 15:50:00,2.022460699081421,G1M1_new,g1m1_high_load,1.48,57.0,100.0,1.46,1.5,56,58,14,500
2022-06-06 15:51:00,2.0210418701171875,G1M1_new,g1m1_high_load,1.48,57.0,100.0,1.46,1.5,56,58,14,500
2022-06-06 15:54:00,2.0226123332977295,G1M1_new,g1m1_high_load,1.48,57.0,100.0,1.46,1.5,56,58,14,500
2022-06-06 15:55:00,2.023153305053711,G1M1_new,g1m1_high_load,1.48,57.0,100.0,1.46,1.5,56,58,14,500
2022-06-06 15:57:00,2.025568962097168,G1M1_new,g1m1_high_load,1.48,57.0,100.0,1.46,1.5,56,58,14,500
2022-06-06 15:58:00,2.025550365447998,G1M1_new,g1m1_high_load,1.48,57.0,100.0,1.46,1.5,56,58,14,500
2022-06-06 16:02:00,2.0235133171081543,G1M1_new,g1m1_high_load,1.48,57.0,100.0,1.46,1.5,56,58,14,500
2022-06-06 16:03:00,2.022552967071533,G1M1_new,g1m1_high_load,1.48,57.0,100.0,1.46,1.5,56,58,14,500
2022-06-06 16:05:00,2.0226964950561523,G1M1_new,g1m1_high_load,1.48,57.0,100.0,1.46,1.5,56,58,14,500
2022-06-06 16:07:00,2.0230472087860107,G1M1_new,g1m1_high_load,1.48,57.0,100.0,1.46,1.5,56,58,14,500
2022-06-06 16:09:00,2.0236001014709473,G1M1_new,g1m1_high_load,1.48,57.0,100.0,1.46,1.5,56,58,14,500
2022-06-06 16:10:00,2.0234973430633545,G1M1_new,g1m1_high_load,1.48,57.0,100.0,1.46,1.5,56,58,14,500
2022-06-06 16:11:00,2.0217397212982178,G1M1_new,g1m1_high_load,1.48,57.0,100.0,1.46,1.5,56,58,14,500
2022-06-06 16:14:00,2.0220818519592285,G1M1_new,g1m1_high_load,1.48,57.0,100.0,1.46,1.5,56,58,14,500
2022-06-06 16:17:00,2.0242505073547363,G1M1_new,g1m1_high_load,1.48,57.0,100.0,1.46,1.5,56,58,14,500
2022-06-06 16:18:00,2.025158166885376,G1M1_new,g1m1_high_load,1.48,57.0,100.0,1.46,1.5,56,58,14,500
2022-06-06 16:20:00,2.0243821144104004,G1M1_new,g1m1_high_load,1.48,57.0,100.0,1.46,1.5,56,58,14,500
2022-06-06 16:22:00,2.0226471424102783,G1M1_new,g1m1_high_load,1.48,57.0,100.0,1.46,1.5,56,58,14,500
2022-06-06 16:24:00,2.0217065811157227,G1M1_new,g1m1_high_load,1.48,57.0,100.0,1.46,1.5,56,58,14,500
2022-06-06 16:26:00,2.0212461948394775,G1M1_new,g1m1_high_load,1.48,57.0,100.0,1.46,1.5,56,58,14,500
2022-06-06 16:27:00,2.022475481033325,G1M1_new,g1m1_high_load,1.48,57.0,100.0,1.46,1.5,56,58,14,500
2022-06-06 16:28:00,2.026212692260742,G1M1_new,g1m1_high_load,1.48,57.0,100.0,1.46,1.5,56,58,14,500
2022-06-06 16:29:00,2.0237321853637695,G1M1_new,g1m1_high_load,1.48,57.0,100.0,1.46,1.5,56,58,14,500
2022-06-06 16:30:00,2.028347969055176,G1M1_new,g1m1_high_load,1.48,57.0,100.0,1.46,1.5,56,58,14,500
2022-06-06 16:32:00,2.0256991386413574,G1M1_new,g1m1_high_load,1.48,57.0,100.0,1.46,1.5,56,58,14,500
2022-06-06 16:33:00,2.0257203578948975,G1M1_new,g1m1_high_load,1.48,57.0,100.0,1.46,1.5,56,58,14,500
2022-06-06 16:35:00,2.0237154960632324,G1M1_new,g1m1_high_load,1.48,57.0,100.0,1.46,1.5,56,58,14,500
2022-06-06 16:37:00,2.022980213165283,G1M1_new,g1m1_high_load,1.48,57.0,100.0,1.46,1.5,56,58,14,500
2022-06-06 16:38:00,2.0215063095092773,G1M1_new,g1m1_high_load,1.48,57.0,100.0,1.46,1.5,56,58,14,500
2022-06-06 16:40:00,2.0206899642944336,G1M1_new,g1m1_high_load,1.48,57.0,100.0,1.46,1.5,56,58,14,500
2022-06-06 16:41:00,2.023101568222046,G1M1_new,g1m1_high_load,1.48,57.0,100.0,1.46,1.5,56,58,14,500
2022-06-06 16:43:00,2.0242397785186768,G1M1_new,g1m1_high_load,1.48,57.0,100.0,1.46,1.5,56,58,14,500
2022-06-06 16:46:00,2.0250985622406006,G1M1_new,g1m1_high_load,1.48,57.0,100.0,1.46,1.5,56,58,14,500
2022-06-06 16:47:00,2.025207281112671,G1M1_new,g1m1_high_load,1.48,57.0,100.0,1.46,1.5,56,58,14,500
2022-06-06 16:48:00,2.0259287357330322,G1M1_new,g1m1_high_load,1.48,57.0,100.0,1.46,1.5,56,58,14,500
2022-06-06 16:50:00,2.024580955505371,G1M1_new,g1m1_high_load,1.48,57.0,100.0,1.46,1.5,56,58,14,500
2022-06-06 16:52:00,2.0268921852111816,G1M1_new,g1m1_high_load,1.48,57.0,100.0,1.46,1.5,56,58,14,500
2022-06-06 16:53:00,2.0252373218536377,G1M1_new,g1m1_high_load,1.48,57.0,100.0,1.46,1.5,56,58,14,500
2022-06-06 16:54:00,2.0267326831817627,G1M1_new,g1m1_high_load,1.48,57.0,100.0,1.46,1.5,56,58,14,500
2022-06-06 16:56:00,2.0265674591064453,G1M1_new,g1m1_high_load,1.48,57.0,100.0,1.46,1.5,56,58,14,500
2022-06-06 16:58:00,2.021845817565918,G1M1_new,g1m1_high_load,1.48,57.0,100.0,1.46,1.5,56,58,14,500
2022-06-06 17:02:00,2.022817850112915,G1M1_new,g1m1_high_load,1.48,57.0,100.0,1.46,1.5,56,58,14,500
2022-06-06 17:03:00,2.023663282394409,G1M1_new,g1m1_high_load,1.48,57.0,100.0,1.46,1.5,56,58,14,500
2022-06-06 17:06:00,2.0246338844299316,G1M1_new,g1m1_high_load,1.48,57.0,100.0,1.46,1.5,56,58,14,500
2022-06-06 17:09:00,2.0242764949798584,G1M1_new,g1m1_high_load,1.48,57.0,100.0,1.46,1.5,56,58,14,500
2022-06-06 17:11:00,2.0263113975524902,G1M1_new,g1m1_high_load,1.48,57.0,100.0,1.46,1.5,56,58,14,500
2022-06-06 17:13:00,2.0250847339630127,G1M1_new,g1m1_high_load,1.48,57.0,100.0,1.46,1.5,56,58,14,500
2022-06-06 17:14:00,2.025240182876587,G1M1_new,g1m1_high_load,1.48,57.0,100.0,1.46,1.5,56,58,14,500
2022-06-06 17:16:00,2.0227272510528564,G1M1_new,g1m1_high_load,1.48,57.0,100.0,1.46,1.5,56,58,14,500
2022-06-06 17:18:00,2.0221571922302246,G1M1_new,g1m1_high_load,1.48,57.0,100.0,1.46,1.5,56,58,14,500
2022-06-06 17:19:00,2.0232269763946533,G1M1_new,g1m1_high_load,1.48,57.0,100.0,1.46,1.5,56,58,14,500
2022-06-06 17:20:00,2.0236446857452393,G1M1_new,g1m1_high_load,1.48,57.0,100.0,1.46,1.5,56,58,14,500
2022-06-06 17:21:00,2.023655652999878,G1M1_new,g1m1_high_load,1.48,57.0,100.0,1.46,1.5,56,58,14,500
2022-06-06 17:22:00,2.024318218231201,G1M1_new,g1m1_high_load,1.48,57.0,100.0,1.46,1.5,56,58,14,500
2022-06-06 17:24:00,2.0245275497436523,G1M1_new,g1m1_high_load,1.48,57.0,100.0,1.46,1.5,56,58,14,500
2022-06-06 17:26:00,2.0278284549713135,G1M1_new,g1m1_high_load,1.48,57.0,100.0,1.46,1.5,56,58,14,500
2022-06-06 17:31:00,2.0254876613616943,G1M1_new,g1m1_high_load,1.48,57.0,100.0,1.46,1.5,56,58,14,500
2022-06-06 17:33:00,2.0252387523651123,G1M1_new,g1m1_high_load,1.48,57.0,100.0,1.46,1.5,56,58,14,500
2022-06-06 17:34:00,2.0194804668426514,G1M1_new,g1m1_high_load,1.48,57.0,100.0,1.46,1.5,56,58,14,500
2022-06-06 17:36:00,2.0221781730651855,G1M1_new,g1m1_high_load,1.48,57.0,100.0,1.46,1.5,56,58,14,500
2022-06-06 17:38:00,2.023691177368164,G1M1_new,g1m1_high_load,1.48,57.0,100.0,1.46,1.5,56,58,14,500
2022-06-06 17:40:00,2.0239672660827637,G1M1_new,g1m1_high_load,1.48,57.0,100.0,1.46,1.5,56,58,14,500
2022-06-06 17:42:00,2.02642560005188,G1M1_new,g1m1_high_load,1.48,57.0,100.0,1.46,1.5,56,58,14,500
2022-06-06 17:43:00,2.027524471282959,G1M1_new,g1m1_high_load,1.48,57.0,100.0,1.46,1.5,56,58,14,500
2022-06-06 17:44:00,2.027123212814331,G1M1_new,g1m1_high_load,1.48,57.0,100.0,1.46,1.5,56,58,14,500
2022-06-06 17:47:00,2.0258255004882812,G1M1_new,g1m1_high_load,1.48,57.0,100.0,1.46,1.5,56,58,14,500
2022-06-06 17:50:00,2.021751880645752,G1M1_new,g1m1_high_load,1.48,57.0,100.0,1.46,1.5,56,58,14,500
2022-06-06 17:52:00,2.023122787475586,G1M1_new,g1m1_high_load,1.48,57.0,100.0,1.46,1.5,56,58,14,500
2022-06-06 17:54:00,2.0219738483428955,G1M1_new,g1m1_high_load,1.48,57.0,100.0,1.46,1.5,56,58,14,500
2022-06-06 17:55:00,2.0216457843780518,G1M1_new,g1m1_high_load,1.48,57.0,100.0,1.46,1.5,56,58,14,500
2022-06-06 17:58:00,2.023815870285034,G1M1_new,g1m1_high_load,1.48,57.0,100.0,1.46,1.5,56,58,14,500
2022-06-06 17:59:00,2.0241012573242188,G1M1_new,g1m1_high_load,1.48,57.0,100.0,1.46,1.5,56,58,14,500
2022-06-06 18:00:00,2.024825096130371,G1M1_new,g1m1_high_load,1.48,57.0,100.0,1.46,1.5,56,58,14,500
2022-06-06 18:01:00,2.025179624557495,G1M1_new,g1m1_high_load,1.48,57.0,100.0,1.46,1.5,56,58,14,500
2022-06-06 18:03:00,2.025885820388794,G1M1_new,g1m1_high_load,1.48,57.0,100.0,1.46,1.5,56,58,14,500
2022-06-06 18:06:00,2.025832414627075,G1M1_new,g1m1_high_load,1.48,57.0,100.0,1.46,1.5,56,58,14,500
2022-06-06 18:11:00,2.019914150238037,G1M1_new,g1m1_high_load,1.48,57.0,100.0,1.46,1.5,56,58,14,500
2022-06-06 18:12:00,2.0215110778808594,G1M1_new,g1m1_high_load,1.48,57.0,100.0,1.46,1.5,56,58,14,500
2022-06-06 18:14:00,2.0231497287750244,G1M1_new,g1m1_high_load,1.48,57.0,100.0,1.46,1.5,56,58,14,500
2022-06-06 18:15:00,2.0237393379211426,G1M1_new,g1m1_high_load,1.48,57.0,100.0,1.46,1.5,56,58,14,500
2022-06-06 18:18:00,2.0247395038604736,G1M1_new,g1m1_high_load,1.48,57.0,100.0,1.46,1.5,56,58,14,500
2022-06-06 18:20:00,2.0259227752685547,G1M1_new,g1m1_high_load,1.48,57.0,100.0,1.46,1.5,56,58,14,500
2022-06-06 18:21:00,2.025087833404541,G1M1_new,g1m1_high_load,1.48,57.0,100.0,1.46,1.5,56,58,14,500
2022-06-06 18:23:00,2.0247392654418945,G1M1_new,g1m1_high_load,1.48,57.0,100.0,1.46,1.5,56,58,14,500
2022-06-06 18:25:00,2.0231525897979736,G1M1_new,g1m1_high_load,1.48,57.0,100.0,1.46,1.5,56,58,14,500
2022-06-06 18:26:00,2.0208678245544434,G1M1_new,g1m1_high_load,1.48,57.0,100.0,1.46,1.5,56,58,14,500
2022-06-06 18:29:00,2.0231380462646484,G1M1_new,g1m1_high_load,1.48,57.0,100.0,1.46,1.5,56,58,14,500
2022-06-06 18:30:00,2.0231456756591797,G1M1_new,g1m1_high_load,1.48,57.0,100.0,1.46,1.5,56,58,14,500
2022-06-06 18:31:00,2.024019241333008,G1M1_new,g1m1_high_load,1.48,57.0,100.0,1.46,1.5,56,58,14,500
2022-06-06 18:32:00,2.0261659622192383,G1M1_new,g1m1_high_load,1.48,57.0,100.0,1.46,1.5,56,58,14,500
2022-06-06 18:33:00,2.0277762413024902,G1M1_new,g1m1_high_load,1.48,57.0,100.0,1.46,1.5,56,58,14,500
2022-06-06 18:34:00,2.028127431869507,G1M1_new,g1m1_high_load,1.48,57.0,100.0,1.46,1.5,56,58,14,500
2022-06-06 18:35:00,2.026495933532715,G1M1_new,g1m1_high_load,1.48,57.0,100.0,1.46,1.5,56,58,14,500
2022-06-06 18:36:00,2.0261390209198,G1M1_new,g1m1_high_load,1.48,57.0,100.0,1.46,1.5,56,58,14,500
2022-06-06 18:38:00,2.0196340084075928,G1M1_new,g1m1_high_load,1.48,57.0,100.0,1.46,1.5,56,58,14,500
2022-06-06 18:43:00,2.023388385772705,G1M1_new,g1m1_high_load,1.48,57.0,100.0,1.46,1.5,56,58,14,500
2022-06-06 18:44:00,2.024914264678955,G1M1_new,g1m1_high_load,1.48,57.0,100.0,1.46,1.5,56,58,14,500
2022-06-06 18:45:00,2.024951457977295,G1M1_new,g1m1_high_load,1.48,57.0,100.0,1.46,1.5,56,58,14,500
2022-06-06 18:46:00,2.0245392322540283,G1M1_new,g1m1_high_load,1.48,57.0,100.0,1.46,1.5,56,58,14,500
2022-06-06 18:50:00,2.020686388015747,G1M1_new,g1m1_high_load,1.48,57.0,100.0,1.46,1.5,56,58,14,500
2022-06-06 18:54:00,2.023529291152954,G1M1_new,g1m1_high_load,1.48,57.0,100.0,1.46,1.5,56,58,14,500
2022-06-06 18:55:00,2.0233490467071533,G1M1_new,g1m1_high_load,1.48,57.0,100.0,1.46,1.5,56,58,14,500
2022-06-06 18:57:00,2.026106119155884,G1M1_new,g1m1_high_load,1.48,57.0,100.0,1.46,1.5,56,58,14,500
2022-06-06 18:58:00,2.026658296585083,G1M1_new,g1m1_high_load,1.48,57.0,100.0,1.46,1.5,56,58,14,500
2022-06-06 18:59:00,2.0274765491485596,G1M1_new,g1m1_high_load,1.48,57.0,100.0,1.46,1.5,56,58,14,500
2022-06-06 19:00:00,2.0258712768554688,G1M1_new,g1m1_high_load,1.48,57.0,100.0,1.46,1.5,56,58,14,500
2022-06-06 19:01:00,2.025235891342163,G1M1_new,g1m1_high_load,1.48,57.0,100.0,1.46,1.5,56,58,14,500
2022-06-06 19:02:00,2.021846294403076,G1M1_new,g1m1_high_load,1.48,57.0,100.0,1.46,1.5,56,58,14,500
2022-06-06 19:03:00,2.0196642875671387,G1M1_new,g1m1_high_load,1.48,57.0,100.0,1.46,1.5,56,58,14,500
2022-06-06 19:06:00,2.0235695838928223,G1M1_new,g1m1_high_load,1.48,57.0,100.0,1.46,1.5,56,58,14,500
2022-06-06 19:07:00,2.0232245922088623,G1M1_new,g1m1_high_load,1.48,57.0,100.0,1.46,1.5,56,58,14,500
2022-06-06 19:10:00,2.024413824081421,G1M1_new,g1m1_high_load,1.48,57.0,100.0,1.46,1.5,56,58,14,500
2022-06-06 19:11:00,2.0247340202331543,G1M1_new,g1m1_high_load,1.48,57.0,100.0,1.46,1.5,56,58,14,500
2022-06-06 19:13:00,2.0227296352386475,G1M1_new,g1m1_high_load,1.48,57.0,100.0,1.46,1.5,56,58,14,500
2022-06-06 19:14:00,2.0229785442352295,G1M1_new,g1m1_high_load,1.48,57.0,100.0,1.46,1.5,56,58,14,500
2022-06-06 19:16:00,2.0208513736724854,G1M1_new,g1m1_high_load,1.48,57.0,100.0,1.46,1.5,56,58,14,500
2022-06-06 19:17:00,2.021681070327759,G1M1_new,g1m1_high_load,1.48,57.0,100.0,1.46,1.5,56,58,14,500
2022-06-06 19:19:00,2.024639129638672,G1M1_new,g1m1_high_load,1.48,57.0,100.0,1.46,1.5,56,58,14,500
2022-06-06 19:20:00,2.0254173278808594,G1M1_new,g1m1_high_load,1.48,57.0,100.0,1.46,1.5,56,58,14,500
2022-06-06 19:21:00,2.0275886058807373,G1M1_new,g1m1_high_load,1.48,57.0,100.0,1.46,1.5,56,58,14,500
2022-06-06 19:22:00,2.0269651412963867,G1M1_new,g1m1_high_load,1.48,57.0,100.0,1.46,1.5,56,58,14,500
2022-06-06 19:24:00,2.0259764194488525,G1M1_new,g1m1_high_load,1.48,57.0,100.0,1.46,1.5,56,58,14,500
2022-06-06 19:26:00,2.0194129943847656,G1M1_new,g1m1_high_load,1.48,57.0,100.0,1.46,1.5,56,58,14,500
2022-06-06 19:28:00,2.0218493938446045,G1M1_new,g1m1_high_load,1.48,57.0,100.0,1.46,1.5,56,58,14,500
2022-06-06 19:32:00,2.0245487689971924,G1M1_new,g1m1_high_load,1.48,57.0,100.0,1.46,1.5,56,58,14,500
2022-06-06 19:35:00,2.026001453399658,G1M1_new,g1m1_high_load,1.48,57.0,100.0,1.46,1.5,56,58,14,500
2022-06-06 19:37:00,2.0229785442352295,G1M1_new,g1m1_high_load,1.48,57.0,100.0,1.46,1.5,56,58,14,500
2022-06-06 19:38:00,2.022059202194214,G1M1_new,g1m1_high_load,1.48,57.0,100.0,1.46,1.5,56,58,14,500
2022-06-06 19:42:00,2.0225350856781006,G1M1_new,g1m1_high_load,1.48,57.0,100.0,1.46,1.5,56,58,14,500
2022-06-06 19:43:00,2.0255486965179443,G1M1_new,g1m1_high_load,1.48,57.0,100.0,1.46,1.5,56,58,14,500
2022-06-06 19:45:00,2.0268421173095703,G1M1_new,g1m1_high_load,1.48,57.0,100.0,1.46,1.5,56,58,14,500
2022-06-06 19:46:00,2.025383234024048,G1M1_new,g1m1_high_load,1.48,57.0,100.0,1.46,1.5,56,58,14,500
2022-06-06 19:48:00,2.0245776176452637,G1M1_new,g1m1_high_load,1.48,57.0,100.0,1.46,1.5,56,58,14,500
2022-06-06 19:49:00,2.0235249996185303,G1M1_new,g1m1_high_load,1.48,57.0,100.0,1.46,1.5,56,58,14,500
2022-06-06 19:50:00,2.024912118911743,G1M1_new,g1m1_high_load,1.48,57.0,100.0,1.46,1.5,56,58,14,500
2022-06-06 19:54:00,2.0213048458099365,G1M1_new,g1m1_high_load,1.48,57.0,100.0,1.46,1.5,56,58,14,500
2022-06-06 19:56:00,2.021883964538574,G1M1_new,g1m1_high_load,1.48,57.0,100.0,1.46,1.5,56,58,14,500
2022-06-06 20:00:00,2.0238442420959473,G1M1_new,g1m1_high_load,1.48,57.0,100.0,1.46,1.5,56,58,14,500
2022-06-06 20:01:00,2.0247013568878174,G1M1_new,g1m1_high_load,1.48,57.0,100.0,1.46,1.5,56,58,14,500
2022-06-06 20:02:00,2.024277448654175,G1M1_new,g1m1_high_load,1.48,57.0,100.0,1.46,1.5,56,58,14,500
2022-06-06 20:04:00,2.023569345474243,G1M1_new,g1m1_high_load,1.48,57.0,100.0,1.46,1.5,56,58,14,500
2022-06-06 20:05:00,2.0225229263305664,G1M1_new,g1m1_high_load,1.48,57.0,100.0,1.46,1.5,56,58,14,500
2022-06-06 20:07:00,2.0215675830841064,G1M1_new,g1m1_high_load,1.48,57.0,100.0,1.46,1.5,56,58,14,500
2022-06-06 20:08:00,2.0238893032073975,G1M1_new,g1m1_high_load,1.48,57.0,100.0,1.46,1.5,56,58,14,500
2022-06-06 20:09:00,2.023043632507324,G1M1_new,g1m1_high_load,1.48,57.0,100.0,1.46,1.5,56,58,14,500
2022-06-06 20:13:00,2.0238778591156006,G1M1_new,g1m1_high_load,1.48,57.0,100.0,1.46,1.5,56,58,14,500
2022-06-06 20:15:00,2.021597146987915,G1M1_new,g1m1_high_load,1.48,57.0,100.0,1.46,1.5,56,58,14,500
2022-06-06 20:16:00,2.0204567909240723,G1M1_new,g1m1_high_load,1.48,57.0,100.0,1.46,1.5,56,58,14,500
2022-06-06 20:18:00,2.020667791366577,G1M1_new,g1m1_high_load,1.48,57.0,100.0,1.46,1.5,56,58,14,500
2022-06-06 20:20:00,2.0212767124176025,G1M1_new,g1m1_high_load,1.48,57.0,100.0,1.46,1.5,56,58,14,500
2022-06-06 20:22:00,2.023369789123535,G1M1_new,g1m1_high_load,1.48,57.0,100.0,1.46,1.5,56,58,14,500
2022-06-06 20:24:00,2.0229485034942627,G1M1_new,g1m1_high_load,1.48,57.0,100.0,1.46,1.5,56,58,14,500
2022-06-06 20:25:00,2.025686502456665,G1M1_new,g1m1_high_load,1.48,57.0,100.0,1.46,1.5,56,58,14,500
2022-06-06 20:27:00,2.025819778442383,G1M1_new,g1m1_high_load,1.48,57.0,100.0,1.46,1.5,56,58,14,500
2022-06-06 20:29:00,2.0236029624938965,G1M1_new,g1m1_high_load,1.48,57.0,100.0,1.46,1.5,56,58,14,500
2022-06-06 20:36:00,2.0235211849212646,G1M1_new,g1m1_high_load,1.48,57.0,100.0,1.46,1.5,56,58,14,500
2022-06-06 20:39:00,2.021629571914673,G1M1_new,g1m1_high_load,1.48,57.0,100.0,1.46,1.5,56,58,14,500
2022-06-06 20:42:00,2.022453784942627,G1M1_new,g1m1_high_load,1.48,57.0,100.0,1.46,1.5,56,58,14,500
2022-06-06 20:44:00,2.0222878456115723,G1M1_new,g1m1_high_load,1.48,57.0,100.0,1.46,1.5,56,58,14,500
2022-06-06 20:45:00,2.0248990058898926,G1M1_new,g1m1_high_load,1.48,57.0,100.0,1.46,1.5,56,58,14,500
2022-06-06 20:46:00,2.0240912437438965,G1M1_new,g1m1_high_load,1.48,57.0,100.0,1.46,1.5,56,58,14,500
2022-06-06 20:48:00,2.0255327224731445,G1M1_new,g1m1_high_load,1.48,57.0,100.0,1.46,1.5,56,58,14,500
2022-06-06 20:49:00,2.026195764541626,G1M1_new,g1m1_high_load,1.48,57.0,100.0,1.46,1.5,56,58,14,500
2022-06-06 20:50:00,2.023878335952759,G1M1_new,g1m1_high_load,1.48,57.0,100.0,1.46,1.5,56,58,14,500
2022-06-06 20:52:00,2.0209295749664307,G1M1_new,g1m1_high_load,1.48,57.0,100.0,1.46,1.5,56,58,14,500
2022-06-06 20:55:00,2.0225980281829834,G1M1_new,g1m1_high_load,1.48,57.0,100.0,1.46,1.5,56,58,14,500
2022-06-06 20:57:00,2.0259485244750977,G1M1_new,g1m1_high_load,1.48,57.0,100.0,1.46,1.5,56,58,14,500
2022-06-06 20:59:00,2.025153160095215,G1M1_new,g1m1_high_load,1.48,57.0,100.0,1.46,1.5,56,58,14,500
2022-06-06 21:00:00,2.0242867469787598,G1M1_new,g1m1_high_load,1.48,57.0,100.0,1.46,1.5,56,58,14,500
2022-06-06 21:01:00,2.020735025405884,G1M1_new,g1m1_high_load,1.48,57.0,100.0,1.46,1.5,56,58,14,500
2022-06-06 21:02:00,2.018975257873535,G1M1_new,g1m1_high_load,1.48,57.0,100.0,1.46,1.5,56,58,14,500
2022-06-06 21:03:00,2.0192785263061523,G1M1_new,g1m1_high_load,1.48,57.0,100.0,1.46,1.5,56,58,14,500
2022-06-06 21:04:00,2.0214014053344727,G1M1_new,g1m1_high_load,1.48,57.0,100.0,1.46,1.5,56,58,14,500
2022-06-06 21:05:00,2.0231587886810303,G1M1_new,g1m1_high_load,1.48,57.0,100.0,1.46,1.5,56,58,14,500
2022-06-06 21:06:00,2.0232532024383545,G1M1_new,g1m1_high_load,1.48,57.0,100.0,1.46,1.5,56,58,14,500
2022-06-06 21:09:00,2.023744821548462,G1M1_new,g1m1_high_load,1.48,57.0,100.0,1.46,1.5,56,58,14,500
2022-06-06 21:10:00,2.022650957107544,G1M1_new,g1m1_high_load,1.48,57.0,100.0,1.46,1.5,56,58,14,500
2022-06-06 21:12:00,2.020418882369995,G1M1_new,g1m1_high_load,1.48,57.0,100.0,1.46,1.5,56,58,14,500
2022-06-06 21:13:00,2.020780563354492,G1M1_new,g1m1_high_load,1.48,57.0,100.0,1.46,1.5,56,58,14,500
2022-06-06 21:14:00,2.0209105014801025,G1M1_new,g1m1_high_load,1.48,57.0,100.0,1.46,1.5,56,58,14,500
2022-06-06 21:17:00,2.021807909011841,G1M1_new,g1m1_high_load,1.48,57.0,100.0,1.46,1.5,56,58,14,500
2022-06-06 21:18:00,2.0264732837677,G1M1_new,g1m1_high_load,1.48,57.0,100.0,1.46,1.5,56,58,14,500
2022-06-06 21:19:00,2.024038791656494,G1M1_new,g1m1_high_load,1.48,57.0,100.0,1.46,1.5,56,58,14,500
2022-06-06 21:21:00,2.0277490615844727,G1M1_new,g1m1_high_load,1.48,57.0,100.0,1.46,1.5,56,58,14,500
2022-06-06 21:25:00,2.0179643630981445,G1M1_new,g1m1_high_load,1.48,57.0,100.0,1.46,1.5,56,58,14,500
2022-06-06 21:26:00,2.020231246948242,G1M1_new,g1m1_high_load,1.48,57.0,100.0,1.46,1.5,56,58,14,500
2022-06-06 21:27:00,2.019890069961548,G1M1_new,g1m1_high_load,1.48,57.0,100.0,1.46,1.5,56,58,14,500
2022-06-06 21:28:00,2.022371292114258,G1M1_new,g1m1_high_load,1.48,57.0,100.0,1.46,1.5,56,58,14,500
2022-06-06 21:29:00,2.0229499340057373,G1M1_new,g1m1_high_load,1.48,57.0,100.0,1.46,1.5,56,58,14,500
2022-06-06 21:31:00,2.024951457977295,G1M1_new,g1m1_high_load,1.48,57.0,100.0,1.46,1.5,56,58,14,500
2022-06-06 21:34:00,2.018663167953491,G1M1_new,g1m1_high_load,1.48,57.0,100.0,1.46,1.5,56,58,14,500
2022-06-06 21:36:00,2.021066904067993,G1M1_new,g1m1_high_load,1.48,57.0,100.0,1.46,1.5,56,58,14,500
2022-06-06 21:38:00,2.020840644836426,G1M1_new,g1m1_high_load,1.48,57.0,100.0,1.46,1.5,56,58,14,500
2022-06-06 21:39:00,2.0217201709747314,G1M1_new,g1m1_high_load,1.48,57.0,100.0,1.46,1.5,56,58,14,500
2022-06-06 21:40:00,2.022301197052002,G1M1_new,g1m1_high_load,1.48,57.0,100.0,1.46,1.5,56,58,14,500
2022-06-06 21:43:00,2.025911808013916,G1M1_new,g1m1_high_load,1.48,57.0,100.0,1.46,1.5,56,58,14,500
2022-06-06 21:49:00,2.021115779876709,G1M1_new,g1m1_high_load,1.48,57.0,100.0,1.46,1.5,56,58,14,500
2022-06-06 21:51:00,2.0207464694976807,G1M1_new,g1m1_high_load,1.48,57.0,100.0,1.46,1.5,56,58,14,500
2022-06-06 21:53:00,2.0197391510009766,G1M1_new,g1m1_high_load,1.48,57.0,100.0,1.46,1.5,56,58,14,500
2022-06-06 21:56:00,2.0221943855285645,G1M1_new,g1m1_high_load,1.48,57.0,100.0,1.46,1.5,56,58,14,500
2022-06-06 21:58:00,2.022400140762329,G1M1_new,g1m1_high_load,1.48,57.0,100.0,1.46,1.5,56,58,14,500
2022-06-06 22:00:00,2.0240371227264404,G1M1_new,g1m1_high_load,1.48,57.0,100.0,1.46,1.5,56,58,14,500
2022-06-06 22:01:00,2.024106740951538,G1M1_new,g1m1_high_load,1.48,57.0,100.0,1.46,1.5,56,58,14,500
2022-06-06 22:03:00,2.0233371257781982,G1M1_new,g1m1_high_load,1.48,57.0,100.0,1.46,1.5,56,58,14,500
2022-06-06 22:05:00,2.0208184719085693,G1M1_new,g1m1_high_load,1.48,57.0,100.0,1.46,1.5,56,58,14,500
2022-06-06 22:07:00,2.0192782878875732,G1M1_new,g1m1_high_load,1.48,57.0,100.0,1.46,1.5,56,58,14,500
2022-06-06 22:08:00,2.019214630126953,G1M1_new,g1m1_high_load,1.48,57.0,100.0,1.46,1.5,56,58,14,500
2022-06-06 22:09:00,2.022458553314209,G1M1_new,g1m1_high_load,1.48,57.0,100.0,1.46,1.5,56,58,14,500
2022-06-06 22:17:00,2.0197112560272217,G1M1_new,g1m1_high_load,1.48,57.0,100.0,1.46,1.5,56,58,14,500
2022-06-06 22:19:00,2.020139455795288,G1M1_new,g1m1_high_load,1.48,57.0,100.0,1.46,1.5,56,58,14,500
2022-06-06 22:21:00,2.019395351409912,G1M1_new,g1m1_high_load,1.48,57.0,100.0,1.46,1.5,56,58,14,500
2022-06-06 22:22:00,2.0217199325561523,G1M1_new,g1m1_high_load,1.48,57.0,100.0,1.46,1.5,56,58,14,500
2022-06-06 22:25:00,2.0222957134246826,G1M1_new,g1m1_high_load,1.48,57.0,100.0,1.46,1.5,56,58,14,500
2022-06-06 22:27:00,2.023906946182251,G1M1_new,g1m1_high_load,1.48,57.0,100.0,1.46,1.5,56,58,14,500
2022-06-06 22:28:00,2.0250535011291504,G1M1_new,g1m1_high_load,1.48,57.0,100.0,1.46,1.5,56,58,14,500
2022-06-06 22:29:00,2.0229151248931885,G1M1_new,g1m1_high_load,1.48,57.0,100.0,1.46,1.5,56,58,14,500
2022-06-06 22:32:00,2.0223536491394043,G1M1_new,g1m1_high_load,1.48,57.0,100.0,1.46,1.5,56,58,14,500
2022-06-06 22:34:00,2.022368907928467,G1M1_new,g1m1_high_load,1.48,57.0,100.0,1.46,1.5,56,58,14,500
2022-06-06 22:39:00,2.020509719848633,G1M1_new,g1m1_high_load,1.48,57.0,100.0,1.46,1.5,56,58,14,500
2022-06-06 22:42:00,2.0189807415008545,G1M1_new,g1m1_high_load,1.48,57.0,100.0,1.46,1.5,56,58,14,500
2022-06-06 22:45:00,2.0211970806121826,G1M1_new,g1m1_high_load,1.48,57.0,100.0,1.46,1.5,56,58,14,500
2022-06-06 22:46:00,2.0218958854675293,G1M1_new,g1m1_high_load,1.48,57.0,100.0,1.46,1.5,56,58,14,500
2022-06-06 22:50:00,2.0239555835723877,G1M1_new,g1m1_high_load,1.48,57.0,100.0,1.46,1.5,56,58,14,500
2022-06-06 22:51:00,2.023656129837036,G1M1_new,g1m1_high_load,1.48,57.0,100.0,1.46,1.5,56,58,14,500
2022-06-06 22:53:00,2.021500825881958,G1M1_new,g1m1_high_load,1.48,57.0,100.0,1.46,1.5,56,58,14,500
2022-06-06 22:55:00,2.0193934440612793,G1M1_new,g1m1_high_load,1.48,57.0,100.0,1.46,1.5,56,58,14,500
2022-06-06 23:01:00,2.023338556289673,G1M1_new,g1m1_high_load,1.48,57.0,100.0,1.46,1.5,56,58,14,500
2022-06-06 23:03:00,2.0244383811950684,G1M1_new,g1m1_high_load,1.48,57.0,100.0,1.46,1.5,56,58,14,500
2022-06-06 23:06:00,2.0217111110687256,G1M1_new,g1m1_high_load,1.48,57.0,100.0,1.46,1.5,56,58,14,500
2022-06-06 23:07:00,2.021855115890503,G1M1_new,g1m1_high_load,1.48,57.0,100.0,1.46,1.5,56,58,14,500
2022-06-06 23:09:00,2.020195722579956,G1M1_new,g1m1_high_load,1.48,57.0,100.0,1.46,1.5,56,58,14,500
2022-06-06 23:12:00,2.0224623680114746,G1M1_new,g1m1_high_load,1.48,57.0,100.0,1.46,1.5,56,58,14,500
2022-06-06 23:14:00,2.0255186557769775,G1M1_new,g1m1_high_load,1.48,57.0,100.0,1.46,1.5,56,58,14,500
2022-06-06 23:18:00,2.0227742195129395,G1M1_new,g1m1_high_load,1.48,57.0,100.0,1.46,1.5,56,58,14,500
2022-06-06 23:19:00,2.020033836364746,G1M1_new,g1m1_high_load,1.48,57.0,100.0,1.46,1.5,56,58,14,500
2022-06-06 23:22:00,2.022352695465088,G1M1_new,g1m1_high_load,1.48,57.0,100.0,1.46,1.5,56,58,14,500
2022-06-06 23:24:00,2.0227627754211426,G1M1_new,g1m1_high_load,1.48,57.0,100.0,1.46,1.5,56,58,14,500
2022-06-06 23:26:00,2.0205631256103516,G1M1_new,g1m1_high_load,1.48,57.0,100.0,1.46,1.5,56,58,14,500
2022-06-06 23:27:00,2.0201268196105957,G1M1_new,g1m1_high_load,1.48,57.0,100.0,1.46,1.5,56,58,14,500
2022-06-06 23:28:00,2.0203301906585693,G1M1_new,g1m1_high_load,1.48,57.0,100.0,1.46,1.5,56,58,14,500
2022-06-06 23:29:00,2.0205142498016357,G1M1_new,g1m1_high_load,1.48,57.0,100.0,1.46,1.5,56,58,14,500
2022-06-06 23:30:00,2.0177855491638184,G1M1_new,g1m1_high_load,1.48,57.0,100.0,1.46,1.5,56,58,14,500
2022-06-06 23:32:00,2.018397808074951,G1M1_new,g1m1_high_load,1.48,57.0,100.0,1.46,1.5,56,58,14,500
2022-06-06 23:35:00,2.023465156555176,G1M1_new,g1m1_high_load,1.48,57.0,100.0,1.46,1.5,56,58,14,500
2022-06-06 23:36:00,2.0227651596069336,G1M1_new,g1m1_high_load,1.48,57.0,100.0,1.46,1.5,56,58,14,500
2022-06-06 23:38:00,2.02463436126709,G1M1_new,g1m1_high_load,1.48,57.0,100.0,1.46,1.5,56,58,14,500
2022-06-06 23:39:00,2.021761178970337,G1M1_new,g1m1_high_load,1.48,57.0,100.0,1.46,1.5,56,58,14,500
2022-06-06 23:45:00,2.021765947341919,G1M1_new,g1m1_high_load,1.48,57.0,100.0,1.46,1.5,56,58,14,500
2022-06-06 23:46:00,2.023838520050049,G1M1_new,g1m1_high_load,1.48,57.0,100.0,1.46,1.5,56,58,14,500
2022-06-06 23:49:00,2.0241754055023193,G1M1_new,g1m1_high_load,1.48,57.0,100.0,1.46,1.5,56,58,14,500
2022-06-06 23:53:00,2.0192925930023193,G1M1_new,g1m1_high_load,1.48,57.0,100.0,1.46,1.5,56,58,14,500
2022-06-06 23:54:00,2.0185611248016357,G1M1_new,g1m1_high_load,1.48,57.0,100.0,1.46,1.5,56,58,14,500
2022-06-06 23:55:00,2.0209157466888428,G1M1_new,g1m1_high_load,1.48,57.0,100.0,1.46,1.5,56,58,14,500
2022-06-07 00:00:00,2.0245137214660645,G1M1_new,g1m1_high_load,1.48,57.0,100.0,1.46,1.5,56,58,14,500
2022-06-07 00:01:00,2.022207498550415,G1M1_new,g1m1_high_load,1.48,57.0,100.0,1.46,1.5,56,58,14,500
2022-06-07 00:02:00,2.021650791168213,G1M1_new,g1m1_high_load,1.48,57.0,100.0,1.46,1.5,56,58,14,500
2022-06-07 00:03:00,2.021031618118286,G1M1_new,g1m1_high_load,1.48,57.0,100.0,1.46,1.5,56,58,14,500
2022-06-07 00:04:00,2.0208120346069336,G1M1_new,g1m1_high_load,1.48,57.0,100.0,1.46,1.5,56,58,14,500
2022-06-07 00:05:00,2.020159959793091,G1M1_new,g1m1_high_load,1.48,57.0,100.0,1.46,1.5,56,58,14,500
2022-06-07 00:06:00,2.018712043762207,G1M1_new,g1m1_high_load,1.48,57.0,100.0,1.46,1.5,56,58,14,500
2022-06-07 00:08:00,2.0223140716552734,G1M1_new,g1m1_high_load,1.48,57.0,100.0,1.46,1.5,56,58,14,500
2022-06-07 00:10:00,2.026808977127075,G1M1_new,g1m1_high_load,1.48,57.0,100.0,1.46,1.5,56,58,14,500
2022-06-07 00:12:00,2.0234951972961426,G1M1_new,g1m1_high_load,1.48,57.0,100.0,1.46,1.5,56,58,14,500
2022-06-07 00:13:00,2.022040605545044,G1M1_new,g1m1_high_load,1.48,57.0,100.0,1.46,1.5,56,58,14,500
2022-06-07 00:15:00,2.0167653560638428,G1M1_new,g1m1_high_load,1.48,57.0,100.0,1.46,1.5,56,58,14,500
2022-06-07 00:18:00,2.0229153633117676,G1M1_new,g1m1_high_load,1.48,57.0,100.0,1.46,1.5,56,58,14,500
2022-06-07 00:19:00,2.0221471786499023,G1M1_new,g1m1_high_load,1.48,57.0,100.0,1.46,1.5,56,58,14,500
2022-06-07 00:20:00,2.0222079753875732,G1M1_new,g1m1_high_load,1.48,57.0,100.0,1.46,1.5,56,58,14,500
2022-06-07 00:21:00,2.023167133331299,G1M1_new,g1m1_high_load,1.48,57.0,100.0,1.46,1.5,56,58,14,500
2022-06-07 00:22:00,2.024681568145752,G1M1_new,g1m1_high_load,1.48,57.0,100.0,1.46,1.5,56,58,14,500
2022-06-07 00:23:00,2.0220301151275635,G1M1_new,g1m1_high_load,1.48,57.0,100.0,1.46,1.5,56,58,14,500
2022-06-07 00:24:00,2.0223166942596436,G1M1_new,g1m1_high_load,1.48,57.0,100.0,1.46,1.5,56,58,14,500
2022-06-07 00:26:00,2.020531415939331,G1M1_new,g1m1_high_load,1.48,57.0,100.0,1.46,1.5,56,58,14,500
2022-06-07 00:28:00,2.019946813583374,G1M1_new,g1m1_high_load,1.48,57.0,100.0,1.46,1.5,56,58,14,500
2022-06-07 00:29:00,2.0201070308685303,G1M1_new,g1m1_high_load,1.48,57.0,100.0,1.46,1.5,56,58,14,500
2022-06-07 00:30:00,2.020289659500122,G1M1_new,g1m1_high_load,1.48,57.0,100.0,1.46,1.5,56,58,14,500
2022-06-07 00:31:00,2.0234615802764893,G1M1_new,g1m1_high_load,1.48,57.0,100.0,1.46,1.5,56,58,14,500
2022-06-07 00:32:00,2.0256450176239014,G1M1_new,g1m1_high_load,1.48,57.0,100.0,1.46,1.5,56,58,14,500
2022-06-07 00:35:00,2.0241801738739014,G1M1_new,g1m1_high_load,1.48,57.0,100.0,1.46,1.5,56,58,14,500
2022-06-07 00:37:00,2.0184531211853027,G1M1_new,g1m1_high_load,1.48,57.0,100.0,1.46,1.5,56,58,14,500
2022-06-07 00:38:00,2.0181610584259033,G1M1_new,g1m1_high_load,1.48,57.0,100.0,1.46,1.5,56,58,14,500
2022-06-07 00:40:00,2.020235776901245,G1M1_new,g1m1_high_load,1.48,57.0,100.0,1.46,1.5,56,58,14,500
2022-06-07 00:44:00,2.023430585861206,G1M1_new,g1m1_high_load,1.48,57.0,100.0,1.46,1.5,56,58,14,500
2022-06-07 00:47:00,2.0212020874023438,G1M1_new,g1m1_high_load,1.48,57.0,100.0,1.46,1.5,56,58,14,500
2022-06-07 00:48:00,2.0210726261138916,G1M1_new,g1m1_high_load,1.48,57.0,100.0,1.46,1.5,56,58,14,500
2022-06-07 00:49:00,2.021383762359619,G1M1_new,g1m1_high_load,1.48,57.0,100.0,1.46,1.5,56,58,14,500
2022-06-07 00:50:00,2.0192081928253174,G1M1_new,g1m1_high_load,1.48,57.0,100.0,1.46,1.5,56,58,14,500
2022-06-07 00:51:00,2.0202720165252686,G1M1_new,g1m1_high_load,1.48,57.0,100.0,1.46,1.5,56,58,14,500
2022-06-07 00:52:00,2.02013897895813,G1M1_new,g1m1_high_load,1.48,57.0,100.0,1.46,1.5,56,58,14,500
2022-06-07 00:53:00,2.019165515899658,G1M1_new,g1m1_high_load,1.48,57.0,100.0,1.46,1.5,56,58,14,500
2022-06-07 00:54:00,2.020595073699951,G1M1_new,g1m1_high_load,1.48,57.0,100.0,1.46,1.5,56,58,14,500
2022-06-07 00:57:00,2.0268378257751465,G1M1_new,g1m1_high_load,1.48,57.0,100.0,1.46,1.5,56,58,14,500
2022-06-07 00:59:00,2.0223309993743896,G1M1_new,g1m1_high_load,1.48,57.0,100.0,1.46,1.5,56,58,14,500
2022-06-07 01:02:00,2.017984390258789,G1M1_new,g1m1_high_load,1.48,57.0,100.0,1.46,1.5,56,58,14,500
2022-06-07 01:05:00,2.0226123332977295,G1M1_new,g1m1_high_load,1.48,57.0,100.0,1.46,1.5,56,58,14,500
2022-06-07 01:09:00,2.0238938331604004,G1M1_new,g1m1_high_load,1.48,57.0,100.0,1.46,1.5,56,58,14,500
2022-06-07 01:12:00,2.0211474895477295,G1M1_new,g1m1_high_load,1.48,57.0,100.0,1.46,1.5,56,58,14,500
2022-06-07 01:13:00,2.02107572555542,G1M1_new,g1m1_high_load,1.48,57.0,100.0,1.46,1.5,56,58,14,500
2022-06-07 01:16:00,2.0190868377685547,G1M1_new,g1m1_high_load,1.48,57.0,100.0,1.46,1.5,56,58,14,500
2022-06-07 01:19:00,2.0236377716064453,G1M1_new,g1m1_high_load,1.48,57.0,100.0,1.46,1.5,56,58,14,500
2022-06-07 01:20:00,2.025723695755005,G1M1_new,g1m1_high_load,1.48,57.0,100.0,1.46,1.5,56,58,14,500
2022-06-07 01:24:00,2.0232760906219482,G1M1_new,g1m1_high_load,1.48,57.0,100.0,1.46,1.5,56,58,14,500
2022-06-07 01:26:00,2.019615888595581,G1M1_new,g1m1_high_load,1.48,57.0,100.0,1.46,1.5,56,58,14,500
2022-06-07 01:27:00,2.017045021057129,G1M1_new,g1m1_high_load,1.48,57.0,100.0,1.46,1.5,56,58,14,500
2022-06-07 01:29:00,2.0203139781951904,G1M1_new,g1m1_high_load,1.48,57.0,100.0,1.46,1.5,56,58,14,500
2022-06-07 01:31:00,2.0217244625091553,G1M1_new,g1m1_high_load,1.48,57.0,100.0,1.46,1.5,56,58,14,500
2022-06-07 01:33:00,2.023186445236206,G1M1_new,g1m1_high_load,1.48,57.0,100.0,1.46,1.5,56,58,14,500
2022-06-07 01:35:00,2.0214686393737793,G1M1_new,g1m1_high_load,1.48,57.0,100.0,1.46,1.5,56,58,14,500
2022-06-07 01:37:00,2.0212314128875732,G1M1_new,g1m1_high_load,1.48,57.0,100.0,1.46,1.5,56,58,14,500
2022-06-07 01:38:00,2.0199973583221436,G1M1_new,g1m1_high_load,1.48,57.0,100.0,1.46,1.5,56,58,14,500
2022-06-07 01:39:00,2.019261598587036,G1M1_new,g1m1_high_load,1.48,57.0,100.0,1.46,1.5,56,58,14,500
2022-06-07 01:40:00,2.020967960357666,G1M1_new,g1m1_high_load,1.48,57.0,100.0,1.46,1.5,56,58,14,500
2022-06-07 01:42:00,2.0228524208068848,G1M1_new,g1m1_high_load,1.48,57.0,100.0,1.46,1.5,56,58,14,500
2022-06-07 01:43:00,2.0236213207244873,G1M1_new,g1m1_high_load,1.48,57.0,100.0,1.46,1.5,56,58,14,500
2022-06-07 01:45:00,2.0254921913146973,G1M1_new,g1m1_high_load,1.48,57.0,100.0,1.46,1.5,56,58,14,500
2022-06-07 01:51:00,2.016353130340576,G1M1_new,g1m1_high_load,1.48,57.0,100.0,1.46,1.5,56,58,14,500
2022-06-07 01:53:00,2.018899440765381,G1M1_new,g1m1_high_load,1.48,57.0,100.0,1.46,1.5,56,58,14,500
2022-06-07 01:56:00,2.0216023921966553,G1M1_new,g1m1_high_load,1.48,57.0,100.0,1.46,1.5,56,58,14,500
2022-06-07 01:59:00,2.022087335586548,G1M1_new,g1m1_high_load,1.48,57.0,100.0,1.46,1.5,56,58,14,500
2022-06-07 02:01:00,2.020390033721924,G1M1_new,g1m1_high_load,1.48,57.0,100.0,1.46,1.5,56,58,14,500
2022-06-07 02:02:00,2.020164966583252,G1M1_new,g1m1_high_load,1.48,57.0,100.0,1.46,1.5,56,58,14,500
2022-06-07 02:03:00,2.0203166007995605,G1M1_new,g1m1_high_load,1.48,57.0,100.0,1.46,1.5,56,58,14,500
2022-06-07 02:04:00,2.020247220993042,G1M1_new,g1m1_high_load,1.48,57.0,100.0,1.46,1.5,56,58,14,500
2022-06-07 02:05:00,2.0209896564483643,G1M1_new,g1m1_high_load,1.48,57.0,100.0,1.46,1.5,56,58,14,500
2022-06-07 02:09:00,2.021029233932495,G1M1_new,g1m1_high_load,1.48,57.0,100.0,1.46,1.5,56,58,14,500
2022-06-07 02:10:00,2.0222766399383545,G1M1_new,g1m1_high_load,1.48,57.0,100.0,1.46,1.5,56,58,14,500
2022-06-07 02:11:00,2.0234110355377197,G1M1_new,g1m1_high_load,1.48,57.0,100.0,1.46,1.5,56,58,14,500
2022-06-07 02:13:00,2.0223991870880127,G1M1_new,g1m1_high_load,1.48,57.0,100.0,1.46,1.5,56,58,14,500
2022-06-07 02:15:00,2.022691249847412,G1M1_new,g1m1_high_load,1.48,57.0,100.0,1.46,1.5,56,58,14,500
2022-06-07 02:17:00,2.021162986755371,G1M1_new,g1m1_high_load,1.48,57.0,100.0,1.46,1.5,56,58,14,500
2022-06-07 02:20:00,2.0205037593841553,G1M1_new,g1m1_high_load,1.48,57.0,100.0,1.46,1.5,56,58,14,500
2022-06-07 02:22:00,2.021937370300293,G1M1_new,g1m1_high_load,1.48,57.0,100.0,1.46,1.5,56,58,14,500
2022-06-07 02:23:00,2.021900177001953,G1M1_new,g1m1_high_load,1.48,57.0,100.0,1.46,1.5,56,58,14,500
2022-06-07 02:27:00,2.0234410762786865,G1M1_new,g1m1_high_load,1.48,57.0,100.0,1.46,1.5,56,58,14,500
2022-06-07 02:31:00,2.022963047027588,G1M1_new,g1m1_high_load,1.48,57.0,100.0,1.46,1.5,56,58,14,500
2022-06-07 02:35:00,2.020982265472412,G1M1_new,g1m1_high_load,1.48,57.0,100.0,1.46,1.5,56,58,14,500
2022-06-07 02:37:00,2.01724910736084,G1M1_new,g1m1_high_load,1.48,57.0,100.0,1.46,1.5,56,58,14,500
2022-06-07 02:38:00,2.021631956100464,G1M1_new,g1m1_high_load,1.48,57.0,100.0,1.46,1.5,56,58,14,500
2022-06-07 02:39:00,2.019839286804199,G1M1_new,g1m1_high_load,1.48,57.0,100.0,1.46,1.5,56,58,14,500
2022-06-07 02:40:00,2.020341157913208,G1M1_new,g1m1_high_load,1.48,57.0,100.0,1.46,1.5,56,58,14,500
2022-06-07 02:41:00,2.0195679664611816,G1M1_new,g1m1_high_load,1.48,57.0,100.0,1.46,1.5,56,58,14,500
2022-06-07 02:43:00,2.0210177898406982,G1M1_new,g1m1_high_load,1.48,57.0,100.0,1.46,1.5,56,58,14,500
2022-06-07 02:45:00,2.0214593410491943,G1M1_new,g1m1_high_load,1.48,57.0,100.0,1.46,1.5,56,58,14,500
2022-06-07 02:47:00,2.0230820178985596,G1M1_new,g1m1_high_load,1.48,57.0,100.0,1.46,1.5,56,58,14,500
2022-06-07 02:48:00,2.0247671604156494,G1M1_new,g1m1_high_load,1.48,57.0,100.0,1.46,1.5,56,58,14,500
2022-06-07 02:49:00,2.021909236907959,G1M1_new,g1m1_high_load,1.48,57.0,100.0,1.46,1.5,56,58,14,500
2022-06-07 02:50:00,2.022325277328491,G1M1_new,g1m1_high_load,1.48,57.0,100.0,1.46,1.5,56,58,14,500
2022-06-07 02:51:00,2.0217576026916504,G1M1_new,g1m1_high_load,1.48,57.0,100.0,1.46,1.5,56,58,14,500
2022-06-07 02:53:00,2.020869255065918,G1M1_new,g1m1_high_load,1.48,57.0,100.0,1.46,1.5,56,58,14,500
2022-06-07 02:55:00,2.022047519683838,G1M1_new,g1m1_high_load,1.48,57.0,100.0,1.46,1.5,56,58,14,500
2022-06-07 02:57:00,2.0236144065856934,G1M1_new,g1m1_high_load,1.48,57.0,100.0,1.46,1.5,56,58,14,500
2022-06-07 03:00:00,2.0169410705566406,G1M1_new,g1m1_high_load,1.48,57.0,100.0,1.46,1.5,56,58,14,500
2022-06-07 03:02:00,2.0190553665161133,G1M1_new,g1m1_high_load,1.48,57.0,100.0,1.46,1.5,56,58,14,500
2022-06-07 03:03:00,2.021930694580078,G1M1_new,g1m1_high_load,1.48,57.0,100.0,1.46,1.5,56,58,14,500
2022-06-07 03:04:00,2.022030830383301,G1M1_new,g1m1_high_load,1.48,57.0,100.0,1.46,1.5,56,58,14,500
2022-06-07 03:05:00,2.022838830947876,G1M1_new,g1m1_high_load,1.48,57.0,100.0,1.46,1.5,56,58,14,500
2022-06-07 03:06:00,2.023397922515869,G1M1_new,g1m1_high_load,1.48,57.0,100.0,1.46,1.5,56,58,14,500
2022-06-07 03:08:00,2.0221052169799805,G1M1_new,g1m1_high_load,1.48,57.0,100.0,1.46,1.5,56,58,14,500
2022-06-07 03:10:00,2.0209381580352783,G1M1_new,g1m1_high_load,1.48,57.0,100.0,1.46,1.5,56,58,14,500
2022-06-07 03:12:00,2.019423007965088,G1M1_new,g1m1_high_load,1.48,57.0,100.0,1.46,1.5,56,58,14,500
2022-06-07 03:15:00,2.0207161903381348,G1M1_new,g1m1_high_load,1.48,57.0,100.0,1.46,1.5,56,58,14,500
2022-06-07 03:16:00,2.023049831390381,G1M1_new,g1m1_high_load,1.48,57.0,100.0,1.46,1.5,56,58,14,500
2022-06-07 03:18:00,2.0237245559692383,G1M1_new,g1m1_high_load,1.48,57.0,100.0,1.46,1.5,56,58,14,500
2022-06-07 03:20:00,2.0256214141845703,G1M1_new,g1m1_high_load,1.48,57.0,100.0,1.46,1.5,56,58,14,500
2022-06-07 03:21:00,2.026601791381836,G1M1_new,g1m1_high_load,1.48,57.0,100.0,1.46,1.5,56,58,14,500
2022-06-07 03:26:00,2.0175888538360596,G1M1_new,g1m1_high_load,1.48,57.0,100.0,1.46,1.5,56,58,14,500
2022-06-07 03:28:00,2.020775079727173,G1M1_new,g1m1_high_load,1.48,57.0,100.0,1.46,1.5,56,58,14,500
2022-06-07 03:32:00,2.026153326034546,G1M1_new,g1m1_high_load,1.48,57.0,100.0,1.46,1.5,56,58,14,500
2022-06-07 03:34:00,2.01996111869812,G1M1_new,g1m1_high_load,1.48,57.0,100.0,1.46,1.5,56,58,14,500
2022-06-07 03:36:00,2.0215189456939697,G1M1_new,g1m1_high_load,1.48,57.0,100.0,1.46,1.5,56,58,14,500
2022-06-07 03:39:00,2.0201144218444824,G1M1_new,g1m1_high_load,1.48,57.0,100.0,1.46,1.5,56,58,14,500
2022-06-07 03:41:00,2.0208423137664795,G1M1_new,g1m1_high_load,1.48,57.0,100.0,1.46,1.5,56,58,14,500
2022-06-07 03:42:00,2.022726058959961,G1M1_new,g1m1_high_load,1.48,57.0,100.0,1.46,1.5,56,58,14,500
2022-06-07 03:44:00,2.025424003601074,G1M1_new,g1m1_high_load,1.48,57.0,100.0,1.46,1.5,56,58,14,500
2022-06-07 03:46:00,2.0215628147125244,G1M1_new,g1m1_high_load,1.48,57.0,100.0,1.46,1.5,56,58,14,500
2022-06-07 03:47:00,2.0193066596984863,G1M1_new,g1m1_high_load,1.48,57.0,100.0,1.46,1.5,56,58,14,500
2022-06-07 03:49:00,2.018676519393921,G1M1_new,g1m1_high_load,1.48,57.0,100.0,1.46,1.5,56,58,14,500
2022-06-07 03:51:00,2.0191242694854736,G1M1_new,g1m1_high_load,1.48,57.0,100.0,1.46,1.5,56,58,14,500
2022-06-07 03:52:00,2.021090030670166,G1M1_new,g1m1_high_load,1.48,57.0,100.0,1.46,1.5,56,58,14,500
2022-06-07 03:55:00,2.0228753089904785,G1M1_new,g1m1_high_load,1.48,57.0,100.0,1.46,1.5,56,58,14,500
2022-06-07 03:58:00,2.0213420391082764,G1M1_new,g1m1_high_load,1.48,57.0,100.0,1.46,1.5,56,58,14,500
2022-06-07 04:00:00,2.021087169647217,G1M1_new,g1m1_high_load,1.48,57.0,100.0,1.46,1.5,56,58,14,500
2022-06-07 04:03:00,2.020256280899048,G1M1_new,g1m1_high_load,1.48,57.0,100.0,1.46,1.5,56,58,14,500
2022-06-07 04:04:00,2.020458698272705,G1M1_new,g1m1_high_load,1.48,57.0,100.0,1.46,1.5,56,58,14,500
2022-06-07 04:05:00,2.02068829536438,G1M1_new,g1m1_high_load,1.48,57.0,100.0,1.46,1.5,56,58,14,500
2022-06-07 04:07:00,2.020064115524292,G1M1_new,g1m1_high_load,1.48,57.0,100.0,1.46,1.5,56,58,14,500
2022-06-07 04:09:00,2.0208637714385986,G1M1_new,g1m1_high_load,1.48,57.0,100.0,1.46,1.5,56,58,14,500
2022-06-07 04:11:00,2.0208094120025635,G1M1_new,g1m1_high_load,1.48,57.0,100.0,1.46,1.5,56,58,14,500
2022-06-07 04:13:00,2.021083354949951,G1M1_new,g1m1_high_load,1.48,57.0,100.0,1.46,1.5,56,58,14,500
2022-06-07 04:15:00,2.021709680557251,G1M1_new,g1m1_high_load,1.48,57.0,100.0,1.46,1.5,56,58,14,500
2022-06-07 04:18:00,2.0218982696533203,G1M1_new,g1m1_high_load,1.48,57.0,100.0,1.46,1.5,56,58,14,500
2022-06-07 04:20:00,2.0211822986602783,G1M1_new,g1m1_high_load,1.48,57.0,100.0,1.46,1.5,56,58,14,500
2022-06-07 04:21:00,2.0197629928588867,G1M1_new,g1m1_high_load,1.48,57.0,100.0,1.46,1.5,56,58,14,500
2022-06-07 04:23:00,2.021871566772461,G1M1_new,g1m1_high_load,1.48,57.0,100.0,1.46,1.5,56,58,14,500
2022-06-07 04:26:00,2.0244925022125244,G1M1_new,g1m1_high_load,1.48,57.0,100.0,1.46,1.5,56,58,14,500
2022-06-07 04:28:00,2.021949529647827,G1M1_new,g1m1_high_load,1.48,57.0,100.0,1.46,1.5,56,58,14,500
2022-06-07 04:33:00,2.024318218231201,G1M1_new,g1m1_high_load,1.48,57.0,100.0,1.46,1.5,56,58,14,500
2022-06-07 04:34:00,2.0220704078674316,G1M1_new,g1m1_high_load,1.48,57.0,100.0,1.46,1.5,56,58,14,500
2022-06-07 04:40:00,2.0199670791625977,G1M1_new,g1m1_high_load,1.48,57.0,100.0,1.46,1.5,56,58,14,500
2022-06-07 04:41:00,2.0205299854278564,G1M1_new,g1m1_high_load,1.48,57.0,100.0,1.46,1.5,56,58,14,500
2022-06-07 04:42:00,2.0218286514282227,G1M1_new,g1m1_high_load,1.48,57.0,100.0,1.46,1.5,56,58,14,500
2022-06-07 04:44:00,2.024575710296631,G1M1_new,g1m1_high_load,1.48,57.0,100.0,1.46,1.5,56,58,14,500
2022-06-07 04:45:00,2.0238258838653564,G1M1_new,g1m1_high_load,1.48,57.0,100.0,1.46,1.5,56,58,14,500
2022-06-07 04:47:00,2.021540880203247,G1M1_new,g1m1_high_load,1.48,57.0,100.0,1.46,1.5,56,58,14,500
2022-06-07 04:48:00,2.0211501121520996,G1M1_new,g1m1_high_load,1.48,57.0,100.0,1.46,1.5,56,58,14,500
2022-06-07 04:51:00,2.0195977687835693,G1M1_new,g1m1_high_load,1.48,57.0,100.0,1.46,1.5,56,58,14,500
2022-06-07 04:53:00,2.0196595191955566,G1M1_new,g1m1_high_load,1.48,57.0,100.0,1.46,1.5,56,58,14,500
2022-06-07 04:56:00,2.021456003189087,G1M1_new,g1m1_high_load,1.48,57.0,100.0,1.46,1.5,56,58,14,500
2022-06-07 04:57:00,2.0223207473754883,G1M1_new,g1m1_high_load,1.48,57.0,100.0,1.46,1.5,56,58,14,500
2022-06-07 05:01:00,2.020692825317383,G1M1_new,g1m1_high_load,1.48,57.0,100.0,1.46,1.5,56,58,14,500
2022-06-07 05:02:00,2.020725965499878,G1M1_new,g1m1_high_load,1.48,57.0,100.0,1.46,1.5,56,58,14,500
2022-06-07 05:03:00,2.020857095718384,G1M1_new,g1m1_high_load,1.48,57.0,100.0,1.46,1.5,56,58,14,500
2022-06-07 05:04:00,2.019561529159546,G1M1_new,g1m1_high_load,1.48,57.0,100.0,1.46,1.5,56,58,14,500
2022-06-07 05:07:00,2.0205471515655518,G1M1_new,g1m1_high_load,1.48,57.0,100.0,1.46,1.5,56,58,14,500
2022-06-07 05:08:00,2.0204010009765625,G1M1_new,g1m1_high_load,1.48,57.0,100.0,1.46,1.5,56,58,14,500
2022-06-07 05:12:00,2.0237669944763184,G1M1_new,g1m1_high_load,1.48,57.0,100.0,1.46,1.5,56,58,14,500
2022-06-07 05:14:00,2.024487018585205,G1M1_new,g1m1_high_load,1.48,57.0,100.0,1.46,1.5,56,58,14,500
2022-06-07 05:16:00,2.02207088470459,G1M1_new,g1m1_high_load,1.48,57.0,100.0,1.46,1.5,56,58,14,500
2022-06-07 05:18:00,2.0227749347686768,G1M1_new,g1m1_high_load,1.48,57.0,100.0,1.46,1.5,56,58,14,500
2022-06-07 05:20:00,2.0238256454467773,G1M1_new,g1m1_high_load,1.48,57.0,100.0,1.46,1.5,56,58,14,500
2022-06-07 05:21:00,2.023826837539673,G1M1_new,g1m1_high_load,1.48,57.0,100.0,1.46,1.5,56,58,14,500
2022-06-07 05:24:00,2.018268346786499,G1M1_new,g1m1_high_load,1.48,57.0,100.0,1.46,1.5,56,58,14,500
2022-06-07 05:27:00,2.018855094909668,G1M1_new,g1m1_high_load,1.48,57.0,100.0,1.46,1.5,56,58,14,500
2022-06-07 05:29:00,2.022407293319702,G1M1_new,g1m1_high_load,1.48,57.0,100.0,1.46,1.5,56,58,14,500
2022-06-07 05:31:00,2.022736072540283,G1M1_new,g1m1_high_load,1.48,57.0,100.0,1.46,1.5,56,58,14,500
2022-06-07 05:33:00,2.022069215774536,G1M1_new,g1m1_high_load,1.48,57.0,100.0,1.46,1.5,56,58,14,500
2022-06-07 05:36:00,2.020199775695801,G1M1_new,g1m1_high_load,1.48,57.0,100.0,1.46,1.5,56,58,14,500
2022-06-07 05:38:00,2.0183868408203125,G1M1_new,g1m1_high_load,1.48,57.0,100.0,1.46,1.5,56,58,14,500
2022-06-07 05:39:00,2.019007921218872,G1M1_new,g1m1_high_load,1.48,57.0,100.0,1.46,1.5,56,58,14,500
2022-06-07 05:40:00,2.018247604370117,G1M1_new,g1m1_high_load,1.48,57.0,100.0,1.46,1.5,56,58,14,500
2022-06-07 05:42:00,2.0214993953704834,G1M1_new,g1m1_high_load,1.48,57.0,100.0,1.46,1.5,56,58,14,500
2022-06-07 05:44:00,2.023817300796509,G1M1_new,g1m1_high_load,1.48,57.0,100.0,1.46,1.5,56,58,14,500
2022-06-07 05:46:00,2.0239522457122803,G1M1_new,g1m1_high_load,1.48,57.0,100.0,1.46,1.5,56,58,14,500
2022-06-07 05:48:00,2.0211784839630127,G1M1_new,g1m1_high_load,1.48,57.0,100.0,1.46,1.5,56,58,14,500
2022-06-07 05:50:00,2.020033359527588,G1M1_new,g1m1_high_load,1.48,57.0,100.0,1.46,1.5,56,58,14,500
2022-06-07 05:53:00,2.020925521850586,G1M1_new,g1m1_high_load,1.48,57.0,100.0,1.46,1.5,56,58,14,500
2022-06-07 05:54:00,2.019874095916748,G1M1_new,g1m1_high_load,1.48,57.0,100.0,1.46,1.5,56,58,14,500
2022-06-07 05:58:00,2.0201327800750732,G1M1_new,g1m1_high_load,1.48,57.0,100.0,1.46,1.5,56,58,14,500
2022-06-07 06:07:00,2.022005081176758,G1M1_new,g1m1_high_load,1.48,57.0,100.0,1.46,1.5,56,58,14,500
2022-06-07 06:09:00,2.0204436779022217,G1M1_new,g1m1_high_load,1.48,57.0,100.0,1.46,1.5,56,58,14,500
2022-06-07 06:10:00,2.0183465480804443,G1M1_new,g1m1_high_load,1.48,57.0,100.0,1.46,1.5,56,58,14,500
2022-06-07 06:11:00,2.016767740249634,G1M1_new,g1m1_high_load,1.48,57.0,100.0,1.46,1.5,56,58,14,500
2022-06-07 06:12:00,2.018312454223633,G1M1_new,g1m1_high_load,1.48,57.0,100.0,1.46,1.5,56,58,14,500
2022-06-07 06:13:00,2.01875638961792,G1M1_new,g1m1_high_load,1.48,57.0,100.0,1.46,1.5,56,58,14,500
2022-06-07 06:15:00,2.023406505584717,G1M1_new,g1m1_high_load,1.48,57.0,100.0,1.46,1.5,56,58,14,500
2022-06-07 06:18:00,2.0225467681884766,G1M1_new,g1m1_high_load,1.48,57.0,100.0,1.46,1.5,56,58,14,500
2022-06-07 06:19:00,2.022020101547241,G1M1_new,g1m1_high_load,1.48,57.0,100.0,1.46,1.5,56,58,14,500
2022-06-07 06:23:00,2.020148754119873,G1M1_new,g1m1_high_load,1.48,57.0,100.0,1.46,1.5,56,58,14,500
2022-06-07 06:24:00,2.021087884902954,G1M1_new,g1m1_high_load,1.48,57.0,100.0,1.46,1.5,56,58,14,500
2022-06-07 06:26:00,2.019981622695923,G1M1_new,g1m1_high_load,1.48,57.0,100.0,1.46,1.5,56,58,14,500
2022-06-07 06:27:00,2.0220324993133545,G1M1_new,g1m1_high_load,1.48,57.0,100.0,1.46,1.5,56,58,14,500
2022-06-07 06:30:00,2.022165298461914,G1M1_new,g1m1_high_load,1.48,57.0,100.0,1.46,1.5,56,58,14,500
2022-06-07 06:32:00,2.021747350692749,G1M1_new,g1m1_high_load,1.48,57.0,100.0,1.46,1.5,56,58,14,500
2022-06-07 06:34:00,2.0223183631896973,G1M1_new,g1m1_high_load,1.48,57.0,100.0,1.46,1.5,56,58,14,500
2022-06-07 06:35:00,2.0224337577819824,G1M1_new,g1m1_high_load,1.48,57.0,100.0,1.46,1.5,56,58,14,500
2022-06-07 06:37:00,2.0204873085021973,G1M1_new,g1m1_high_load,1.48,57.0,100.0,1.46,1.5,56,58,14,500
2022-06-07 06:40:00,2.021022319793701,G1M1_new,g1m1_high_load,1.48,57.0,100.0,1.46,1.5,56,58,14,500
2022-06-07 06:41:00,2.020200490951538,G1M1_new,g1m1_high_load,1.48,57.0,100.0,1.46,1.5,56,58,14,500
2022-06-07 06:44:00,2.019245147705078,G1M1_new,g1m1_high_load,1.48,57.0,100.0,1.46,1.5,56,58,14,500
2022-06-07 06:45:00,2.0194764137268066,G1M1_new,g1m1_high_load,1.48,57.0,100.0,1.46,1.5,56,58,14,500
2022-06-07 06:46:00,2.0176079273223877,G1M1_new,g1m1_high_load,1.48,57.0,100.0,1.46,1.5,56,58,14,500
2022-06-07 06:48:00,2.021361827850342,G1M1_new,g1m1_high_load,1.48,57.0,100.0,1.46,1.5,56,58,14,500
2022-06-07 06:50:00,2.024212598800659,G1M1_new,g1m1_high_load,1.48,57.0,100.0,1.46,1.5,56,58,14,500
2022-06-07 06:52:00,2.0234172344207764,G1M1_new,g1m1_high_load,1.48,57.0,100.0,1.46,1.5,56,58,14,500
2022-06-07 06:53:00,2.023912191390991,G1M1_new,g1m1_high_load,1.48,57.0,100.0,1.46,1.5,56,58,14,500
2022-06-07 06:54:00,2.024834632873535,G1M1_new,g1m1_high_load,1.48,57.0,100.0,1.46,1.5,56,58,14,500
2022-06-07 06:55:00,2.0231428146362305,G1M1_new,g1m1_high_load,1.48,57.0,100.0,1.46,1.5,56,58,14,500
2022-06-07 06:56:00,2.0229809284210205,G1M1_new,g1m1_high_load,1.48,57.0,100.0,1.46,1.5,56,58,14,500
2022-06-07 06:57:00,2.019712448120117,G1M1_new,g1m1_high_load,1.48,57.0,100.0,1.46,1.5,56,58,14,500
2022-06-07 07:00:00,2.0200881958007812,G1M1_new,g1m1_high_load,1.48,57.0,100.0,1.46,1.5,56,58,14,500
2022-06-07 07:02:00,2.0196940898895264,G1M1_new,g1m1_high_load,1.48,57.0,100.0,1.46,1.5,56,58,14,500
2022-06-07 07:04:00,2.020994186401367,G1M1_new,g1m1_high_load,1.48,57.0,100.0,1.46,1.5,56,58,14,500
2022-06-07 07:05:00,2.021601676940918,G1M1_new,g1m1_high_load,1.48,57.0,100.0,1.46,1.5,56,58,14,500
2022-06-07 07:07:00,2.024050712585449,G1M1_new,g1m1_high_load,1.48,57.0,100.0,1.46,1.5,56,58,14,500
2022-06-07 07:08:00,2.0223286151885986,G1M1_new,g1m1_high_load,1.48,57.0,100.0,1.46,1.5,56,58,14,500
2022-06-07 07:09:00,2.0224156379699707,G1M1_new,g1m1_high_load,1.48,57.0,100.0,1.46,1.5,56,58,14,500
2022-06-07 07:10:00,2.0212783813476562,G1M1_new,g1m1_high_load,1.48,57.0,100.0,1.46,1.5,56,58,14,500
2022-06-07 07:11:00,2.0214626789093018,G1M1_new,g1m1_high_load,1.48,57.0,100.0,1.46,1.5,56,58,14,500
2022-06-07 07:12:00,2.021228551864624,G1M1_new,g1m1_high_load,1.48,57.0,100.0,1.46,1.5,56,58,14,500
2022-06-07 07:13:00,2.020294427871704,G1M1_new,g1m1_high_load,1.48,57.0,100.0,1.46,1.5,56,58,14,500
2022-06-07 07:14:00,2.0199131965637207,G1M1_new,g1m1_high_load,1.48,57.0,100.0,1.46,1.5,56,58,14,500
2022-06-07 07:15:00,2.01932692527771,G1M1_new,g1m1_high_load,1.48,57.0,100.0,1.46,1.5,56,58,14,500
2022-06-07 07:16:00,2.0207557678222656,G1M1_new,g1m1_high_load,1.48,57.0,100.0,1.46,1.5,56,58,14,500
2022-06-07 07:17:00,2.0217342376708984,G1M1_new,g1m1_high_load,1.48,57.0,100.0,1.46,1.5,56,58,14,500
2022-06-07 07:20:00,2.023380756378174,G1M1_new,g1m1_high_load,1.48,57.0,100.0,1.46,1.5,56,58,14,500
2022-06-07 07:22:00,2.021467447280884,G1M1_new,g1m1_high_load,1.48,57.0,100.0,1.46,1.5,56,58,14,500
2022-06-07 07:25:00,2.0182180404663086,G1M1_new,g1m1_high_load,1.48,57.0,100.0,1.46,1.5,56,58,14,500
2022-06-07 07:26:00,2.0181260108947754,G1M1_new,g1m1_high_load,1.48,57.0,100.0,1.46,1.5,56,58,14,500
2022-06-07 07:27:00,2.0200116634368896,G1M1_new,g1m1_high_load,1.48,57.0,100.0,1.46,1.5,56,58,14,500
2022-06-07 07:31:00,2.0248563289642334,G1M1_new,g1m1_high_load,1.48,57.0,100.0,1.46,1.5,56,58,14,500
2022-06-07 07:32:00,2.021479845046997,G1M1_new,g1m1_high_load,1.48,57.0,100.0,1.46,1.5,56,58,14,500
2022-06-07 07:35:00,2.021017074584961,G1M1_new,g1m1_high_load,1.48,57.0,100.0,1.46,1.5,56,58,14,500
2022-06-07 07:37:00,2.0190024375915527,G1M1_new,g1m1_high_load,1.48,57.0,100.0,1.46,1.5,56,58,14,500
2022-06-07 07:42:00,2.0208330154418945,G1M1_new,g1m1_high_load,1.48,57.0,100.0,1.46,1.5,56,58,14,500
2022-06-07 07:44:00,2.0250277519226074,G1M1_new,g1m1_high_load,1.48,57.0,100.0,1.46,1.5,56,58,14,500
2022-06-07 07:48:00,2.0201854705810547,G1M1_new,g1m1_high_load,1.48,57.0,100.0,1.46,1.5,56,58,14,500
2022-06-07 07:49:00,2.022406816482544,G1M1_new,g1m1_high_load,1.48,57.0,100.0,1.46,1.5,56,58,14,500
2022-06-07 07:52:00,2.0223143100738525,G1M1_new,g1m1_high_load,1.48,57.0,100.0,1.46,1.5,56,58,14,500
2022-06-07 07:53:00,2.023921251296997,G1M1_new,g1m1_high_load,1.48,57.0,100.0,1.46,1.5,56,58,14,500
2022-06-07 07:54:00,2.022247314453125,G1M1_new,g1m1_high_load,1.48,57.0,100.0,1.46,1.5,56,58,14,500
2022-06-07 07:55:00,2.020742654800415,G1M1_new,g1m1_high_load,1.48,57.0,100.0,1.46,1.5,56,58,14,500
2022-06-07 07:56:00,2.017829656600952,G1M1_new,g1m1_high_load,1.48,57.0,100.0,1.46,1.5,56,58,14,500
2022-06-07 07:58:00,2.0187668800354004,G1M1_new,g1m1_high_load,1.48,57.0,100.0,1.46,1.5,56,58,14,500
2022-06-07 07:59:00,2.019256114959717,G1M1_new,g1m1_high_load,1.48,57.0,100.0,1.46,1.5,56,58,14,500
2022-06-07 10:11:00,2.0138487815856934,G1M1_new,g1m1_high_load,1.48,57.0,100.0,1.46,1.5,56,58,14,500
2022-06-07 10:13:00,2.015437364578247,G1M1_new,g1m1_high_load,1.48,57.0,100.0,1.46,1.5,56,58,14,500
2022-06-07 10:16:00,2.0190072059631348,G1M1_new,g1m1_high_load,1.48,57.0,100.0,1.46,1.5,56,58,14,500
2022-06-07 10:17:00,2.0169928073883057,G1M1_new,g1m1_high_load,1.48,57.0,100.0,1.46,1.5,56,58,14,500
2022-06-07 10:19:00,2.0151281356811523,G1M1_new,g1m1_high_load,1.48,57.0,100.0,1.46,1.5,56,58,14,500
2022-06-07 10:20:00,2.0143332481384277,G1M1_new,g1m1_high_load,1.48,57.0,100.0,1.46,1.5,56,58,14,500
2022-06-07 10:22:00,2.013758897781372,G1M1_new,g1m1_high_load,1.48,57.0,100.0,1.46,1.5,56,58,14,500
2022-06-07 10:24:00,2.0169599056243896,G1M1_new,g1m1_high_load,1.48,57.0,100.0,1.46,1.5,56,58,14,500
2022-06-07 10:25:00,2.0210564136505127,G1M1_new,g1m1_high_load,1.48,57.0,100.0,1.46,1.5,56,58,14,500
2022-06-07 10:27:00,2.0171611309051514,G1M1_new,g1m1_high_load,1.48,57.0,100.0,1.46,1.5,56,58,14,500
2022-06-07 10:31:00,2.0149104595184326,G1M1_new,g1m1_high_load,1.48,57.0,100.0,1.46,1.5,56,58,14,500
2022-06-07 10:34:00,2.017458915710449,G1M1_new,g1m1_high_load,1.48,57.0,100.0,1.46,1.5,56,58,14,500
2022-06-07 10:35:00,2.019225597381592,G1M1_new,g1m1_high_load,1.48,57.0,100.0,1.46,1.5,56,58,14,500
2022-06-07 10:37:00,2.019700288772583,G1M1_new,g1m1_high_load,1.48,57.0,100.0,1.46,1.5,56,58,14,500
2022-06-07 10:38:00,2.017097234725952,G1M1_new,g1m1_high_load,1.48,57.0,100.0,1.46,1.5,56,58,14,500
2022-06-07 10:39:00,2.0141806602478027,G1M1_new,g1m1_high_load,1.48,57.0,100.0,1.46,1.5,56,58,14,500
2022-06-07 10:40:00,2.016822338104248,G1M1_new,g1m1_high_load,1.48,57.0,100.0,1.46,1.5,56,58,14,500
2022-06-07 10:41:00,2.0161569118499756,G1M1_new,g1m1_high_load,1.48,57.0,100.0,1.46,1.5,56,58,14,500
2022-06-07 10:42:00,2.01698637008667,G1M1_new,g1m1_high_load,1.48,57.0,100.0,1.46,1.5,56,58,14,500
2022-06-07 10:43:00,2.0154366493225098,G1M1_new,g1m1_high_load,1.48,57.0,100.0,1.46,1.5,56,58,14,500
2022-06-07 10:44:00,2.01777982711792,G1M1_new,g1m1_high_load,1.48,57.0,100.0,1.46,1.5,56,58,14,500
2022-06-07 10:45:00,2.017897367477417,G1M1_new,g1m1_high_load,1.48,57.0,100.0,1.46,1.5,56,58,14,500
2022-06-07 10:46:00,2.0190083980560303,G1M1_new,g1m1_high_load,1.48,57.0,100.0,1.46,1.5,56,58,14,500
2022-06-07 10:47:00,2.0203163623809814,G1M1_new,g1m1_high_load,1.48,57.0,100.0,1.46,1.5,56,58,14,500
2022-06-07 10:48:00,2.0225725173950195,G1M1_new,g1m1_high_load,1.48,57.0,100.0,1.46,1.5,56,58,14,500
2022-06-07 10:50:00,2.0194220542907715,G1M1_new,g1m1_high_load,1.48,57.0,100.0,1.46,1.5,56,58,14,500
2022-06-07 10:51:00,2.0174176692962646,G1M1_new,g1m1_high_load,1.48,57.0,100.0,1.46,1.5,56,58,14,500
2022-06-07 10:54:00,2.01587176322937,G1M1_new,g1m1_high_load,1.48,57.0,100.0,1.46,1.5,56,58,14,500
2022-06-07 10:55:00,2.0172579288482666,G1M1_new,g1m1_high_load,1.48,57.0,100.0,1.46,1.5,56,58,14,500
2022-06-07 10:59:00,2.019462823867798,G1M1_new,g1m1_high_load,1.48,57.0,100.0,1.46,1.5,56,58,14,500
2022-06-07 17:13:00,2.0006213188171387,G1M1_new,g1m1_high_load,1.48,57.0,100.0,1.46,1.5,56,58,14,500
2022-06-07 17:14:00,2.000293016433716,G1M1_new,g1m1_high_load,1.48,57.0,100.0,1.46,1.5,56,58,14,500
2022-06-07 17:16:00,2.001225471496582,G1M1_new,g1m1_high_load,1.48,57.0,100.0,1.46,1.5,56,58,14,500
2022-06-07 17:18:00,1.9988892078399658,G1M1_new,g1m1_high_load,1.48,57.0,100.0,1.46,1.5,56,58,14,500
2022-06-07 17:22:00,2.000640630722046,G1M1_new,g1m1_high_load,1.48,57.0,100.0,1.46,1.5,56,58,14,500
2022-06-07 17:24:00,2.00307559967041,G1M1_new,g1m1_high_load,1.48,57.0,100.0,1.46,1.5,56,58,14,500
2022-06-07 17:27:00,2.0041747093200684,G1M1_new,g1m1_high_load,1.48,57.0,100.0,1.46,1.5,56,58,14,500
2022-06-07 17:28:00,2.0047497749328613,G1M1_new,g1m1_high_load,1.48,57.0,100.0,1.46,1.5,56,58,14,500
2022-06-07 17:29:00,2.003288745880127,G1M1_new,g1m1_high_load,1.48,57.0,100.0,1.46,1.5,56,58,14,500
2022-06-07 17:31:00,2.0053036212921143,G1M1_new,g1m1_high_load,1.48,57.0,100.0,1.46,1.5,56,58,14,500
2022-06-07 17:34:00,2.003927230834961,G1M1_new,g1m1_high_load,1.48,57.0,100.0,1.46,1.5,56,58,14,500
2022-06-07 17:37:00,2.0026135444641113,G1M1_new,g1m1_high_load,1.48,57.0,100.0,1.46,1.5,56,58,14,500
2022-06-07 17:38:00,2.0041842460632324,G1M1_new,g1m1_high_load,1.48,57.0,100.0,1.46,1.5,56,58,14,500
2022-06-07 17:40:00,2.0064423084259033,G1M1_new,g1m1_high_load,1.48,57.0,100.0,1.46,1.5,56,58,14,500
2022-06-07 17:41:00,2.0051934719085693,G1M1_new,g1m1_high_load,1.48,57.0,100.0,1.46,1.5,56,58,14,500
2022-06-07 17:44:00,2.0069162845611572,G1M1_new,g1m1_high_load,1.48,57.0,100.0,1.46,1.5,56,58,14,500
2022-06-07 17:46:00,2.0093424320220947,G1M1_new,g1m1_high_load,1.48,57.0,100.0,1.46,1.5,56,58,14,500
2022-06-07 17:48:00,2.012432813644409,G1M1_new,g1m1_high_load,1.48,57.0,100.0,1.46,1.5,56,58,14,500
2022-06-07 17:49:00,2.00866436958313,G1M1_new,g1m1_high_load,1.48,57.0,100.0,1.46,1.5,56,58,14,500
2022-06-07 17:51:00,2.0058469772338867,G1M1_new,g1m1_high_load,1.48,57.0,100.0,1.46,1.5,56,58,14,500
2022-06-07 17:53:00,2.002955675125122,G1M1_new,g1m1_high_load,1.48,57.0,100.0,1.46,1.5,56,58,14,500
2022-06-07 17:56:00,2.0064470767974854,G1M1_new,g1m1_high_load,1.48,57.0,100.0,1.46,1.5,56,58,14,500
2022-06-07 17:57:00,2.0062432289123535,G1M1_new,g1m1_high_load,1.48,57.0,100.0,1.46,1.5,56,58,14,500
2022-06-07 18:00:00,2.0071969032287598,G1M1_new,g1m1_high_load,1.48,57.0,100.0,1.46,1.5,56,58,14,500
2022-06-07 18:01:00,2.008419990539551,G1M1_new,g1m1_high_load,1.48,57.0,100.0,1.46,1.5,56,58,14,500
2022-06-07 18:03:00,2.00907039642334,G1M1_new,g1m1_high_load,1.48,57.0,100.0,1.46,1.5,56,58,14,500
2022-06-07 18:04:00,2.009079933166504,G1M1_new,g1m1_high_load,1.48,57.0,100.0,1.46,1.5,56,58,14,500
2022-06-07 18:06:00,2.008598804473877,G1M1_new,g1m1_high_load,1.48,57.0,100.0,1.46,1.5,56,58,14,500
2022-06-07 18:10:00,2.013099193572998,G1M1_new,g1m1_high_load,1.48,57.0,100.0,1.46,1.5,56,58,14,500
2022-06-07 18:13:00,2.010369062423706,G1M1_new,g1m1_high_load,1.48,57.0,100.0,1.46,1.5,56,58,14,500
2022-06-07 18:18:00,2.008174419403076,G1M1_new,g1m1_high_load,1.48,57.0,100.0,1.46,1.5,56,58,14,500
2022-06-07 18:20:00,2.0091142654418945,G1M1_new,g1m1_high_load,1.48,57.0,100.0,1.46,1.5,56,58,14,500
2022-06-07 18:22:00,2.0118930339813232,G1M1_new,g1m1_high_load,1.48,57.0,100.0,1.46,1.5,56,58,14,500
2022-06-07 18:23:00,2.011244058609009,G1M1_new,g1m1_high_load,1.48,57.0,100.0,1.46,1.5,56,58,14,500
2022-06-07 18:25:00,2.015707492828369,G1M1_new,g1m1_high_load,1.48,57.0,100.0,1.46,1.5,56,58,14,500
2022-06-07 18:27:00,2.010924816131592,G1M1_new,g1m1_high_load,1.48,57.0,100.0,1.46,1.5,56,58,14,500
2022-06-07 18:28:00,2.0111443996429443,G1M1_new,g1m1_high_load,1.48,57.0,100.0,1.46,1.5,56,58,14,500
2022-06-07 18:29:00,2.0085737705230713,G1M1_new,g1m1_high_load,1.48,57.0,100.0,1.46,1.5,56,58,14,500
2022-06-07 18:32:00,2.0106091499328613,G1M1_new,g1m1_high_load,1.48,57.0,100.0,1.46,1.5,56,58,14,500
2022-06-07 18:33:00,2.0119693279266357,G1M1_new,g1m1_high_load,1.48,57.0,100.0,1.46,1.5,56,58,14,500
2022-06-07 18:36:00,2.0147197246551514,G1M1_new,g1m1_high_load,1.48,57.0,100.0,1.46,1.5,56,58,14,500
2022-06-07 18:38:00,2.0132219791412354,G1M1_new,g1m1_high_load,1.48,57.0,100.0,1.46,1.5,56,58,14,500
2022-06-07 18:40:00,2.0069165229797363,G1M1_new,g1m1_high_load,1.48,57.0,100.0,1.46,1.5,56,58,14,500
2022-06-07 18:42:00,2.0080385208129883,G1M1_new,g1m1_high_load,1.48,57.0,100.0,1.46,1.5,56,58,14,500
2022-06-07 18:46:00,2.014939546585083,G1M1_new,g1m1_high_load,1.48,57.0,100.0,1.46,1.5,56,58,14,500
2022-06-07 18:48:00,2.0141184329986572,G1M1_new,g1m1_high_load,1.48,57.0,100.0,1.46,1.5,56,58,14,500
2022-06-07 18:51:00,2.0132699012756348,G1M1_new,g1m1_high_load,1.48,57.0,100.0,1.46,1.5,56,58,14,500
2022-06-07 18:53:00,2.0129222869873047,G1M1_new,g1m1_high_load,1.48,57.0,100.0,1.46,1.5,56,58,14,500
2022-06-07 18:54:00,2.012722969055176,G1M1_new,g1m1_high_load,1.48,57.0,100.0,1.46,1.5,56,58,14,500
2022-06-07 18:55:00,2.013275384902954,G1M1_new,g1m1_high_load,1.48,57.0,100.0,1.46,1.5,56,58,14,500
2022-06-07 18:56:00,2.0146877765655518,G1M1_new,g1m1_high_load,1.48,57.0,100.0,1.46,1.5,56,58,14,500
2022-06-07 18:58:00,2.0128419399261475,G1M1_new,g1m1_high_load,1.48,57.0,100.0,1.46,1.5,56,58,14,500
2022-06-07 19:04:00,2.011234760284424,G1M1_new,g1m1_high_load,1.48,57.0,100.0,1.46,1.5,56,58,14,500
2022-06-07 19:10:00,2.014932155609131,G1M1_new,g1m1_high_load,1.48,57.0,100.0,1.46,1.5,56,58,14,500
2022-06-07 19:13:00,2.0147645473480225,G1M1_new,g1m1_high_load,1.48,57.0,100.0,1.46,1.5,56,58,14,500
2022-06-07 19:15:00,2.0135912895202637,G1M1_new,g1m1_high_load,1.48,57.0,100.0,1.46,1.5,56,58,14,500
2022-06-07 19:17:00,2.014138698577881,G1M1_new,g1m1_high_load,1.48,57.0,100.0,1.46,1.5,56,58,14,500
2022-06-07 19:19:00,2.016605854034424,G1M1_new,g1m1_high_load,1.48,57.0,100.0,1.46,1.5,56,58,14,500
2022-06-07 19:20:00,2.0153157711029053,G1M1_new,g1m1_high_load,1.48,57.0,100.0,1.46,1.5,56,58,14,500
2022-06-07 19:22:00,2.01639986038208,G1M1_new,g1m1_high_load,1.48,57.0,100.0,1.46,1.5,56,58,14,500
2022-06-07 19:27:00,2.0107204914093018,G1M1_new,g1m1_high_load,1.48,57.0,100.0,1.46,1.5,56,58,14,500
2022-06-07 19:28:00,2.0121443271636963,G1M1_new,g1m1_high_load,1.48,57.0,100.0,1.46,1.5,56,58,14,500
2022-06-07 19:29:00,2.011343002319336,G1M1_new,g1m1_high_load,1.48,57.0,100.0,1.46,1.5,56,58,14,500
2022-06-07 19:31:00,2.0126335620880127,G1M1_new,g1m1_high_load,1.48,57.0,100.0,1.46,1.5,56,58,14,500
2022-06-07 19:34:00,2.0164639949798584,G1M1_new,g1m1_high_load,1.48,57.0,100.0,1.46,1.5,56,58,14,500
2022-06-07 19:36:00,2.014914035797119,G1M1_new,g1m1_high_load,1.48,57.0,100.0,1.46,1.5,56,58,14,500
2022-06-07 19:37:00,2.0155563354492188,G1M1_new,g1m1_high_load,1.48,57.0,100.0,1.46,1.5,56,58,14,500
2022-06-07 19:38:00,2.0144362449645996,G1M1_new,g1m1_high_load,1.48,57.0,100.0,1.46,1.5,56,58,14,500
2022-06-07 19:39:00,2.0145628452301025,G1M1_new,g1m1_high_load,1.48,57.0,100.0,1.46,1.5,56,58,14,500
2022-06-07 19:41:00,2.014230966567993,G1M1_new,g1m1_high_load,1.48,57.0,100.0,1.46,1.5,56,58,14,500
2022-06-07 19:44:00,2.0170083045959473,G1M1_new,g1m1_high_load,1.48,57.0,100.0,1.46,1.5,56,58,14,500
2022-06-07 19:45:00,2.0165648460388184,G1M1_new,g1m1_high_load,1.48,57.0,100.0,1.46,1.5,56,58,14,500
2022-06-07 19:46:00,2.0136663913726807,G1M1_new,g1m1_high_load,1.48,57.0,100.0,1.46,1.5,56,58,14,500
2022-06-07 19:47:00,2.0124261379241943,G1M1_new,g1m1_high_load,1.48,57.0,100.0,1.46,1.5,56,58,14,500
2022-06-07 19:48:00,2.011850357055664,G1M1_new,g1m1_high_load,1.48,57.0,100.0,1.46,1.5,56,58,14,500
2022-06-07 19:51:00,2.0119640827178955,G1M1_new,g1m1_high_load,1.48,57.0,100.0,1.46,1.5,56,58,14,500
2022-06-07 19:52:00,2.0125207901000977,G1M1_new,g1m1_high_load,1.48,57.0,100.0,1.46,1.5,56,58,14,500
2022-06-07 19:54:00,2.015592336654663,G1M1_new,g1m1_high_load,1.48,57.0,100.0,1.46,1.5,56,58,14,500
2022-06-07 19:56:00,2.016998291015625,G1M1_new,g1m1_high_load,1.48,57.0,100.0,1.46,1.5,56,58,14,500
2022-06-07 19:58:00,2.0151126384735107,G1M1_new,g1m1_high_load,1.48,57.0,100.0,1.46,1.5,56,58,14,500
2022-06-07 20:03:00,2.0147392749786377,G1M1_new,g1m1_high_load,1.48,57.0,100.0,1.46,1.5,56,58,14,500
2022-06-07 20:04:00,2.0143072605133057,G1M1_new,g1m1_high_load,1.48,57.0,100.0,1.46,1.5,56,58,14,500
2022-06-07 20:06:00,2.0149123668670654,G1M1_new,g1m1_high_load,1.48,57.0,100.0,1.46,1.5,56,58,14,500
2022-06-07 20:07:00,2.0143544673919678,G1M1_new,g1m1_high_load,1.48,57.0,100.0,1.46,1.5,56,58,14,500
2022-06-07 20:08:00,2.015226364135742,G1M1_new,g1m1_high_load,1.48,57.0,100.0,1.46,1.5,56,58,14,500
2022-06-07 20:09:00,2.0166893005371094,G1M1_new,g1m1_high_load,1.48,57.0,100.0,1.46,1.5,56,58,14,500
2022-06-07 20:12:00,2.0131759643554688,G1M1_new,g1m1_high_load,1.48,57.0,100.0,1.46,1.5,56,58,14,500
2022-06-07 20:13:00,2.012371778488159,G1M1_new,g1m1_high_load,1.48,57.0,100.0,1.46,1.5,56,58,14,500
2022-06-07 20:14:00,2.011770486831665,G1M1_new,g1m1_high_load,1.48,57.0,100.0,1.46,1.5,56,58,14,500
2022-06-07 20:15:00,2.0126593112945557,G1M1_new,g1m1_high_load,1.48,57.0,100.0,1.46,1.5,56,58,14,500
2022-06-07 20:16:00,2.012380599975586,G1M1_new,g1m1_high_load,1.48,57.0,100.0,1.46,1.5,56,58,14,500
2022-06-07 20:17:00,2.0142574310302734,G1M1_new,g1m1_high_load,1.48,57.0,100.0,1.46,1.5,56,58,14,500
2022-06-07 20:18:00,2.015080213546753,G1M1_new,g1m1_high_load,1.48,57.0,100.0,1.46,1.5,56,58,14,500
2022-06-07 20:19:00,2.015444755554199,G1M1_new,g1m1_high_load,1.48,57.0,100.0,1.46,1.5,56,58,14,500
2022-06-07 20:20:00,2.017331123352051,G1M1_new,g1m1_high_load,1.48,57.0,100.0,1.46,1.5,56,58,14,500
2022-06-07 20:22:00,2.0171701908111572,G1M1_new,g1m1_high_load,1.48,57.0,100.0,1.46,1.5,56,58,14,500
2022-06-07 20:23:00,2.015610456466675,G1M1_new,g1m1_high_load,1.48,57.0,100.0,1.46,1.5,56,58,14,500
2022-06-07 20:25:00,2.0154104232788086,G1M1_new,g1m1_high_load,1.48,57.0,100.0,1.46,1.5,56,58,14,500
2022-06-07 20:26:00,2.015125274658203,G1M1_new,g1m1_high_load,1.48,57.0,100.0,1.46,1.5,56,58,14,500
2022-06-07 20:28:00,2.0154433250427246,G1M1_new,g1m1_high_load,1.48,57.0,100.0,1.46,1.5,56,58,14,500
2022-06-07 20:32:00,2.0138726234436035,G1M1_new,g1m1_high_load,1.48,57.0,100.0,1.46,1.5,56,58,14,500
2022-06-07 20:35:00,2.018195152282715,G1M1_new,g1m1_high_load,1.48,57.0,100.0,1.46,1.5,56,58,14,500
2022-06-07 20:36:00,2.017599582672119,G1M1_new,g1m1_high_load,1.48,57.0,100.0,1.46,1.5,56,58,14,500
2022-06-07 20:40:00,2.0117814540863037,G1M1_new,g1m1_high_load,1.48,57.0,100.0,1.46,1.5,56,58,14,500
2022-06-07 20:41:00,2.0137412548065186,G1M1_new,g1m1_high_load,1.48,57.0,100.0,1.46,1.5,56,58,14,500
2022-06-07 20:42:00,2.0140998363494873,G1M1_new,g1m1_high_load,1.48,57.0,100.0,1.46,1.5,56,58,14,500
2022-06-07 20:44:00,2.0163016319274902,G1M1_new,g1m1_high_load,1.48,57.0,100.0,1.46,1.5,56,58,14,500
2022-06-07 20:47:00,2.0168707370758057,G1M1_new,g1m1_high_load,1.48,57.0,100.0,1.46,1.5,56,58,14,500
2022-06-07 20:52:00,2.014479160308838,G1M1_new,g1m1_high_load,1.48,57.0,100.0,1.46,1.5,56,58,14,500
2022-06-07 20:54:00,2.015097141265869,G1M1_new,g1m1_high_load,1.48,57.0,100.0,1.46,1.5,56,58,14,500
2022-06-07 20:55:00,2.0158727169036865,G1M1_new,g1m1_high_load,1.48,57.0,100.0,1.46,1.5,56,58,14,500
2022-06-07 20:57:00,2.017777442932129,G1M1_new,g1m1_high_load,1.48,57.0,100.0,1.46,1.5,56,58,14,500
2022-06-07 21:01:00,2.0146186351776123,G1M1_new,g1m1_high_load,1.48,57.0,100.0,1.46,1.5,56,58,14,500
2022-06-07 21:04:00,2.0126397609710693,G1M1_new,g1m1_high_load,1.48,57.0,100.0,1.46,1.5,56,58,14,500
2022-06-07 21:06:00,2.013549566268921,G1M1_new,g1m1_high_load,1.48,57.0,100.0,1.46,1.5,56,58,14,500
2022-06-07 21:07:00,2.0148348808288574,G1M1_new,g1m1_high_load,1.48,57.0,100.0,1.46,1.5,56,58,14,500
2022-06-07 21:09:00,2.0180556774139404,G1M1_new,g1m1_high_load,1.48,57.0,100.0,1.46,1.5,56,58,14,500
2022-06-07 21:11:00,2.0183467864990234,G1M1_new,g1m1_high_load,1.48,57.0,100.0,1.46,1.5,56,58,14,500
2022-06-07 21:12:00,2.0166661739349365,G1M1_new,g1m1_high_load,1.48,57.0,100.0,1.46,1.5,56,58,14,500
2022-06-07 21:13:00,2.016932487487793,G1M1_new,g1m1_high_load,1.48,57.0,100.0,1.46,1.5,56,58,14,500
2022-06-07 21:16:00,2.0131804943084717,G1M1_new,g1m1_high_load,1.48,57.0,100.0,1.46,1.5,56,58,14,500
2022-06-07 21:19:00,2.016212224960327,G1M1_new,g1m1_high_load,1.48,57.0,100.0,1.46,1.5,56,58,14,500
2022-06-07 21:21:00,2.0164852142333984,G1M1_new,g1m1_high_load,1.48,57.0,100.0,1.46,1.5,56,58,14,500
2022-06-07 21:23:00,2.0161051750183105,G1M1_new,g1m1_high_load,1.48,57.0,100.0,1.46,1.5,56,58,14,500
2022-06-07 21:25:00,2.016798496246338,G1M1_new,g1m1_high_load,1.48,57.0,100.0,1.46,1.5,56,58,14,500
2022-06-07 21:26:00,2.0170156955718994,G1M1_new,g1m1_high_load,1.48,57.0,100.0,1.46,1.5,56,58,14,500
2022-06-07 21:29:00,2.0164480209350586,G1M1_new,g1m1_high_load,1.48,57.0,100.0,1.46,1.5,56,58,14,500
2022-06-07 21:31:00,2.0155770778656006,G1M1_new,g1m1_high_load,1.48,57.0,100.0,1.46,1.5,56,58,14,500
2022-06-07 21:34:00,2.0157673358917236,G1M1_new,g1m1_high_load,1.48,57.0,100.0,1.46,1.5,56,58,14,500
2022-06-07 21:36:00,2.0156137943267822,G1M1_new,g1m1_high_load,1.48,57.0,100.0,1.46,1.5,56,58,14,500
2022-06-07 21:37:00,2.0154285430908203,G1M1_new,g1m1_high_load,1.48,57.0,100.0,1.46,1.5,56,58,14,500
2022-06-07 21:38:00,2.0163140296936035,G1M1_new,g1m1_high_load,1.48,57.0,100.0,1.46,1.5,56,58,14,500
2022-06-07 21:40:00,2.015564441680908,G1M1_new,g1m1_high_load,1.48,57.0,100.0,1.46,1.5,56,58,14,500
2022-06-07 21:41:00,2.0165975093841553,G1M1_new,g1m1_high_load,1.48,57.0,100.0,1.46,1.5,56,58,14,500
2022-06-07 21:42:00,2.017019271850586,G1M1_new,g1m1_high_load,1.48,57.0,100.0,1.46,1.5,56,58,14,500
2022-06-07 21:43:00,2.0168471336364746,G1M1_new,g1m1_high_load,1.48,57.0,100.0,1.46,1.5,56,58,14,500
2022-06-07 21:46:00,2.0179367065429688,G1M1_new,g1m1_high_load,1.48,57.0,100.0,1.46,1.5,56,58,14,500
2022-06-07 21:48:00,2.017036199569702,G1M1_new,g1m1_high_load,1.48,57.0,100.0,1.46,1.5,56,58,14,500
2022-06-07 21:52:00,2.0165162086486816,G1M1_new,g1m1_high_load,1.48,57.0,100.0,1.46,1.5,56,58,14,500
2022-06-07 21:53:00,2.0168182849884033,G1M1_new,g1m1_high_load,1.48,57.0,100.0,1.46,1.5,56,58,14,500
2022-06-07 21:55:00,2.015822649002075,G1M1_new,g1m1_high_load,1.48,57.0,100.0,1.46,1.5,56,58,14,500
2022-06-07 21:56:00,2.0171597003936768,G1M1_new,g1m1_high_load,1.48,57.0,100.0,1.46,1.5,56,58,14,500
2022-06-07 21:58:00,2.0159308910369873,G1M1_new,g1m1_high_load,1.48,57.0,100.0,1.46,1.5,56,58,14,500
2022-06-07 22:01:00,2.0165820121765137,G1M1_new,g1m1_high_load,1.48,57.0,100.0,1.46,1.5,56,58,14,500
2022-06-07 22:02:00,2.016427993774414,G1M1_new,g1m1_high_load,1.48,57.0,100.0,1.46,1.5,56,58,14,500
2022-06-07 22:04:00,2.015665292739868,G1M1_new,g1m1_high_load,1.48,57.0,100.0,1.46,1.5,56,58,14,500
2022-06-07 22:05:00,2.017608404159546,G1M1_new,g1m1_high_load,1.48,57.0,100.0,1.46,1.5,56,58,14,500
2022-06-07 22:07:00,2.0185563564300537,G1M1_new,g1m1_high_load,1.48,57.0,100.0,1.46,1.5,56,58,14,500
2022-06-07 22:08:00,2.0207979679107666,G1M1_new,g1m1_high_load,1.48,57.0,100.0,1.46,1.5,56,58,14,500
2022-06-07 22:09:00,2.0206222534179688,G1M1_new,g1m1_high_load,1.48,57.0,100.0,1.46,1.5,56,58,14,500
2022-06-07 22:13:00,2.0141336917877197,G1M1_new,g1m1_high_load,1.48,57.0,100.0,1.46,1.5,56,58,14,500
2022-06-07 22:14:00,2.01399827003479,G1M1_new,g1m1_high_load,1.48,57.0,100.0,1.46,1.5,56,58,14,500
2022-06-07 22:15:00,2.015369176864624,G1M1_new,g1m1_high_load,1.48,57.0,100.0,1.46,1.5,56,58,14,500
2022-06-07 22:16:00,2.015751838684082,G1M1_new,g1m1_high_load,1.48,57.0,100.0,1.46,1.5,56,58,14,500
2022-06-07 22:20:00,2.0199708938598633,G1M1_new,g1m1_high_load,1.48,57.0,100.0,1.46,1.5,56,58,14,500
2022-06-07 22:21:00,2.0219309329986572,G1M1_new,g1m1_high_load,1.48,57.0,100.0,1.46,1.5,56,58,14,500
2022-06-07 22:23:00,2.017049789428711,G1M1_new,g1m1_high_load,1.48,57.0,100.0,1.46,1.5,56,58,14,500
2022-06-07 22:24:00,2.019115686416626,G1M1_new,g1m1_high_load,1.48,57.0,100.0,1.46,1.5,56,58,14,500
2022-06-07 22:26:00,2.015521287918091,G1M1_new,g1m1_high_load,1.48,57.0,100.0,1.46,1.5,56,58,14,500
2022-06-07 22:29:00,2.0182912349700928,G1M1_new,g1m1_high_load,1.48,57.0,100.0,1.46,1.5,56,58,14,500
2022-06-07 22:30:00,2.018700361251831,G1M1_new,g1m1_high_load,1.48,57.0,100.0,1.46,1.5,56,58,14,500
2022-06-07 22:31:00,2.0180678367614746,G1M1_new,g1m1_high_load,1.48,57.0,100.0,1.46,1.5,56,58,14,500
2022-06-07 22:32:00,2.0200741291046143,G1M1_new,g1m1_high_load,1.48,57.0,100.0,1.46,1.5,56,58,14,500
2022-06-07 22:34:00,2.01965594291687,G1M1_new,g1m1_high_load,1.48,57.0,100.0,1.46,1.5,56,58,14,500
2022-06-07 22:36:00,2.015451431274414,G1M1_new,g1m1_high_load,1.48,57.0,100.0,1.46,1.5,56,58,14,500
2022-06-07 22:39:00,2.0147969722747803,G1M1_new,g1m1_high_load,1.48,57.0,100.0,1.46,1.5,56,58,14,500
2022-06-07 22:40:00,2.014080047607422,G1M1_new,g1m1_high_load,1.48,57.0,100.0,1.46,1.5,56,58,14,500
2022-06-07 22:41:00,2.018223524093628,G1M1_new,g1m1_high_load,1.48,57.0,100.0,1.46,1.5,56,58,14,500
2022-06-07 22:43:00,2.0196590423583984,G1M1_new,g1m1_high_load,1.48,57.0,100.0,1.46,1.5,56,58,14,500
2022-06-07 22:45:00,2.01835560798645,G1M1_new,g1m1_high_load,1.48,57.0,100.0,1.46,1.5,56,58,14,500
2022-06-07 22:48:00,2.0156662464141846,G1M1_new,g1m1_high_load,1.48,57.0,100.0,1.46,1.5,56,58,14,500
2022-06-07 22:50:00,2.0171852111816406,G1M1_new,g1m1_high_load,1.48,57.0,100.0,1.46,1.5,56,58,14,500
2022-06-07 22:51:00,2.016066551208496,G1M1_new,g1m1_high_load,1.48,57.0,100.0,1.46,1.5,56,58,14,500
2022-06-07 22:53:00,2.017838716506958,G1M1_new,g1m1_high_load,1.48,57.0,100.0,1.46,1.5,56,58,14,500
2022-06-07 22:54:00,2.0184078216552734,G1M1_new,g1m1_high_load,1.48,57.0,100.0,1.46,1.5,56,58,14,500
2022-06-07 22:56:00,2.0215187072753906,G1M1_new,g1m1_high_load,1.48,57.0,100.0,1.46,1.5,56,58,14,500
2022-06-07 22:59:00,2.015115737915039,G1M1_new,g1m1_high_load,1.48,57.0,100.0,1.46,1.5,56,58,14,500
2022-06-07 23:01:00,2.014108180999756,G1M1_new,g1m1_high_load,1.48,57.0,100.0,1.46,1.5,56,58,14,500
2022-06-07 23:04:00,2.01482892036438,G1M1_new,g1m1_high_load,1.48,57.0,100.0,1.46,1.5,56,58,14,500
2022-06-07 23:06:00,2.0186073780059814,G1M1_new,g1m1_high_load,1.48,57.0,100.0,1.46,1.5,56,58,14,500
2022-06-07 23:07:00,2.020860433578491,G1M1_new,g1m1_high_load,1.48,57.0,100.0,1.46,1.5,56,58,14,500
2022-06-07 23:09:00,2.0202975273132324,G1M1_new,g1m1_high_load,1.48,57.0,100.0,1.46,1.5,56,58,14,500
2022-06-07 23:12:00,2.0185444355010986,G1M1_new,g1m1_high_load,1.48,57.0,100.0,1.46,1.5,56,58,14,500
2022-06-07 23:13:00,2.0173423290252686,G1M1_new,g1m1_high_load,1.48,57.0,100.0,1.46,1.5,56,58,14,500
2022-06-07 23:14:00,2.0184311866760254,G1M1_new,g1m1_high_load,1.48,57.0,100.0,1.46,1.5,56,58,14,500
2022-06-07 23:16:00,2.019428253173828,G1M1_new,g1m1_high_load,1.48,57.0,100.0,1.46,1.5,56,58,14,500
2022-06-07 23:17:00,2.017685651779175,G1M1_new,g1m1_high_load,1.48,57.0,100.0,1.46,1.5,56,58,14,500
2022-06-07 23:20:00,2.0202314853668213,G1M1_new,g1m1_high_load,1.48,57.0,100.0,1.46,1.5,56,58,14,500
2022-06-07 23:24:00,2.018850803375244,G1M1_new,g1m1_high_load,1.48,57.0,100.0,1.46,1.5,56,58,14,500
2022-06-07 23:25:00,2.0176842212677,G1M1_new,g1m1_high_load,1.48,57.0,100.0,1.46,1.5,56,58,14,500
2022-06-07 23:28:00,2.016544818878174,G1M1_new,g1m1_high_load,1.48,57.0,100.0,1.46,1.5,56,58,14,500
2022-06-07 23:29:00,2.018054485321045,G1M1_new,g1m1_high_load,1.48,57.0,100.0,1.46,1.5,56,58,14,500
2022-06-07 23:31:00,2.017000436782837,G1M1_new,g1m1_high_load,1.48,57.0,100.0,1.46,1.5,56,58,14,500
2022-06-07 23:32:00,2.015627861022949,G1M1_new,g1m1_high_load,1.48,57.0,100.0,1.46,1.5,56,58,14,500
2022-06-07 23:34:00,2.018489122390747,G1M1_new,g1m1_high_load,1.48,57.0,100.0,1.46,1.5,56,58,14,500
2022-06-07 23:35:00,2.018442392349243,G1M1_new,g1m1_high_load,1.48,57.0,100.0,1.46,1.5,56,58,14,500
2022-06-07 23:37:00,2.01747989654541,G1M1_new,g1m1_high_load,1.48,57.0,100.0,1.46,1.5,56,58,14,500
2022-06-07 23:38:00,2.0164389610290527,G1M1_new,g1m1_high_load,1.48,57.0,100.0,1.46,1.5,56,58,14,500
2022-06-07 23:41:00,2.021491527557373,G1M1_new,g1m1_high_load,1.48,57.0,100.0,1.46,1.5,56,58,14,500
2022-06-07 23:43:00,2.0215137004852295,G1M1_new,g1m1_high_load,1.48,57.0,100.0,1.46,1.5,56,58,14,500
2022-06-07 23:44:00,2.0167574882507324,G1M1_new,g1m1_high_load,1.48,57.0,100.0,1.46,1.5,56,58,14,500
2022-06-07 23:45:00,2.0137689113616943,G1M1_new,g1m1_high_load,1.48,57.0,100.0,1.46,1.5,56,58,14,500
2022-06-07 23:46:00,2.015026092529297,G1M1_new,g1m1_high_load,1.48,57.0,100.0,1.46,1.5,56,58,14,500
2022-06-07 23:47:00,2.01460599899292,G1M1_new,g1m1_high_load,1.48,57.0,100.0,1.46,1.5,56,58,14,500
2022-06-07 23:49:00,2.015753746032715,G1M1_new,g1m1_high_load,1.48,57.0,100.0,1.46,1.5,56,58,14,500
2022-06-07 23:51:00,2.01973032951355,G1M1_new,g1m1_high_load,1.48,57.0,100.0,1.46,1.5,56,58,14,500
2022-06-07 23:52:00,2.0205700397491455,G1M1_new,g1m1_high_load,1.48,57.0,100.0,1.46,1.5,56,58,14,500
2022-06-07 23:53:00,2.0208075046539307,G1M1_new,g1m1_high_load,1.48,57.0,100.0,1.46,1.5,56,58,14,500
2022-06-07 23:55:00,2.0187199115753174,G1M1_new,g1m1_high_load,1.48,57.0,100.0,1.46,1.5,56,58,14,500
2022-06-07 23:57:00,2.0207955837249756,G1M1_new,g1m1_high_load,1.48,57.0,100.0,1.46,1.5,56,58,14,500
2022-06-07 23:58:00,2.018239974975586,G1M1_new,g1m1_high_load,1.48,57.0,100.0,1.46,1.5,56,58,14,500
2022-06-08 00:00:00,2.017876625061035,G1M1_new,g1m1_high_load,1.48,57.0,100.0,1.46,1.5,56,58,14,500
2022-06-08 00:01:00,2.0180044174194336,G1M1_new,g1m1_high_load,1.48,57.0,100.0,1.46,1.5,56,58,14,500
2022-06-08 00:06:00,2.019967794418335,G1M1_new,g1m1_high_load,1.48,57.0,100.0,1.46,1.5,56,58,14,500
2022-06-08 00:07:00,2.021202325820923,G1M1_new,g1m1_high_load,1.48,57.0,100.0,1.46,1.5,56,58,14,500
2022-06-08 00:08:00,2.0189781188964844,G1M1_new,g1m1_high_load,1.48,57.0,100.0,1.46,1.5,56,58,14,500
2022-06-08 00:09:00,2.0178775787353516,G1M1_new,g1m1_high_load,1.48,57.0,100.0,1.46,1.5,56,58,14,500
2022-06-08 00:11:00,2.013423204421997,G1M1_new,g1m1_high_load,1.48,57.0,100.0,1.46,1.5,56,58,14,500
2022-06-08 00:14:00,2.0167396068573,G1M1_new,g1m1_high_load,1.48,57.0,100.0,1.46,1.5,56,58,14,500
2022-06-08 00:18:00,2.0207812786102295,G1M1_new,g1m1_high_load,1.48,57.0,100.0,1.46,1.5,56,58,14,500
2022-06-08 00:20:00,2.0201663970947266,G1M1_new,g1m1_high_load,1.48,57.0,100.0,1.46,1.5,56,58,14,500
2022-06-08 00:24:00,2.018124580383301,G1M1_new,g1m1_high_load,1.48,57.0,100.0,1.46,1.5,56,58,14,500
2022-06-08 00:26:00,2.0189082622528076,G1M1_new,g1m1_high_load,1.48,57.0,100.0,1.46,1.5,56,58,14,500
2022-06-08 00:28:00,2.018202066421509,G1M1_new,g1m1_high_load,1.48,57.0,100.0,1.46,1.5,56,58,14,500
2022-06-08 00:32:00,2.0182082653045654,G1M1_new,g1m1_high_load,1.48,57.0,100.0,1.46,1.5,56,58,14,500
2022-06-08 00:34:00,2.015916347503662,G1M1_new,g1m1_high_load,1.48,57.0,100.0,1.46,1.5,56,58,14,500
2022-06-08 00:37:00,2.015385389328003,G1M1_new,g1m1_high_load,1.48,57.0,100.0,1.46,1.5,56,58,14,500
2022-06-08 00:40:00,2.0184195041656494,G1M1_new,g1m1_high_load,1.48,57.0,100.0,1.46,1.5,56,58,14,500
2022-06-08 00:41:00,2.0205094814300537,G1M1_new,g1m1_high_load,1.48,57.0,100.0,1.46,1.5,56,58,14,500
2022-06-08 00:42:00,2.0192089080810547,G1M1_new,g1m1_high_load,1.48,57.0,100.0,1.46,1.5,56,58,14,500
2022-06-08 00:43:00,2.022059440612793,G1M1_new,g1m1_high_load,1.48,57.0,100.0,1.46,1.5,56,58,14,500
2022-06-08 00:45:00,2.017943859100342,G1M1_new,g1m1_high_load,1.48,57.0,100.0,1.46,1.5,56,58,14,500
2022-06-08 00:46:00,2.0205163955688477,G1M1_new,g1m1_high_load,1.48,57.0,100.0,1.46,1.5,56,58,14,500
2022-06-08 00:47:00,2.016559600830078,G1M1_new,g1m1_high_load,1.48,57.0,100.0,1.46,1.5,56,58,14,500
2022-06-08 00:48:00,2.0184099674224854,G1M1_new,g1m1_high_load,1.48,57.0,100.0,1.46,1.5,56,58,14,500
2022-06-08 00:49:00,2.0185582637786865,G1M1_new,g1m1_high_load,1.48,57.0,100.0,1.46,1.5,56,58,14,500
2022-06-08 00:51:00,2.0209171772003174,G1M1_new,g1m1_high_load,1.48,57.0,100.0,1.46,1.5,56,58,14,500
2022-06-08 00:52:00,2.0179648399353027,G1M1_new,g1m1_high_load,1.48,57.0,100.0,1.46,1.5,56,58,14,500
2022-06-08 00:53:00,2.019225597381592,G1M1_new,g1m1_high_load,1.48,57.0,100.0,1.46,1.5,56,58,14,500
2022-06-08 00:54:00,2.0203018188476562,G1M1_new,g1m1_high_load,1.48,57.0,100.0,1.46,1.5,56,58,14,500
2022-06-08 00:55:00,2.0202226638793945,G1M1_new,g1m1_high_load,1.48,57.0,100.0,1.46,1.5,56,58,14,500
2022-06-08 00:59:00,2.016683578491211,G1M1_new,g1m1_high_load,1.48,57.0,100.0,1.46,1.5,56,58,14,500
2022-06-08 01:00:00,2.0147006511688232,G1M1_new,g1m1_high_load,1.48,57.0,100.0,1.46,1.5,56,58,14,500
2022-06-08 01:02:00,2.017289161682129,G1M1_new,g1m1_high_load,1.48,57.0,100.0,1.46,1.5,56,58,14,500
2022-06-08 01:04:00,2.0170719623565674,G1M1_new,g1m1_high_load,1.48,57.0,100.0,1.46,1.5,56,58,14,500
2022-06-08 01:05:00,2.0186238288879395,G1M1_new,g1m1_high_load,1.48,57.0,100.0,1.46,1.5,56,58,14,500
2022-06-08 01:06:00,2.01965594291687,G1M1_new,g1m1_high_load,1.48,57.0,100.0,1.46,1.5,56,58,14,500
2022-06-08 01:07:00,2.021523952484131,G1M1_new,g1m1_high_load,1.48,57.0,100.0,1.46,1.5,56,58,14,500
2022-06-08 01:10:00,2.019944429397583,G1M1_new,g1m1_high_load,1.48,57.0,100.0,1.46,1.5,56,58,14,500
2022-06-08 01:13:00,2.0189666748046875,G1M1_new,g1m1_high_load,1.48,57.0,100.0,1.46,1.5,56,58,14,500
2022-06-08 01:17:00,2.018878698348999,G1M1_new,g1m1_high_load,1.48,57.0,100.0,1.46,1.5,56,58,14,500
2022-06-08 01:18:00,2.020845890045166,G1M1_new,g1m1_high_load,1.48,57.0,100.0,1.46,1.5,56,58,14,500
2022-06-08 01:27:00,2.0215818881988525,G1M1_new,g1m1_high_load,1.48,57.0,100.0,1.46,1.5,56,58,14,500
2022-06-08 01:28:00,2.0204954147338867,G1M1_new,g1m1_high_load,1.48,57.0,100.0,1.46,1.5,56,58,14,500
2022-06-08 01:30:00,2.0186479091644287,G1M1_new,g1m1_high_load,1.48,57.0,100.0,1.46,1.5,56,58,14,500
2022-06-08 01:33:00,2.0198216438293457,G1M1_new,g1m1_high_load,1.48,57.0,100.0,1.46,1.5,56,58,14,500
2022-06-08 01:36:00,2.018148183822632,G1M1_new,g1m1_high_load,1.48,57.0,100.0,1.46,1.5,56,58,14,500
2022-06-08 01:37:00,2.0188443660736084,G1M1_new,g1m1_high_load,1.48,57.0,100.0,1.46,1.5,56,58,14,500
2022-06-08 01:38:00,2.021104097366333,G1M1_new,g1m1_high_load,1.48,57.0,100.0,1.46,1.5,56,58,14,500
2022-06-08 01:39:00,2.0170109272003174,G1M1_new,g1m1_high_load,1.48,57.0,100.0,1.46,1.5,56,58,14,500
2022-06-08 01:40:00,2.0192809104919434,G1M1_new,g1m1_high_load,1.48,57.0,100.0,1.46,1.5,56,58,14,500
2022-06-08 01:41:00,2.0199403762817383,G1M1_new,g1m1_high_load,1.48,57.0,100.0,1.46,1.5,56,58,14,500
2022-06-08 01:42:00,2.021766424179077,G1M1_new,g1m1_high_load,1.48,57.0,100.0,1.46,1.5,56,58,14,500
2022-06-08 01:44:00,2.0196359157562256,G1M1_new,g1m1_high_load,1.48,57.0,100.0,1.46,1.5,56,58,14,500
2022-06-08 01:45:00,2.018334150314331,G1M1_new,g1m1_high_load,1.48,57.0,100.0,1.46,1.5,56,58,14,500
2022-06-08 01:46:00,2.0169568061828613,G1M1_new,g1m1_high_load,1.48,57.0,100.0,1.46,1.5,56,58,14,500
2022-06-08 01:50:00,2.0162503719329834,G1M1_new,g1m1_high_load,1.48,57.0,100.0,1.46,1.5,56,58,14,500
2022-06-08 01:52:00,2.0190536975860596,G1M1_new,g1m1_high_load,1.48,57.0,100.0,1.46,1.5,56,58,14,500
2022-06-08 01:53:00,2.017925977706909,G1M1_new,g1m1_high_load,1.48,57.0,100.0,1.46,1.5,56,58,14,500
2022-06-08 01:54:00,2.021469831466675,G1M1_new,g1m1_high_load,1.48,57.0,100.0,1.46,1.5,56,58,14,500
2022-06-08 01:55:00,2.0209343433380127,G1M1_new,g1m1_high_load,1.48,57.0,100.0,1.46,1.5,56,58,14,500
2022-06-08 01:56:00,2.020792245864868,G1M1_new,g1m1_high_load,1.48,57.0,100.0,1.46,1.5,56,58,14,500
2022-06-08 01:57:00,2.019603729248047,G1M1_new,g1m1_high_load,1.48,57.0,100.0,1.46,1.5,56,58,14,500
2022-06-08 02:00:00,2.018944025039673,G1M1_new,g1m1_high_load,1.48,57.0,100.0,1.46,1.5,56,58,14,500
2022-06-08 02:01:00,2.018170118331909,G1M1_new,g1m1_high_load,1.48,57.0,100.0,1.46,1.5,56,58,14,500
2022-06-08 02:02:00,2.0175743103027344,G1M1_new,g1m1_high_load,1.48,57.0,100.0,1.46,1.5,56,58,14,500
2022-06-08 02:04:00,2.018728494644165,G1M1_new,g1m1_high_load,1.48,57.0,100.0,1.46,1.5,56,58,14,500
2022-06-08 02:05:00,2.0185720920562744,G1M1_new,g1m1_high_load,1.48,57.0,100.0,1.46,1.5,56,58,14,500
2022-06-08 02:06:00,2.02008056640625,G1M1_new,g1m1_high_load,1.48,57.0,100.0,1.46,1.5,56,58,14,500
2022-06-08 02:08:00,2.019958972930908,G1M1_new,g1m1_high_load,1.48,57.0,100.0,1.46,1.5,56,58,14,500
2022-06-08 02:11:00,2.014528274536133,G1M1_new,g1m1_high_load,1.48,57.0,100.0,1.46,1.5,56,58,14,500
2022-06-08 02:13:00,2.017035722732544,G1M1_new,g1m1_high_load,1.48,57.0,100.0,1.46,1.5,56,58,14,500
2022-06-08 02:14:00,2.016861915588379,G1M1_new,g1m1_high_load,1.48,57.0,100.0,1.46,1.5,56,58,14,500
2022-06-08 02:15:00,2.0167009830474854,G1M1_new,g1m1_high_load,1.48,57.0,100.0,1.46,1.5,56,58,14,500
2022-06-08 02:16:00,2.0159592628479004,G1M1_new,g1m1_high_load,1.48,57.0,100.0,1.46,1.5,56,58,14,500
2022-06-08 02:17:00,2.019838809967041,G1M1_new,g1m1_high_load,1.48,57.0,100.0,1.46,1.5,56,58,14,500
2022-06-08 02:18:00,2.0203731060028076,G1M1_new,g1m1_high_load,1.48,57.0,100.0,1.46,1.5,56,58,14,500
2022-06-08 02:20:00,2.0220718383789062,G1M1_new,g1m1_high_load,1.48,57.0,100.0,1.46,1.5,56,58,14,500
2022-06-08 02:21:00,2.020906925201416,G1M1_new,g1m1_high_load,1.48,57.0,100.0,1.46,1.5,56,58,14,500
2022-06-08 02:22:00,2.019489049911499,G1M1_new,g1m1_high_load,1.48,57.0,100.0,1.46,1.5,56,58,14,500
2022-06-08 02:23:00,2.0191104412078857,G1M1_new,g1m1_high_load,1.48,57.0,100.0,1.46,1.5,56,58,14,500
2022-06-08 02:24:00,2.0208494663238525,G1M1_new,g1m1_high_load,1.48,57.0,100.0,1.46,1.5,56,58,14,500
2022-06-08 02:26:00,2.0177619457244873,G1M1_new,g1m1_high_load,1.48,57.0,100.0,1.46,1.5,56,58,14,500
2022-06-08 02:28:00,2.019597053527832,G1M1_new,g1m1_high_load,1.48,57.0,100.0,1.46,1.5,56,58,14,500
2022-06-08 02:29:00,2.0214552879333496,G1M1_new,g1m1_high_load,1.48,57.0,100.0,1.46,1.5,56,58,14,500
2022-06-08 02:30:00,2.0207226276397705,G1M1_new,g1m1_high_load,1.48,57.0,100.0,1.46,1.5,56,58,14,500
2022-06-08 02:31:00,2.0186662673950195,G1M1_new,g1m1_high_load,1.48,57.0,100.0,1.46,1.5,56,58,14,500
2022-06-08 02:34:00,2.014845132827759,G1M1_new,g1m1_high_load,1.48,57.0,100.0,1.46,1.5,56,58,14,500
2022-06-08 02:36:00,2.0162765979766846,G1M1_new,g1m1_high_load,1.48,57.0,100.0,1.46,1.5,56,58,14,500
2022-06-08 02:42:00,2.0207786560058594,G1M1_new,g1m1_high_load,1.48,57.0,100.0,1.46,1.5,56,58,14,500
2022-06-08 02:44:00,2.018827438354492,G1M1_new,g1m1_high_load,1.48,57.0,100.0,1.46,1.5,56,58,14,500
2022-06-08 02:45:00,2.0201218128204346,G1M1_new,g1m1_high_load,1.48,57.0,100.0,1.46,1.5,56,58,14,500
2022-06-08 02:47:00,2.019277334213257,G1M1_new,g1m1_high_load,1.48,57.0,100.0,1.46,1.5,56,58,14,500
2022-06-08 02:50:00,2.018942356109619,G1M1_new,g1m1_high_load,1.48,57.0,100.0,1.46,1.5,56,58,14,500
2022-06-08 02:51:00,2.0201175212860107,G1M1_new,g1m1_high_load,1.48,57.0,100.0,1.46,1.5,56,58,14,500
2022-06-08 02:52:00,2.0191917419433594,G1M1_new,g1m1_high_load,1.48,57.0,100.0,1.46,1.5,56,58,14,500
2022-06-08 02:53:00,2.020798444747925,G1M1_new,g1m1_high_load,1.48,57.0,100.0,1.46,1.5,56,58,14,500
2022-06-08 02:54:00,2.0221059322357178,G1M1_new,g1m1_high_load,1.48,57.0,100.0,1.46,1.5,56,58,14,500
2022-06-08 02:55:00,2.019174575805664,G1M1_new,g1m1_high_load,1.48,57.0,100.0,1.46,1.5,56,58,14,500
2022-06-08 02:56:00,2.0182981491088867,G1M1_new,g1m1_high_load,1.48,57.0,100.0,1.46,1.5,56,58,14,500
2022-06-08 02:58:00,2.0170023441314697,G1M1_new,g1m1_high_load,1.48,57.0,100.0,1.46,1.5,56,58,14,500
2022-06-08 02:59:00,2.0146965980529785,G1M1_new,g1m1_high_load,1.48,57.0,100.0,1.46,1.5,56,58,14,500
2023-01-29 20:06:00,2.18986177444458,G1M1_new,g1m1_high_load,1.48,57.0,100.0,1.46,1.5,56,58,14,500
2023-01-29 20:07:00,2.1912450790405273,G1M1_new,g1m1_high_load,1.48,57.0,100.0,1.46,1.5,56,58,14,500
2023-01-29 20:09:00,2.190436601638794,G1M1_new,g1m1_high_load,1.48,57.0,100.0,1.46,1.5,56,58,14,500
2023-01-29 20:11:00,2.189418315887451,G1M1_new,g1m1_high_load,1.48,57.0,100.0,1.46,1.5,56,58,14,500
2023-01-29 20:12:00,2.19323992729187,G1M1_new,g1m1_high_load,1.48,57.0,100.0,1.46,1.5,56,58,14,500
2023-01-29 20:13:00,2.1860249042510986,G1M1_new,g1m1_high_load,1.48,57.0,100.0,1.46,1.5,56,58,14,500
2023-01-29 20:14:00,2.1843883991241455,G1M1_new,g1m1_high_load,1.48,57.0,100.0,1.46,1.5,56,58,14,500
2023-01-29 20:15:00,2.1832783222198486,G1M1_new,g1m1_high_load,1.48,57.0,100.0,1.46,1.5,56,58,14,500
2023-01-29 20:16:00,2.1812217235565186,G1M1_new,g1m1_high_load,1.48,57.0,100.0,1.46,1.5,56,58,14,500
2023-01-29 20:18:00,2.175563335418701,G1M1_new,g1m1_high_load,1.48,57.0,100.0,1.46,1.5,56,58,14,500
2023-01-29 20:20:00,2.1715400218963623,G1M1_new,g1m1_high_load,1.48,57.0,100.0,1.46,1.5,56,58,14,500
2023-01-29 20:22:00,2.17098331451416,G1M1_new,g1m1_high_load,1.48,57.0,100.0,1.46,1.5,56,58,14,500
2023-01-29 20:23:00,2.1720283031463623,G1M1_new,g1m1_high_load,1.48,57.0,100.0,1.46,1.5,56,58,14,500
2023-01-29 20:24:00,2.172996759414673,G1M1_new,g1m1_high_load,1.48,57.0,100.0,1.46,1.5,56,58,14,500
2023-01-29 20:27:00,2.173776626586914,G1M1_new,g1m1_high_load,1.48,57.0,100.0,1.46,1.5,56,58,14,500
2023-01-29 20:30:00,2.171438217163086,G1M1_new,g1m1_high_load,1.48,57.0,100.0,1.46,1.5,56,58,14,500
2023-01-29 20:35:00,2.1663334369659424,G1M1_new,g1m1_high_load,1.48,57.0,100.0,1.46,1.5,56,58,14,500
2023-01-29 20:37:00,2.163784980773926,G1M1_new,g1m1_high_load,1.48,57.0,100.0,1.46,1.5,56,58,14,500
2023-01-29 20:40:00,2.160059928894043,G1M1_new,g1m1_high_load,1.48,57.0,100.0,1.46,1.5,56,58,14,500
2023-01-29 20:42:00,2.161806583404541,G1M1_new,g1m1_high_load,1.48,57.0,100.0,1.46,1.5,56,58,14,500
2023-01-29 20:44:00,2.1625866889953613,G1M1_new,g1m1_high_load,1.48,57.0,100.0,1.46,1.5,56,58,14,500
2023-01-29 20:45:00,2.1621832847595215,G1M1_new,g1m1_high_load,1.48,57.0,100.0,1.46,1.5,56,58,14,500
2023-01-29 20:48:00,2.164273262023926,G1M1_new,g1m1_high_load,1.48,57.0,100.0,1.46,1.5,56,58,14,500
2023-01-29 20:49:00,2.1636383533477783,G1M1_new,g1m1_high_load,1.48,57.0,100.0,1.46,1.5,56,58,14,500
2023-01-29 20:51:00,2.1583316326141357,G1M1_new,g1m1_high_load,1.48,57.0,100.0,1.46,1.5,56,58,14,500
2023-01-29 20:57:00,2.1558632850646973,G1M1_new,g1m1_high_load,1.48,57.0,100.0,1.46,1.5,56,58,14,500
2023-01-29 20:58:00,2.1547017097473145,G1M1_new,g1m1_high_load,1.48,57.0,100.0,1.46,1.5,56,58,14,500
2023-01-29 20:59:00,2.1564149856567383,G1M1_new,g1m1_high_load,1.48,57.0,100.0,1.46,1.5,56,58,14,500
2023-01-29 21:03:00,2.1573400497436523,G1M1_new,g1m1_high_load,1.48,57.0,100.0,1.46,1.5,56,58,14,500
2023-01-29 21:04:00,2.1552650928497314,G1M1_new,g1m1_high_load,1.48,57.0,100.0,1.46,1.5,56,58,14,500
2023-01-29 21:06:00,2.1507184505462646,G1M1_new,g1m1_high_load,1.48,57.0,100.0,1.46,1.5,56,58,14,500
2023-01-29 21:08:00,2.148698329925537,G1M1_new,g1m1_high_load,1.48,57.0,100.0,1.46,1.5,56,58,14,500
2023-01-29 21:09:00,2.1476550102233887,G1M1_new,g1m1_high_load,1.48,57.0,100.0,1.46,1.5,56,58,14,500
2023-01-29 21:10:00,2.144813299179077,G1M1_new,g1m1_high_load,1.48,57.0,100.0,1.46,1.5,56,58,14,500
2023-01-29 21:14:00,2.1487300395965576,G1M1_new,g1m1_high_load,1.48,57.0,100.0,1.46,1.5,56,58,14,500
2023-01-29 21:16:00,2.1523916721343994,G1M1_new,g1m1_high_load,1.48,57.0,100.0,1.46,1.5,56,58,14,500
2023-01-29 21:17:00,2.1518032550811768,G1M1_new,g1m1_high_load,1.48,57.0,100.0,1.46,1.5,56,58,14,500
2023-01-29 21:21:00,2.1462883949279785,G1M1_new,g1m1_high_load,1.48,57.0,100.0,1.46,1.5,56,58,14,500
2023-01-29 21:24:00,2.1403965950012207,G1M1_new,g1m1_high_load,1.48,57.0,100.0,1.46,1.5,56,58,14,500
2023-01-29 21:25:00,2.1410999298095703,G1M1_new,g1m1_high_load,1.48,57.0,100.0,1.46,1.5,56,58,14,500
2023-01-29 21:26:00,2.140089988708496,G1M1_new,g1m1_high_load,1.48,57.0,100.0,1.46,1.5,56,58,14,500
2023-01-29 21:27:00,2.140939950942993,G1M1_new,g1m1_high_load,1.48,57.0,100.0,1.46,1.5,56,58,14,500
2023-01-29 21:29:00,2.144338369369507,G1M1_new,g1m1_high_load,1.48,57.0,100.0,1.46,1.5,56,58,14,500
2023-01-29 21:32:00,2.145228385925293,G1M1_new,g1m1_high_load,1.48,57.0,100.0,1.46,1.5,56,58,14,500
2023-01-29 21:33:00,2.144659996032715,G1M1_new,g1m1_high_load,1.48,57.0,100.0,1.46,1.5,56,58,14,500
2023-01-29 21:34:00,2.1446216106414795,G1M1_new,g1m1_high_load,1.48,57.0,100.0,1.46,1.5,56,58,14,500
2023-01-29 21:35:00,2.1440134048461914,G1M1_new,g1m1_high_load,1.48,57.0,100.0,1.46,1.5,56,58,14,500
2023-01-29 21:38:00,2.1367533206939697,G1M1_new,g1m1_high_load,1.48,57.0,100.0,1.46,1.5,56,58,14,500
2023-01-29 21:40:00,2.1334633827209473,G1M1_new,g1m1_high_load,1.48,57.0,100.0,1.46,1.5,56,58,14,500
2023-01-29 21:41:00,2.135430097579956,G1M1_new,g1m1_high_load,1.48,57.0,100.0,1.46,1.5,56,58,14,500
2023-01-29 21:42:00,2.134751558303833,G1M1_new,g1m1_high_load,1.48,57.0,100.0,1.46,1.5,56,58,14,500
2023-01-29 21:43:00,2.133883237838745,G1M1_new,g1m1_high_load,1.48,57.0,100.0,1.46,1.5,56,58,14,500
2023-01-29 21:46:00,2.1380233764648438,G1M1_new,g1m1_high_load,1.48,57.0,100.0,1.46,1.5,56,58,14,500
2023-01-29 21:47:00,2.136218309402466,G1M1_new,g1m1_high_load,1.48,57.0,100.0,1.46,1.5,56,58,14,500
2023-01-29 21:49:00,2.1368966102600098,G1M1_new,g1m1_high_load,1.48,57.0,100.0,1.46,1.5,56,58,14,500
2023-01-29 21:50:00,2.1373634338378906,G1M1_new,g1m1_high_load,1.48,57.0,100.0,1.46,1.5,56,58,14,500
2023-01-29 21:51:00,2.136143445968628,G1M1_new,g1m1_high_load,1.48,57.0,100.0,1.46,1.5,56,58,14,500
2023-01-29 21:53:00,2.136780023574829,G1M1_new,g1m1_high_load,1.48,57.0,100.0,1.46,1.5,56,58,14,500
2023-01-29 21:55:00,2.1353533267974854,G1M1_new,g1m1_high_load,1.48,57.0,100.0,1.46,1.5,56,58,14,500
2023-01-29 21:56:00,2.131868362426758,G1M1_new,g1m1_high_load,1.48,57.0,100.0,1.46,1.5,56,58,14,500
2023-01-29 21:57:00,2.1303815841674805,G1M1_new,g1m1_high_load,1.48,57.0,100.0,1.46,1.5,56,58,14,500
2023-01-29 22:00:00,2.1311299800872803,G1M1_new,g1m1_high_load,1.48,57.0,100.0,1.46,1.5,56,58,14,500
2023-01-29 22:01:00,2.1307883262634277,G1M1_new,g1m1_high_load,1.48,57.0,100.0,1.46,1.5,56,58,14,500
2023-01-29 22:02:00,2.131931781768799,G1M1_new,g1m1_high_load,1.48,57.0,100.0,1.46,1.5,56,58,14,500
2023-01-29 22:03:00,2.1314616203308105,G1M1_new,g1m1_high_load,1.48,57.0,100.0,1.46,1.5,56,58,14,500
2023-01-29 22:06:00,2.13472843170166,G1M1_new,g1m1_high_load,1.48,57.0,100.0,1.46,1.5,56,58,14,500
2023-01-29 22:15:00,2.1252167224884033,G1M1_new,g1m1_high_load,1.48,57.0,100.0,1.46,1.5,56,58,14,500
2023-01-29 22:18:00,2.124401569366455,G1M1_new,g1m1_high_load,1.48,57.0,100.0,1.46,1.5,56,58,14,500
2023-01-29 22:19:00,2.1257998943328857,G1M1_new,g1m1_high_load,1.48,57.0,100.0,1.46,1.5,56,58,14,500
2023-01-29 22:20:00,2.1276650428771973,G1M1_new,g1m1_high_load,1.48,57.0,100.0,1.46,1.5,56,58,14,500
2023-01-29 22:21:00,2.125953435897827,G1M1_new,g1m1_high_load,1.48,57.0,100.0,1.46,1.5,56,58,14,500
2023-01-29 22:23:00,2.1300666332244873,G1M1_new,g1m1_high_load,1.48,57.0,100.0,1.46,1.5,56,58,14,500
2023-01-29 22:25:00,2.127039909362793,G1M1_new,g1m1_high_load,1.48,57.0,100.0,1.46,1.5,56,58,14,500
2023-01-29 22:26:00,2.126349925994873,G1M1_new,g1m1_high_load,1.48,57.0,100.0,1.46,1.5,56,58,14,500
2023-01-29 22:29:00,2.1232733726501465,G1M1_new,g1m1_high_load,1.48,57.0,100.0,1.46,1.5,56,58,14,500
2023-01-29 22:30:00,2.1228482723236084,G1M1_new,g1m1_high_load,1.48,57.0,100.0,1.46,1.5,56,58,14,500
2023-01-29 22:34:00,2.121540069580078,G1M1_new,g1m1_high_load,1.48,57.0,100.0,1.46,1.5,56,58,14,500
2023-01-29 22:35:00,2.1212449073791504,G1M1_new,g1m1_high_load,1.48,57.0,100.0,1.46,1.5,56,58,14,500
2023-01-29 22:36:00,2.1212916374206543,G1M1_new,g1m1_high_load,1.48,57.0,100.0,1.46,1.5,56,58,14,500
2023-01-29 22:37:00,2.120846748352051,G1M1_new,g1m1_high_load,1.48,57.0,100.0,1.46,1.5,56,58,14,500
2023-01-29 22:38:00,2.1198766231536865,G1M1_new,g1m1_high_load,1.48,57.0,100.0,1.46,1.5,56,58,14,500
2023-01-29 22:39:00,2.120391607284546,G1M1_new,g1m1_high_load,1.48,57.0,100.0,1.46,1.5,56,58,14,500
2023-01-29 22:41:00,2.120746612548828,G1M1_new,g1m1_high_load,1.48,57.0,100.0,1.46,1.5,56,58,14,500
2023-01-29 22:42:00,2.1215033531188965,G1M1_new,g1m1_high_load,1.48,57.0,100.0,1.46,1.5,56,58,14,500
2023-01-29 22:44:00,2.1214048862457275,G1M1_new,g1m1_high_load,1.48,57.0,100.0,1.46,1.5,56,58,14,500
2023-01-29 22:45:00,2.1203017234802246,G1M1_new,g1m1_high_load,1.48,57.0,100.0,1.46,1.5,56,58,14,500
2023-07-15 19:02:00,2.1875100135803223,G1M1_new,g1m1_high_load,1.48,57.0,100.0,1.46,1.5,56,58,14,500
2023-07-15 19:04:00,2.188596725463867,G1M1_new,g1m1_high_load,1.48,57.0,100.0,1.46,1.5,56,58,14,500
2023-07-15 19:05:00,2.185983419418335,G1M1_new,g1m1_high_load,1.48,57.0,100.0,1.46,1.5,56,58,14,500
2023-07-15 19:06:00,2.1862082481384277,G1M1_new,g1m1_high_load,1.48,57.0,100.0,1.46,1.5,56,58,14,500
2023-07-15 19:09:00,2.1851816177368164,G1M1_new,g1m1_high_load,1.48,57.0,100.0,1.46,1.5,56,58,14,500
2023-07-15 19:10:00,2.1831984519958496,G1M1_new,g1m1_high_load,1.48,57.0,100.0,1.46,1.5,56,58,14,500
2023-07-15 19:11:00,2.182159900665283,G1M1_new,g1m1_high_load,1.48,57.0,100.0,1.46,1.5,56,58,14,500
2023-07-15 19:13:00,2.182581663131714,G1M1_new,g1m1_high_load,1.48,57.0,100.0,1.46,1.5,56,58,14,500
2023-07-15 19:16:00,2.180541753768921,G1M1_new,g1m1_high_load,1.48,57.0,100.0,1.46,1.5,56,58,14,500
2023-07-15 19:17:00,2.1818783283233643,G1M1_new,g1m1_high_load,1.48,57.0,100.0,1.46,1.5,56,58,14,500
2023-07-15 19:19:00,2.1800549030303955,G1M1_new,g1m1_high_load,1.48,57.0,100.0,1.46,1.5,56,58,14,500
2023-07-15 19:20:00,2.176219940185547,G1M1_new,g1m1_high_load,1.48,57.0,100.0,1.46,1.5,56,58,14,500
2023-07-15 19:22:00,2.1703948974609375,G1M1_new,g1m1_high_load,1.48,57.0,100.0,1.46,1.5,56,58,14,500
2023-07-15 19:23:00,2.1708900928497314,G1M1_new,g1m1_high_load,1.48,57.0,100.0,1.46,1.5,56,58,14,500
2023-07-15 19:24:00,2.1697733402252197,G1M1_new,g1m1_high_load,1.48,57.0,100.0,1.46,1.5,56,58,14,500
2023-07-15 19:31:00,2.1740384101867676,G1M1_new,g1m1_high_load,1.48,57.0,100.0,1.46,1.5,56,58,14,500
2023-07-15 19:33:00,2.1726434230804443,G1M1_new,g1m1_high_load,1.48,57.0,100.0,1.46,1.5,56,58,14,500
2023-07-15 19:34:00,2.170743227005005,G1M1_new,g1m1_high_load,1.48,57.0,100.0,1.46,1.5,56,58,14,500
2023-07-15 19:35:00,2.167341709136963,G1M1_new,g1m1_high_load,1.48,57.0,100.0,1.46,1.5,56,58,14,500
2023-07-15 19:36:00,2.163881778717041,G1M1_new,g1m1_high_load,1.48,57.0,100.0,1.46,1.5,56,58,14,500
2023-07-15 19:38:00,2.1596717834472656,G1M1_new,g1m1_high_load,1.48,57.0,100.0,1.46,1.5,56,58,14,500
2023-07-15 19:40:00,2.1632816791534424,G1M1_new,g1m1_high_load,1.48,57.0,100.0,1.46,1.5,56,58,14,500
2023-07-15 19:41:00,2.162169933319092,G1M1_new,g1m1_high_load,1.48,57.0,100.0,1.46,1.5,56,58,14,500
2023-07-15 19:43:00,2.1636433601379395,G1M1_new,g1m1_high_load,1.48,57.0,100.0,1.46,1.5,56,58,14,500
2023-07-15 19:46:00,2.1639482975006104,G1M1_new,g1m1_high_load,1.48,57.0,100.0,1.46,1.5,56,58,14,500
2023-07-15 19:48:00,2.166961669921875,G1M1_new,g1m1_high_load,1.48,57.0,100.0,1.46,1.5,56,58,14,500
2023-07-15 19:49:00,2.1647017002105713,G1M1_new,g1m1_high_load,1.48,57.0,100.0,1.46,1.5,56,58,14,500
2023-07-15 19:50:00,2.1642301082611084,G1M1_new,g1m1_high_load,1.48,57.0,100.0,1.46,1.5,56,58,14,500
2023-07-15 19:54:00,2.1604549884796143,G1M1_new,g1m1_high_load,1.48,57.0,100.0,1.46,1.5,56,58,14,500
2023-07-15 19:55:00,2.159409999847412,G1M1_new,g1m1_high_load,1.48,57.0,100.0,1.46,1.5,56,58,14,500
2023-07-15 19:56:00,2.1559717655181885,G1M1_new,g1m1_high_load,1.48,57.0,100.0,1.46,1.5,56,58,14,500
2023-07-15 19:59:00,2.15584659576416,G1M1_new,g1m1_high_load,1.48,57.0,100.0,1.46,1.5,56,58,14,500
2023-07-15 20:00:00,2.1567883491516113,G1M1_new,g1m1_high_load,1.48,57.0,100.0,1.46,1.5,56,58,14,500
2023-07-15 20:02:00,2.160313367843628,G1M1_new,g1m1_high_load,1.48,57.0,100.0,1.46,1.5,56,58,14,500
2023-07-15 20:03:00,2.160503387451172,G1M1_new,g1m1_high_load,1.48,57.0,100.0,1.46,1.5,56,58,14,500
2023-07-15 20:05:00,2.1586949825286865,G1M1_new,g1m1_high_load,1.48,57.0,100.0,1.46,1.5,56,58,14,500
2023-07-15 20:06:00,2.155686616897583,G1M1_new,g1m1_high_load,1.48,57.0,100.0,1.46,1.5,56,58,14,500
2023-07-15 20:07:00,2.1564199924468994,G1M1_new,g1m1_high_load,1.48,57.0,100.0,1.46,1.5,56,58,14,500
2023-07-15 20:09:00,2.1522750854492188,G1M1_new,g1m1_high_load,1.48,57.0,100.0,1.46,1.5,56,58,14,500
2023-07-15 20:13:00,2.151099920272827,G1M1_new,g1m1_high_load,1.48,57.0,100.0,1.46,1.5,56,58,14,500
2023-07-15 20:14:00,2.151906728744507,G1M1_new,g1m1_high_load,1.48,57.0,100.0,1.46,1.5,56,58,14,500
2023-07-15 20:18:00,2.1512084007263184,G1M1_new,g1m1_high_load,1.48,57.0,100.0,1.46,1.5,56,58,14,500
2023-07-15 20:19:00,2.151395082473755,G1M1_new,g1m1_high_load,1.48,57.0,100.0,1.46,1.5,56,58,14,500
2023-07-15 20:21:00,2.1511549949645996,G1M1_new,g1m1_high_load,1.48,57.0,100.0,1.46,1.5,56,58,14,500
2023-07-15 20:22:00,2.1504666805267334,G1M1_new,g1m1_high_load,1.48,57.0,100.0,1.46,1.5,56,58,14,500
2023-07-15 20:24:00,2.14863657951355,G1M1_new,g1m1_high_load,1.48,57.0,100.0,1.46,1.5,56,58,14,500
2023-07-15 20:25:00,2.1481683254241943,G1M1_new,g1m1_high_load,1.48,57.0,100.0,1.46,1.5,56,58,14,500
2023-07-15 20:26:00,2.1487650871276855,G1M1_new,g1m1_high_load,1.48,57.0,100.0,1.46,1.5,56,58,14,500
2023-07-15 20:27:00,2.1469900608062744,G1M1_new,g1m1_high_load,1.48,57.0,100.0,1.46,1.5,56,58,14,500
2023-07-15 20:29:00,2.145406723022461,G1M1_new,g1m1_high_load,1.48,57.0,100.0,1.46,1.5,56,58,14,500
2023-07-15 20:30:00,2.144968271255493,G1M1_new,g1m1_high_load,1.48,57.0,100.0,1.46,1.5,56,58,14,500
2023-07-15 20:31:00,2.1453983783721924,G1M1_new,g1m1_high_load,1.48,57.0,100.0,1.46,1.5,56,58,14,500
2023-07-15 20:34:00,2.1451032161712646,G1M1_new,g1m1_high_load,1.48,57.0,100.0,1.46,1.5,56,58,14,500
2023-07-15 20:35:00,2.146388292312622,G1M1_new,g1m1_high_load,1.48,57.0,100.0,1.46,1.5,56,58,14,500
2023-07-15 20:36:00,2.147475004196167,G1M1_new,g1m1_high_load,1.48,57.0,100.0,1.46,1.5,56,58,14,500
2023-07-15 20:37:00,2.144573450088501,G1M1_new,g1m1_high_load,1.48,57.0,100.0,1.46,1.5,56,58,14,500
2023-07-15 20:38:00,2.145963430404663,G1M1_new,g1m1_high_load,1.48,57.0,100.0,1.46,1.5,56,58,14,500
2023-07-15 20:39:00,2.1458466053009033,G1M1_new,g1m1_high_load,1.48,57.0,100.0,1.46,1.5,56,58,14,500
2023-07-15 20:41:00,2.1429550647735596,G1M1_new,g1m1_high_load,1.48,57.0,100.0,1.46,1.5,56,58,14,500
2023-07-15 20:42:00,2.143946647644043,G1M1_new,g1m1_high_load,1.48,57.0,100.0,1.46,1.5,56,58,14,500
2023-07-15 20:44:00,2.142258405685425,G1M1_new,g1m1_high_load,1.48,57.0,100.0,1.46,1.5,56,58,14,500
2023-07-15 20:45:00,2.1428067684173584,G1M1_new,g1m1_high_load,1.48,57.0,100.0,1.46,1.5,56,58,14,500
2023-07-15 20:47:00,2.1429834365844727,G1M1_new,g1m1_high_load,1.48,57.0,100.0,1.46,1.5,56,58,14,500
2023-07-15 20:48:00,2.1430699825286865,G1M1_new,g1m1_high_load,1.48,57.0,100.0,1.46,1.5,56,58,14,500
2023-07-15 20:49:00,2.143280029296875,G1M1_new,g1m1_high_load,1.48,57.0,100.0,1.46,1.5,56,58,14,500
2023-07-15 20:50:00,2.1436784267425537,G1M1_new,g1m1_high_load,1.48,57.0,100.0,1.46,1.5,56,58,14,500
2023-07-15 20:52:00,2.1422483921051025,G1M1_new,g1m1_high_load,1.48,57.0,100.0,1.46,1.5,56,58,14,500
2023-07-15 20:53:00,2.140228271484375,G1M1_new,g1m1_high_load,1.48,57.0,100.0,1.46,1.5,56,58,14,500
2023-07-15 20:54:00,2.138669967651367,G1M1_new,g1m1_high_load,1.48,57.0,100.0,1.46,1.5,56,58,14,500
2023-07-15 20:55:00,2.1372950077056885,G1M1_new,g1m1_high_load,1.48,57.0,100.0,1.46,1.5,56,58,14,500
2023-07-15 21:01:00,2.139773368835449,G1M1_new,g1m1_high_load,1.48,57.0,100.0,1.46,1.5,56,58,14,500
2023-07-15 21:07:00,2.1376867294311523,G1M1_new,g1m1_high_load,1.48,57.0,100.0,1.46,1.5,56,58,14,500
2023-07-15 21:10:00,2.1317150592803955,G1M1_new,g1m1_high_load,1.48,57.0,100.0,1.46,1.5,56,58,14,500
2023-07-15 21:11:00,2.134394884109497,G1M1_new,g1m1_high_load,1.48,57.0,100.0,1.46,1.5,56,58,14,500
2023-07-15 21:12:00,2.1329233646392822,G1M1_new,g1m1_high_load,1.48,57.0,100.0,1.46,1.5,56,58,14,500
2023-07-15 21:13:00,2.132810115814209,G1M1_new,g1m1_high_load,1.48,57.0,100.0,1.46,1.5,56,58,14,500
2023-07-15 21:14:00,2.1336867809295654,G1M1_new,g1m1_high_load,1.48,57.0,100.0,1.46,1.5,56,58,14,500
2023-07-15 21:16:00,2.1352033615112305,G1M1_new,g1m1_high_load,1.48,57.0,100.0,1.46,1.5,56,58,14,500
2023-07-15 21:17:00,2.1368699073791504,G1M1_new,g1m1_high_load,1.48,57.0,100.0,1.46,1.5,56,58,14,500
2023-07-15 21:19:00,2.1370649337768555,G1M1_new,g1m1_high_load,1.48,57.0,100.0,1.46,1.5,56,58,14,500
2023-07-15 21:21:00,2.1364200115203857,G1M1_new,g1m1_high_load,1.48,57.0,100.0,1.46,1.5,56,58,14,500
2023-07-15 21:22:00,2.137566566467285,G1M1_new,g1m1_high_load,1.48,57.0,100.0,1.46,1.5,56,58,14,500
2023-07-15 21:23:00,2.1355032920837402,G1M1_new,g1m1_high_load,1.48,57.0,100.0,1.46,1.5,56,58,14,500
2023-07-15 21:27:00,2.128424882888794,G1M1_new,g1m1_high_load,1.48,57.0,100.0,1.46,1.5,56,58,14,500
2023-07-15 21:29:00,2.127851724624634,G1M1_new,g1m1_high_load,1.48,57.0,100.0,1.46,1.5,56,58,14,500
2023-07-15 21:30:00,2.1289966106414795,G1M1_new,g1m1_high_load,1.48,57.0,100.0,1.46,1.5,56,58,14,500
2023-07-15 21:31:00,2.1297683715820312,G1M1_new,g1m1_high_load,1.48,57.0,100.0,1.46,1.5,56,58,14,500
2023-07-15 21:33:00,2.1329400539398193,G1M1_new,g1m1_high_load,1.48,57.0,100.0,1.46,1.5,56,58,14,500
2023-07-15 21:35:00,2.1336567401885986,G1M1_new,g1m1_high_load,1.48,57.0,100.0,1.46,1.5,56,58,14,500
2023-07-15 21:37:00,2.1315250396728516,G1M1_new,g1m1_high_load,1.48,57.0,100.0,1.46,1.5,56,58,14,500
2023-07-15 21:39:00,2.1271684169769287,G1M1_new,g1m1_high_load,1.48,57.0,100.0,1.46,1.5,56,58,14,500
2023-07-15 21:40:00,2.128159999847412,G1M1_new,g1m1_high_load,1.48,57.0,100.0,1.46,1.5,56,58,14,500
2023-07-15 21:41:00,2.1261966228485107,G1M1_new,g1m1_high_load,1.48,57.0,100.0,1.46,1.5,56,58,14,500
2023-07-15 21:42:00,2.1222450733184814,G1M1_new,g1m1_high_load,1.48,57.0,100.0,1.46,1.5,56,58,14,500
2023-07-15 21:43:00,2.1250851154327393,G1M1_new,g1m1_high_load,1.48,57.0,100.0,1.46,1.5,56,58,14,500
2023-07-15 21:44:00,2.125356674194336,G1M1_new,g1m1_high_load,1.48,57.0,100.0,1.46,1.5,56,58,14,500
2023-07-15 21:48:00,2.127713441848755,G1M1_new,g1m1_high_load,1.48,57.0,100.0,1.46,1.5,56,58,14,500
2023-07-15 21:56:00,2.1243417263031006,G1M1_new,g1m1_high_load,1.48,57.0,100.0,1.46,1.5,56,58,14,500
2023-07-15 21:57:00,2.1231300830841064,G1M1_new,g1m1_high_load,1.48,57.0,100.0,1.46,1.5,56,58,14,500
2023-09-23 18:15:00,2.175126552581787,G1M1_new,g1m1_high_load,1.48,57.0,100.0,1.46,1.5,56,58,14,500
2023-09-23 18:16:00,2.1756815910339355,G1M1_new,g1m1_high_load,1.48,57.0,100.0,1.46,1.5,56,58,14,500
2023-09-23 18:17:00,2.177654981613159,G1M1_new,g1m1_high_load,1.48,57.0,100.0,1.46,1.5,56,58,14,500
2023-09-23 18:18:00,2.1791632175445557,G1M1_new,g1m1_high_load,1.48,57.0,100.0,1.46,1.5,56,58,14,500
2023-09-23 18:19:00,2.177713394165039,G1M1_new,g1m1_high_load,1.48,57.0,100.0,1.46,1.5,56,58,14,500
2023-09-23 18:22:00,2.1776533126831055,G1M1_new,g1m1_high_load,1.48,57.0,100.0,1.46,1.5,56,58,14,500
2023-09-23 18:27:00,2.1705849170684814,G1M1_new,g1m1_high_load,1.48,57.0,100.0,1.46,1.5,56,58,14,500
2023-09-23 18:30:00,2.167104959487915,G1M1_new,g1m1_high_load,1.48,57.0,100.0,1.46,1.5,56,58,14,500
2023-09-23 18:31:00,2.1660048961639404,G1M1_new,g1m1_high_load,1.48,57.0,100.0,1.46,1.5,56,58,14,500
2023-09-23 18:37:00,2.1648366451263428,G1M1_new,g1m1_high_load,1.48,57.0,100.0,1.46,1.5,56,58,14,500
2023-09-23 18:38:00,2.165691614151001,G1M1_new,g1m1_high_load,1.48,57.0,100.0,1.46,1.5,56,58,14,500
2023-09-23 18:41:00,2.1643550395965576,G1M1_new,g1m1_high_load,1.48,57.0,100.0,1.46,1.5,56,58,14,500
2023-09-23 18:42:00,2.165196657180786,G1M1_new,g1m1_high_load,1.48,57.0,100.0,1.46,1.5,56,58,14,500
2023-09-23 18:47:00,2.159733295440674,G1M1_new,g1m1_high_load,1.48,57.0,100.0,1.46,1.5,56,58,14,500
2023-09-23 18:50:00,2.156193256378174,G1M1_new,g1m1_high_load,1.48,57.0,100.0,1.46,1.5,56,58,14,500
2023-09-23 18:53:00,2.154836654663086,G1M1_new,g1m1_high_load,1.48,57.0,100.0,1.46,1.5,56,58,14,500
2023-09-23 18:56:00,2.1564149856567383,G1M1_new,g1m1_high_load,1.48,57.0,100.0,1.46,1.5,56,58,14,500
2023-09-23 18:57:00,2.1580734252929688,G1M1_new,g1m1_high_load,1.48,57.0,100.0,1.46,1.5,56,58,14,500
2023-09-23 18:58:00,2.1579883098602295,G1M1_new,g1m1_high_load,1.48,57.0,100.0,1.46,1.5,56,58,14,500
2023-09-23 18:59:00,2.159719944000244,G1M1_new,g1m1_high_load,1.48,57.0,100.0,1.46,1.5,56,58,14,500
2023-09-23 19:00:00,2.1587650775909424,G1M1_new,g1m1_high_load,1.48,57.0,100.0,1.46,1.5,56,58,14,500
2023-09-23 19:02:00,2.1580851078033447,G1M1_new,g1m1_high_load,1.48,57.0,100.0,1.46,1.5,56,58,14,500
2023-09-23 19:05:00,2.152519941329956,G1M1_new,g1m1_high_load,1.48,57.0,100.0,1.46,1.5,56,58,14,500
2023-09-23 19:07:00,2.1487200260162354,G1M1_new,g1m1_high_load,1.48,57.0,100.0,1.46,1.5,56,58,14,500
2023-09-23 19:10:00,2.147944927215576,G1M1_new,g1m1_high_load,1.48,57.0,100.0,1.46,1.5,56,58,14,500
2023-09-23 19:11:00,2.14808988571167,G1M1_new,g1m1_high_load,1.48,57.0,100.0,1.46,1.5,56,58,14,500
2023-09-23 19:12:00,2.1489815711975098,G1M1_new,g1m1_high_load,1.48,57.0,100.0,1.46,1.5,56,58,14,500
2023-09-23 19:14:00,2.1527466773986816,G1M1_new,g1m1_high_load,1.48,57.0,100.0,1.46,1.5,56,58,14,500
2023-09-23 19:15:00,2.1511266231536865,G1M1_new,g1m1_high_load,1.48,57.0,100.0,1.46,1.5,56,58,14,500
2023-09-23 19:17:00,2.153036594390869,G1M1_new,g1m1_high_load,1.48,57.0,100.0,1.46,1.5,56,58,14,500
2023-09-23 19:18:00,2.1534416675567627,G1M1_new,g1m1_high_load,1.48,57.0,100.0,1.46,1.5,56,58,14,500
2023-09-23 19:21:00,2.1488449573516846,G1M1_new,g1m1_high_load,1.48,57.0,100.0,1.46,1.5,56,58,14,500
2023-09-23 19:24:00,2.1432149410247803,G1M1_new,g1m1_high_load,1.48,57.0,100.0,1.46,1.5,56,58,14,500
2023-09-23 20:47:00,2.1492066383361816,G1M1_new,g1m1_high_load,1.48,57.0,100.0,1.46,1.5,56,58,14,500
2023-09-23 20:48:00,2.148895025253296,G1M1_new,g1m1_high_load,1.48,57.0,100.0,1.46,1.5,56,58,14,500
2023-09-23 20:50:00,2.149596691131592,G1M1_new,g1m1_high_load,1.48,57.0,100.0,1.46,1.5,56,58,14,500
2023-09-23 20:51:00,2.149641752243042,G1M1_new,g1m1_high_load,1.48,57.0,100.0,1.46,1.5,56,58,14,500
2023-09-23 20:52:00,2.1511383056640625,G1M1_new,g1m1_high_load,1.48,57.0,100.0,1.46,1.5,56,58,14,500
2023-09-23 20:53:00,2.1518516540527344,G1M1_new,g1m1_high_load,1.48,57.0,100.0,1.46,1.5,56,58,14,500
2023-09-23 20:54:00,2.1533467769622803,G1M1_new,g1m1_high_load,1.48,57.0,100.0,1.46,1.5,56,58,14,500
2023-09-23 20:55:00,2.151560068130493,G1M1_new,g1m1_high_load,1.48,57.0,100.0,1.46,1.5,56,58,14,500
2023-09-23 20:56:00,2.154755115509033,G1M1_new,g1m1_high_load,1.48,57.0,100.0,1.46,1.5,56,58,14,500
2023-09-23 21:01:00,2.1494483947753906,G1M1_new,g1m1_high_load,1.48,57.0,100.0,1.46,1.5,56,58,14,500
2023-09-23 21:03:00,2.1435482501983643,G1M1_new,g1m1_high_load,1.48,57.0,100.0,1.46,1.5,56,58,14,500
2024-03-31 19:17:00,2.2083899974823,G1M1_new,g1m1_high_load,1.48,57.0,100.0,1.46,1.5,56,58,14,500
2024-03-31 19:20:00,2.198458433151245,G1M1_new,g1m1_high_load,1.48,57.0,100.0,1.46,1.5,56,58,14,500
2024-03-31 19:21:00,2.1973700523376465,G1M1_new,g1m1_high_load,1.48,57.0,100.0,1.46,1.5,56,58,14,500
2024-03-31 19:23:00,2.1948699951171875,G1M1_new,g1m1_high_load,1.48,57.0,100.0,1.46,1.5,56,58,14,500
2024-03-31 19:24:00,2.1929166316986084,G1M1_new,g1m1_high_load,1.48,57.0,100.0,1.46,1.5,56,58,14,500
2024-03-31 19:26:00,2.190545082092285,G1M1_new,g1m1_high_load,1.48,57.0,100.0,1.46,1.5,56,58,14,500
2024-03-31 19:28:00,2.189316749572754,G1M1_new,g1m1_high_load,1.48,57.0,100.0,1.46,1.5,56,58,14,500
2024-03-31 19:31:00,2.189620018005371,G1M1_new,g1m1_high_load,1.48,57.0,100.0,1.46,1.5,56,58,14,500
2024-03-31 19:34:00,2.1865415573120117,G1M1_new,g1m1_high_load,1.48,57.0,100.0,1.46,1.5,56,58,14,500
2024-03-31 19:36:00,2.1821300983428955,G1M1_new,g1m1_high_load,1.48,57.0,100.0,1.46,1.5,56,58,14,500
2024-03-31 19:39:00,2.180908441543579,G1M1_new,g1m1_high_load,1.48,57.0,100.0,1.46,1.5,56,58,14,500
2024-03-31 19:40:00,2.1841349601745605,G1M1_new,g1m1_high_load,1.48,57.0,100.0,1.46,1.5,56,58,14,500
2024-03-31 19:41:00,2.18617844581604,G1M1_new,g1m1_high_load,1.48,57.0,100.0,1.46,1.5,56,58,14,500
2024-03-31 19:42:00,2.185206651687622,G1M1_new,g1m1_high_load,1.48,57.0,100.0,1.46,1.5,56,58,14,500
2024-03-31 19:43:00,2.1848182678222656,G1M1_new,g1m1_high_load,1.48,57.0,100.0,1.46,1.5,56,58,14,500
2024-03-31 19:44:00,2.181593418121338,G1M1_new,g1m1_high_load,1.48,57.0,100.0,1.46,1.5,56,58,14,500
2024-03-31 19:45:00,2.183351755142212,G1M1_new,g1m1_high_load,1.48,57.0,100.0,1.46,1.5,56,58,14,500
2024-03-31 19:46:00,2.1821699142456055,G1M1_new,g1m1_high_load,1.48,57.0,100.0,1.46,1.5,56,58,14,500
2024-03-31 19:47:00,2.1805782318115234,G1M1_new,g1m1_high_load,1.48,57.0,100.0,1.46,1.5,56,58,14,500
2024-03-31 19:49:00,2.1816999912261963,G1M1_new,g1m1_high_load,1.48,57.0,100.0,1.46,1.5,56,58,14,500
2024-03-31 19:50:00,2.1757149696350098,G1M1_new,g1m1_high_load,1.48,57.0,100.0,1.46,1.5,56,58,14,500
2024-03-31 19:53:00,2.172731637954712,G1M1_new,g1m1_high_load,1.48,57.0,100.0,1.46,1.5,56,58,14,500
2024-03-31 19:54:00,2.1726083755493164,G1M1_new,g1m1_high_load,1.48,57.0,100.0,1.46,1.5,56,58,14,500
2024-03-31 19:55:00,2.172173261642456,G1M1_new,g1m1_high_load,1.48,57.0,100.0,1.46,1.5,56,58,14,500
2024-03-31 19:57:00,2.177190065383911,G1M1_new,g1m1_high_load,1.48,57.0,100.0,1.46,1.5,56,58,14,500
2024-03-31 20:00:00,2.1792449951171875,G1M1_new,g1m1_high_load,1.48,57.0,100.0,1.46,1.5,56,58,14,500
2024-03-31 20:01:00,2.1788532733917236,G1M1_new,g1m1_high_load,1.48,57.0,100.0,1.46,1.5,56,58,14,500
2024-03-31 20:02:00,2.1783149242401123,G1M1_new,g1m1_high_load,1.48,57.0,100.0,1.46,1.5,56,58,14,500
2024-03-31 20:04:00,2.1733601093292236,G1M1_new,g1m1_high_load,1.48,57.0,100.0,1.46,1.5,56,58,14,500
2024-03-31 20:08:00,2.167020082473755,G1M1_new,g1m1_high_load,1.48,57.0,100.0,1.46,1.5,56,58,14,500
2024-03-31 20:09:00,2.1681582927703857,G1M1_new,g1m1_high_load,1.48,57.0,100.0,1.46,1.5,56,58,14,500
2024-03-31 20:10:00,2.17148494720459,G1M1_new,g1m1_high_load,1.48,57.0,100.0,1.46,1.5,56,58,14,500
2024-03-31 20:15:00,2.1744632720947266,G1M1_new,g1m1_high_load,1.48,57.0,100.0,1.46,1.5,56,58,14,500
2024-03-31 20:16:00,2.1734766960144043,G1M1_new,g1m1_high_load,1.48,57.0,100.0,1.46,1.5,56,58,14,500
2024-03-31 20:17:00,2.171856641769409,G1M1_new,g1m1_high_load,1.48,57.0,100.0,1.46,1.5,56,58,14,500
2024-03-31 20:19:00,2.171156644821167,G1M1_new,g1m1_high_load,1.48,57.0,100.0,1.46,1.5,56,58,14,500
2024-03-31 20:20:00,2.1683950424194336,G1M1_new,g1m1_high_load,1.48,57.0,100.0,1.46,1.5,56,58,14,500
2024-03-31 20:24:00,2.1630215644836426,G1M1_new,g1m1_high_load,1.48,57.0,100.0,1.46,1.5,56,58,14,500
2024-03-31 20:25:00,2.1638717651367188,G1M1_new,g1m1_high_load,1.48,57.0,100.0,1.46,1.5,56,58,14,500
2024-03-31 20:26:00,2.1643083095550537,G1M1_new,g1m1_high_load,1.48,57.0,100.0,1.46,1.5,56,58,14,500
2024-03-31 20:30:00,2.1699883937835693,G1M1_new,g1m1_high_load,1.48,57.0,100.0,1.46,1.5,56,58,14,500
2024-03-31 20:36:00,2.1661882400512695,G1M1_new,g1m1_high_load,1.48,57.0,100.0,1.46,1.5,56,58,14,500
2024-03-31 20:40:00,2.160979986190796,G1M1_new,g1m1_high_load,1.48,57.0,100.0,1.46,1.5,56,58,14,500
2024-03-31 20:43:00,2.1627249717712402,G1M1_new,g1m1_high_load,1.48,57.0,100.0,1.46,1.5,56,58,14,500
2024-03-31 20:45:00,2.1611549854278564,G1M1_new,g1m1_high_load,1.48,57.0,100.0,1.46,1.5,56,58,14,500
2024-03-31 20:48:00,2.1633334159851074,G1M1_new,g1m1_high_load,1.48,57.0,100.0,1.46,1.5,56,58,14,500
2024-03-31 20:50:00,2.1623616218566895,G1M1_new,g1m1_high_load,1.48,57.0,100.0,1.46,1.5,56,58,14,500
2024-03-31 20:51:00,2.162761688232422,G1M1_new,g1m1_high_load,1.48,57.0,100.0,1.46,1.5,56,58,14,500
2024-03-31 20:53:00,2.161461591720581,G1M1_new,g1m1_high_load,1.48,57.0,100.0,1.46,1.5,56,58,14,500
2024-03-31 20:54:00,2.1641499996185303,G1M1_new,g1m1_high_load,1.48,57.0,100.0,1.46,1.5,56,58,14,500
2024-03-31 20:55:00,2.1632983684539795,G1M1_new,g1m1_high_load,1.48,57.0,100.0,1.46,1.5,56,58,14,500
2024-03-31 20:57:00,2.161520004272461,G1M1_new,g1m1_high_load,1.48,57.0,100.0,1.46,1.5,56,58,14,500
2024-03-31 20:59:00,2.155134916305542,G1M1_new,g1m1_high_load,1.48,57.0,100.0,1.46,1.5,56,58,14,500
2024-06-22 18:17:00,2.2041032314300537,G1M1_new,g1m1_high_load,1.48,57.0,100.0,1.46,1.5,56,58,14,500
2024-06-22 18:19:00,2.201136589050293,G1M1_new,g1m1_high_load,1.48,57.0,100.0,1.46,1.5,56,58,14,500
2024-06-22 18:21:00,2.1988234519958496,G1M1_new,g1m1_high_load,1.48,57.0,100.0,1.46,1.5,56,58,14,500
2024-06-22 18:27:00,2.1936233043670654,G1M1_new,g1m1_high_load,1.48,57.0,100.0,1.46,1.5,56,58,14,500
2024-06-22 18:32:00,2.1828267574310303,G1M1_new,g1m1_high_load,1.48,57.0,100.0,1.46,1.5,56,58,14,500
2024-06-22 18:33:00,2.184511661529541,G1M1_new,g1m1_high_load,1.48,57.0,100.0,1.46,1.5,56,58,14,500
2024-06-22 18:39:00,2.18229341506958,G1M1_new,g1m1_high_load,1.48,57.0,100.0,1.46,1.5,56,58,14,500
2024-06-22 18:40:00,2.185821771621704,G1M1_new,g1m1_high_load,1.48,57.0,100.0,1.46,1.5,56,58,14,500
2024-06-22 18:41:00,2.184849977493286,G1M1_new,g1m1_high_load,1.48,57.0,100.0,1.46,1.5,56,58,14,500
2024-06-22 18:44:00,2.1858599185943604,G1M1_new,g1m1_high_load,1.48,57.0,100.0,1.46,1.5,56,58,14,500
2024-06-22 18:45:00,2.188488245010376,G1M1_new,g1m1_high_load,1.48,57.0,100.0,1.46,1.5,56,58,14,500
2024-06-22 18:48:00,2.179655075073242,G1M1_new,g1m1_high_load,1.48,57.0,100.0,1.46,1.5,56,58,14,500
2024-06-22 18:50:00,2.1799967288970947,G1M1_new,g1m1_high_load,1.48,57.0,100.0,1.46,1.5,56,58,14,500
2024-06-22 18:52:00,2.1802000999450684,G1M1_new,g1m1_high_load,1.48,57.0,100.0,1.46,1.5,56,58,14,500
2024-06-22 18:53:00,2.179368257522583,G1M1_new,g1m1_high_load,1.48,57.0,100.0,1.46,1.5,56,58,14,500
2024-06-22 18:55:00,2.1817567348480225,G1M1_new,g1m1_high_load,1.48,57.0,100.0,1.46,1.5,56,58,14,500
2024-06-22 18:58:00,2.1827316284179688,G1M1_new,g1m1_high_load,1.48,57.0,100.0,1.46,1.5,56,58,14,500
2024-06-22 19:00:00,2.178936719894409,G1M1_new,g1m1_high_load,1.48,57.0,100.0,1.46,1.5,56,58,14,500
2024-06-22 19:01:00,2.1781017780303955,G1M1_new,g1m1_high_load,1.48,57.0,100.0,1.46,1.5,56,58,14,500
2024-06-22 19:02:00,2.1745400428771973,G1M1_new,g1m1_high_load,1.48,57.0,100.0,1.46,1.5,56,58,14,500
2024-06-22 19:03:00,2.1740567684173584,G1M1_new,g1m1_high_load,1.48,57.0,100.0,1.46,1.5,56,58,14,500
2024-06-22 19:04:00,2.174839973449707,G1M1_new,g1m1_high_load,1.48,57.0,100.0,1.46,1.5,56,58,14,500
2024-06-22 19:06:00,2.177839994430542,G1M1_new,g1m1_high_load,1.48,57.0,100.0,1.46,1.5,56,58,14,500
2024-06-22 19:07:00,2.1762399673461914,G1M1_new,g1m1_high_load,1.48,57.0,100.0,1.46,1.5,56,58,14,500
2024-06-22 19:11:00,2.1793949604034424,G1M1_new,g1m1_high_load,1.48,57.0,100.0,1.46,1.5,56,58,14,500
2024-06-22 19:12:00,2.178196668624878,G1M1_new,g1m1_high_load,1.48,57.0,100.0,1.46,1.5,56,58,14,500
2024-06-22 19:16:00,2.1771399974823,G1M1_new,g1m1_high_load,1.48,57.0,100.0,1.46,1.5,56,58,14,500
2024-06-22 19:17:00,2.175299882888794,G1M1_new,g1m1_high_load,1.48,57.0,100.0,1.46,1.5,56,58,14,500
2024-06-22 19:18:00,2.1764450073242188,G1M1_new,g1m1_high_load,1.48,57.0,100.0,1.46,1.5,56,58,14,500
2024-06-22 19:19:00,2.17370343208313,G1M1_new,g1m1_high_load,1.48,57.0,100.0,1.46,1.5,56,58,14,500
2024-06-22 19:21:00,2.1735799312591553,G1M1_new,g1m1_high_load,1.48,57.0,100.0,1.46,1.5,56,58,14,500
2024-06-22 19:23:00,2.172034978866577,G1M1_new,g1m1_high_load,1.48,57.0,100.0,1.46,1.5,56,58,14,500
2024-06-22 19:26:00,2.1714184284210205,G1M1_new,g1m1_high_load,1.48,57.0,100.0,1.46,1.5,56,58,14,500
2024-06-22 19:27:00,2.171375036239624,G1M1_new,g1m1_high_load,1.48,57.0,100.0,1.46,1.5,56,58,14,500
2024-06-22 19:31:00,2.170863389968872,G1M1_new,g1m1_high_load,1.48,57.0,100.0,1.46,1.5,56,58,14,500
2024-06-22 19:32:00,2.171393394470215,G1M1_new,g1m1_high_load,1.48,57.0,100.0,1.46,1.5,56,58,14,500
2024-06-22 19:34:00,2.170675039291382,G1M1_new,g1m1_high_load,1.48,57.0,100.0,1.46,1.5,56,58,14,500
2024-06-22 19:40:00,2.1682517528533936,G1M1_new,g1m1_high_load,1.48,57.0,100.0,1.46,1.5,56,58,14,500
2024-06-22 19:44:00,2.170403242111206,G1M1_new,g1m1_high_load,1.48,57.0,100.0,1.46,1.5,56,58,14,500
2024-06-22 19:45:00,2.1723532676696777,G1M1_new,g1m1_high_load,1.48,57.0,100.0,1.46,1.5,56,58,14,500
2024-06-22 19:47:00,2.170644998550415,G1M1_new,g1m1_high_load,1.48,57.0,100.0,1.46,1.5,56,58,14,500
2024-06-22 19:48:00,2.172765016555786,G1M1_new,g1m1_high_load,1.48,57.0,100.0,1.46,1.5,56,58,14,500
2024-06-22 19:49:00,2.168928384780884,G1M1_new,g1m1_high_load,1.48,57.0,100.0,1.46,1.5,56,58,14,500
2024-06-22 19:50:00,2.168351650238037,G1M1_new,g1m1_high_load,1.48,57.0,100.0,1.46,1.5,56,58,14,500
2024-06-22 19:52:00,2.1695382595062256,G1M1_new,g1m1_high_load,1.48,57.0,100.0,1.46,1.5,56,58,14,500
2024-06-22 19:53:00,2.1704916954040527,G1M1_new,g1m1_high_load,1.48,57.0,100.0,1.46,1.5,56,58,14,500
2024-06-22 19:54:00,2.1690399646759033,G1M1_new,g1m1_high_load,1.48,57.0,100.0,1.46,1.5,56,58,14,500
2024-06-22 19:56:00,2.165450096130371,G1M1_new,g1m1_high_load,1.48,57.0,100.0,1.46,1.5,56,58,14,500
2024-06-22 19:58:00,2.1627566814422607,G1M1_new,g1m1_high_load,1.48,57.0,100.0,1.46,1.5,56,58,14,500
2024-06-22 19:59:00,2.166518449783325,G1M1_new,g1m1_high_load,1.48,57.0,100.0,1.46,1.5,56,58,14,500
2024-06-22 20:00:00,2.1650466918945312,G1M1_new,g1m1_high_load,1.48,57.0,100.0,1.46,1.5,56,58,14,500
2024-06-22 20:01:00,2.1671600341796875,G1M1_new,g1m1_high_load,1.48,57.0,100.0,1.46,1.5,56,58,14,500
2024-06-22 20:06:00,2.164583444595337,G1M1_new,g1m1_high_load,1.48,57.0,100.0,1.46,1.5,56,58,14,500
2024-06-22 20:09:00,2.162364959716797,G1M1_new,g1m1_high_load,1.48,57.0,100.0,1.46,1.5,56,58,14,500
2024-06-22 20:12:00,2.1636033058166504,G1M1_new,g1m1_high_load,1.48,57.0,100.0,1.46,1.5,56,58,14,500
2024-06-22 20:15:00,2.1625499725341797,G1M1_new,g1m1_high_load,1.48,57.0,100.0,1.46,1.5,56,58,14,500
2024-06-22 20:17:00,2.163991689682007,G1M1_new,g1m1_high_load,1.48,57.0,100.0,1.46,1.5,56,58,14,500
2024-06-22 20:18:00,2.164886713027954,G1M1_new,g1m1_high_load,1.48,57.0,100.0,1.46,1.5,56,58,14,500
2024-06-22 20:22:00,2.1649351119995117,G1M1_new,g1m1_high_load,1.48,57.0,100.0,1.46,1.5,56,58,14,500
2024-06-22 20:24:00,2.161611557006836,G1M1_new,g1m1_high_load,1.48,57.0,100.0,1.46,1.5,56,58,14,500
2024-06-22 20:26:00,2.159719944000244,G1M1_new,g1m1_high_load,1.48,57.0,100.0,1.46,1.5,56,58,14,500
2024-06-22 20:29:00,2.159938335418701,G1M1_new,g1m1_high_load,1.48,57.0,100.0,1.46,1.5,56,58,14,500
2024-06-22 20:30:00,2.1601266860961914,G1M1_new,g1m1_high_load,1.48,57.0,100.0,1.46,1.5,56,58,14,500
2024-06-22 20:31:00,2.158405065536499,G1M1_new,g1m1_high_load,1.48,57.0,100.0,1.46,1.5,56,58,14,500
2024-06-22 20:32:00,2.1626317501068115,G1M1_new,g1m1_high_load,1.48,57.0,100.0,1.46,1.5,56,58,14,500
2024-06-22 20:34:00,2.162673234939575,G1M1_new,g1m1_high_load,1.48,57.0,100.0,1.46,1.5,56,58,14,500
2024-06-22 20:35:00,2.1644248962402344,G1M1_new,g1m1_high_load,1.48,57.0,100.0,1.46,1.5,56,58,14,500
2024-06-22 20:38:00,2.16198992729187,G1M1_new,g1m1_high_load,1.48,57.0,100.0,1.46,1.5,56,58,14,500
2024-06-22 20:43:00,2.157641649246216,G1M1_new,g1m1_high_load,1.48,57.0,100.0,1.46,1.5,56,58,14,500
2024-09-21 18:15:00,2.2067716121673584,G1M1_new,g1m1_high_load,1.48,57.0,100.0,1.46,1.5,56,58,14,500
2024-09-21 18:20:00,2.2016615867614746,G1M1_new,g1m1_high_load,1.48,57.0,100.0,1.46,1.5,56,58,14,500
2024-09-21 18:21:00,2.201941728591919,G1M1_new,g1m1_high_load,1.48,57.0,100.0,1.46,1.5,56,58,14,500
2024-09-21 18:25:00,2.1958632469177246,G1M1_new,g1m1_high_load,1.48,57.0,100.0,1.46,1.5,56,58,14,500
2024-09-21 18:26:00,2.1925549507141113,G1M1_new,g1m1_high_load,1.48,57.0,100.0,1.46,1.5,56,58,14,500
2024-09-21 18:27:00,2.193661689758301,G1M1_new,g1m1_high_load,1.48,57.0,100.0,1.46,1.5,56,58,14,500
2024-09-21 18:31:00,2.191943407058716,G1M1_new,g1m1_high_load,1.48,57.0,100.0,1.46,1.5,56,58,14,500
2024-09-21 18:32:00,2.1932849884033203,G1M1_new,g1m1_high_load,1.48,57.0,100.0,1.46,1.5,56,58,14,500
2024-09-21 18:36:00,2.1881449222564697,G1M1_new,g1m1_high_load,1.48,57.0,100.0,1.46,1.5,56,58,14,500
2024-09-21 18:37:00,2.18564510345459,G1M1_new,g1m1_high_load,1.48,57.0,100.0,1.46,1.5,56,58,14,500
2024-09-21 18:38:00,2.184196710586548,G1M1_new,g1m1_high_load,1.48,57.0,100.0,1.46,1.5,56,58,14,500
2024-09-21 18:39:00,2.1856932640075684,G1M1_new,g1m1_high_load,1.48,57.0,100.0,1.46,1.5,56,58,14,500
2024-09-21 18:40:00,2.186786651611328,G1M1_new,g1m1_high_load,1.48,57.0,100.0,1.46,1.5,56,58,14,500
2024-09-21 18:44:00,2.1877949237823486,G1M1_new,g1m1_high_load,1.48,57.0,100.0,1.46,1.5,56,58,14,500
2024-09-21 18:49:00,2.1865499019622803,G1M1_new,g1m1_high_load,1.48,57.0,100.0,1.46,1.5,56,58,14,500
2024-09-21 18:50:00,2.185223340988159,G1M1_new,g1m1_high_load,1.48,57.0,100.0,1.46,1.5,56,58,14,500
2024-09-21 18:51:00,2.184429883956909,G1M1_new,g1m1_high_load,1.48,57.0,100.0,1.46,1.5,56,58,14,500
2024-09-21 18:55:00,2.183213233947754,G1M1_new,g1m1_high_load,1.48,57.0,100.0,1.46,1.5,56,58,14,500
2024-09-21 18:56:00,2.1839566230773926,G1M1_new,g1m1_high_load,1.48,57.0,100.0,1.46,1.5,56,58,14,500
2024-09-21 18:57:00,2.183454990386963,G1M1_new,g1m1_high_load,1.48,57.0,100.0,1.46,1.5,56,58,14,500
2024-09-21 19:01:00,2.1862716674804688,G1M1_new,g1m1_high_load,1.48,57.0,100.0,1.46,1.5,56,58,14,500
2024-09-21 19:02:00,2.1864616870880127,G1M1_new,g1m1_high_load,1.48,57.0,100.0,1.46,1.5,56,58,14,500
2024-09-21 19:03:00,2.184286594390869,G1M1_new,g1m1_high_load,1.48,57.0,100.0,1.46,1.5,56,58,14,500
2024-09-21 19:07:00,2.1814565658569336,G1M1_new,g1m1_high_load,1.48,57.0,100.0,1.46,1.5,56,58,14,500
2024-09-21 19:08:00,2.1799099445343018,G1M1_new,g1m1_high_load,1.48,57.0,100.0,1.46,1.5,56,58,14,500
2024-09-21 19:09:00,2.178868293762207,G1M1_new,g1m1_high_load,1.48,57.0,100.0,1.46,1.5,56,58,14,500
2024-09-21 19:13:00,2.1773316860198975,G1M1_new,g1m1_high_load,1.48,57.0,100.0,1.46,1.5,56,58,14,500
2024-09-21 19:14:00,2.177201747894287,G1M1_new,g1m1_high_load,1.48,57.0,100.0,1.46,1.5,56,58,14,500
2024-09-21 19:15:00,2.1798300743103027,G1M1_new,g1m1_high_load,1.48,57.0,100.0,1.46,1.5,56,58,14,500
2024-09-21 19:18:00,2.1853034496307373,G1M1_new,g1m1_high_load,1.48,57.0,100.0,1.46,1.5,56,58,14,500
2024-09-21 19:19:00,2.1813883781433105,G1M1_new,g1m1_high_load,1.48,57.0,100.0,1.46,1.5,56,58,14,500
2024-09-21 19:20:00,2.1817634105682373,G1M1_new,g1m1_high_load,1.48,57.0,100.0,1.46,1.5,56,58,14,500
2024-09-21 19:21:00,2.182673215866089,G1M1_new,g1m1_high_load,1.48,57.0,100.0,1.46,1.5,56,58,14,500
2024-09-21 19:25:00,2.177133321762085,G1M1_new,g1m1_high_load,1.48,57.0,100.0,1.46,1.5,56,58,14,500
2024-09-21 19:26:00,2.1771717071533203,G1M1_new,g1m1_high_load,1.48,57.0,100.0,1.46,1.5,56,58,14,500
2024-09-21 19:27:00,2.1760966777801514,G1M1_new,g1m1_high_load,1.48,57.0,100.0,1.46,1.5,56,58,14,500
2024-09-21 19:30:00,2.1734166145324707,G1M1_new,g1m1_high_load,1.48,57.0,100.0,1.46,1.5,56,58,14,500
2024-09-21 19:31:00,2.1763267517089844,G1M1_new,g1m1_high_load,1.48,57.0,100.0,1.46,1.5,56,58,14,500
2024-09-21 19:32:00,2.1789450645446777,G1M1_new,g1m1_high_load,1.48,57.0,100.0,1.46,1.5,56,58,14,500
2024-09-21 19:33:00,2.1783883571624756,G1M1_new,g1m1_high_load,1.48,57.0,100.0,1.46,1.5,56,58,14,500
2024-09-21 19:35:00,2.1779532432556152,G1M1_new,g1m1_high_load,1.48,57.0,100.0,1.46,1.5,56,58,14,500
2024-09-21 19:36:00,2.1792049407958984,G1M1_new,g1m1_high_load,1.48,57.0,100.0,1.46,1.5,56,58,14,500
2024-09-21 19:37:00,2.1784732341766357,G1M1_new,g1m1_high_load,1.48,57.0,100.0,1.46,1.5,56,58,14,500
2024-09-21 19:42:00,2.172403335571289,G1M1_new,g1m1_high_load,1.48,57.0,100.0,1.46,1.5,56,58,14,500
2024-09-21 19:45:00,2.176438331604004,G1M1_new,g1m1_high_load,1.48,57.0,100.0,1.46,1.5,56,58,14,500
2024-09-21 19:47:00,2.1773366928100586,G1M1_new,g1m1_high_load,1.48,57.0,100.0,1.46,1.5,56,58,14,500
2024-09-21 19:48:00,2.1789801120758057,G1M1_new,g1m1_high_load,1.48,57.0,100.0,1.46,1.5,56,58,14,500
2024-09-21 19:49:00,2.1768500804901123,G1M1_new,g1m1_high_load,1.48,57.0,100.0,1.46,1.5,56,58,14,500
2024-09-21 19:51:00,2.176754951477051,G1M1_new,g1m1_high_load,1.48,57.0,100.0,1.46,1.5,56,58,14,500
2024-09-21 19:53:00,2.1730282306671143,G1M1_new,g1m1_high_load,1.48,57.0,100.0,1.46,1.5,56,58,14,500
2024-09-21 19:54:00,2.172305107116699,G1M1_new,g1m1_high_load,1.48,57.0,100.0,1.46,1.5,56,58,14,500
2024-09-21 19:56:00,2.169621706008911,G1M1_new,g1m1_high_load,1.48,57.0,100.0,1.46,1.5,56,58,14,500
2024-09-21 19:57:00,2.16858172416687,G1M1_new,g1m1_high_load,1.48,57.0,100.0,1.46,1.5,56,58,14,500
2024-09-21 19:58:00,2.170224905014038,G1M1_new,g1m1_high_load,1.48,57.0,100.0,1.46,1.5,56,58,14,500
2024-09-21 20:00:00,2.174880027770996,G1M1_new,g1m1_high_load,1.48,57.0,100.0,1.46,1.5,56,58,14,500
2024-09-21 20:01:00,2.17549991607666,G1M1_new,g1m1_high_load,1.48,57.0,100.0,1.46,1.5,56,58,14,500
2024-09-21 20:05:00,2.1728649139404297,G1M1_new,g1m1_high_load,1.48,57.0,100.0,1.46,1.5,56,58,14,500
2024-09-21 20:06:00,2.1739683151245117,G1M1_new,g1m1_high_load,1.48,57.0,100.0,1.46,1.5,56,58,14,500
2024-09-21 20:09:00,2.169191598892212,G1M1_new,g1m1_high_load,1.48,57.0,100.0,1.46,1.5,56,58,14,500
2024-09-21 20:11:00,2.172559976577759,G1M1_new,g1m1_high_load,1.48,57.0,100.0,1.46,1.5,56,58,14,500
2024-09-21 20:12:00,2.1700234413146973,G1M1_new,g1m1_high_load,1.48,57.0,100.0,1.46,1.5,56,58,14,500
2024-09-21 20:14:00,2.1673450469970703,G1M1_new,g1m1_high_load,1.48,57.0,100.0,1.46,1.5,56,58,14,500
2024-09-21 20:16:00,2.1680500507354736,G1M1_new,g1m1_high_load,1.48,57.0,100.0,1.46,1.5,56,58,14,500
2024-09-21 20:19:00,2.172933340072632,G1M1_new,g1m1_high_load,1.48,57.0,100.0,1.46,1.5,56,58,14,500
2024-09-21 20:22:00,2.172093391418457,G1M1_new,g1m1_high_load,1.48,57.0,100.0,1.46,1.5,56,58,14,500
2024-09-21 20:24:00,2.1716649532318115,G1M1_new,g1m1_high_load,1.48,57.0,100.0,1.46,1.5,56,58,14,500
2024-09-21 20:27:00,2.167289972305298,G1M1_new,g1m1_high_load,1.48,57.0,100.0,1.46,1.5,56,58,14,500
2024-09-21 20:30:00,2.1645166873931885,G1M1_new,g1m1_high_load,1.48,57.0,100.0,1.46,1.5,56,58,14,500
2024-09-21 20:32:00,2.1664350032806396,G1M1_new,g1m1_high_load,1.48,57.0,100.0,1.46,1.5,56,58,14,500
2024-09-21 20:33:00,2.165985107421875,G1M1_new,g1m1_high_load,1.48,57.0,100.0,1.46,1.5,56,58,14,500
2024-09-21 20:34:00,2.1657800674438477,G1M1_new,g1m1_high_load,1.48,57.0,100.0,1.46,1.5,56,58,14,500
2024-09-21 20:35:00,2.1694650650024414,G1M1_new,g1m1_high_load,1.48,57.0,100.0,1.46,1.5,56,58,14,500
2024-09-21 20:36:00,2.167720079421997,G1M1_new,g1m1_high_load,1.48,57.0,100.0,1.46,1.5,56,58,14,500
2024-09-21 20:37:00,2.1712899208068848,G1M1_new,g1m1_high_load,1.48,57.0,100.0,1.46,1.5,56,58,14,500
2024-09-21 20:39:00,2.1691133975982666,G1M1_new,g1m1_high_load,1.48,57.0,100.0,1.46,1.5,56,58,14,500
2024-09-21 20:40:00,2.1683599948883057,G1M1_new,g1m1_high_load,1.48,57.0,100.0,1.46,1.5,56,58,14,500
2024-09-21 20:41:00,2.1682000160217285,G1M1_new,g1m1_high_load,1.48,57.0,100.0,1.46,1.5,56,58,14,500
2024-09-21 20:43:00,2.166461706161499,G1M1_new,g1m1_high_load,1.48,57.0,100.0,1.46,1.5,56,58,14,500
2025-03-15 19:14:00,2.2125983238220215,G1M1_new,g1m1_high_load,1.48,57.0,100.0,1.46,1.5,56,58,14,500
2025-03-15 19:15:00,2.224519968032837,G1M1_new,g1m1_high_load,1.48,57.0,100.0,1.46,1.5,56,58,14,500
2025-03-15 19:16:00,2.228295087814331,G1M1_new,g1m1_high_load,1.48,57.0,100.0,1.46,1.5,56,58,14,500
2025-03-15 19:17:00,2.2276782989501953,G1M1_new,g1m1_high_load,1.48,57.0,100.0,1.46,1.5,56,58,14,500
2025-03-15 19:18:00,2.2270216941833496,G1M1_new,g1m1_high_load,1.48,57.0,100.0,1.46,1.5,56,58,14,500
2025-03-15 19:20:00,2.2206332683563232,G1M1_new,g1m1_high_load,1.48,57.0,100.0,1.46,1.5,56,58,14,500
2025-03-15 19:21:00,2.220360040664673,G1M1_new,g1m1_high_load,1.48,57.0,100.0,1.46,1.5,56,58,14,500
2025-03-15 19:23:00,2.216444969177246,G1M1_new,g1m1_high_load,1.48,57.0,100.0,1.46,1.5,56,58,14,500
2025-03-15 19:24:00,2.2157716751098633,G1M1_new,g1m1_high_load,1.48,57.0,100.0,1.46,1.5,56,58,14,500
2025-03-15 19:25:00,2.215078353881836,G1M1_new,g1m1_high_load,1.48,57.0,100.0,1.46,1.5,56,58,14,500
2025-03-15 19:27:00,2.213106632232666,G1M1_new,g1m1_high_load,1.48,57.0,100.0,1.46,1.5,56,58,14,500
2025-03-15 19:29:00,2.210411548614502,G1M1_new,g1m1_high_load,1.48,57.0,100.0,1.46,1.5,56,58,14,500
2025-03-15 19:30:00,2.209773302078247,G1M1_new,g1m1_high_load,1.48,57.0,100.0,1.46,1.5,56,58,14,500
2025-03-15 19:31:00,2.208635091781616,G1M1_new,g1m1_high_load,1.48,57.0,100.0,1.46,1.5,56,58,14,500
2025-03-15 19:32:00,2.208083391189575,G1M1_new,g1m1_high_load,1.48,57.0,100.0,1.46,1.5,56,58,14,500
2025-03-15 19:33:00,2.2064132690429688,G1M1_new,g1m1_high_load,1.48,57.0,100.0,1.46,1.5,56,58,14,500
2025-03-15 19:34:00,2.205543279647827,G1M1_new,g1m1_high_load,1.48,57.0,100.0,1.46,1.5,56,58,14,500
2025-03-15 19:36:00,2.208716630935669,G1M1_new,g1m1_high_load,1.48,57.0,100.0,1.46,1.5,56,58,14,500
2025-03-15 19:44:00,2.2081000804901123,G1M1_new,g1m1_high_load,1.48,57.0,100.0,1.46,1.5,56,58,14,500
2025-03-15 19:45:00,2.2071566581726074,G1M1_new,g1m1_high_load,1.48,57.0,100.0,1.46,1.5,56,58,14,500
2025-03-15 19:46:00,2.2042782306671143,G1M1_new,g1m1_high_load,1.48,57.0,100.0,1.46,1.5,56,58,14,500
2025-03-15 19:48:00,2.2015984058380127,G1M1_new,g1m1_high_load,1.48,57.0,100.0,1.46,1.5,56,58,14,500
2025-03-15 19:50:00,2.2003366947174072,G1M1_new,g1m1_high_load,1.48,57.0,100.0,1.46,1.5,56,58,14,500
2025-03-15 19:52:00,2.2031900882720947,G1M1_new,g1m1_high_load,1.48,57.0,100.0,1.46,1.5,56,58,14,500
2025-03-15 19:54:00,2.2053632736206055,G1M1_new,g1m1_high_load,1.48,57.0,100.0,1.46,1.5,56,58,14,500
2025-03-15 19:55:00,2.2069082260131836,G1M1_new,g1m1_high_load,1.48,57.0,100.0,1.46,1.5,56,58,14,500
2025-03-15 19:56:00,2.2054684162139893,G1M1_new,g1m1_high_load,1.48,57.0,100.0,1.46,1.5,56,58,14,500
2025-03-15 19:57:00,2.206234931945801,G1M1_new,g1m1_high_load,1.48,57.0,100.0,1.46,1.5,56,58,14,500
2025-03-15 19:58:00,2.2048850059509277,G1M1_new,g1m1_high_load,1.48,57.0,100.0,1.46,1.5,56,58,14,500
2025-03-15 20:00:00,2.203533411026001,G1M1_new,g1m1_high_load,1.48,57.0,100.0,1.46,1.5,56,58,14,500
2025-03-15 20:01:00,2.2016549110412598,G1M1_new,g1m1_high_load,1.48,57.0,100.0,1.46,1.5,56,58,14,500
2025-03-15 20:04:00,2.1966066360473633,G1M1_new,g1m1_high_load,1.48,57.0,100.0,1.46,1.5,56,58,14,500
2025-03-15 20:07:00,2.2009665966033936,G1M1_new,g1m1_high_load,1.48,57.0,100.0,1.46,1.5,56,58,14,500
2025-03-15 20:08:00,2.2004716396331787,G1M1_new,g1m1_high_load,1.48,57.0,100.0,1.46,1.5,56,58,14,500
2025-03-15 20:12:00,2.2018399238586426,G1M1_new,g1m1_high_load,1.48,57.0,100.0,1.46,1.5,56,58,14,500
2025-03-15 20:14:00,2.199275016784668,G1M1_new,g1m1_high_load,1.48,57.0,100.0,1.46,1.5,56,58,14,500
2025-03-15 20:15:00,2.1989901065826416,G1M1_new,g1m1_high_load,1.48,57.0,100.0,1.46,1.5,56,58,14,500
2025-03-15 20:16:00,2.197618246078491,G1M1_new,g1m1_high_load,1.48,57.0,100.0,1.46,1.5,56,58,14,500
2025-03-15 20:17:00,2.1978983879089355,G1M1_new,g1m1_high_load,1.48,57.0,100.0,1.46,1.5,56,58,14,500
2025-03-15 20:19:00,2.196155071258545,G1M1_new,g1m1_high_load,1.48,57.0,100.0,1.46,1.5,56,58,14,500
2025-03-15 20:20:00,2.197108268737793,G1M1_new,g1m1_high_load,1.48,57.0,100.0,1.46,1.5,56,58,14,500
2025-03-15 20:23:00,2.196423292160034,G1M1_new,g1m1_high_load,1.48,57.0,100.0,1.46,1.5,56,58,14,500
2025-03-15 20:24:00,2.1984050273895264,G1M1_new,g1m1_high_load,1.48,57.0,100.0,1.46,1.5,56,58,14,500
2025-03-15 20:29:00,2.2007033824920654,G1M1_new,g1m1_high_load,1.48,57.0,100.0,1.46,1.5,56,58,14,500
2025-03-15 20:30:00,2.1982998847961426,G1M1_new,g1m1_high_load,1.48,57.0,100.0,1.46,1.5,56,58,14,500
2025-03-15 20:31:00,2.1968884468078613,G1M1_new,g1m1_high_load,1.48,57.0,100.0,1.46,1.5,56,58,14,500
2025-03-15 20:33:00,2.1946866512298584,G1M1_new,g1m1_high_load,1.48,57.0,100.0,1.46,1.5,56,58,14,500
2025-03-15 20:35:00,2.1918866634368896,G1M1_new,g1m1_high_load,1.48,57.0,100.0,1.46,1.5,56,58,14,500
2025-03-15 20:36:00,2.1932199001312256,G1M1_new,g1m1_high_load,1.48,57.0,100.0,1.46,1.5,56,58,14,500
2025-03-15 20:37:00,2.193561553955078,G1M1_new,g1m1_high_load,1.48,57.0,100.0,1.46,1.5,56,58,14,500
2025-03-15 20:38:00,2.1935698986053467,G1M1_new,g1m1_high_load,1.48,57.0,100.0,1.46,1.5,56,58,14,500
2025-03-15 20:39:00,2.1940982341766357,G1M1_new,g1m1_high_load,1.48,57.0,100.0,1.46,1.5,56,58,14,500
2025-03-15 20:40:00,2.1959166526794434,G1M1_new,g1m1_high_load,1.48,57.0,100.0,1.46,1.5,56,58,14,500
2025-03-15 20:41:00,2.1970832347869873,G1M1_new,g1m1_high_load,1.48,57.0,100.0,1.46,1.5,56,58,14,500
2025-03-15 20:44:00,2.1986732482910156,G1M1_new,g1m1_high_load,1.48,57.0,100.0,1.46,1.5,56,58,14,500
2025-03-15 20:45:00,2.195993423461914,G1M1_new,g1m1_high_load,1.48,57.0,100.0,1.46,1.5,56,58,14,500
2025-03-15 20:49:00,2.192780017852783,G1M1_new,g1m1_high_load,1.48,57.0,100.0,1.46,1.5,56,58,14,500
2025-03-15 20:50:00,2.1920065879821777,G1M1_new,g1m1_high_load,1.48,57.0,100.0,1.46,1.5,56,58,14,500
2025-03-15 20:53:00,2.1959166526794434,G1M1_new,g1m1_high_load,1.48,57.0,100.0,1.46,1.5,56,58,14,500
2025-03-15 20:55:00,2.1944117546081543,G1M1_new,g1m1_high_load,1.48,57.0,100.0,1.46,1.5,56,58,14,500
2025-03-15 20:57:00,2.1942849159240723,G1M1_new,g1m1_high_load,1.48,57.0,100.0,1.46,1.5,56,58,14,500
2025-03-15 20:59:00,2.194999933242798,G1M1_new,g1m1_high_load,1.48,57.0,100.0,1.46,1.5,56,58,14,500
2025-03-15 21:02:00,2.1922082901000977,G1M1_new,g1m1_high_load,1.48,57.0,100.0,1.46,1.5,56,58,14,500
2025-03-15 21:05:00,2.1901566982269287,G1M1_new,g1m1_high_load,1.48,57.0,100.0,1.46,1.5,56,58,14,500
2025-03-15 21:07:00,2.187413215637207,G1M1_new,g1m1_high_load,1.48,57.0,100.0,1.46,1.5,56,58,14,500
2025-03-15 21:08:00,2.189229965209961,G1M1_new,g1m1_high_load,1.48,57.0,100.0,1.46,1.5,56,58,14,500
2025-03-15 21:09:00,2.1895666122436523,G1M1_new,g1m1_high_load,1.48,57.0,100.0,1.46,1.5,56,58,14,500
2025-03-15 21:10:00,2.189746618270874,G1M1_new,g1m1_high_load,1.48,57.0,100.0,1.46,1.5,56,58,14,500
2025-03-15 21:17:00,2.1946966648101807,G1M1_new,g1m1_high_load,1.48,57.0,100.0,1.46,1.5,56,58,14,500
2025-03-15 21:19:00,2.1936166286468506,G1M1_new,g1m1_high_load,1.48,57.0,100.0,1.46,1.5,56,58,14,500
2025-03-15 21:20:00,2.1919467449188232,G1M1_new,g1m1_high_load,1.48,57.0,100.0,1.46,1.5,56,58,14,500
2025-03-15 21:21:00,2.1908767223358154,G1M1_new,g1m1_high_load,1.48,57.0,100.0,1.46,1.5,56,58,14,500
2025-03-15 21:22:00,2.188849925994873,G1M1_new,g1m1_high_load,1.48,57.0,100.0,1.46,1.5,56,58,14,500
2025-03-15 21:23:00,2.1879284381866455,G1M1_new,g1m1_high_load,1.48,57.0,100.0,1.46,1.5,56,58,14,500
2025-03-15 21:24:00,2.1872382164001465,G1M1_new,g1m1_high_load,1.48,57.0,100.0,1.46,1.5,56,58,14,500
2025-03-15 21:25:00,2.185281753540039,G1M1_new,g1m1_high_load,1.48,57.0,100.0,1.46,1.5,56,58,14,500
2025-03-15 21:26:00,2.187908411026001,G1M1_new,g1m1_high_load,1.48,57.0,100.0,1.46,1.5,56,58,14,500
2025-03-15 21:28:00,2.1880717277526855,G1M1_new,g1m1_high_load,1.48,57.0,100.0,1.46,1.5,56,58,14,500
2025-03-15 21:30:00,2.1901984214782715,G1M1_new,g1m1_high_load,1.48,57.0,100.0,1.46,1.5,56,58,14,500
2025-03-15 21:31:00,2.1922199726104736,G1M1_new,g1m1_high_load,1.48,57.0,100.0,1.46,1.5,56,58,14,500
2025-03-15 21:33:00,2.1926467418670654,G1M1_new,g1m1_high_load,1.48,57.0,100.0,1.46,1.5,56,58,14,500
2025-03-15 21:36:00,2.189161777496338,G1M1_new,g1m1_high_load,1.48,57.0,100.0,1.46,1.5,56,58,14,500
2025-03-15 21:37:00,2.1881682872772217,G1M1_new,g1m1_high_load,1.48,57.0,100.0,1.46,1.5,56,58,14,500
2025-03-15 21:38:00,2.1851816177368164,G1M1_new,g1m1_high_load,1.48,57.0,100.0,1.46,1.5,56,58,14,500
2025-03-15 21:40:00,2.185506582260132,G1M1_new,g1m1_high_load,1.48,57.0,100.0,1.46,1.5,56,58,14,500
2025-03-15 21:41:00,2.1838717460632324,G1M1_new,g1m1_high_load,1.48,57.0,100.0,1.46,1.5,56,58,14,500
2025-03-15 21:42:00,2.184051752090454,G1M1_new,g1m1_high_load,1.48,57.0,100.0,1.46,1.5,56,58,14,500
2025-03-15 21:43:00,2.1797549724578857,G1M1_new,g1m1_high_load,1.48,57.0,100.0,1.46,1.5,56,58,14,500
2025-09-13 18:42:00,2.2453699111938477,G1M1_new,g1m1_high_load,1.48,57.0,100.0,1.46,1.5,56,58,14,500
2025-09-13 18:46:00,2.243143320083618,G1M1_new,g1m1_high_load,1.48,57.0,100.0,1.46,1.5,56,58,14,500
2025-09-13 18:48:00,2.2379634380340576,G1M1_new,g1m1_high_load,1.48,57.0,100.0,1.46,1.5,56,58,14,500
2025-09-13 18:52:00,2.231839895248413,G1M1_new,g1m1_high_load,1.48,57.0,100.0,1.46,1.5,56,58,14,500
2025-09-13 18:53:00,2.2310433387756348,G1M1_new,g1m1_high_load,1.48,57.0,100.0,1.46,1.5,56,58,14,500
2025-09-13 18:55:00,2.232954978942871,G1M1_new,g1m1_high_load,1.48,57.0,100.0,1.46,1.5,56,58,14,500
2025-09-13 18:56:00,2.231013298034668,G1M1_new,g1m1_high_load,1.48,57.0,100.0,1.46,1.5,56,58,14,500
2025-09-13 18:57:00,2.2300050258636475,G1M1_new,g1m1_high_load,1.48,57.0,100.0,1.46,1.5,56,58,14,500
2025-09-13 18:58:00,2.2320332527160645,G1M1_new,g1m1_high_load,1.48,57.0,100.0,1.46,1.5,56,58,14,500
2025-09-13 18:59:00,2.2314467430114746,G1M1_new,g1m1_high_load,1.48,57.0,100.0,1.46,1.5,56,58,14,500
2025-09-13 19:00:00,2.2316367626190186,G1M1_new,g1m1_high_load,1.48,57.0,100.0,1.46,1.5,56,58,14,500
2025-09-13 19:05:00,2.229301691055298,G1M1_new,g1m1_high_load,1.48,57.0,100.0,1.46,1.5,56,58,14,500
2025-09-13 19:06:00,2.2257983684539795,G1M1_new,g1m1_high_load,1.48,57.0,100.0,1.46,1.5,56,58,14,500
2025-09-13 19:08:00,2.225605010986328,G1M1_new,g1m1_high_load,1.48,57.0,100.0,1.46,1.5,56,58,14,500
2025-09-13 19:09:00,2.223560094833374,G1M1_new,g1m1_high_load,1.48,57.0,100.0,1.46,1.5,56,58,14,500
2025-09-13 19:10:00,2.225898265838623,G1M1_new,g1m1_high_load,1.48,57.0,100.0,1.46,1.5,56,58,14,500
2025-09-13 19:11:00,2.220743417739868,G1M1_new,g1m1_high_load,1.48,57.0,100.0,1.46,1.5,56,58,14,500
2025-09-13 19:12:00,2.2235167026519775,G1M1_new,g1m1_high_load,1.48,57.0,100.0,1.46,1.5,56,58,14,500
2025-09-13 19:15:00,2.2246382236480713,G1M1_new,g1m1_high_load,1.48,57.0,100.0,1.46,1.5,56,58,14,500
2025-09-13 19:16:00,2.2251100540161133,G1M1_new,g1m1_high_load,1.48,57.0,100.0,1.46,1.5,56,58,14,500
2025-09-13 19:24:00,2.223330020904541,G1M1_new,g1m1_high_load,1.48,57.0,100.0,1.46,1.5,56,58,14,500
2025-09-13 19:26:00,2.2222282886505127,G1M1_new,g1m1_high_load,1.48,57.0,100.0,1.46,1.5,56,58,14,500
2025-09-13 19:28:00,2.2215683460235596,G1M1_new,g1m1_high_load,1.48,57.0,100.0,1.46,1.5,56,58,14,500
2025-09-13 19:29:00,2.2209582328796387,G1M1_new,g1m1_high_load,1.48,57.0,100.0,1.46,1.5,56,58,14,500
2025-09-13 19:30:00,2.2212400436401367,G1M1_new,g1m1_high_load,1.48,57.0,100.0,1.46,1.5,56,58,14,500
2025-09-13 19:32:00,2.2199149131774902,G1M1_new,g1m1_high_load,1.48,57.0,100.0,1.46,1.5,56,58,14,500
2025-09-13 19:33:00,2.2204549312591553,G1M1_new,g1m1_high_load,1.48,57.0,100.0,1.46,1.5,56,58,14,500
2025-09-13 19:39:00,2.219130039215088,G1M1_new,g1m1_high_load,1.48,57.0,100.0,1.46,1.5,56,58,14,500
2025-09-13 19:40:00,2.2227566242218018,G1M1_new,g1m1_high_load,1.48,57.0,100.0,1.46,1.5,56,58,14,500
2025-09-13 19:41:00,2.221630096435547,G1M1_new,g1m1_high_load,1.48,57.0,100.0,1.46,1.5,56,58,14,500
2025-09-13 19:43:00,2.221646785736084,G1M1_new,g1m1_high_load,1.48,57.0,100.0,1.46,1.5,56,58,14,500
2025-09-13 19:44:00,2.2183616161346436,G1M1_new,g1m1_high_load,1.48,57.0,100.0,1.46,1.5,56,58,14,500
2025-09-13 19:46:00,2.2202916145324707,G1M1_new,g1m1_high_load,1.48,57.0,100.0,1.46,1.5,56,58,14,500
2025-09-13 19:47:00,2.219024896621704,G1M1_new,g1m1_high_load,1.48,57.0,100.0,1.46,1.5,56,58,14,500
2025-09-13 19:48:00,2.219203233718872,G1M1_new,g1m1_high_load,1.48,57.0,100.0,1.46,1.5,56,58,14,500
2025-09-13 19:53:00,2.2160532474517822,G1M1_new,g1m1_high_load,1.48,57.0,100.0,1.46,1.5,56,58,14,500
2025-09-13 19:54:00,2.217750072479248,G1M1_new,g1m1_high_load,1.48,57.0,100.0,1.46,1.5,56,58,14,500
2025-09-13 19:55:00,2.218003273010254,G1M1_new,g1m1_high_load,1.48,57.0,100.0,1.46,1.5,56,58,14,500
2025-09-13 19:56:00,2.219416618347168,G1M1_new,g1m1_high_load,1.48,57.0,100.0,1.46,1.5,56,58,14,500
2025-09-13 20:00:00,2.2190582752227783,G1M1_new,g1m1_high_load,1.48,57.0,100.0,1.46,1.5,56,58,14,500
2025-09-13 20:01:00,2.2180182933807373,G1M1_new,g1m1_high_load,1.48,57.0,100.0,1.46,1.5,56,58,14,500
2025-09-13 20:03:00,2.218065023422241,G1M1_new,g1m1_high_load,1.48,57.0,100.0,1.46,1.5,56,58,14,500
2025-09-13 20:06:00,2.2144033908843994,G1M1_new,g1m1_high_load,1.48,57.0,100.0,1.46,1.5,56,58,14,500
2025-09-13 20:07:00,2.213876724243164,G1M1_new,g1m1_high_load,1.48,57.0,100.0,1.46,1.5,56,58,14,500
2025-09-13 20:14:00,2.2174899578094482,G1M1_new,g1m1_high_load,1.48,57.0,100.0,1.46,1.5,56,58,14,500
2025-09-13 20:17:00,2.2170300483703613,G1M1_new,g1m1_high_load,1.48,57.0,100.0,1.46,1.5,56,58,14,500
2025-09-13 20:19:00,2.215934991836548,G1M1_new,g1m1_high_load,1.48,57.0,100.0,1.46,1.5,56,58,14,500
2025-09-13 20:20:00,2.2152416706085205,G1M1_new,g1m1_high_load,1.48,57.0,100.0,1.46,1.5,56,58,14,500
2025-09-13 20:22:00,2.215573310852051,G1M1_new,g1m1_high_load,1.48,57.0,100.0,1.46,1.5,56,58,14,500
2025-09-13 20:23:00,2.2141900062561035,G1M1_new,g1m1_high_load,1.48,57.0,100.0,1.46,1.5,56,58,14,500
2025-09-13 20:24:00,2.213726758956909,G1M1_new,g1m1_high_load,1.48,57.0,100.0,1.46,1.5,56,58,14,500
2025-09-13 20:25:00,2.212916612625122,G1M1_new,g1m1_high_load,1.48,57.0,100.0,1.46,1.5,56,58,14,500
2025-09-13 20:27:00,2.2110917568206787,G1M1_new,g1m1_high_load,1.48,57.0,100.0,1.46,1.5,56,58,14,500
2025-09-13 20:29:00,2.211273431777954,G1M1_new,g1m1_high_load,1.48,57.0,100.0,1.46,1.5,56,58,14,500
2025-09-13 20:30:00,2.210669994354248,G1M1_new,g1m1_high_load,1.48,57.0,100.0,1.46,1.5,56,58,14,500
2025-09-13 20:34:00,2.212141752243042,G1M1_new,g1m1_high_load,1.48,57.0,100.0,1.46,1.5,56,58,14,500
2025-09-13 20:35:00,2.2106950283050537,G1M1_new,g1m1_high_load,1.48,57.0,100.0,1.46,1.5,56,58,14,500
2025-09-13 20:36:00,2.21157169342041,G1M1_new,g1m1_high_load,1.48,57.0,100.0,1.46,1.5,56,58,14,500
2025-09-13 20:37:00,2.2125582695007324,G1M1_new,g1m1_high_load,1.48,57.0,100.0,1.46,1.5,56,58,14,500
2025-09-13 20:39:00,2.2124433517456055,G1M1_new,g1m1_high_load,1.48,57.0,100.0,1.46,1.5,56,58,14,500
2025-09-13 20:42:00,2.2137765884399414,G1M1_new,g1m1_high_load,1.48,57.0,100.0,1.46,1.5,56,58,14,500
2025-09-13 20:43:00,2.212904930114746,G1M1_new,g1m1_high_load,1.48,57.0,100.0,1.46,1.5,56,58,14,500
2025-09-13 20:45:00,2.2121849060058594,G1M1_new,g1m1_high_load,1.48,57.0,100.0,1.46,1.5,56,58,14,500
2025-09-13 20:47:00,2.211296558380127,G1M1_new,g1m1_high_load,1.48,57.0,100.0,1.46,1.5,56,58,14,500
2025-09-13 20:50:00,2.2071316242218018,G1M1_new,g1m1_high_load,1.48,57.0,100.0,1.46,1.5,56,58,14,500
2025-09-13 20:51:00,2.2067298889160156,G1M1_new,g1m1_high_load,1.48,57.0,100.0,1.46,1.5,56,58,14,500
2025-09-13 20:52:00,2.209355115890503,G1M1_new,g1m1_high_load,1.48,57.0,100.0,1.46,1.5,56,58,14,500
2025-09-13 20:56:00,2.2105517387390137,G1M1_new,g1m1_high_load,1.48,57.0,100.0,1.46,1.5,56,58,14,500
2025-09-13 20:57:00,2.2112784385681152,G1M1_new,g1m1_high_load,1.48,57.0,100.0,1.46,1.5,56,58,14,500
2025-09-13 20:59:00,2.2120516300201416,G1M1_new,g1m1_high_load,1.48,57.0,100.0,1.46,1.5,56,58,14,500
2025-09-13 21:00:00,2.212009906768799,G1M1_new,g1m1_high_load,1.48,57.0,100.0,1.46,1.5,56,58,14,500
2025-09-13 21:02:00,2.2122249603271484,G1M1_new,g1m1_high_load,1.48,57.0,100.0,1.46,1.5,56,58,14,500
2025-09-13 21:04:00,2.209928274154663,G1M1_new,g1m1_high_load,1.48,57.0,100.0,1.46,1.5,56,58,14,500
2025-12-06 19:17:00,2.2579801082611084,G1M1_new,g1m1_high_load,1.48,57.0,100.0,1.46,1.5,56,58,14,500
2025-12-06 19:21:00,2.251751661300659,G1M1_new,g1m1_high_load,1.48,57.0,100.0,1.46,1.5,56,58,14,500
2025-12-06 19:23:00,2.248838424682617,G1M1_new,g1m1_high_load,1.48,57.0,100.0,1.46,1.5,56,58,14,500
2025-12-06 19:25:00,2.2486016750335693,G1M1_new,g1m1_high_load,1.48,57.0,100.0,1.46,1.5,56,58,14,500
2025-12-06 19:26:00,2.2455782890319824,G1M1_new,g1m1_high_load,1.48,57.0,100.0,1.46,1.5,56,58,14,500
2025-12-06 19:28:00,2.2446866035461426,G1M1_new,g1m1_high_load,1.48,57.0,100.0,1.46,1.5,56,58,14,500
2025-12-06 19:29:00,2.245116710662842,G1M1_new,g1m1_high_load,1.48,57.0,100.0,1.46,1.5,56,58,14,500
2025-12-06 19:31:00,2.242764949798584,G1M1_new,g1m1_high_load,1.48,57.0,100.0,1.46,1.5,56,58,14,500
2025-12-06 19:32:00,2.242150068283081,G1M1_new,g1m1_high_load,1.48,57.0,100.0,1.46,1.5,56,58,14,500
2025-12-06 19:33:00,2.2384517192840576,G1M1_new,g1m1_high_load,1.48,57.0,100.0,1.46,1.5,56,58,14,500
2025-12-06 19:36:00,2.2373900413513184,G1M1_new,g1m1_high_load,1.48,57.0,100.0,1.46,1.5,56,58,14,500
2025-12-06 19:37:00,2.2381417751312256,G1M1_new,g1m1_high_load,1.48,57.0,100.0,1.46,1.5,56,58,14,500
2025-12-06 19:38:00,2.238840103149414,G1M1_new,g1m1_high_load,1.48,57.0,100.0,1.46,1.5,56,58,14,500
2025-12-06 19:39:00,2.2381882667541504,G1M1_new,g1m1_high_load,1.48,57.0,100.0,1.46,1.5,56,58,14,500
2025-12-06 19:41:00,2.238281726837158,G1M1_new,g1m1_high_load,1.48,57.0,100.0,1.46,1.5,56,58,14,500
2025-12-06 19:43:00,2.2398300170898438,G1M1_new,g1m1_high_load,1.48,57.0,100.0,1.46,1.5,56,58,14,500
2025-12-06 19:46:00,2.2386634349823,G1M1_new,g1m1_high_load,1.48,57.0,100.0,1.46,1.5,56,58,14,500
2025-12-06 19:47:00,2.2383382320404053,G1M1_new,g1m1_high_load,1.48,57.0,100.0,1.46,1.5,56,58,14,500
2025-12-06 19:49:00,2.238041639328003,G1M1_new,g1m1_high_load,1.48,57.0,100.0,1.46,1.5,56,58,14,500
2025-12-06 19:50:00,2.2371749877929688,G1M1_new,g1m1_high_load,1.48,57.0,100.0,1.46,1.5,56,58,14,500
2025-12-06 19:51:00,2.2356784343719482,G1M1_new,g1m1_high_load,1.48,57.0,100.0,1.46,1.5,56,58,14,500
2025-12-06 19:52:00,2.2344300746917725,G1M1_new,g1m1_high_load,1.48,57.0,100.0,1.46,1.5,56,58,14,500
2025-12-06 19:53:00,2.23382830619812,G1M1_new,g1m1_high_load,1.48,57.0,100.0,1.46,1.5,56,58,14,500
2025-12-06 19:54:00,2.232548236846924,G1M1_new,g1m1_high_load,1.48,57.0,100.0,1.46,1.5,56,58,14,500
2025-12-06 19:55:00,2.2310500144958496,G1M1_new,g1m1_high_load,1.48,57.0,100.0,1.46,1.5,56,58,14,500
2025-12-06 19:58:00,2.2335567474365234,G1M1_new,g1m1_high_load,1.48,57.0,100.0,1.46,1.5,56,58,14,500
2025-12-06 19:59:00,2.234398365020752,G1M1_new,g1m1_high_load,1.48,57.0,100.0,1.46,1.5,56,58,14,500
2025-12-06 20:03:00,2.235340118408203,G1M1_new,g1m1_high_load,1.48,57.0,100.0,1.46,1.5,56,58,14,500
2025-12-06 20:04:00,2.2345616817474365,G1M1_new,g1m1_high_load,1.48,57.0,100.0,1.46,1.5,56,58,14,500
2025-12-06 20:05:00,2.234466552734375,G1M1_new,g1m1_high_load,1.48,57.0,100.0,1.46,1.5,56,58,14,500
2025-12-06 20:07:00,2.232576608657837,G1M1_new,g1m1_high_load,1.48,57.0,100.0,1.46,1.5,56,58,14,500
2025-12-06 20:08:00,2.231800079345703,G1M1_new,g1m1_high_load,1.48,57.0,100.0,1.46,1.5,56,58,14,500
2025-12-06 20:10:00,2.2305233478546143,G1M1_new,g1m1_high_load,1.48,57.0,100.0,1.46,1.5,56,58,14,500
2025-12-06 20:11:00,2.229708433151245,G1M1_new,g1m1_high_load,1.48,57.0,100.0,1.46,1.5,56,58,14,500
2025-12-06 20:13:00,2.2299866676330566,G1M1_new,g1m1_high_load,1.48,57.0,100.0,1.46,1.5,56,58,14,500
2025-12-06 20:14:00,2.230221748352051,G1M1_new,g1m1_high_load,1.48,57.0,100.0,1.46,1.5,56,58,14,500
2025-12-06 20:15:00,2.231353282928467,G1M1_new,g1m1_high_load,1.48,57.0,100.0,1.46,1.5,56,58,14,500
2025-12-06 20:16:00,2.2328832149505615,G1M1_new,g1m1_high_load,1.48,57.0,100.0,1.46,1.5,56,58,14,500
2025-12-06 20:18:00,2.231053352355957,G1M1_new,g1m1_high_load,1.48,57.0,100.0,1.46,1.5,56,58,14,500
2025-12-06 20:20:00,2.2328383922576904,G1M1_new,g1m1_high_load,1.48,57.0,100.0,1.46,1.5,56,58,14,500
2025-12-06 20:21:00,2.231776714324951,G1M1_new,g1m1_high_load,1.48,57.0,100.0,1.46,1.5,56,58,14,500
2025-12-06 20:22:00,2.2307701110839844,G1M1_new,g1m1_high_load,1.48,57.0,100.0,1.46,1.5,56,58,14,500
2025-12-06 20:24:00,2.2287566661834717,G1M1_new,g1m1_high_load,1.48,57.0,100.0,1.46,1.5,56,58,14,500
2025-12-06 20:27:00,2.2301366329193115,G1M1_new,g1m1_high_load,1.48,57.0,100.0,1.46,1.5,56,58,14,500
2025-12-06 20:28:00,2.2299399375915527,G1M1_new,g1m1_high_load,1.48,57.0,100.0,1.46,1.5,56,58,14,500
2025-12-06 20:29:00,2.23152494430542,G1M1_new,g1m1_high_load,1.48,57.0,100.0,1.46,1.5,56,58,14,500
2025-12-06 20:30:00,2.2311415672302246,G1M1_new,g1m1_high_load,1.48,57.0,100.0,1.46,1.5,56,58,14,500
2025-12-06 20:32:00,2.228285074234009,G1M1_new,g1m1_high_load,1.48,57.0,100.0,1.46,1.5,56,58,14,500
2025-12-06 20:33:00,2.2305500507354736,G1M1_new,g1m1_high_load,1.48,57.0,100.0,1.46,1.5,56,58,14,500
2025-12-06 20:35:00,2.2296199798583984,G1M1_new,g1m1_high_load,1.48,57.0,100.0,1.46,1.5,56,58,14,500
2025-12-06 20:36:00,2.226726770401001,G1M1_new,g1m1_high_load,1.48,57.0,100.0,1.46,1.5,56,58,14,500
2025-12-06 20:41:00,2.227283239364624,G1M1_new,g1m1_high_load,1.48,57.0,100.0,1.46,1.5,56,58,14,500
2025-12-06 20:42:00,2.2281301021575928,G1M1_new,g1m1_high_load,1.48,57.0,100.0,1.46,1.5,56,58,14,500
2025-12-06 20:45:00,2.229724884033203,G1M1_new,g1m1_high_load,1.48,57.0,100.0,1.46,1.5,56,58,14,500
2025-12-06 20:49:00,2.2274599075317383,G1M1_new,g1m1_high_load,1.48,57.0,100.0,1.46,1.5,56,58,14,500
2025-12-06 20:50:00,2.226813316345215,G1M1_new,g1m1_high_load,1.48,57.0,100.0,1.46,1.5,56,58,14,500
2025-12-06 20:54:00,2.2246432304382324,G1M1_new,g1m1_high_load,1.48,57.0,100.0,1.46,1.5,56,58,14,500
2025-12-06 20:56:00,2.215428352355957,G1M1_new,g1m1_high_load,1.48,57.0,100.0,1.46,1.5,56,58,14,500
