timestamp,gt_uref_regression,segment,slope_v_per_day,slope_uv_per_h,intercept_v,r2
2021-06-19,1.8861613630909704,segment1,0.00020705328978159543,8.627220407566476,1.8861613630909704,0.936265970585488
2021-06-20,1.886368416380752,segment1,0.00020705328978159543,8.627220407566476,1.8861613630909704,0.936265970585488
2021-06-21,1.8865754696705335,segment1,0.00020705328978159543,8.627220407566476,1.8861613630909704,0.936265970585488
2021-06-22,1.8867825229603152,segment1,0.00020705328978159543,8.627220407566476,1.8861613630909704,0.936265970585488
2021-06-23,1.8869895762500968,segment1,0.00020705328978159543,8.627220407566476,1.8861613630909704,0.936265970585488
2021-06-24,1.8871966295398783,segment1,0.00020705328978159543,8.627220407566476,1.8861613630909704,0.936265970585488
2021-06-25,1.8874036828296599,segment1,0.00020705328978159543,8.627220407566476,1.8861613630909704,0.936265970585488
2021-06-26,1.8876107361194416,segment1,0.00020705328978159543,8.627220407566476,1.8861613630909704,0.936265970585488
2021-06-27,1.8878177894092232,segment1,0.00020705328978159543,8.627220407566476,1.8861613630909704,0.936265970585488
2021-06-28,1.8880248426990047,segment1,0.00020705328978159543,8.627220407566476,1.8861613630909704,0.936265970585488
2021-06-29,1.8882318959887863,segment1,0.00020705328978159543,8.627220407566476,1.8861613630909704,0.936265970585488
2021-06-30,1.888438949278568,segment1,0.00020705328978159543,8.627220407566476,1.8861613630909704,0.936265970585488
2021-07-01,1.8886460025683496,segment1,0.00020705328978159543,8.627220407566476,1.8861613630909704,0.936265970585488
2021-07-02,1.8888530558581311,segment1,0.00020705328978159543,8.627220407566476,1.8861613630909704,0.936265970585488
2021-07-03,1.8890601091479127,segment1,0.00020705328978159543,8.627220407566476,1.8861613630909704,0.936265970585488
2021-07-04,1.8892671624376942,segment1,0.00020705328978159543,8.627220407566476,1.8861613630909704,0.936265970585488
2021-07-05,1.889474215727476,segment1,0.00020705328978159543,8.627220407566476,1.8861613630909704,0.936265970585488
2021-07-06,1.8896812690172575,segment1,0.00020705328978159543,8.627220407566476,1.8861613630909704,0.936265970585488
2021-07-07,1.889888322307039,segment1,0.00020705328978159543,8.627220407566476,1.8861613630909704,0.936265970585488
2021-07-08,1.8900953755968206,segment1,0.00020705328978159543,8.627220407566476,1.8861613630909704,0.936265970585488
2021-07-09,1.8903024288866024,segment1,0.00020705328978159543,8.627220407566476,1.8861613630909704,0.936265970585488
2021-07-10,1.890509482176384,segment1,0.00020705328978159543,8.627220407566476,1.8861613630909704,0.936265970585488
2021-07-11,1.8907165354661655,segment1,0.00020705328978159543,8.627220407566476,1.8861613630909704,0.936265970585488
2021-07-12,1.890923588755947,segment1,0.00020705328978159543,8.627220407566476,1.8861613630909704,0.936265970585488
2021-07-13,1.8911306420457286,segment1,0.00020705328978159543,8.627220407566476,1.8861613630909704,0.936265970585488
2021-07-14,1.8913376953355103,segment1,0.00020705328978159543,8.627220407566476,1.8861613630909704,0.936265970585488
2021-07-15,1.8915447486252919,segment1,0.00020705328978159543,8.627220407566476,1.8861613630909704,0.936265970585488
2021-07-16,1.8917518019150734,segment1,0.00020705328978159543,8.627220407566476,1.8861613630909704,0.936265970585488
2021-07-17,1.891958855204855,segment1,0.00020705328978159543,8.627220407566476,1.8861613630909704,0.936265970585488
2021-07-18,1.8921659084946367,segment1,0.00020705328978159543,8.627220407566476,1.8861613630909704,0.936265970585488
2021-07-19,1.8923729617844183,segment1,0.00020705328978159543,8.627220407566476,1.8861613630909704,0.936265970585488
2021-07-20,1.8925800150741998,segment1,0.00020705328978159543,8.627220407566476,1.8861613630909704,0.936265970585488
2021-07-21,1.8927870683639814,segment1,0.00020705328978159543,8.627220407566476,1.8861613630909704,0.936265970585488
2021-07-22,1.8929941216537631,segment1,0.00020705328978159543,8.627220407566476,1.8861613630909704,0.936265970585488
2021-07-23,1.8932011749435447,segment1,0.00020705328978159543,8.627220407566476,1.8861613630909704,0.936265970585488
2021-07-24,1.8934082282333262,segment1,0.00020705328978159543,8.627220407566476,1.8861613630909704,0.936265970585488
2021-07-25,1.8936152815231078,segment1,0.00020705328978159543,8.627220407566476,1.8861613630909704,0.936265970585488
2021-07-26,1.8938223348128893,segment1,0.00020705328978159543,8.627220407566476,1.8861613630909704,0.936265970585488
2021-07-27,1.894029388102671,segment1,0.00020705328978159543,8.627220407566476,1.8861613630909704,0.936265970585488
2021-07-28,1.8942364413924526,segment1,0.00020705328978159543,8.627220407566476,1.8861613630909704,0.936265970585488
2021-07-29,1.8944434946822342,segment1,0.00020705328978159543,8.627220407566476,1.8861613630909704,0.936265970585488
2021-07-30,1.8946505479720157,segment1,0.00020705328978159543,8.627220407566476,1.8861613630909704,0.936265970585488
2021-07-31,1.8948576012617975,segment1,0.00020705328978159543,8.627220407566476,1.8861613630909704,0.936265970585488
2021-08-01,1.895064654551579,segment1,0.00020705328978159543,8.627220407566476,1.8861613630909704,0.936265970585488
2021-08-02,1.8952717078413606,segment1,0.00020705328978159543,8.627220407566476,1.8861613630909704,0.936265970585488
2021-08-03,1.895478761131142,segment1,0.00020705328978159543,8.627220407566476,1.8861613630909704,0.936265970585488
2021-08-04,1.8956858144209239,segment1,0.00020705328978159543,8.627220407566476,1.8861613630909704,0.936265970585488
2021-08-05,1.8958928677107054,segment1,0.00020705328978159543,8.627220407566476,1.8861613630909704,0.936265970585488
2021-08-06,1.896099921000487,segment1,0.00020705328978159543,8.627220407566476,1.8861613630909704,0.936265970585488
2021-08-07,1.8963069742902685,segment1,0.00020705328978159543,8.627220407566476,1.8861613630909704,0.936265970585488
2021-08-08,1.89651402758005,segment1,0.00020705328978159543,8.627220407566476,1.8861613630909704,0.936265970585488
2021-08-09,1.8967210808698318,segment1,0.00020705328978159543,8.627220407566476,1.8861613630909704,0.936265970585488
2021-08-10,1.8969281341596134,segment1,0.00020705328978159543,8.627220407566476,1.8861613630909704,0.936265970585488
2021-08-11,1.897135187449395,segment1,0.00020705328978159543,8.627220407566476,1.8861613630909704,0.936265970585488
2021-08-12,1.8973422407391765,segment1,0.00020705328978159543,8.627220407566476,1.8861613630909704,0.936265970585488
2021-08-13,1.8975492940289582,segment1,0.00020705328978159543,8.627220407566476,1.8861613630909704,0.936265970585488
2021-08-14,1.8977563473187398,segment1,0.00020705328978159543,8.627220407566476,1.8861613630909704,0.936265970585488
2021-08-15,1.8979634006085213,segment1,0.00020705328978159543,8.627220407566476,1.8861613630909704,0.936265970585488
2021-08-16,1.8981704538983029,segment1,0.00020705328978159543,8.627220407566476,1.8861613630909704,0.936265970585488
2021-08-17,1.8983775071880844,segment1,0.00020705328978159543,8.627220407566476,1.8861613630909704,0.936265970585488
2021-08-18,1.8985845604778662,segment1,0.00020705328978159543,8.627220407566476,1.8861613630909704,0.936265970585488
2021-08-19,1.8987916137676477,segment1,0.00020705328978159543,8.627220407566476,1.8861613630909704,0.936265970585488
2021-08-20,1.8989986670574293,segment1,0.00020705328978159543,8.627220407566476,1.8861613630909704,0.936265970585488
2021-08-21,1.8992057203472108,segment1,0.00020705328978159543,8.627220407566476,1.8861613630909704,0.936265970585488
2021-08-22,1.8994127736369926,segment1,0.00020705328978159543,8.627220407566476,1.8861613630909704,0.936265970585488
2021-08-23,1.8996198269267741,segment1,0.00020705328978159543,8.627220407566476,1.8861613630909704,0.936265970585488
2021-08-24,1.8998268802165557,segment1,0.00020705328978159543,8.627220407566476,1.8861613630909704,0.936265970585488
2021-08-25,1.9000339335063372,segment1,0.00020705328978159543,8.627220407566476,1.8861613630909704,0.936265970585488
2021-08-26,1.900240986796119,segment1,0.00020705328978159543,8.627220407566476,1.8861613630909704,0.936265970585488
2021-08-27,1.9004480400859005,segment1,0.00020705328978159543,8.627220407566476,1.8861613630909704,0.936265970585488
2021-08-28,1.900655093375682,segment1,0.00020705328978159543,8.627220407566476,1.8861613630909704,0.936265970585488
2021-08-29,1.9008621466654636,segment1,0.00020705328978159543,8.627220407566476,1.8861613630909704,0.936265970585488
2021-08-30,1.9010691999552451,segment1,0.00020705328978159543,8.627220407566476,1.8861613630909704,0.936265970585488
2021-08-31,1.901276253245027,segment1,0.00020705328978159543,8.627220407566476,1.8861613630909704,0.936265970585488
2021-09-01,1.9014833065348085,segment1,0.00020705328978159543,8.627220407566476,1.8861613630909704,0.936265970585488
2021-09-02,1.90169035982459,segment1,0.00020705328978159543,8.627220407566476,1.8861613630909704,0.936265970585488
2021-09-03,1.9018974131143715,segment1,0.00020705328978159543,8.627220407566476,1.8861613630909704,0.936265970585488
2021-09-04,1.9021044664041533,segment1,0.00020705328978159543,8.627220407566476,1.8861613630909704,0.936265970585488
2021-09-05,1.9023115196939349,segment1,0.00020705328978159543,8.627220407566476,1.8861613630909704,0.936265970585488
2021-09-06,1.9025185729837164,segment1,0.00020705328978159543,8.627220407566476,1.8861613630909704,0.936265970585488
2021-09-07,1.902725626273498,segment1,0.00020705328978159543,8.627220407566476,1.8861613630909704,0.936265970585488
2021-09-08,1.9029326795632797,segment1,0.00020705328978159543,8.627220407566476,1.8861613630909704,0.936265970585488
2021-09-09,1.9031397328530613,segment1,0.00020705328978159543,8.627220407566476,1.8861613630909704,0.936265970585488
2021-09-10,1.9033467861428428,segment1,0.00020705328978159543,8.627220407566476,1.8861613630909704,0.936265970585488
2021-09-11,1.9035538394326244,segment1,0.00020705328978159543,8.627220407566476,1.8861613630909704,0.936265970585488
2021-09-12,1.903760892722406,segment1,0.00020705328978159543,8.627220407566476,1.8861613630909704,0.936265970585488
2021-09-13,1.9039679460121877,segment1,0.00020705328978159543,8.627220407566476,1.8861613630909704,0.936265970585488
2021-09-14,1.9041749993019692,segment1,0.00020705328978159543,8.627220407566476,1.8861613630909704,0.936265970585488
2021-09-15,1.9043820525917508,segment1,0.00020705328978159543,8.627220407566476,1.8861613630909704,0.936265970585488
2021-09-16,1.9045891058815323,segment1,0.00020705328978159543,8.627220407566476,1.8861613630909704,0.936265970585488
2021-09-17,1.904796159171314,segment1,0.00020705328978159543,8.627220407566476,1.8861613630909704,0.936265970585488
2021-09-18,1.9050032124610956,segment1,0.00020705328978159543,8.627220407566476,1.8861613630909704,0.936265970585488
2021-09-19,1.9052102657508772,segment1,0.00020705328978159543,8.627220407566476,1.8861613630909704,0.936265970585488
2021-09-20,1.9054173190406587,segment1,0.00020705328978159543,8.627220407566476,1.8861613630909704,0.936265970585488
2021-09-21,1.9056243723304402,segment1,0.00020705328978159543,8.627220407566476,1.8861613630909704,0.936265970585488
2021-09-22,1.905831425620222,segment1,0.00020705328978159543,8.627220407566476,1.8861613630909704,0.936265970585488
2021-09-23,1.9060384789100036,segment1,0.00020705328978159543,8.627220407566476,1.8861613630909704,0.936265970585488
2021-09-24,1.906245532199785,segment1,0.00020705328978159543,8.627220407566476,1.8861613630909704,0.936265970585488
2021-09-25,1.9064525854895666,segment1,0.00020705328978159543,8.627220407566476,1.8861613630909704,0.936265970585488
2021-09-26,1.9066596387793484,segment1,0.00020705328978159543,8.627220407566476,1.8861613630909704,0.936265970585488
2021-09-27,1.90686669206913,segment1,0.00020705328978159543,8.627220407566476,1.8861613630909704,0.936265970585488
2021-09-28,1.9070737453589115,segment1,0.00020705328978159543,8.627220407566476,1.8861613630909704,0.936265970585488
2021-09-29,1.907280798648693,segment1,0.00020705328978159543,8.627220407566476,1.8861613630909704,0.936265970585488
2021-09-30,1.9074878519384748,segment1,0.00020705328978159543,8.627220407566476,1.8861613630909704,0.936265970585488
2021-10-01,1.9076949052282564,segment1,0.00020705328978159543,8.627220407566476,1.8861613630909704,0.936265970585488
2021-10-02,1.907901958518038,segment1,0.00020705328978159543,8.627220407566476,1.8861613630909704,0.936265970585488
2021-10-03,1.9081090118078194,segment1,0.00020705328978159543,8.627220407566476,1.8861613630909704,0.936265970585488
2021-10-04,1.908316065097601,segment1,0.00020705328978159543,8.627220407566476,1.8861613630909704,0.936265970585488
2021-10-05,1.9085231183873828,segment1,0.00020705328978159543,8.627220407566476,1.8861613630909704,0.936265970585488
2021-10-06,1.9087301716771643,segment1,0.00020705328978159543,8.627220407566476,1.8861613630909704,0.936265970585488
2021-10-07,1.9089372249669458,segment1,0.00020705328978159543,8.627220407566476,1.8861613630909704,0.936265970585488
2021-10-08,1.9091442782567274,segment1,0.00020705328978159543,8.627220407566476,1.8861613630909704,0.936265970585488
2021-10-09,1.9093513315465092,segment1,0.00020705328978159543,8.627220407566476,1.8861613630909704,0.936265970585488
2021-10-10,1.9095583848362907,segment1,0.00020705328978159543,8.627220407566476,1.8861613630909704,0.936265970585488
2021-10-11,1.9097654381260722,segment1,0.00020705328978159543,8.627220407566476,1.8861613630909704,0.936265970585488
2021-10-12,1.9099724914158538,segment1,0.00020705328978159543,8.627220407566476,1.8861613630909704,0.936265970585488
2021-10-13,1.9101795447056356,segment1,0.00020705328978159543,8.627220407566476,1.8861613630909704,0.936265970585488
2021-10-14,1.910386597995417,segment1,0.00020705328978159543,8.627220407566476,1.8861613630909704,0.936265970585488
2021-10-15,1.9105936512851986,segment1,0.00020705328978159543,8.627220407566476,1.8861613630909704,0.936265970585488
2021-10-16,1.9108007045749802,segment1,0.00020705328978159543,8.627220407566476,1.8861613630909704,0.936265970585488
2021-10-17,1.9110077578647617,segment1,0.00020705328978159543,8.627220407566476,1.8861613630909704,0.936265970585488
2021-10-18,1.9112148111545435,segment1,0.00020705328978159543,8.627220407566476,1.8861613630909704,0.936265970585488
2021-10-19,1.911421864444325,segment1,0.00020705328978159543,8.627220407566476,1.8861613630909704,0.936265970585488
2021-10-20,1.9116289177341066,segment1,0.00020705328978159543,8.627220407566476,1.8861613630909704,0.936265970585488
2021-10-21,1.9118359710238881,segment1,0.00020705328978159543,8.627220407566476,1.8861613630909704,0.936265970585488
2021-10-22,1.91204302431367,segment1,0.00020705328978159543,8.627220407566476,1.8861613630909704,0.936265970585488
2021-10-23,1.9122500776034514,segment1,0.00020705328978159543,8.627220407566476,1.8861613630909704,0.936265970585488
2021-10-24,1.912457130893233,segment1,0.00020705328978159543,8.627220407566476,1.8861613630909704,0.936265970585488
2021-10-25,1.9126641841830145,segment1,0.00020705328978159543,8.627220407566476,1.8861613630909704,0.936265970585488
2021-10-26,1.912871237472796,segment1,0.00020705328978159543,8.627220407566476,1.8861613630909704,0.936265970585488
2021-10-27,1.9130782907625778,segment1,0.00020705328978159543,8.627220407566476,1.8861613630909704,0.936265970585488
2021-10-28,1.9132853440523594,segment1,0.00020705328978159543,8.627220407566476,1.8861613630909704,0.936265970585488
2021-10-29,1.913492397342141,segment1,0.00020705328978159543,8.627220407566476,1.8861613630909704,0.936265970585488
2021-10-30,1.9136994506319225,segment1,0.00020705328978159543,8.627220407566476,1.8861613630909704,0.936265970585488
2021-10-31,1.9139065039217042,segment1,0.00020705328978159543,8.627220407566476,1.8861613630909704,0.936265970585488
2021-11-01,1.9141135572114858,segment1,0.00020705328978159543,8.627220407566476,1.8861613630909704,0.936265970585488
2021-11-02,1.9143206105012673,segment1,0.00020705328978159543,8.627220407566476,1.8861613630909704,0.936265970585488
2021-11-03,1.9145276637910489,segment1,0.00020705328978159543,8.627220407566476,1.8861613630909704,0.936265970585488
2021-11-04,1.9147347170808307,segment1,0.00020705328978159543,8.627220407566476,1.8861613630909704,0.936265970585488
2021-11-05,1.9149417703706122,segment1,0.00020705328978159543,8.627220407566476,1.8861613630909704,0.936265970585488
2021-11-06,1.9151488236603937,segment1,0.00020705328978159543,8.627220407566476,1.8861613630909704,0.936265970585488
2021-11-07,1.9153558769501753,segment1,0.00020705328978159543,8.627220407566476,1.8861613630909704,0.936265970585488
2021-11-08,1.9155629302399568,segment1,0.00020705328978159543,8.627220407566476,1.8861613630909704,0.936265970585488
2021-11-09,1.9157699835297386,segment1,0.00020705328978159543,8.627220407566476,1.8861613630909704,0.936265970585488
2021-11-10,1.9159770368195201,segment1,0.00020705328978159543,8.627220407566476,1.8861613630909704,0.936265970585488
2021-11-11,1.9161840901093017,segment1,0.00020705328978159543,8.627220407566476,1.8861613630909704,0.936265970585488
2021-11-12,1.9163911433990832,segment1,0.00020705328978159543,8.627220407566476,1.8861613630909704,0.936265970585488
2021-11-13,1.916598196688865,segment1,0.00020705328978159543,8.627220407566476,1.8861613630909704,0.936265970585488
2021-11-14,1.9168052499786465,segment1,0.00020705328978159543,8.627220407566476,1.8861613630909704,0.936265970585488
2021-11-15,1.917012303268428,segment1,0.00020705328978159543,8.627220407566476,1.8861613630909704,0.936265970585488
2021-11-16,1.9172193565582096,segment1,0.00020705328978159543,8.627220407566476,1.8861613630909704,0.936265970585488
2021-11-17,1.9174264098479914,segment1,0.00020705328978159543,8.627220407566476,1.8861613630909704,0.936265970585488
2021-11-18,1.917633463137773,segment1,0.00020705328978159543,8.627220407566476,1.8861613630909704,0.936265970585488
2021-11-19,1.9178405164275545,segment1,0.00020705328978159543,8.627220407566476,1.8861613630909704,0.936265970585488
2021-11-20,1.918047569717336,segment1,0.00020705328978159543,8.627220407566476,1.8861613630909704,0.936265970585488
2021-11-21,1.9182546230071176,segment1,0.00020705328978159543,8.627220407566476,1.8861613630909704,0.936265970585488
2021-11-22,1.9184616762968993,segment1,0.00020705328978159543,8.627220407566476,1.8861613630909704,0.936265970585488
2021-11-23,1.9186687295866809,segment1,0.00020705328978159543,8.627220407566476,1.8861613630909704,0.936265970585488
2021-11-24,1.9188757828764624,segment1,0.00020705328978159543,8.627220407566476,1.8861613630909704,0.936265970585488
2021-11-25,1.919082836166244,segment1,0.00020705328978159543,8.627220407566476,1.8861613630909704,0.936265970585488
2021-11-26,1.9192898894560257,segment1,0.00020705328978159543,8.627220407566476,1.8861613630909704,0.936265970585488
2021-11-27,1.9194969427458073,segment1,0.00020705328978159543,8.627220407566476,1.8861613630909704,0.936265970585488
2021-11-28,1.9197039960355888,segment1,0.00020705328978159543,8.627220407566476,1.8861613630909704,0.936265970585488
2021-11-29,1.9199110493253704,segment1,0.00020705328978159543,8.627220407566476,1.8861613630909704,0.936265970585488
2021-11-30,1.920118102615152,segment1,0.00020705328978159543,8.627220407566476,1.8861613630909704,0.936265970585488
2021-12-01,1.9203251559049337,segment1,0.00020705328978159543,8.627220407566476,1.8861613630909704,0.936265970585488
2021-12-02,1.9205322091947152,segment1,0.00020705328978159543,8.627220407566476,1.8861613630909704,0.936265970585488
2021-12-03,1.9207392624844968,segment1,0.00020705328978159543,8.627220407566476,1.8861613630909704,0.936265970585488
2021-12-04,1.9209463157742783,segment1,0.00020705328978159543,8.627220407566476,1.8861613630909704,0.936265970585488
2021-12-05,1.92115336906406,segment1,0.00020705328978159543,8.627220407566476,1.8861613630909704,0.936265970585488
2021-12-06,1.9213604223538416,segment1,0.00020705328978159543,8.627220407566476,1.8861613630909704,0.936265970585488
2021-12-07,1.9215674756436232,segment1,0.00020705328978159543,8.627220407566476,1.8861613630909704,0.936265970585488
2021-12-08,1.9217745289334047,segment1,0.00020705328978159543,8.627220407566476,1.8861613630909704,0.936265970585488
2021-12-09,1.9219815822231865,segment1,0.00020705328978159543,8.627220407566476,1.8861613630909704,0.936265970585488
2021-12-10,1.922188635512968,segment1,0.00020705328978159543,8.627220407566476,1.8861613630909704,0.936265970585488
2021-12-11,1.9223956888027496,segment1,0.00020705328978159543,8.627220407566476,1.8861613630909704,0.936265970585488
2021-12-12,1.9226027420925311,segment1,0.00020705328978159543,8.627220407566476,1.8861613630909704,0.936265970585488
2021-12-13,1.9228097953823127,segment1,0.00020705328978159543,8.627220407566476,1.8861613630909704,0.936265970585488
2021-12-14,1.9230168486720944,segment1,0.00020705328978159543,8.627220407566476,1.8861613630909704,0.936265970585488
2021-12-15,1.923223901961876,segment1,0.00020705328978159543,8.627220407566476,1.8861613630909704,0.936265970585488
2021-12-16,1.9234309552516575,segment1,0.00020705328978159543,8.627220407566476,1.8861613630909704,0.936265970585488
2021-12-17,1.923638008541439,segment1,0.00020705328978159543,8.627220407566476,1.8861613630909704,0.936265970585488
2021-12-18,1.9238450618312208,segment1,0.00020705328978159543,8.627220407566476,1.8861613630909704,0.936265970585488
2021-12-19,1.9240521151210024,segment1,0.00020705328978159543,8.627220407566476,1.8861613630909704,0.936265970585488
2021-12-20,1.924259168410784,segment1,0.00020705328978159543,8.627220407566476,1.8861613630909704,0.936265970585488
2021-12-21,1.9244662217005655,segment1,0.00020705328978159543,8.627220407566476,1.8861613630909704,0.936265970585488
2021-12-22,1.9246732749903472,segment1,0.00020705328978159543,8.627220407566476,1.8861613630909704,0.936265970585488
2021-12-23,1.9248803282801288,segment1,0.00020705328978159543,8.627220407566476,1.8861613630909704,0.936265970585488
2021-12-24,1.9250873815699103,segment1,0.00020705328978159543,8.627220407566476,1.8861613630909704,0.936265970585488
2021-12-25,1.9252944348596919,segment1,0.00020705328978159543,8.627220407566476,1.8861613630909704,0.936265970585488
2021-12-26,1.9255014881494734,segment1,0.00020705328978159543,8.627220407566476,1.8861613630909704,0.936265970585488
2021-12-27,1.9257085414392552,segment1,0.00020705328978159543,8.627220407566476,1.8861613630909704,0.936265970585488
2021-12-28,1.9259155947290367,segment1,0.00020705328978159543,8.627220407566476,1.8861613630909704,0.936265970585488
2021-12-29,1.9261226480188183,segment1,0.00020705328978159543,8.627220407566476,1.8861613630909704,0.936265970585488
2021-12-30,1.9263297013085998,segment1,0.00020705328978159543,8.627220407566476,1.8861613630909704,0.936265970585488
2021-12-31,1.9265367545983816,segment1,0.00020705328978159543,8.627220407566476,1.8861613630909704,0.936265970585488
2022-01-01,1.9267438078881631,segment1,0.00020705328978159543,8.627220407566476,1.8861613630909704,0.936265970585488
2022-01-02,1.9269508611779447,segment1,0.00020705328978159543,8.627220407566476,1.8861613630909704,0.936265970585488
2022-01-03,1.9271579144677262,segment1,0.00020705328978159543,8.627220407566476,1.8861613630909704,0.936265970585488
2022-01-04,1.9273649677575078,segment1,0.00020705328978159543,8.627220407566476,1.8861613630909704,0.936265970585488
2022-01-05,1.9275720210472895,segment1,0.00020705328978159543,8.627220407566476,1.8861613630909704,0.936265970585488
2022-01-06,1.927779074337071,segment1,0.00020705328978159543,8.627220407566476,1.8861613630909704,0.936265970585488
2022-01-07,1.9279861276268526,segment1,0.00020705328978159543,8.627220407566476,1.8861613630909704,0.936265970585488
2022-01-08,1.9281931809166342,segment1,0.00020705328978159543,8.627220407566476,1.8861613630909704,0.936265970585488
2022-01-09,1.928400234206416,segment1,0.00020705328978159543,8.627220407566476,1.8861613630909704,0.936265970585488
2022-01-10,1.9286072874961975,segment1,0.00020705328978159543,8.627220407566476,1.8861613630909704,0.936265970585488
2022-01-11,1.928814340785979,segment1,0.00020705328978159543,8.627220407566476,1.8861613630909704,0.936265970585488
2022-01-12,1.9290213940757606,segment1,0.00020705328978159543,8.627220407566476,1.8861613630909704,0.936265970585488
2022-01-13,1.9292284473655423,segment1,0.00020705328978159543,8.627220407566476,1.8861613630909704,0.936265970585488
2022-01-14,1.9294355006553239,segment1,0.00020705328978159543,8.627220407566476,1.8861613630909704,0.936265970585488
2022-01-15,1.9296425539451054,segment1,0.00020705328978159543,8.627220407566476,1.8861613630909704,0.936265970585488
2022-01-16,1.929849607234887,segment1,0.00020705328978159543,8.627220407566476,1.8861613630909704,0.936265970585488
2022-01-17,1.9300566605246685,segment1,0.00020705328978159543,8.627220407566476,1.8861613630909704,0.936265970585488
2022-01-18,1.9302637138144503,segment1,0.00020705328978159543,8.627220407566476,1.8861613630909704,0.936265970585488
2022-01-19,1.9304707671042318,segment1,0.00020705328978159543,8.627220407566476,1.8861613630909704,0.936265970585488
2022-01-20,1.9306778203940134,segment1,0.00020705328978159543,8.627220407566476,1.8861613630909704,0.936265970585488
2022-01-21,1.930884873683795,segment1,0.00020705328978159543,8.627220407566476,1.8861613630909704,0.936265970585488
2022-01-22,1.9310919269735767,segment1,0.00020705328978159543,8.627220407566476,1.8861613630909704,0.936265970585488
2022-01-23,1.9312989802633582,segment1,0.00020705328978159543,8.627220407566476,1.8861613630909704,0.936265970585488
2022-01-24,1.9315060335531398,segment1,0.00020705328978159543,8.627220407566476,1.8861613630909704,0.936265970585488
2022-01-25,1.9317130868429213,segment1,0.00020705328978159543,8.627220407566476,1.8861613630909704,0.936265970585488
2022-01-26,1.931920140132703,segment1,0.00020705328978159543,8.627220407566476,1.8861613630909704,0.936265970585488
2022-01-27,1.9321271934224846,segment1,0.00020705328978159543,8.627220407566476,1.8861613630909704,0.936265970585488
2022-01-28,1.9323342467122662,segment1,0.00020705328978159543,8.627220407566476,1.8861613630909704,0.936265970585488
2022-01-29,1.9325413000020477,segment1,0.00020705328978159543,8.627220407566476,1.8861613630909704,0.936265970585488
2022-01-30,1.9327483532918293,segment1,0.00020705328978159543,8.627220407566476,1.8861613630909704,0.936265970585488
2022-01-31,1.932955406581611,segment1,0.00020705328978159543,8.627220407566476,1.8861613630909704,0.936265970585488
2022-02-01,1.9331624598713926,segment1,0.00020705328978159543,8.627220407566476,1.8861613630909704,0.936265970585488
2022-02-02,1.9333695131611741,segment1,0.00020705328978159543,8.627220407566476,1.8861613630909704,0.936265970585488
2022-02-03,1.9335765664509557,segment1,0.00020705328978159543,8.627220407566476,1.8861613630909704,0.936265970585488
2022-02-04,1.9337836197407374,segment1,0.00020705328978159543,8.627220407566476,1.8861613630909704,0.936265970585488
2022-02-05,1.933990673030519,segment1,0.00020705328978159543,8.627220407566476,1.8861613630909704,0.936265970585488
2022-02-06,1.9341977263203005,segment1,0.00020705328978159543,8.627220407566476,1.8861613630909704,0.936265970585488
2022-02-07,1.934404779610082,segment1,0.00020705328978159543,8.627220407566476,1.8861613630909704,0.936265970585488
2022-02-08,1.9346118328998636,segment1,0.00020705328978159543,8.627220407566476,1.8861613630909704,0.936265970585488
2022-02-09,1.9348188861896454,segment1,0.00020705328978159543,8.627220407566476,1.8861613630909704,0.936265970585488
2022-02-10,1.935025939479427,segment1,0.00020705328978159543,8.627220407566476,1.8861613630909704,0.936265970585488
2022-02-11,1.9352329927692085,segment1,0.00020705328978159543,8.627220407566476,1.8861613630909704,0.936265970585488
2022-02-12,1.93544004605899,segment1,0.00020705328978159543,8.627220407566476,1.8861613630909704,0.936265970585488
2022-02-13,1.9356470993487718,segment1,0.00020705328978159543,8.627220407566476,1.8861613630909704,0.936265970585488
2022-02-14,1.9358541526385533,segment1,0.00020705328978159543,8.627220407566476,1.8861613630909704,0.936265970585488
2022-02-15,1.9360612059283349,segment1,0.00020705328978159543,8.627220407566476,1.8861613630909704,0.936265970585488
2022-02-16,1.9362682592181164,segment1,0.00020705328978159543,8.627220407566476,1.8861613630909704,0.936265970585488
2022-02-17,1.9364753125078982,segment1,0.00020705328978159543,8.627220407566476,1.8861613630909704,0.936265970585488
2022-02-18,1.9366823657976797,segment1,0.00020705328978159543,8.627220407566476,1.8861613630909704,0.936265970585488
2022-02-19,1.9368894190874613,segment1,0.00020705328978159543,8.627220407566476,1.8861613630909704,0.936265970585488
2022-02-20,1.9370964723772428,segment1,0.00020705328978159543,8.627220407566476,1.8861613630909704,0.936265970585488
2022-02-21,1.9373035256670244,segment1,0.00020705328978159543,8.627220407566476,1.8861613630909704,0.936265970585488
2022-02-22,1.9375105789568061,segment1,0.00020705328978159543,8.627220407566476,1.8861613630909704,0.936265970585488
2022-02-23,1.9377176322465877,segment1,0.00020705328978159543,8.627220407566476,1.8861613630909704,0.936265970585488
2022-02-24,1.9379246855363692,segment1,0.00020705328978159543,8.627220407566476,1.8861613630909704,0.936265970585488
2022-02-25,1.9381317388261508,segment1,0.00020705328978159543,8.627220407566476,1.8861613630909704,0.936265970585488
2022-02-26,1.9383387921159325,segment1,0.00020705328978159543,8.627220407566476,1.8861613630909704,0.936265970585488
2022-02-27,1.938545845405714,segment1,0.00020705328978159543,8.627220407566476,1.8861613630909704,0.936265970585488
2022-02-28,1.9387528986954956,segment1,0.00020705328978159543,8.627220407566476,1.8861613630909704,0.936265970585488
2022-03-01,1.9389599519852772,segment1,0.00020705328978159543,8.627220407566476,1.8861613630909704,0.936265970585488
2022-03-02,1.939167005275059,segment1,0.00020705328978159543,8.627220407566476,1.8861613630909704,0.936265970585488
2022-03-03,1.9393740585648405,segment1,0.00020705328978159543,8.627220407566476,1.8861613630909704,0.936265970585488
2022-03-04,1.939581111854622,segment1,0.00020705328978159543,8.627220407566476,1.8861613630909704,0.936265970585488
2022-03-05,1.9397881651444036,segment1,0.00020705328978159543,8.627220407566476,1.8861613630909704,0.936265970585488
2022-03-06,1.939995218434185,segment1,0.00020705328978159543,8.627220407566476,1.8861613630909704,0.936265970585488
2022-03-07,1.9402022717239669,segment1,0.00020705328978159543,8.627220407566476,1.8861613630909704,0.936265970585488
2022-03-08,1.9404093250137484,segment1,0.00020705328978159543,8.627220407566476,1.8861613630909704,0.936265970585488
2022-03-09,1.94061637830353,segment1,0.00020705328978159543,8.627220407566476,1.8861613630909704,0.936265970585488
2022-03-10,1.9408234315933115,segment1,0.00020705328978159543,8.627220407566476,1.8861613630909704,0.936265970585488
2022-03-11,1.9410304848830933,segment1,0.00020705328978159543,8.627220407566476,1.8861613630909704,0.936265970585488
2022-03-12,1.9412375381728748,segment1,0.00020705328978159543,8.627220407566476,1.8861613630909704,0.936265970585488
2022-03-13,1.9414445914626564,segment1,0.00020705328978159543,8.627220407566476,1.8861613630909704,0.936265970585488
2022-03-14,1.941651644752438,segment1,0.00020705328978159543,8.627220407566476,1.8861613630909704,0.936265970585488
2022-03-15,1.9418586980422194,segment1,0.00020705328978159543,8.627220407566476,1.8861613630909704,0.936265970585488
2022-03-16,1.9420657513320012,segment1,0.00020705328978159543,8.627220407566476,1.8861613630909704,0.936265970585488
2022-03-17,1.9422728046217828,segment1,0.00020705328978159543,8.627220407566476,1.8861613630909704,0.936265970585488
2022-03-18,1.9424798579115643,segment1,0.00020705328978159543,8.627220407566476,1.8861613630909704,0.936265970585488
2022-03-19,1.9426869112013458,segment1,0.00020705328978159543,8.627220407566476,1.8861613630909704,0.936265970585488
2022-03-20,1.9428939644911276,segment1,0.00020705328978159543,8.627220407566476,1.8861613630909704,0.936265970585488
2022-03-21,1.9431010177809092,segment1,0.00020705328978159543,8.627220407566476,1.8861613630909704,0.936265970585488
2022-03-22,1.9433080710706907,segment1,0.00020705328978159543,8.627220407566476,1.8861613630909704,0.936265970585488
2022-03-23,1.9435151243604722,segment1,0.00020705328978159543,8.627220407566476,1.8861613630909704,0.936265970585488
2022-03-24,1.943722177650254,segment1,0.00020705328978159543,8.627220407566476,1.8861613630909704,0.936265970585488
2022-03-25,1.9439292309400356,segment1,0.00020705328978159543,8.627220407566476,1.8861613630909704,0.936265970585488
2022-03-26,1.944136284229817,segment1,0.00020705328978159543,8.627220407566476,1.8861613630909704,0.936265970585488
2022-03-27,1.9443433375195986,segment1,0.00020705328978159543,8.627220407566476,1.8861613630909704,0.936265970585488
2022-03-28,1.9445503908093802,segment1,0.00020705328978159543,8.627220407566476,1.8861613630909704,0.936265970585488
2022-03-29,1.944757444099162,segment1,0.00020705328978159543,8.627220407566476,1.8861613630909704,0.936265970585488
2022-03-30,1.9449644973889435,segment1,0.00020705328978159543,8.627220407566476,1.8861613630909704,0.936265970585488
2022-03-31,1.945171550678725,segment1,0.00020705328978159543,8.627220407566476,1.8861613630909704,0.936265970585488
2022-04-01,1.9453786039685066,segment1,0.00020705328978159543,8.627220407566476,1.8861613630909704,0.936265970585488
2022-04-02,1.9455856572582884,segment1,0.00020705328978159543,8.627220407566476,1.8861613630909704,0.936265970585488
2022-04-03,1.94579271054807,segment1,0.00020705328978159543,8.627220407566476,1.8861613630909704,0.936265970585488
2022-04-04,1.9459997638378514,segment1,0.00020705328978159543,8.627220407566476,1.8861613630909704,0.936265970585488
2022-04-05,1.946206817127633,segment1,0.00020705328978159543,8.627220407566476,1.8861613630909704,0.936265970585488
2022-04-06,1.9464138704174148,segment1,0.00020705328978159543,8.627220407566476,1.8861613630909704,0.936265970585488
2022-04-07,1.9466209237071963,segment1,0.00020705328978159543,8.627220407566476,1.8861613630909704,0.936265970585488
2022-04-08,1.9468279769969778,segment1,0.00020705328978159543,8.627220407566476,1.8861613630909704,0.936265970585488
2022-04-09,1.9470350302867594,segment1,0.00020705328978159543,8.627220407566476,1.8861613630909704,0.936265970585488
2022-04-10,1.947242083576541,segment1,0.00020705328978159543,8.627220407566476,1.8861613630909704,0.936265970585488
2022-04-11,1.9474491368663227,segment1,0.00020705328978159543,8.627220407566476,1.8861613630909704,0.936265970585488
2022-04-12,1.9476561901561043,segment1,0.00020705328978159543,8.627220407566476,1.8861613630909704,0.936265970585488
2022-04-13,1.9478632434458858,segment1,0.00020705328978159543,8.627220407566476,1.8861613630909704,0.936265970585488
2022-04-14,1.9480702967356673,segment1,0.00020705328978159543,8.627220407566476,1.8861613630909704,0.936265970585488
2022-04-15,1.948277350025449,segment1,0.00020705328978159543,8.627220407566476,1.8861613630909704,0.936265970585488
2022-04-16,1.9484844033152307,segment1,0.00020705328978159543,8.627220407566476,1.8861613630909704,0.936265970585488
2022-04-17,1.9486914566050122,segment1,0.00020705328978159543,8.627220407566476,1.8861613630909704,0.936265970585488
2022-04-18,1.9488985098947937,segment1,0.00020705328978159543,8.627220407566476,1.8861613630909704,0.936265970585488
2022-04-19,1.9491055631845753,segment1,0.00020705328978159543,8.627220407566476,1.8861613630909704,0.936265970585488
2022-04-20,1.949312616474357,segment1,0.00020705328978159543,8.627220407566476,1.8861613630909704,0.936265970585488
2022-04-21,1.9495196697641386,segment1,0.00020705328978159543,8.627220407566476,1.8861613630909704,0.936265970585488
2022-04-22,1.9497267230539201,segment1,0.00020705328978159543,8.627220407566476,1.8861613630909704,0.936265970585488
2022-04-23,1.9499337763437017,segment1,0.00020705328978159543,8.627220407566476,1.8861613630909704,0.936265970585488
2022-04-24,1.9501408296334835,segment1,0.00020705328978159543,8.627220407566476,1.8861613630909704,0.936265970585488
2022-04-25,1.950347882923265,segment1,0.00020705328978159543,8.627220407566476,1.8861613630909704,0.936265970585488
2022-04-26,1.9505549362130465,segment1,0.00020705328978159543,8.627220407566476,1.8861613630909704,0.936265970585488
2022-04-27,1.950761989502828,segment1,0.00020705328978159543,8.627220407566476,1.8861613630909704,0.936265970585488
2022-04-28,1.9509690427926096,segment1,0.00020705328978159543,8.627220407566476,1.8861613630909704,0.936265970585488
2022-04-29,1.9511760960823914,segment1,0.00020705328978159543,8.627220407566476,1.8861613630909704,0.936265970585488
2022-04-30,1.951383149372173,segment1,0.00020705328978159543,8.627220407566476,1.8861613630909704,0.936265970585488
2022-05-01,1.9515902026619545,segment1,0.00020705328978159543,8.627220407566476,1.8861613630909704,0.936265970585488
2022-05-02,1.951797255951736,segment1,0.00020705328978159543,8.627220407566476,1.8861613630909704,0.936265970585488
2022-05-03,1.9520043092415178,segment1,0.00020705328978159543,8.627220407566476,1.8861613630909704,0.936265970585488
2022-05-04,1.9522113625312993,segment1,0.00020705328978159543,8.627220407566476,1.8861613630909704,0.936265970585488
2022-05-05,1.9524184158210809,segment1,0.00020705328978159543,8.627220407566476,1.8861613630909704,0.936265970585488
2022-05-06,1.9526254691108624,segment1,0.00020705328978159543,8.627220407566476,1.8861613630909704,0.936265970585488
2022-05-07,1.9528325224006442,segment1,0.00020705328978159543,8.627220407566476,1.8861613630909704,0.936265970585488
2022-05-08,1.9530395756904257,segment1,0.00020705328978159543,8.627220407566476,1.8861613630909704,0.936265970585488
2022-05-09,1.9532466289802073,segment1,0.00020705328978159543,8.627220407566476,1.8861613630909704,0.936265970585488
2022-05-10,1.9534536822699888,segment1,0.00020705328978159543,8.627220407566476,1.8861613630909704,0.936265970585488
2022-05-11,1.9536607355597706,segment1,0.00020705328978159543,8.627220407566476,1.8861613630909704,0.936265970585488
2022-05-12,1.9538677888495521,segment1,0.00020705328978159543,8.627220407566476,1.8861613630909704,0.936265970585488
2022-05-13,1.9540748421393337,segment1,0.00020705328978159543,8.627220407566476,1.8861613630909704,0.936265970585488
2022-05-14,1.9542818954291152,segment1,0.00020705328978159543,8.627220407566476,1.8861613630909704,0.936265970585488
2022-05-15,1.9544889487188968,segment1,0.00020705328978159543,8.627220407566476,1.8861613630909704,0.936265970585488
2022-05-16,1.9546960020086785,segment1,0.00020705328978159543,8.627220407566476,1.8861613630909704,0.936265970585488
2022-05-17,1.95490305529846,segment1,0.00020705328978159543,8.627220407566476,1.8861613630909704,0.936265970585488
2022-05-18,1.9551101085882416,segment1,0.00020705328978159543,8.627220407566476,1.8861613630909704,0.936265970585488
2022-05-19,1.9553171618780232,segment1,0.00020705328978159543,8.627220407566476,1.8861613630909704,0.936265970585488
2022-05-20,1.955524215167805,segment1,0.00020705328978159543,8.627220407566476,1.8861613630909704,0.936265970585488
2022-05-21,1.9557312684575865,segment1,0.00020705328978159543,8.627220407566476,1.8861613630909704,0.936265970585488
2022-05-22,1.955938321747368,segment1,0.00020705328978159543,8.627220407566476,1.8861613630909704,0.936265970585488
2022-05-23,1.9561453750371496,segment1,0.00020705328978159543,8.627220407566476,1.8861613630909704,0.936265970585488
2022-05-24,1.9563524283269311,segment1,0.00020705328978159543,8.627220407566476,1.8861613630909704,0.936265970585488
2023-01-28,2.1381588431278966,segment2,8.315196442752888e-05,3.46466518448037,2.138241995092324,0.9538667134263695
2023-01-29,2.138241995092324,segment2,8.315196442752888e-05,3.46466518448037,2.138241995092324,0.9538667134263695
2023-01-30,2.1383251470567513,segment2,8.315196442752888e-05,3.46466518448037,2.138241995092324,0.9538667134263695
2023-01-31,2.138408299021179,segment2,8.315196442752888e-05,3.46466518448037,2.138241995092324,0.9538667134263695
2023-02-01,2.1384914509856063,segment2,8.315196442752888e-05,3.46466518448037,2.138241995092324,0.9538667134263695
2023-02-02,2.138574602950034,segment2,8.315196442752888e-05,3.46466518448037,2.138241995092324,0.9538667134263695
2023-02-03,2.1386577549144614,segment2,8.315196442752888e-05,3.46466518448037,2.138241995092324,0.9538667134263695
2023-02-04,2.138740906878889,segment2,8.315196442752888e-05,3.46466518448037,2.138241995092324,0.9538667134263695
2023-02-05,2.1388240588433165,segment2,8.315196442752888e-05,3.46466518448037,2.138241995092324,0.9538667134263695
2023-02-06,2.1389072108077443,segment2,8.315196442752888e-05,3.46466518448037,2.138241995092324,0.9538667134263695
2023-02-07,2.1389903627721716,segment2,8.315196442752888e-05,3.46466518448037,2.138241995092324,0.9538667134263695
2023-02-08,2.1390735147365993,segment2,8.315196442752888e-05,3.46466518448037,2.138241995092324,0.9538667134263695
2023-02-09,2.1391566667010267,segment2,8.315196442752888e-05,3.46466518448037,2.138241995092324,0.9538667134263695
2023-02-10,2.1392398186654544,segment2,8.315196442752888e-05,3.46466518448037,2.138241995092324,0.9538667134263695
2023-02-11,2.1393229706298817,segment2,8.315196442752888e-05,3.46466518448037,2.138241995092324,0.9538667134263695
2023-02-12,2.1394061225943095,segment2,8.315196442752888e-05,3.46466518448037,2.138241995092324,0.9538667134263695
2023-02-13,2.139489274558737,segment2,8.315196442752888e-05,3.46466518448037,2.138241995092324,0.9538667134263695
2023-02-14,2.1395724265231646,segment2,8.315196442752888e-05,3.46466518448037,2.138241995092324,0.9538667134263695
2023-02-15,2.139655578487592,segment2,8.315196442752888e-05,3.46466518448037,2.138241995092324,0.9538667134263695
2023-02-16,2.1397387304520192,segment2,8.315196442752888e-05,3.46466518448037,2.138241995092324,0.9538667134263695
2023-02-17,2.139821882416447,segment2,8.315196442752888e-05,3.46466518448037,2.138241995092324,0.9538667134263695
2023-02-18,2.1399050343808743,segment2,8.315196442752888e-05,3.46466518448037,2.138241995092324,0.9538667134263695
2023-02-19,2.139988186345302,segment2,8.315196442752888e-05,3.46466518448037,2.138241995092324,0.9538667134263695
2023-02-20,2.1400713383097294,segment2,8.315196442752888e-05,3.46466518448037,2.138241995092324,0.9538667134263695
2023-02-21,2.140154490274157,segment2,8.315196442752888e-05,3.46466518448037,2.138241995092324,0.9538667134263695
2023-02-22,2.1402376422385845,segment2,8.315196442752888e-05,3.46466518448037,2.138241995092324,0.9538667134263695
2023-02-23,2.1403207942030122,segment2,8.315196442752888e-05,3.46466518448037,2.138241995092324,0.9538667134263695
2023-02-24,2.1404039461674396,segment2,8.315196442752888e-05,3.46466518448037,2.138241995092324,0.9538667134263695
2023-02-25,2.1404870981318673,segment2,8.315196442752888e-05,3.46466518448037,2.138241995092324,0.9538667134263695
2023-02-26,2.1405702500962946,segment2,8.315196442752888e-05,3.46466518448037,2.138241995092324,0.9538667134263695
2023-02-27,2.1406534020607224,segment2,8.315196442752888e-05,3.46466518448037,2.138241995092324,0.9538667134263695
2023-02-28,2.1407365540251497,segment2,8.315196442752888e-05,3.46466518448037,2.138241995092324,0.9538667134263695
2023-03-01,2.1408197059895775,segment2,8.315196442752888e-05,3.46466518448037,2.138241995092324,0.9538667134263695
2023-03-02,2.140902857954005,segment2,8.315196442752888e-05,3.46466518448037,2.138241995092324,0.9538667134263695
2023-03-03,2.1409860099184326,segment2,8.315196442752888e-05,3.46466518448037,2.138241995092324,0.9538667134263695
2023-03-04,2.14106916188286,segment2,8.315196442752888e-05,3.46466518448037,2.138241995092324,0.9538667134263695
2023-03-05,2.1411523138472877,segment2,8.315196442752888e-05,3.46466518448037,2.138241995092324,0.9538667134263695
2023-03-06,2.141235465811715,segment2,8.315196442752888e-05,3.46466518448037,2.138241995092324,0.9538667134263695
2023-03-07,2.1413186177761423,segment2,8.315196442752888e-05,3.46466518448037,2.138241995092324,0.9538667134263695
2023-03-08,2.14140176974057,segment2,8.315196442752888e-05,3.46466518448037,2.138241995092324,0.9538667134263695
2023-03-09,2.1414849217049974,segment2,8.315196442752888e-05,3.46466518448037,2.138241995092324,0.9538667134263695
2023-03-10,2.141568073669425,segment2,8.315196442752888e-05,3.46466518448037,2.138241995092324,0.9538667134263695
2023-03-11,2.1416512256338525,segment2,8.315196442752888e-05,3.46466518448037,2.138241995092324,0.9538667134263695
2023-03-12,2.1417343775982802,segment2,8.315196442752888e-05,3.46466518448037,2.138241995092324,0.9538667134263695
2023-03-13,2.1418175295627075,segment2,8.315196442752888e-05,3.46466518448037,2.138241995092324,0.9538667134263695
2023-03-14,2.1419006815271353,segment2,8.315196442752888e-05,3.46466518448037,2.138241995092324,0.9538667134263695
2023-03-15,2.1419838334915626,segment2,8.315196442752888e-05,3.46466518448037,2.138241995092324,0.9538667134263695
2023-03-16,2.1420669854559904,segment2,8.315196442752888e-05,3.46466518448037,2.138241995092324,0.9538667134263695
2023-03-17,2.1421501374204177,segment2,8.315196442752888e-05,3.46466518448037,2.138241995092324,0.9538667134263695
2023-03-18,2.1422332893848455,segment2,8.315196442752888e-05,3.46466518448037,2.138241995092324,0.9538667134263695
2023-03-19,2.142316441349273,segment2,8.315196442752888e-05,3.46466518448037,2.138241995092324,0.9538667134263695
2023-03-20,2.1423995933137006,segment2,8.315196442752888e-05,3.46466518448037,2.138241995092324,0.9538667134263695
2023-03-21,2.142482745278128,segment2,8.315196442752888e-05,3.46466518448037,2.138241995092324,0.9538667134263695
2023-03-22,2.1425658972425556,segment2,8.315196442752888e-05,3.46466518448037,2.138241995092324,0.9538667134263695
2023-03-23,2.142649049206983,segment2,8.315196442752888e-05,3.46466518448037,2.138241995092324,0.9538667134263695
2023-03-24,2.1427322011714103,segment2,8.315196442752888e-05,3.46466518448037,2.138241995092324,0.9538667134263695
2023-03-25,2.142815353135838,segment2,8.315196442752888e-05,3.46466518448037,2.138241995092324,0.9538667134263695
2023-03-26,2.1428985051002654,segment2,8.315196442752888e-05,3.46466518448037,2.138241995092324,0.9538667134263695
2023-03-27,2.142981657064693,segment2,8.315196442752888e-05,3.46466518448037,2.138241995092324,0.9538667134263695
2023-03-28,2.1430648090291204,segment2,8.315196442752888e-05,3.46466518448037,2.138241995092324,0.9538667134263695
2023-03-29,2.143147960993548,segment2,8.315196442752888e-05,3.46466518448037,2.138241995092324,0.9538667134263695
2023-03-30,2.1432311129579755,segment2,8.315196442752888e-05,3.46466518448037,2.138241995092324,0.9538667134263695
2023-03-31,2.1433142649224033,segment2,8.315196442752888e-05,3.46466518448037,2.138241995092324,0.9538667134263695
2023-04-01,2.1433974168868306,segment2,8.315196442752888e-05,3.46466518448037,2.138241995092324,0.9538667134263695
2023-04-02,2.1434805688512584,segment2,8.315196442752888e-05,3.46466518448037,2.138241995092324,0.9538667134263695
2023-04-03,2.1435637208156857,segment2,8.315196442752888e-05,3.46466518448037,2.138241995092324,0.9538667134263695
2023-04-04,2.1436468727801135,segment2,8.315196442752888e-05,3.46466518448037,2.138241995092324,0.9538667134263695
2023-04-05,2.1437300247445408,segment2,8.315196442752888e-05,3.46466518448037,2.138241995092324,0.9538667134263695
2023-04-06,2.1438131767089685,segment2,8.315196442752888e-05,3.46466518448037,2.138241995092324,0.9538667134263695
2023-04-07,2.143896328673396,segment2,8.315196442752888e-05,3.46466518448037,2.138241995092324,0.9538667134263695
2023-04-08,2.1439794806378236,segment2,8.315196442752888e-05,3.46466518448037,2.138241995092324,0.9538667134263695
2023-04-09,2.144062632602251,segment2,8.315196442752888e-05,3.46466518448037,2.138241995092324,0.9538667134263695
2023-04-10,2.1441457845666787,segment2,8.315196442752888e-05,3.46466518448037,2.138241995092324,0.9538667134263695
2023-04-11,2.144228936531106,segment2,8.315196442752888e-05,3.46466518448037,2.138241995092324,0.9538667134263695
2023-04-12,2.1443120884955333,segment2,8.315196442752888e-05,3.46466518448037,2.138241995092324,0.9538667134263695
2023-04-13,2.144395240459961,segment2,8.315196442752888e-05,3.46466518448037,2.138241995092324,0.9538667134263695
2023-04-14,2.1444783924243884,segment2,8.315196442752888e-05,3.46466518448037,2.138241995092324,0.9538667134263695
2023-04-15,2.144561544388816,segment2,8.315196442752888e-05,3.46466518448037,2.138241995092324,0.9538667134263695
2023-04-16,2.1446446963532435,segment2,8.315196442752888e-05,3.46466518448037,2.138241995092324,0.9538667134263695
2023-04-17,2.1447278483176713,segment2,8.315196442752888e-05,3.46466518448037,2.138241995092324,0.9538667134263695
2023-04-18,2.1448110002820986,segment2,8.315196442752888e-05,3.46466518448037,2.138241995092324,0.9538667134263695
2023-04-19,2.1448941522465264,segment2,8.315196442752888e-05,3.46466518448037,2.138241995092324,0.9538667134263695
2023-04-20,2.1449773042109537,segment2,8.315196442752888e-05,3.46466518448037,2.138241995092324,0.9538667134263695
2023-04-21,2.1450604561753814,segment2,8.315196442752888e-05,3.46466518448037,2.138241995092324,0.9538667134263695
2023-04-22,2.1451436081398088,segment2,8.315196442752888e-05,3.46466518448037,2.138241995092324,0.9538667134263695
2023-04-23,2.1452267601042365,segment2,8.315196442752888e-05,3.46466518448037,2.138241995092324,0.9538667134263695
2023-04-24,2.145309912068664,segment2,8.315196442752888e-05,3.46466518448037,2.138241995092324,0.9538667134263695
2023-04-25,2.1453930640330916,segment2,8.315196442752888e-05,3.46466518448037,2.138241995092324,0.9538667134263695
2023-04-26,2.145476215997519,segment2,8.315196442752888e-05,3.46466518448037,2.138241995092324,0.9538667134263695
2023-04-27,2.1455593679619467,segment2,8.315196442752888e-05,3.46466518448037,2.138241995092324,0.9538667134263695
2023-04-28,2.145642519926374,segment2,8.315196442752888e-05,3.46466518448037,2.138241995092324,0.9538667134263695
2023-04-29,2.1457256718908013,segment2,8.315196442752888e-05,3.46466518448037,2.138241995092324,0.9538667134263695
2023-04-30,2.145808823855229,segment2,8.315196442752888e-05,3.46466518448037,2.138241995092324,0.9538667134263695
2023-05-01,2.1458919758196564,segment2,8.315196442752888e-05,3.46466518448037,2.138241995092324,0.9538667134263695
2023-05-02,2.145975127784084,segment2,8.315196442752888e-05,3.46466518448037,2.138241995092324,0.9538667134263695
2023-05-03,2.1460582797485115,segment2,8.315196442752888e-05,3.46466518448037,2.138241995092324,0.9538667134263695
2023-05-04,2.1461414317129393,segment2,8.315196442752888e-05,3.46466518448037,2.138241995092324,0.9538667134263695
2023-05-05,2.1462245836773666,segment2,8.315196442752888e-05,3.46466518448037,2.138241995092324,0.9538667134263695
2023-05-06,2.1463077356417943,segment2,8.315196442752888e-05,3.46466518448037,2.138241995092324,0.9538667134263695
2023-05-07,2.1463908876062217,segment2,8.315196442752888e-05,3.46466518448037,2.138241995092324,0.9538667134263695
2023-05-08,2.1464740395706494,segment2,8.315196442752888e-05,3.46466518448037,2.138241995092324,0.9538667134263695
2023-05-09,2.1465571915350767,segment2,8.315196442752888e-05,3.46466518448037,2.138241995092324,0.9538667134263695
2023-05-10,2.1466403434995045,segment2,8.315196442752888e-05,3.46466518448037,2.138241995092324,0.9538667134263695
2023-05-11,2.146723495463932,segment2,8.315196442752888e-05,3.46466518448037,2.138241995092324,0.9538667134263695
2023-05-12,2.1468066474283596,segment2,8.315196442752888e-05,3.46466518448037,2.138241995092324,0.9538667134263695
2023-05-13,2.146889799392787,segment2,8.315196442752888e-05,3.46466518448037,2.138241995092324,0.9538667134263695
2023-05-14,2.1469729513572147,segment2,8.315196442752888e-05,3.46466518448037,2.138241995092324,0.9538667134263695
2023-05-15,2.147056103321642,segment2,8.315196442752888e-05,3.46466518448037,2.138241995092324,0.9538667134263695
2023-05-16,2.1471392552860693,segment2,8.315196442752888e-05,3.46466518448037,2.138241995092324,0.9538667134263695
2023-05-17,2.147222407250497,segment2,8.315196442752888e-05,3.46466518448037,2.138241995092324,0.9538667134263695
2023-05-18,2.1473055592149244,segment2,8.315196442752888e-05,3.46466518448037,2.138241995092324,0.9538667134263695
2023-05-19,2.147388711179352,segment2,8.315196442752888e-05,3.46466518448037,2.138241995092324,0.9538667134263695
2023-05-20,2.1474718631437795,segment2,8.315196442752888e-05,3.46466518448037,2.138241995092324,0.9538667134263695
2023-05-21,2.1475550151082072,segment2,8.315196442752888e-05,3.46466518448037,2.138241995092324,0.9538667134263695
2023-05-22,2.1476381670726346,segment2,8.315196442752888e-05,3.46466518448037,2.138241995092324,0.9538667134263695
2023-05-23,2.1477213190370623,segment2,8.315196442752888e-05,3.46466518448037,2.138241995092324,0.9538667134263695
2023-05-24,2.1478044710014896,segment2,8.315196442752888e-05,3.46466518448037,2.138241995092324,0.9538667134263695
2023-05-25,2.1478876229659174,segment2,8.315196442752888e-05,3.46466518448037,2.138241995092324,0.9538667134263695
2023-05-26,2.1479707749303447,segment2,8.315196442752888e-05,3.46466518448037,2.138241995092324,0.9538667134263695
2023-05-27,2.1480539268947725,segment2,8.315196442752888e-05,3.46466518448037,2.138241995092324,0.9538667134263695
2023-05-28,2.1481370788592,segment2,8.315196442752888e-05,3.46466518448037,2.138241995092324,0.9538667134263695
2023-05-29,2.1482202308236276,segment2,8.315196442752888e-05,3.46466518448037,2.138241995092324,0.9538667134263695
2023-05-30,2.148303382788055,segment2,8.315196442752888e-05,3.46466518448037,2.138241995092324,0.9538667134263695
2023-05-31,2.1483865347524826,segment2,8.315196442752888e-05,3.46466518448037,2.138241995092324,0.9538667134263695
2023-06-01,2.14846968671691,segment2,8.315196442752888e-05,3.46466518448037,2.138241995092324,0.9538667134263695
2023-06-02,2.1485528386813377,segment2,8.315196442752888e-05,3.46466518448037,2.138241995092324,0.9538667134263695
2023-06-03,2.148635990645765,segment2,8.315196442752888e-05,3.46466518448037,2.138241995092324,0.9538667134263695
2023-06-04,2.1487191426101924,segment2,8.315196442752888e-05,3.46466518448037,2.138241995092324,0.9538667134263695
2023-06-05,2.14880229457462,segment2,8.315196442752888e-05,3.46466518448037,2.138241995092324,0.9538667134263695
2023-06-06,2.1488854465390475,segment2,8.315196442752888e-05,3.46466518448037,2.138241995092324,0.9538667134263695
2023-06-07,2.148968598503475,segment2,8.315196442752888e-05,3.46466518448037,2.138241995092324,0.9538667134263695
2023-06-08,2.1490517504679025,segment2,8.315196442752888e-05,3.46466518448037,2.138241995092324,0.9538667134263695
2023-06-09,2.1491349024323303,segment2,8.315196442752888e-05,3.46466518448037,2.138241995092324,0.9538667134263695
2023-06-10,2.1492180543967576,segment2,8.315196442752888e-05,3.46466518448037,2.138241995092324,0.9538667134263695
2023-06-11,2.1493012063611854,segment2,8.315196442752888e-05,3.46466518448037,2.138241995092324,0.9538667134263695
2023-06-12,2.1493843583256127,segment2,8.315196442752888e-05,3.46466518448037,2.138241995092324,0.9538667134263695
2023-06-13,2.1494675102900405,segment2,8.315196442752888e-05,3.46466518448037,2.138241995092324,0.9538667134263695
2023-06-14,2.149550662254468,segment2,8.315196442752888e-05,3.46466518448037,2.138241995092324,0.9538667134263695
2023-06-15,2.1496338142188955,segment2,8.315196442752888e-05,3.46466518448037,2.138241995092324,0.9538667134263695
2023-06-16,2.149716966183323,segment2,8.315196442752888e-05,3.46466518448037,2.138241995092324,0.9538667134263695
2023-06-17,2.1498001181477506,segment2,8.315196442752888e-05,3.46466518448037,2.138241995092324,0.9538667134263695
2023-06-18,2.149883270112178,segment2,8.315196442752888e-05,3.46466518448037,2.138241995092324,0.9538667134263695
2023-06-19,2.1499664220766057,segment2,8.315196442752888e-05,3.46466518448037,2.138241995092324,0.9538667134263695
2023-06-20,2.150049574041033,segment2,8.315196442752888e-05,3.46466518448037,2.138241995092324,0.9538667134263695
2023-06-21,2.1501327260054603,segment2,8.315196442752888e-05,3.46466518448037,2.138241995092324,0.9538667134263695
2023-06-22,2.150215877969888,segment2,8.315196442752888e-05,3.46466518448037,2.138241995092324,0.9538667134263695
2023-06-23,2.1502990299343154,segment2,8.315196442752888e-05,3.46466518448037,2.138241995092324,0.9538667134263695
2023-06-24,2.150382181898743,segment2,8.315196442752888e-05,3.46466518448037,2.138241995092324,0.9538667134263695
2023-06-25,2.1504653338631705,segment2,8.315196442752888e-05,3.46466518448037,2.138241995092324,0.9538667134263695
2023-06-26,2.1505484858275983,segment2,8.315196442752888e-05,3.46466518448037,2.138241995092324,0.9538667134263695
2023-06-27,2.1506316377920256,segment2,8.315196442752888e-05,3.46466518448037,2.138241995092324,0.9538667134263695
2023-06-28,2.1507147897564534,segment2,8.315196442752888e-05,3.46466518448037,2.138241995092324,0.9538667134263695
2023-06-29,2.1507979417208807,segment2,8.315196442752888e-05,3.46466518448037,2.138241995092324,0.9538667134263695
2023-06-30,2.1508810936853084,segment2,8.315196442752888e-05,3.46466518448037,2.138241995092324,0.9538667134263695
2023-07-01,2.1509642456497358,segment2,8.315196442752888e-05,3.46466518448037,2.138241995092324,0.9538667134263695
2023-07-02,2.1510473976141635,segment2,8.315196442752888e-05,3.46466518448037,2.138241995092324,0.9538667134263695
2023-07-03,2.151130549578591,segment2,8.315196442752888e-05,3.46466518448037,2.138241995092324,0.9538667134263695
2023-07-04,2.1512137015430186,segment2,8.315196442752888e-05,3.46466518448037,2.138241995092324,0.9538667134263695
2023-07-05,2.151296853507446,segment2,8.315196442752888e-05,3.46466518448037,2.138241995092324,0.9538667134263695
2023-07-06,2.1513800054718737,segment2,8.315196442752888e-05,3.46466518448037,2.138241995092324,0.9538667134263695
2023-07-07,2.151463157436301,segment2,8.315196442752888e-05,3.46466518448037,2.138241995092324,0.9538667134263695
2023-07-08,2.1515463094007288,segment2,8.315196442752888e-05,3.46466518448037,2.138241995092324,0.9538667134263695
2023-07-09,2.151629461365156,segment2,8.315196442752888e-05,3.46466518448037,2.138241995092324,0.9538667134263695
2023-07-10,2.1517126133295834,segment2,8.315196442752888e-05,3.46466518448037,2.138241995092324,0.9538667134263695
2023-07-11,2.151795765294011,segment2,8.315196442752888e-05,3.46466518448037,2.138241995092324,0.9538667134263695
2023-07-12,2.1518789172584385,segment2,8.315196442752888e-05,3.46466518448037,2.138241995092324,0.9538667134263695
2023-07-13,2.1519620692228663,segment2,8.315196442752888e-05,3.46466518448037,2.138241995092324,0.9538667134263695
2023-07-14,2.1520452211872936,segment2,8.315196442752888e-05,3.46466518448037,2.138241995092324,0.9538667134263695
2023-07-15,2.1521283731517213,segment2,8.315196442752888e-05,3.46466518448037,2.138241995092324,0.9538667134263695
2023-07-16,2.1522115251161487,segment2,8.315196442752888e-05,3.46466518448037,2.138241995092324,0.9538667134263695
2023-07-17,2.1522946770805764,segment2,8.315196442752888e-05,3.46466518448037,2.138241995092324,0.9538667134263695
2023-07-18,2.1523778290450037,segment2,8.315196442752888e-05,3.46466518448037,2.138241995092324,0.9538667134263695
2023-07-19,2.1524609810094315,segment2,8.315196442752888e-05,3.46466518448037,2.138241995092324,0.9538667134263695
2023-07-20,2.152544132973859,segment2,8.315196442752888e-05,3.46466518448037,2.138241995092324,0.9538667134263695
2023-07-21,2.1526272849382866,segment2,8.315196442752888e-05,3.46466518448037,2.138241995092324,0.9538667134263695
2023-07-22,2.152710436902714,segment2,8.315196442752888e-05,3.46466518448037,2.138241995092324,0.9538667134263695
2023-07-23,2.1527935888671417,segment2,8.315196442752888e-05,3.46466518448037,2.138241995092324,0.9538667134263695
2023-07-24,2.152876740831569,segment2,8.315196442752888e-05,3.46466518448037,2.138241995092324,0.9538667134263695
2023-07-25,2.1529598927959968,segment2,8.315196442752888e-05,3.46466518448037,2.138241995092324,0.9538667134263695
2023-07-26,2.153043044760424,segment2,8.315196442752888e-05,3.46466518448037,2.138241995092324,0.9538667134263695
2023-07-27,2.1531261967248514,segment2,8.315196442752888e-05,3.46466518448037,2.138241995092324,0.9538667134263695
2023-07-28,2.153209348689279,segment2,8.315196442752888e-05,3.46466518448037,2.138241995092324,0.9538667134263695
2023-07-29,2.1532925006537065,segment2,8.315196442752888e-05,3.46466518448037,2.138241995092324,0.9538667134263695
2023-07-30,2.1533756526181342,segment2,8.315196442752888e-05,3.46466518448037,2.138241995092324,0.9538667134263695
2023-07-31,2.1534588045825616,segment2,8.315196442752888e-05,3.46466518448037,2.138241995092324,0.9538667134263695
2023-08-01,2.1535419565469893,segment2,8.315196442752888e-05,3.46466518448037,2.138241995092324,0.9538667134263695
2023-08-02,2.1536251085114166,segment2,8.315196442752888e-05,3.46466518448037,2.138241995092324,0.9538667134263695
2023-08-03,2.1537082604758444,segment2,8.315196442752888e-05,3.46466518448037,2.138241995092324,0.9538667134263695
2023-08-04,2.1537914124402717,segment2,8.315196442752888e-05,3.46466518448037,2.138241995092324,0.9538667134263695
2023-08-05,2.1538745644046995,segment2,8.315196442752888e-05,3.46466518448037,2.138241995092324,0.9538667134263695
2023-08-06,2.153957716369127,segment2,8.315196442752888e-05,3.46466518448037,2.138241995092324,0.9538667134263695
2023-08-07,2.1540408683335546,segment2,8.315196442752888e-05,3.46466518448037,2.138241995092324,0.9538667134263695
2023-08-08,2.154124020297982,segment2,8.315196442752888e-05,3.46466518448037,2.138241995092324,0.9538667134263695
2023-08-09,2.1542071722624097,segment2,8.315196442752888e-05,3.46466518448037,2.138241995092324,0.9538667134263695
2023-08-10,2.154290324226837,segment2,8.315196442752888e-05,3.46466518448037,2.138241995092324,0.9538667134263695
2023-08-11,2.1543734761912647,segment2,8.315196442752888e-05,3.46466518448037,2.138241995092324,0.9538667134263695
2023-08-12,2.154456628155692,segment2,8.315196442752888e-05,3.46466518448037,2.138241995092324,0.9538667134263695
2023-08-13,2.1545397801201194,segment2,8.315196442752888e-05,3.46466518448037,2.138241995092324,0.9538667134263695
2023-08-14,2.154622932084547,segment2,8.315196442752888e-05,3.46466518448037,2.138241995092324,0.9538667134263695
2023-08-15,2.1547060840489745,segment2,8.315196442752888e-05,3.46466518448037,2.138241995092324,0.9538667134263695
2023-08-16,2.154789236013402,segment2,8.315196442752888e-05,3.46466518448037,2.138241995092324,0.9538667134263695
2023-08-17,2.1548723879778295,segment2,8.315196442752888e-05,3.46466518448037,2.138241995092324,0.9538667134263695
2023-08-18,2.1549555399422573,segment2,8.315196442752888e-05,3.46466518448037,2.138241995092324,0.9538667134263695
2023-08-19,2.1550386919066846,segment2,8.315196442752888e-05,3.46466518448037,2.138241995092324,0.9538667134263695
2023-08-20,2.1551218438711124,segment2,8.315196442752888e-05,3.46466518448037,2.138241995092324,0.9538667134263695
2023-08-21,2.1552049958355397,segment2,8.315196442752888e-05,3.46466518448037,2.138241995092324,0.9538667134263695
2023-08-22,2.1552881477999675,segment2,8.315196442752888e-05,3.46466518448037,2.138241995092324,0.9538667134263695
2023-08-23,2.155371299764395,segment2,8.315196442752888e-05,3.46466518448037,2.138241995092324,0.9538667134263695
2023-08-24,2.1554544517288226,segment2,8.315196442752888e-05,3.46466518448037,2.138241995092324,0.9538667134263695
2023-08-25,2.15553760369325,segment2,8.315196442752888e-05,3.46466518448037,2.138241995092324,0.9538667134263695
2023-08-26,2.1556207556576776,segment2,8.315196442752888e-05,3.46466518448037,2.138241995092324,0.9538667134263695
2023-08-27,2.155703907622105,segment2,8.315196442752888e-05,3.46466518448037,2.138241995092324,0.9538667134263695
2023-08-28,2.1557870595865327,segment2,8.315196442752888e-05,3.46466518448037,2.138241995092324,0.9538667134263695
2023-08-29,2.15587021155096,segment2,8.315196442752888e-05,3.46466518448037,2.138241995092324,0.9538667134263695
2023-08-30,2.155953363515388,segment2,8.315196442752888e-05,3.46466518448037,2.138241995092324,0.9538667134263695
2023-08-31,2.156036515479815,segment2,8.315196442752888e-05,3.46466518448037,2.138241995092324,0.9538667134263695
2023-09-01,2.1561196674442424,segment2,8.315196442752888e-05,3.46466518448037,2.138241995092324,0.9538667134263695
2023-09-02,2.15620281940867,segment2,8.315196442752888e-05,3.46466518448037,2.138241995092324,0.9538667134263695
2023-09-03,2.1562859713730975,segment2,8.315196442752888e-05,3.46466518448037,2.138241995092324,0.9538667134263695
2023-09-04,2.1563691233375253,segment2,8.315196442752888e-05,3.46466518448037,2.138241995092324,0.9538667134263695
2023-09-05,2.1564522753019526,segment2,8.315196442752888e-05,3.46466518448037,2.138241995092324,0.9538667134263695
2023-09-06,2.1565354272663804,segment2,8.315196442752888e-05,3.46466518448037,2.138241995092324,0.9538667134263695
2023-09-07,2.1566185792308077,segment2,8.315196442752888e-05,3.46466518448037,2.138241995092324,0.9538667134263695
2023-09-08,2.1567017311952354,segment2,8.315196442752888e-05,3.46466518448037,2.138241995092324,0.9538667134263695
2023-09-09,2.1567848831596628,segment2,8.315196442752888e-05,3.46466518448037,2.138241995092324,0.9538667134263695
2023-09-10,2.1568680351240905,segment2,8.315196442752888e-05,3.46466518448037,2.138241995092324,0.9538667134263695
2023-09-11,2.156951187088518,segment2,8.315196442752888e-05,3.46466518448037,2.138241995092324,0.9538667134263695
2023-09-12,2.1570343390529456,segment2,8.315196442752888e-05,3.46466518448037,2.138241995092324,0.9538667134263695
2023-09-13,2.157117491017373,segment2,8.315196442752888e-05,3.46466518448037,2.138241995092324,0.9538667134263695
2023-09-14,2.1572006429818007,segment2,8.315196442752888e-05,3.46466518448037,2.138241995092324,0.9538667134263695
2023-09-15,2.157283794946228,segment2,8.315196442752888e-05,3.46466518448037,2.138241995092324,0.9538667134263695
2023-09-16,2.157366946910656,segment2,8.315196442752888e-05,3.46466518448037,2.138241995092324,0.9538667134263695
2023-09-17,2.157450098875083,segment2,8.315196442752888e-05,3.46466518448037,2.138241995092324,0.9538667134263695
2023-09-18,2.1575332508395104,segment2,8.315196442752888e-05,3.46466518448037,2.138241995092324,0.9538667134263695
2023-09-19,2.157616402803938,segment2,8.315196442752888e-05,3.46466518448037,2.138241995092324,0.9538667134263695
2023-09-20,2.1576995547683655,segment2,8.315196442752888e-05,3.46466518448037,2.138241995092324,0.9538667134263695
2023-09-21,2.1577827067327933,segment2,8.315196442752888e-05,3.46466518448037,2.138241995092324,0.9538667134263695
2023-09-22,2.1578658586972206,segment2,8.315196442752888e-05,3.46466518448037,2.138241995092324,0.9538667134263695
2023-09-23,2.1579490106616483,segment2,8.315196442752888e-05,3.46466518448037,2.138241995092324,0.9538667134263695
2023-09-24,2.1580321626260757,segment2,8.315196442752888e-05,3.46466518448037,2.138241995092324,0.9538667134263695
2023-09-25,2.1581153145905034,segment2,8.315196442752888e-05,3.46466518448037,2.138241995092324,0.9538667134263695
2023-09-26,2.1581984665549308,segment2,8.315196442752888e-05,3.46466518448037,2.138241995092324,0.9538667134263695
2023-09-27,2.1582816185193585,segment2,8.315196442752888e-05,3.46466518448037,2.138241995092324,0.9538667134263695
2023-09-28,2.158364770483786,segment2,8.315196442752888e-05,3.46466518448037,2.138241995092324,0.9538667134263695
2023-09-29,2.1584479224482136,segment2,8.315196442752888e-05,3.46466518448037,2.138241995092324,0.9538667134263695
2023-09-30,2.158531074412641,segment2,8.315196442752888e-05,3.46466518448037,2.138241995092324,0.9538667134263695
2023-10-01,2.1586142263770687,segment2,8.315196442752888e-05,3.46466518448037,2.138241995092324,0.9538667134263695
2023-10-02,2.158697378341496,segment2,8.315196442752888e-05,3.46466518448037,2.138241995092324,0.9538667134263695
2023-10-03,2.1587805303059238,segment2,8.315196442752888e-05,3.46466518448037,2.138241995092324,0.9538667134263695
2023-10-04,2.158863682270351,segment2,8.315196442752888e-05,3.46466518448037,2.138241995092324,0.9538667134263695
2023-10-05,2.1589468342347784,segment2,8.315196442752888e-05,3.46466518448037,2.138241995092324,0.9538667134263695
2023-10-06,2.159029986199206,segment2,8.315196442752888e-05,3.46466518448037,2.138241995092324,0.9538667134263695
2023-10-07,2.1591131381636335,segment2,8.315196442752888e-05,3.46466518448037,2.138241995092324,0.9538667134263695
2023-10-08,2.1591962901280612,segment2,8.315196442752888e-05,3.46466518448037,2.138241995092324,0.9538667134263695
2023-10-09,2.1592794420924886,segment2,8.315196442752888e-05,3.46466518448037,2.138241995092324,0.9538667134263695
2023-10-10,2.1593625940569163,segment2,8.315196442752888e-05,3.46466518448037,2.138241995092324,0.9538667134263695
2023-10-11,2.1594457460213436,segment2,8.315196442752888e-05,3.46466518448037,2.138241995092324,0.9538667134263695
2023-10-12,2.1595288979857714,segment2,8.315196442752888e-05,3.46466518448037,2.138241995092324,0.9538667134263695
2023-10-13,2.1596120499501987,segment2,8.315196442752888e-05,3.46466518448037,2.138241995092324,0.9538667134263695
2023-10-14,2.1596952019146265,segment2,8.315196442752888e-05,3.46466518448037,2.138241995092324,0.9538667134263695
2023-10-15,2.159778353879054,segment2,8.315196442752888e-05,3.46466518448037,2.138241995092324,0.9538667134263695
2023-10-16,2.1598615058434816,segment2,8.315196442752888e-05,3.46466518448037,2.138241995092324,0.9538667134263695
2023-10-17,2.159944657807909,segment2,8.315196442752888e-05,3.46466518448037,2.138241995092324,0.9538667134263695
2023-10-18,2.1600278097723367,segment2,8.315196442752888e-05,3.46466518448037,2.138241995092324,0.9538667134263695
2023-10-19,2.160110961736764,segment2,8.315196442752888e-05,3.46466518448037,2.138241995092324,0.9538667134263695
2023-10-20,2.1601941137011917,segment2,8.315196442752888e-05,3.46466518448037,2.138241995092324,0.9538667134263695
2023-10-21,2.160277265665619,segment2,8.315196442752888e-05,3.46466518448037,2.138241995092324,0.9538667134263695
2023-10-22,2.160360417630047,segment2,8.315196442752888e-05,3.46466518448037,2.138241995092324,0.9538667134263695
2023-10-23,2.160443569594474,segment2,8.315196442752888e-05,3.46466518448037,2.138241995092324,0.9538667134263695
2023-10-24,2.1605267215589015,segment2,8.315196442752888e-05,3.46466518448037,2.138241995092324,0.9538667134263695
2023-10-25,2.1606098735233292,segment2,8.315196442752888e-05,3.46466518448037,2.138241995092324,0.9538667134263695
2023-10-26,2.1606930254877565,segment2,8.315196442752888e-05,3.46466518448037,2.138241995092324,0.9538667134263695
2023-10-27,2.1607761774521843,segment2,8.315196442752888e-05,3.46466518448037,2.138241995092324,0.9538667134263695
2023-10-28,2.1608593294166116,segment2,8.315196442752888e-05,3.46466518448037,2.138241995092324,0.9538667134263695
2023-10-29,2.1609424813810394,segment2,8.315196442752888e-05,3.46466518448037,2.138241995092324,0.9538667134263695
2023-10-30,2.1610256333454667,segment2,8.315196442752888e-05,3.46466518448037,2.138241995092324,0.9538667134263695
2023-10-31,2.1611087853098945,segment2,8.315196442752888e-05,3.46466518448037,2.138241995092324,0.9538667134263695
2023-11-01,2.161191937274322,segment2,8.315196442752888e-05,3.46466518448037,2.138241995092324,0.9538667134263695
2023-11-02,2.1612750892387496,segment2,8.315196442752888e-05,3.46466518448037,2.138241995092324,0.9538667134263695
2023-11-03,2.161358241203177,segment2,8.315196442752888e-05,3.46466518448037,2.138241995092324,0.9538667134263695
2023-11-04,2.1614413931676046,segment2,8.315196442752888e-05,3.46466518448037,2.138241995092324,0.9538667134263695
2023-11-05,2.161524545132032,segment2,8.315196442752888e-05,3.46466518448037,2.138241995092324,0.9538667134263695
2023-11-06,2.1616076970964597,segment2,8.315196442752888e-05,3.46466518448037,2.138241995092324,0.9538667134263695
2023-11-07,2.161690849060887,segment2,8.315196442752888e-05,3.46466518448037,2.138241995092324,0.9538667134263695
2023-11-08,2.161774001025315,segment2,8.315196442752888e-05,3.46466518448037,2.138241995092324,0.9538667134263695
2023-11-09,2.161857152989742,segment2,8.315196442752888e-05,3.46466518448037,2.138241995092324,0.9538667134263695
2023-11-10,2.1619403049541694,segment2,8.315196442752888e-05,3.46466518448037,2.138241995092324,0.9538667134263695
2023-11-11,2.162023456918597,segment2,8.315196442752888e-05,3.46466518448037,2.138241995092324,0.9538667134263695
2023-11-12,2.1621066088830245,segment2,8.315196442752888e-05,3.46466518448037,2.138241995092324,0.9538667134263695
2023-11-13,2.1621897608474523,segment2,8.315196442752888e-05,3.46466518448037,2.138241995092324,0.9538667134263695
2023-11-14,2.1622729128118796,segment2,8.315196442752888e-05,3.46466518448037,2.138241995092324,0.9538667134263695
2023-11-15,2.1623560647763074,segment2,8.315196442752888e-05,3.46466518448037,2.138241995092324,0.9538667134263695
2023-11-16,2.1624392167407347,segment2,8.315196442752888e-05,3.46466518448037,2.138241995092324,0.9538667134263695
2023-11-17,2.1625223687051625,segment2,8.315196442752888e-05,3.46466518448037,2.138241995092324,0.9538667134263695
2023-11-18,2.1626055206695898,segment2,8.315196442752888e-05,3.46466518448037,2.138241995092324,0.9538667134263695
2023-11-19,2.1626886726340175,segment2,8.315196442752888e-05,3.46466518448037,2.138241995092324,0.9538667134263695
2023-11-20,2.162771824598445,segment2,8.315196442752888e-05,3.46466518448037,2.138241995092324,0.9538667134263695
2023-11-21,2.1628549765628726,segment2,8.315196442752888e-05,3.46466518448037,2.138241995092324,0.9538667134263695
2023-11-22,2.1629381285273,segment2,8.315196442752888e-05,3.46466518448037,2.138241995092324,0.9538667134263695
2023-11-23,2.1630212804917277,segment2,8.315196442752888e-05,3.46466518448037,2.138241995092324,0.9538667134263695
2023-11-24,2.163104432456155,segment2,8.315196442752888e-05,3.46466518448037,2.138241995092324,0.9538667134263695
2023-11-25,2.163187584420583,segment2,8.315196442752888e-05,3.46466518448037,2.138241995092324,0.9538667134263695
2023-11-26,2.16327073638501,segment2,8.315196442752888e-05,3.46466518448037,2.138241995092324,0.9538667134263695
2023-11-27,2.163353888349438,segment2,8.315196442752888e-05,3.46466518448037,2.138241995092324,0.9538667134263695
2023-11-28,2.163437040313865,segment2,8.315196442752888e-05,3.46466518448037,2.138241995092324,0.9538667134263695
2023-11-29,2.1635201922782925,segment2,8.315196442752888e-05,3.46466518448037,2.138241995092324,0.9538667134263695
2023-11-30,2.1636033442427203,segment2,8.315196442752888e-05,3.46466518448037,2.138241995092324,0.9538667134263695
2023-12-01,2.1636864962071476,segment2,8.315196442752888e-05,3.46466518448037,2.138241995092324,0.9538667134263695
2023-12-02,2.1637696481715754,segment2,8.315196442752888e-05,3.46466518448037,2.138241995092324,0.9538667134263695
2023-12-03,2.1638528001360027,segment2,8.315196442752888e-05,3.46466518448037,2.138241995092324,0.9538667134263695
2023-12-04,2.1639359521004304,segment2,8.315196442752888e-05,3.46466518448037,2.138241995092324,0.9538667134263695
2023-12-05,2.1640191040648578,segment2,8.315196442752888e-05,3.46466518448037,2.138241995092324,0.9538667134263695
2023-12-06,2.1641022560292855,segment2,8.315196442752888e-05,3.46466518448037,2.138241995092324,0.9538667134263695
2023-12-07,2.164185407993713,segment2,8.315196442752888e-05,3.46466518448037,2.138241995092324,0.9538667134263695
2023-12-08,2.1642685599581406,segment2,8.315196442752888e-05,3.46466518448037,2.138241995092324,0.9538667134263695
2023-12-09,2.164351711922568,segment2,8.315196442752888e-05,3.46466518448037,2.138241995092324,0.9538667134263695
2023-12-10,2.1644348638869957,segment2,8.315196442752888e-05,3.46466518448037,2.138241995092324,0.9538667134263695
2023-12-11,2.164518015851423,segment2,8.315196442752888e-05,3.46466518448037,2.138241995092324,0.9538667134263695
2023-12-12,2.1646011678158508,segment2,8.315196442752888e-05,3.46466518448037,2.138241995092324,0.9538667134263695
2023-12-13,2.164684319780278,segment2,8.315196442752888e-05,3.46466518448037,2.138241995092324,0.9538667134263695
2023-12-14,2.164767471744706,segment2,8.315196442752888e-05,3.46466518448037,2.138241995092324,0.9538667134263695
2023-12-15,2.164850623709133,segment2,8.315196442752888e-05,3.46466518448037,2.138241995092324,0.9538667134263695
2023-12-16,2.1649337756735605,segment2,8.315196442752888e-05,3.46466518448037,2.138241995092324,0.9538667134263695
2023-12-17,2.1650169276379883,segment2,8.315196442752888e-05,3.46466518448037,2.138241995092324,0.9538667134263695
2023-12-18,2.1651000796024156,segment2,8.315196442752888e-05,3.46466518448037,2.138241995092324,0.9538667134263695
2023-12-19,2.1651832315668433,segment2,8.315196442752888e-05,3.46466518448037,2.138241995092324,0.9538667134263695
2023-12-20,2.1652663835312707,segment2,8.315196442752888e-05,3.46466518448037,2.138241995092324,0.9538667134263695
2023-12-21,2.1653495354956984,segment2,8.315196442752888e-05,3.46466518448037,2.138241995092324,0.9538667134263695
2023-12-22,2.1654326874601257,segment2,8.315196442752888e-05,3.46466518448037,2.138241995092324,0.9538667134263695
2023-12-23,2.1655158394245535,segment2,8.315196442752888e-05,3.46466518448037,2.138241995092324,0.9538667134263695
2023-12-24,2.165598991388981,segment2,8.315196442752888e-05,3.46466518448037,2.138241995092324,0.9538667134263695
2023-12-25,2.1656821433534086,segment2,8.315196442752888e-05,3.46466518448037,2.138241995092324,0.9538667134263695
2023-12-26,2.165765295317836,segment2,8.315196442752888e-05,3.46466518448037,2.138241995092324,0.9538667134263695
2023-12-27,2.1658484472822637,segment2,8.315196442752888e-05,3.46466518448037,2.138241995092324,0.9538667134263695
2023-12-28,2.165931599246691,segment2,8.315196442752888e-05,3.46466518448037,2.138241995092324,0.9538667134263695
2023-12-29,2.1660147512111187,segment2,8.315196442752888e-05,3.46466518448037,2.138241995092324,0.9538667134263695
2023-12-30,2.166097903175546,segment2,8.315196442752888e-05,3.46466518448037,2.138241995092324,0.9538667134263695
2023-12-31,2.166181055139974,segment2,8.315196442752888e-05,3.46466518448037,2.138241995092324,0.9538667134263695
2024-01-01,2.166264207104401,segment2,8.315196442752888e-05,3.46466518448037,2.138241995092324,0.9538667134263695
2024-01-02,2.166347359068829,segment2,8.315196442752888e-05,3.46466518448037,2.138241995092324,0.9538667134263695
2024-01-03,2.1664305110332562,segment2,8.315196442752888e-05,3.46466518448037,2.138241995092324,0.9538667134263695
2024-01-04,2.1665136629976836,segment2,8.315196442752888e-05,3.46466518448037,2.138241995092324,0.9538667134263695
2024-01-05,2.1665968149621113,segment2,8.315196442752888e-05,3.46466518448037,2.138241995092324,0.9538667134263695
2024-01-06,2.1666799669265386,segment2,8.315196442752888e-05,3.46466518448037,2.138241995092324,0.9538667134263695
2024-01-07,2.1667631188909664,segment2,8.315196442752888e-05,3.46466518448037,2.138241995092324,0.9538667134263695
2024-01-08,2.1668462708553937,segment2,8.315196442752888e-05,3.46466518448037,2.138241995092324,0.9538667134263695
2024-01-09,2.1669294228198215,segment2,8.315196442752888e-05,3.46466518448037,2.138241995092324,0.9538667134263695
2024-01-10,2.167012574784249,segment2,8.315196442752888e-05,3.46466518448037,2.138241995092324,0.9538667134263695
2024-01-11,2.1670957267486766,segment2,8.315196442752888e-05,3.46466518448037,2.138241995092324,0.9538667134263695
2024-01-12,2.167178878713104,segment2,8.315196442752888e-05,3.46466518448037,2.138241995092324,0.9538667134263695
2024-01-13,2.1672620306775316,segment2,8.315196442752888e-05,3.46466518448037,2.138241995092324,0.9538667134263695
2024-01-14,2.167345182641959,segment2,8.315196442752888e-05,3.46466518448037,2.138241995092324,0.9538667134263695
2024-01-15,2.1674283346063867,segment2,8.315196442752888e-05,3.46466518448037,2.138241995092324,0.9538667134263695
2024-01-16,2.167511486570814,segment2,8.315196442752888e-05,3.46466518448037,2.138241995092324,0.9538667134263695
2024-01-17,2.167594638535242,segment2,8.315196442752888e-05,3.46466518448037,2.138241995092324,0.9538667134263695
2024-01-18,2.167677790499669,segment2,8.315196442752888e-05,3.46466518448037,2.138241995092324,0.9538667134263695
2024-01-19,2.167760942464097,segment2,8.315196442752888e-05,3.46466518448037,2.138241995092324,0.9538667134263695
2024-01-20,2.167844094428524,segment2,8.315196442752888e-05,3.46466518448037,2.138241995092324,0.9538667134263695
2024-01-21,2.1679272463929515,segment2,8.315196442752888e-05,3.46466518448037,2.138241995092324,0.9538667134263695
2024-01-22,2.1680103983573793,segment2,8.315196442752888e-05,3.46466518448037,2.138241995092324,0.9538667134263695
2024-01-23,2.1680935503218066,segment2,8.315196442752888e-05,3.46466518448037,2.138241995092324,0.9538667134263695
2024-01-24,2.1681767022862344,segment2,8.315196442752888e-05,3.46466518448037,2.138241995092324,0.9538667134263695
2024-01-25,2.1682598542506617,segment2,8.315196442752888e-05,3.46466518448037,2.138241995092324,0.9538667134263695
2024-01-26,2.1683430062150895,segment2,8.315196442752888e-05,3.46466518448037,2.138241995092324,0.9538667134263695
2024-01-27,2.168426158179517,segment2,8.315196442752888e-05,3.46466518448037,2.138241995092324,0.9538667134263695
2024-01-28,2.1685093101439445,segment2,8.315196442752888e-05,3.46466518448037,2.138241995092324,0.9538667134263695
2024-01-29,2.168592462108372,segment2,8.315196442752888e-05,3.46466518448037,2.138241995092324,0.9538667134263695
2024-01-30,2.1686756140727996,segment2,8.315196442752888e-05,3.46466518448037,2.138241995092324,0.9538667134263695
2024-01-31,2.168758766037227,segment2,8.315196442752888e-05,3.46466518448037,2.138241995092324,0.9538667134263695
2024-02-01,2.1688419180016547,segment2,8.315196442752888e-05,3.46466518448037,2.138241995092324,0.9538667134263695
2024-02-02,2.168925069966082,segment2,8.315196442752888e-05,3.46466518448037,2.138241995092324,0.9538667134263695
2024-02-03,2.16900822193051,segment2,8.315196442752888e-05,3.46466518448037,2.138241995092324,0.9538667134263695
2024-02-04,2.169091373894937,segment2,8.315196442752888e-05,3.46466518448037,2.138241995092324,0.9538667134263695
2024-02-05,2.169174525859365,segment2,8.315196442752888e-05,3.46466518448037,2.138241995092324,0.9538667134263695
2024-02-06,2.169257677823792,segment2,8.315196442752888e-05,3.46466518448037,2.138241995092324,0.9538667134263695
2024-02-07,2.1693408297882195,segment2,8.315196442752888e-05,3.46466518448037,2.138241995092324,0.9538667134263695
2024-02-08,2.1694239817526473,segment2,8.315196442752888e-05,3.46466518448037,2.138241995092324,0.9538667134263695
2024-02-09,2.1695071337170746,segment2,8.315196442752888e-05,3.46466518448037,2.138241995092324,0.9538667134263695
2024-02-10,2.1695902856815024,segment2,8.315196442752888e-05,3.46466518448037,2.138241995092324,0.9538667134263695
2024-02-11,2.1696734376459297,segment2,8.315196442752888e-05,3.46466518448037,2.138241995092324,0.9538667134263695
2024-02-12,2.1697565896103574,segment2,8.315196442752888e-05,3.46466518448037,2.138241995092324,0.9538667134263695
2024-02-13,2.1698397415747848,segment2,8.315196442752888e-05,3.46466518448037,2.138241995092324,0.9538667134263695
2024-02-14,2.1699228935392125,segment2,8.315196442752888e-05,3.46466518448037,2.138241995092324,0.9538667134263695
2024-02-15,2.17000604550364,segment2,8.315196442752888e-05,3.46466518448037,2.138241995092324,0.9538667134263695
2024-02-16,2.1700891974680676,segment2,8.315196442752888e-05,3.46466518448037,2.138241995092324,0.9538667134263695
2024-02-17,2.170172349432495,segment2,8.315196442752888e-05,3.46466518448037,2.138241995092324,0.9538667134263695
2024-02-18,2.1702555013969227,segment2,8.315196442752888e-05,3.46466518448037,2.138241995092324,0.9538667134263695
2024-02-19,2.17033865336135,segment2,8.315196442752888e-05,3.46466518448037,2.138241995092324,0.9538667134263695
2024-02-20,2.1704218053257778,segment2,8.315196442752888e-05,3.46466518448037,2.138241995092324,0.9538667134263695
2024-02-21,2.170504957290205,segment2,8.315196442752888e-05,3.46466518448037,2.138241995092324,0.9538667134263695
2024-02-22,2.170588109254633,segment2,8.315196442752888e-05,3.46466518448037,2.138241995092324,0.9538667134263695
2024-02-23,2.17067126121906,segment2,8.315196442752888e-05,3.46466518448037,2.138241995092324,0.9538667134263695
2024-02-24,2.170754413183488,segment2,8.315196442752888e-05,3.46466518448037,2.138241995092324,0.9538667134263695
2024-02-25,2.1708375651479153,segment2,8.315196442752888e-05,3.46466518448037,2.138241995092324,0.9538667134263695
2024-02-26,2.1709207171123426,segment2,8.315196442752888e-05,3.46466518448037,2.138241995092324,0.9538667134263695
2024-02-27,2.1710038690767703,segment2,8.315196442752888e-05,3.46466518448037,2.138241995092324,0.9538667134263695
2024-02-28,2.1710870210411977,segment2,8.315196442752888e-05,3.46466518448037,2.138241995092324,0.9538667134263695
2024-02-29,2.1711701730056254,segment2,8.315196442752888e-05,3.46466518448037,2.138241995092324,0.9538667134263695
2024-03-01,2.1712533249700527,segment2,8.315196442752888e-05,3.46466518448037,2.138241995092324,0.9538667134263695
2024-03-02,2.1713364769344805,segment2,8.315196442752888e-05,3.46466518448037,2.138241995092324,0.9538667134263695
2024-03-03,2.171419628898908,segment2,8.315196442752888e-05,3.46466518448037,2.138241995092324,0.9538667134263695
2024-03-04,2.1715027808633356,segment2,8.315196442752888e-05,3.46466518448037,2.138241995092324,0.9538667134263695
2024-03-05,2.171585932827763,segment2,8.315196442752888e-05,3.46466518448037,2.138241995092324,0.9538667134263695
2024-03-06,2.1716690847921907,segment2,8.315196442752888e-05,3.46466518448037,2.138241995092324,0.9538667134263695
2024-03-07,2.171752236756618,segment2,8.315196442752888e-05,3.46466518448037,2.138241995092324,0.9538667134263695
2024-03-08,2.1718353887210458,segment2,8.315196442752888e-05,3.46466518448037,2.138241995092324,0.9538667134263695
2024-03-09,2.171918540685473,segment2,8.315196442752888e-05,3.46466518448037,2.138241995092324,0.9538667134263695
2024-03-10,2.172001692649901,segment2,8.315196442752888e-05,3.46466518448037,2.138241995092324,0.9538667134263695
2024-03-11,2.172084844614328,segment2,8.315196442752888e-05,3.46466518448037,2.138241995092324,0.9538667134263695
2024-03-12,2.172167996578756,segment2,8.315196442752888e-05,3.46466518448037,2.138241995092324,0.9538667134263695
2024-03-13,2.1722511485431832,segment2,8.315196442752888e-05,3.46466518448037,2.138241995092324,0.9538667134263695
2024-03-14,2.1723343005076106,segment2,8.315196442752888e-05,3.46466518448037,2.138241995092324,0.9538667134263695
2024-03-15,2.1724174524720383,segment2,8.315196442752888e-05,3.46466518448037,2.138241995092324,0.9538667134263695
2024-03-16,2.1725006044364656,segment2,8.315196442752888e-05,3.46466518448037,2.138241995092324,0.9538667134263695
2024-03-17,2.1725837564008934,segment2,8.315196442752888e-05,3.46466518448037,2.138241995092324,0.9538667134263695
2024-03-18,2.1726669083653207,segment2,8.315196442752888e-05,3.46466518448037,2.138241995092324,0.9538667134263695
2024-03-19,2.1727500603297485,segment2,8.315196442752888e-05,3.46466518448037,2.138241995092324,0.9538667134263695
2024-03-20,2.172833212294176,segment2,8.315196442752888e-05,3.46466518448037,2.138241995092324,0.9538667134263695
2024-03-21,2.1729163642586036,segment2,8.315196442752888e-05,3.46466518448037,2.138241995092324,0.9538667134263695
2024-03-22,2.172999516223031,segment2,8.315196442752888e-05,3.46466518448037,2.138241995092324,0.9538667134263695
2024-03-23,2.1730826681874587,segment2,8.315196442752888e-05,3.46466518448037,2.138241995092324,0.9538667134263695
2024-03-24,2.173165820151886,segment2,8.315196442752888e-05,3.46466518448037,2.138241995092324,0.9538667134263695
2024-03-25,2.1732489721163137,segment2,8.315196442752888e-05,3.46466518448037,2.138241995092324,0.9538667134263695
2024-03-26,2.173332124080741,segment2,8.315196442752888e-05,3.46466518448037,2.138241995092324,0.9538667134263695
2024-03-27,2.173415276045169,segment2,8.315196442752888e-05,3.46466518448037,2.138241995092324,0.9538667134263695
2024-03-28,2.173498428009596,segment2,8.315196442752888e-05,3.46466518448037,2.138241995092324,0.9538667134263695
2024-03-29,2.173581579974024,segment2,8.315196442752888e-05,3.46466518448037,2.138241995092324,0.9538667134263695
2024-03-30,2.1736647319384512,segment2,8.315196442752888e-05,3.46466518448037,2.138241995092324,0.9538667134263695
2024-03-31,2.1737478839028785,segment2,8.315196442752888e-05,3.46466518448037,2.138241995092324,0.9538667134263695
2024-04-01,2.1738310358673063,segment2,8.315196442752888e-05,3.46466518448037,2.138241995092324,0.9538667134263695
2024-04-02,2.1739141878317336,segment2,8.315196442752888e-05,3.46466518448037,2.138241995092324,0.9538667134263695
2024-04-03,2.1739973397961614,segment2,8.315196442752888e-05,3.46466518448037,2.138241995092324,0.9538667134263695
2024-04-04,2.1740804917605887,segment2,8.315196442752888e-05,3.46466518448037,2.138241995092324,0.9538667134263695
2024-04-05,2.1741636437250165,segment2,8.315196442752888e-05,3.46466518448037,2.138241995092324,0.9538667134263695
2024-04-06,2.174246795689444,segment2,8.315196442752888e-05,3.46466518448037,2.138241995092324,0.9538667134263695
2024-04-07,2.1743299476538716,segment2,8.315196442752888e-05,3.46466518448037,2.138241995092324,0.9538667134263695
2024-04-08,2.174413099618299,segment2,8.315196442752888e-05,3.46466518448037,2.138241995092324,0.9538667134263695
2024-04-09,2.1744962515827266,segment2,8.315196442752888e-05,3.46466518448037,2.138241995092324,0.9538667134263695
2024-04-10,2.174579403547154,segment2,8.315196442752888e-05,3.46466518448037,2.138241995092324,0.9538667134263695
2024-04-11,2.1746625555115817,segment2,8.315196442752888e-05,3.46466518448037,2.138241995092324,0.9538667134263695
2024-04-12,2.174745707476009,segment2,8.315196442752888e-05,3.46466518448037,2.138241995092324,0.9538667134263695
2024-04-13,2.174828859440437,segment2,8.315196442752888e-05,3.46466518448037,2.138241995092324,0.9538667134263695
2024-04-14,2.174912011404864,segment2,8.315196442752888e-05,3.46466518448037,2.138241995092324,0.9538667134263695
2024-04-15,2.174995163369292,segment2,8.315196442752888e-05,3.46466518448037,2.138241995092324,0.9538667134263695
2024-04-16,2.175078315333719,segment2,8.315196442752888e-05,3.46466518448037,2.138241995092324,0.9538667134263695
2024-04-17,2.175161467298147,segment2,8.315196442752888e-05,3.46466518448037,2.138241995092324,0.9538667134263695
2024-04-18,2.1752446192625743,segment2,8.315196442752888e-05,3.46466518448037,2.138241995092324,0.9538667134263695
2024-04-19,2.1753277712270016,segment2,8.315196442752888e-05,3.46466518448037,2.138241995092324,0.9538667134263695
2024-04-20,2.1754109231914294,segment2,8.315196442752888e-05,3.46466518448037,2.138241995092324,0.9538667134263695
2024-04-21,2.1754940751558567,segment2,8.315196442752888e-05,3.46466518448037,2.138241995092324,0.9538667134263695
2024-04-22,2.1755772271202845,segment2,8.315196442752888e-05,3.46466518448037,2.138241995092324,0.9538667134263695
2024-04-23,2.1756603790847118,segment2,8.315196442752888e-05,3.46466518448037,2.138241995092324,0.9538667134263695
2024-04-24,2.1757435310491395,segment2,8.315196442752888e-05,3.46466518448037,2.138241995092324,0.9538667134263695
2024-04-25,2.175826683013567,segment2,8.315196442752888e-05,3.46466518448037,2.138241995092324,0.9538667134263695
2024-04-26,2.1759098349779946,segment2,8.315196442752888e-05,3.46466518448037,2.138241995092324,0.9538667134263695
2024-04-27,2.175992986942422,segment2,8.315196442752888e-05,3.46466518448037,2.138241995092324,0.9538667134263695
2024-04-28,2.1760761389068497,segment2,8.315196442752888e-05,3.46466518448037,2.138241995092324,0.9538667134263695
2024-04-29,2.176159290871277,segment2,8.315196442752888e-05,3.46466518448037,2.138241995092324,0.9538667134263695
2024-04-30,2.176242442835705,segment2,8.315196442752888e-05,3.46466518448037,2.138241995092324,0.9538667134263695
2024-05-01,2.176325594800132,segment2,8.315196442752888e-05,3.46466518448037,2.138241995092324,0.9538667134263695
2024-05-02,2.17640874676456,segment2,8.315196442752888e-05,3.46466518448037,2.138241995092324,0.9538667134263695
2024-05-03,2.176491898728987,segment2,8.315196442752888e-05,3.46466518448037,2.138241995092324,0.9538667134263695
2024-05-04,2.176575050693415,segment2,8.315196442752888e-05,3.46466518448037,2.138241995092324,0.9538667134263695
2024-05-05,2.1766582026578423,segment2,8.315196442752888e-05,3.46466518448037,2.138241995092324,0.9538667134263695
2024-05-06,2.1767413546222696,segment2,8.315196442752888e-05,3.46466518448037,2.138241995092324,0.9538667134263695
2024-05-07,2.1768245065866973,segment2,8.315196442752888e-05,3.46466518448037,2.138241995092324,0.9538667134263695
2024-05-08,2.1769076585511247,segment2,8.315196442752888e-05,3.46466518448037,2.138241995092324,0.9538667134263695
2024-05-09,2.1769908105155524,segment2,8.315196442752888e-05,3.46466518448037,2.138241995092324,0.9538667134263695
2024-05-10,2.1770739624799798,segment2,8.315196442752888e-05,3.46466518448037,2.138241995092324,0.9538667134263695
2024-05-11,2.1771571144444075,segment2,8.315196442752888e-05,3.46466518448037,2.138241995092324,0.9538667134263695
2024-05-12,2.177240266408835,segment2,8.315196442752888e-05,3.46466518448037,2.138241995092324,0.9538667134263695
2024-05-13,2.1773234183732626,segment2,8.315196442752888e-05,3.46466518448037,2.138241995092324,0.9538667134263695
2024-05-14,2.17740657033769,segment2,8.315196442752888e-05,3.46466518448037,2.138241995092324,0.9538667134263695
2024-05-15,2.1774897223021177,segment2,8.315196442752888e-05,3.46466518448037,2.138241995092324,0.9538667134263695
2024-05-16,2.177572874266545,segment2,8.315196442752888e-05,3.46466518448037,2.138241995092324,0.9538667134263695
2024-05-17,2.1776560262309728,segment2,8.315196442752888e-05,3.46466518448037,2.138241995092324,0.9538667134263695
2024-05-18,2.1777391781954,segment2,8.315196442752888e-05,3.46466518448037,2.138241995092324,0.9538667134263695
2024-05-19,2.177822330159828,segment2,8.315196442752888e-05,3.46466518448037,2.138241995092324,0.9538667134263695
2024-05-20,2.177905482124255,segment2,8.315196442752888e-05,3.46466518448037,2.138241995092324,0.9538667134263695
2024-05-21,2.177988634088683,segment2,8.315196442752888e-05,3.46466518448037,2.138241995092324,0.9538667134263695
2024-05-22,2.1780717860531102,segment2,8.315196442752888e-05,3.46466518448037,2.138241995092324,0.9538667134263695
2024-05-23,2.178154938017538,segment2,8.315196442752888e-05,3.46466518448037,2.138241995092324,0.9538667134263695
2024-05-24,2.1782380899819653,segment2,8.315196442752888e-05,3.46466518448037,2.138241995092324,0.9538667134263695
2024-05-25,2.1783212419463927,segment2,8.315196442752888e-05,3.46466518448037,2.138241995092324,0.9538667134263695
2024-05-26,2.1784043939108204,segment2,8.315196442752888e-05,3.46466518448037,2.138241995092324,0.9538667134263695
2024-05-27,2.1784875458752477,segment2,8.315196442752888e-05,3.46466518448037,2.138241995092324,0.9538667134263695
2024-05-28,2.1785706978396755,segment2,8.315196442752888e-05,3.46466518448037,2.138241995092324,0.9538667134263695
2024-05-29,2.178653849804103,segment2,8.315196442752888e-05,3.46466518448037,2.138241995092324,0.9538667134263695
2024-05-30,2.1787370017685306,segment2,8.315196442752888e-05,3.46466518448037,2.138241995092324,0.9538667134263695
2024-05-31,2.178820153732958,segment2,8.315196442752888e-05,3.46466518448037,2.138241995092324,0.9538667134263695
2024-06-01,2.1789033056973857,segment2,8.315196442752888e-05,3.46466518448037,2.138241995092324,0.9538667134263695
2024-06-02,2.178986457661813,segment2,8.315196442752888e-05,3.46466518448037,2.138241995092324,0.9538667134263695
2024-06-03,2.1790696096262407,segment2,8.315196442752888e-05,3.46466518448037,2.138241995092324,0.9538667134263695
2024-06-04,2.179152761590668,segment2,8.315196442752888e-05,3.46466518448037,2.138241995092324,0.9538667134263695
2024-06-05,2.179235913555096,segment2,8.315196442752888e-05,3.46466518448037,2.138241995092324,0.9538667134263695
2024-06-06,2.179319065519523,segment2,8.315196442752888e-05,3.46466518448037,2.138241995092324,0.9538667134263695
2024-06-07,2.179402217483951,segment2,8.315196442752888e-05,3.46466518448037,2.138241995092324,0.9538667134263695
2024-06-08,2.1794853694483782,segment2,8.315196442752888e-05,3.46466518448037,2.138241995092324,0.9538667134263695
2024-06-09,2.179568521412806,segment2,8.315196442752888e-05,3.46466518448037,2.138241995092324,0.9538667134263695
2024-06-10,2.1796516733772333,segment2,8.315196442752888e-05,3.46466518448037,2.138241995092324,0.9538667134263695
2024-06-11,2.1797348253416606,segment2,8.315196442752888e-05,3.46466518448037,2.138241995092324,0.9538667134263695
2024-06-12,2.1798179773060884,segment2,8.315196442752888e-05,3.46466518448037,2.138241995092324,0.9538667134263695
2024-06-13,2.1799011292705157,segment2,8.315196442752888e-05,3.46466518448037,2.138241995092324,0.9538667134263695
2024-06-14,2.1799842812349435,segment2,8.315196442752888e-05,3.46466518448037,2.138241995092324,0.9538667134263695
2024-06-15,2.180067433199371,segment2,8.315196442752888e-05,3.46466518448037,2.138241995092324,0.9538667134263695
2024-06-16,2.1801505851637986,segment2,8.315196442752888e-05,3.46466518448037,2.138241995092324,0.9538667134263695
2024-06-17,2.180233737128226,segment2,8.315196442752888e-05,3.46466518448037,2.138241995092324,0.9538667134263695
2024-06-18,2.1803168890926536,segment2,8.315196442752888e-05,3.46466518448037,2.138241995092324,0.9538667134263695
2024-06-19,2.180400041057081,segment2,8.315196442752888e-05,3.46466518448037,2.138241995092324,0.9538667134263695
2024-06-20,2.1804831930215087,segment2,8.315196442752888e-05,3.46466518448037,2.138241995092324,0.9538667134263695
2024-06-21,2.180566344985936,segment2,8.315196442752888e-05,3.46466518448037,2.138241995092324,0.9538667134263695
2024-06-22,2.180649496950364,segment2,8.315196442752888e-05,3.46466518448037,2.138241995092324,0.9538667134263695
2024-06-23,2.180732648914791,segment2,8.315196442752888e-05,3.46466518448037,2.138241995092324,0.9538667134263695
2024-06-24,2.180815800879219,segment2,8.315196442752888e-05,3.46466518448037,2.138241995092324,0.9538667134263695
2024-06-25,2.180898952843646,segment2,8.315196442752888e-05,3.46466518448037,2.138241995092324,0.9538667134263695
2024-06-26,2.180982104808074,segment2,8.315196442752888e-05,3.46466518448037,2.138241995092324,0.9538667134263695
2024-06-27,2.1810652567725013,segment2,8.315196442752888e-05,3.46466518448037,2.138241995092324,0.9538667134263695
2024-06-28,2.181148408736929,segment2,8.315196442752888e-05,3.46466518448037,2.138241995092324,0.9538667134263695
2024-06-29,2.1812315607013564,segment2,8.315196442752888e-05,3.46466518448037,2.138241995092324,0.9538667134263695
2024-06-30,2.1813147126657837,segment2,8.315196442752888e-05,3.46466518448037,2.138241995092324,0.9538667134263695
2024-07-01,2.1813978646302115,segment2,8.315196442752888e-05,3.46466518448037,2.138241995092324,0.9538667134263695
2024-07-02,2.1814810165946388,segment2,8.315196442752888e-05,3.46466518448037,2.138241995092324,0.9538667134263695
2024-07-03,2.1815641685590665,segment2,8.315196442752888e-05,3.46466518448037,2.138241995092324,0.9538667134263695
2024-07-04,2.181647320523494,segment2,8.315196442752888e-05,3.46466518448037,2.138241995092324,0.9538667134263695
2024-07-05,2.1817304724879216,segment2,8.315196442752888e-05,3.46466518448037,2.138241995092324,0.9538667134263695
2024-07-06,2.181813624452349,segment2,8.315196442752888e-05,3.46466518448037,2.138241995092324,0.9538667134263695
2024-07-07,2.1818967764167767,segment2,8.315196442752888e-05,3.46466518448037,2.138241995092324,0.9538667134263695
2024-07-08,2.181979928381204,segment2,8.315196442752888e-05,3.46466518448037,2.138241995092324,0.9538667134263695
2024-07-09,2.182063080345632,segment2,8.315196442752888e-05,3.46466518448037,2.138241995092324,0.9538667134263695
2024-07-10,2.182146232310059,segment2,8.315196442752888e-05,3.46466518448037,2.138241995092324,0.9538667134263695
2024-07-11,2.182229384274487,segment2,8.315196442752888e-05,3.46466518448037,2.138241995092324,0.9538667134263695
2024-07-12,2.182312536238914,segment2,8.315196442752888e-05,3.46466518448037,2.138241995092324,0.9538667134263695
2024-07-13,2.182395688203342,segment2,8.315196442752888e-05,3.46466518448037,2.138241995092324,0.9538667134263695
2024-07-14,2.1824788401677693,segment2,8.315196442752888e-05,3.46466518448037,2.138241995092324,0.9538667134263695
2024-07-15,2.182561992132197,segment2,8.315196442752888e-05,3.46466518448037,2.138241995092324,0.9538667134263695
2024-07-16,2.1826451440966244,segment2,8.315196442752888e-05,3.46466518448037,2.138241995092324,0.9538667134263695
2024-07-17,2.1827282960610517,segment2,8.315196442752888e-05,3.46466518448037,2.138241995092324,0.9538667134263695
2024-07-18,2.1828114480254794,segment2,8.315196442752888e-05,3.46466518448037,2.138241995092324,0.9538667134263695
2024-07-19,2.1828945999899068,segment2,8.315196442752888e-05,3.46466518448037,2.138241995092324,0.9538667134263695
2024-07-20,2.1829777519543345,segment2,8.315196442752888e-05,3.46466518448037,2.138241995092324,0.9538667134263695
2024-07-21,2.183060903918762,segment2,8.315196442752888e-05,3.46466518448037,2.138241995092324,0.9538667134263695
2024-07-22,2.1831440558831896,segment2,8.315196442752888e-05,3.46466518448037,2.138241995092324,0.9538667134263695
2024-07-23,2.183227207847617,segment2,8.315196442752888e-05,3.46466518448037,2.138241995092324,0.9538667134263695
2024-07-24,2.1833103598120447,segment2,8.315196442752888e-05,3.46466518448037,2.138241995092324,0.9538667134263695
2024-07-25,2.183393511776472,segment2,8.315196442752888e-05,3.46466518448037,2.138241995092324,0.9538667134263695
2024-07-26,2.1834766637408998,segment2,8.315196442752888e-05,3.46466518448037,2.138241995092324,0.9538667134263695
2024-07-27,2.183559815705327,segment2,8.315196442752888e-05,3.46466518448037,2.138241995092324,0.9538667134263695
2024-07-28,2.183642967669755,segment2,8.315196442752888e-05,3.46466518448037,2.138241995092324,0.9538667134263695
2024-07-29,2.183726119634182,segment2,8.315196442752888e-05,3.46466518448037,2.138241995092324,0.9538667134263695
2024-07-30,2.18380927159861,segment2,8.315196442752888e-05,3.46466518448037,2.138241995092324,0.9538667134263695
2024-07-31,2.1838924235630373,segment2,8.315196442752888e-05,3.46466518448037,2.138241995092324,0.9538667134263695
2024-08-01,2.183975575527465,segment2,8.315196442752888e-05,3.46466518448037,2.138241995092324,0.9538667134263695
2024-08-02,2.1840587274918923,segment2,8.315196442752888e-05,3.46466518448037,2.138241995092324,0.9538667134263695
2024-08-03,2.1841418794563197,segment2,8.315196442752888e-05,3.46466518448037,2.138241995092324,0.9538667134263695
2024-08-04,2.1842250314207474,segment2,8.315196442752888e-05,3.46466518448037,2.138241995092324,0.9538667134263695
2024-08-05,2.1843081833851747,segment2,8.315196442752888e-05,3.46466518448037,2.138241995092324,0.9538667134263695
2024-08-06,2.1843913353496025,segment2,8.315196442752888e-05,3.46466518448037,2.138241995092324,0.9538667134263695
2024-08-07,2.18447448731403,segment2,8.315196442752888e-05,3.46466518448037,2.138241995092324,0.9538667134263695
2024-08-08,2.1845576392784576,segment2,8.315196442752888e-05,3.46466518448037,2.138241995092324,0.9538667134263695
2024-08-09,2.184640791242885,segment2,8.315196442752888e-05,3.46466518448037,2.138241995092324,0.9538667134263695
2024-08-10,2.1847239432073127,segment2,8.315196442752888e-05,3.46466518448037,2.138241995092324,0.9538667134263695
2024-08-11,2.18480709517174,segment2,8.315196442752888e-05,3.46466518448037,2.138241995092324,0.9538667134263695
2024-08-12,2.1848902471361678,segment2,8.315196442752888e-05,3.46466518448037,2.138241995092324,0.9538667134263695
2024-08-13,2.184973399100595,segment2,8.315196442752888e-05,3.46466518448037,2.138241995092324,0.9538667134263695
2024-08-14,2.185056551065023,segment2,8.315196442752888e-05,3.46466518448037,2.138241995092324,0.9538667134263695
2024-08-15,2.18513970302945,segment2,8.315196442752888e-05,3.46466518448037,2.138241995092324,0.9538667134263695
2024-08-16,2.185222854993878,segment2,8.315196442752888e-05,3.46466518448037,2.138241995092324,0.9538667134263695
2024-08-17,2.1853060069583052,segment2,8.315196442752888e-05,3.46466518448037,2.138241995092324,0.9538667134263695
2024-08-18,2.185389158922733,segment2,8.315196442752888e-05,3.46466518448037,2.138241995092324,0.9538667134263695
2024-08-19,2.1854723108871603,segment2,8.315196442752888e-05,3.46466518448037,2.138241995092324,0.9538667134263695
2024-08-20,2.185555462851588,segment2,8.315196442752888e-05,3.46466518448037,2.138241995092324,0.9538667134263695
2024-08-21,2.1856386148160154,segment2,8.315196442752888e-05,3.46466518448037,2.138241995092324,0.9538667134263695
2024-08-22,2.1857217667804427,segment2,8.315196442752888e-05,3.46466518448037,2.138241995092324,0.9538667134263695
2024-08-23,2.1858049187448705,segment2,8.315196442752888e-05,3.46466518448037,2.138241995092324,0.9538667134263695
2024-08-24,2.185888070709298,segment2,8.315196442752888e-05,3.46466518448037,2.138241995092324,0.9538667134263695
2024-08-25,2.1859712226737256,segment2,8.315196442752888e-05,3.46466518448037,2.138241995092324,0.9538667134263695
2024-08-26,2.186054374638153,segment2,8.315196442752888e-05,3.46466518448037,2.138241995092324,0.9538667134263695
2024-08-27,2.1861375266025806,segment2,8.315196442752888e-05,3.46466518448037,2.138241995092324,0.9538667134263695
2024-08-28,2.186220678567008,segment2,8.315196442752888e-05,3.46466518448037,2.138241995092324,0.9538667134263695
2024-08-29,2.1863038305314357,segment2,8.315196442752888e-05,3.46466518448037,2.138241995092324,0.9538667134263695
2024-08-30,2.186386982495863,segment2,8.315196442752888e-05,3.46466518448037,2.138241995092324,0.9538667134263695
2024-08-31,2.186470134460291,segment2,8.315196442752888e-05,3.46466518448037,2.138241995092324,0.9538667134263695
2024-09-01,2.186553286424718,segment2,8.315196442752888e-05,3.46466518448037,2.138241995092324,0.9538667134263695
2024-09-02,2.186636438389146,segment2,8.315196442752888e-05,3.46466518448037,2.138241995092324,0.9538667134263695
2024-09-03,2.186719590353573,segment2,8.315196442752888e-05,3.46466518448037,2.138241995092324,0.9538667134263695
2024-09-04,2.186802742318001,segment2,8.315196442752888e-05,3.46466518448037,2.138241995092324,0.9538667134263695
2024-09-05,2.1868858942824283,segment2,8.315196442752888e-05,3.46466518448037,2.138241995092324,0.9538667134263695
2024-09-06,2.186969046246856,segment2,8.315196442752888e-05,3.46466518448037,2.138241995092324,0.9538667134263695
2024-09-07,2.1870521982112834,segment2,8.315196442752888e-05,3.46466518448037,2.138241995092324,0.9538667134263695
2024-09-08,2.1871353501757107,segment2,8.315196442752888e-05,3.46466518448037,2.138241995092324,0.9538667134263695
2024-09-09,2.1872185021401385,segment2,8.315196442752888e-05,3.46466518448037,2.138241995092324,0.9538667134263695
2024-09-10,2.187301654104566,segment2,8.315196442752888e-05,3.46466518448037,2.138241995092324,0.9538667134263695
2024-09-11,2.1873848060689935,segment2,8.315196442752888e-05,3.46466518448037,2.138241995092324,0.9538667134263695
2024-09-12,2.187467958033421,segment2,8.315196442752888e-05,3.46466518448037,2.138241995092324,0.9538667134263695
2024-09-13,2.1875511099978486,segment2,8.315196442752888e-05,3.46466518448037,2.138241995092324,0.9538667134263695
2024-09-14,2.187634261962276,segment2,8.315196442752888e-05,3.46466518448037,2.138241995092324,0.9538667134263695
2024-09-15,2.1877174139267037,segment2,8.315196442752888e-05,3.46466518448037,2.138241995092324,0.9538667134263695
2024-09-16,2.187800565891131,segment2,8.315196442752888e-05,3.46466518448037,2.138241995092324,0.9538667134263695
2024-09-17,2.187883717855559,segment2,8.315196442752888e-05,3.46466518448037,2.138241995092324,0.9538667134263695
2024-09-18,2.187966869819986,segment2,8.315196442752888e-05,3.46466518448037,2.138241995092324,0.9538667134263695
2024-09-19,2.188050021784414,segment2,8.315196442752888e-05,3.46466518448037,2.138241995092324,0.9538667134263695
2024-09-20,2.188133173748841,segment2,8.315196442752888e-05,3.46466518448037,2.138241995092324,0.9538667134263695
2024-09-21,2.188216325713269,segment2,8.315196442752888e-05,3.46466518448037,2.138241995092324,0.9538667134263695
2024-09-22,2.1882994776776963,segment2,8.315196442752888e-05,3.46466518448037,2.138241995092324,0.9538667134263695
2024-09-23,2.188382629642124,segment2,8.315196442752888e-05,3.46466518448037,2.138241995092324,0.9538667134263695
2024-09-24,2.1884657816065514,segment2,8.315196442752888e-05,3.46466518448037,2.138241995092324,0.9538667134263695
2024-09-25,2.1885489335709787,segment2,8.315196442752888e-05,3.46466518448037,2.138241995092324,0.9538667134263695
2024-09-26,2.1886320855354064,segment2,8.315196442752888e-05,3.46466518448037,2.138241995092324,0.9538667134263695
2024-09-27,2.1887152374998338,segment2,8.315196442752888e-05,3.46466518448037,2.138241995092324,0.9538667134263695
2024-09-28,2.1887983894642615,segment2,8.315196442752888e-05,3.46466518448037,2.138241995092324,0.9538667134263695
2024-09-29,2.188881541428689,segment2,8.315196442752888e-05,3.46466518448037,2.138241995092324,0.9538667134263695
2024-09-30,2.1889646933931166,segment2,8.315196442752888e-05,3.46466518448037,2.138241995092324,0.9538667134263695
2024-10-01,2.189047845357544,segment2,8.315196442752888e-05,3.46466518448037,2.138241995092324,0.9538667134263695
2024-10-02,2.1891309973219717,segment2,8.315196442752888e-05,3.46466518448037,2.138241995092324,0.9538667134263695
2024-10-03,2.189214149286399,segment2,8.315196442752888e-05,3.46466518448037,2.138241995092324,0.9538667134263695
2024-10-04,2.1892973012508268,segment2,8.315196442752888e-05,3.46466518448037,2.138241995092324,0.9538667134263695
2024-10-05,2.189380453215254,segment2,8.315196442752888e-05,3.46466518448037,2.138241995092324,0.9538667134263695
2024-10-06,2.189463605179682,segment2,8.315196442752888e-05,3.46466518448037,2.138241995092324,0.9538667134263695
2024-10-07,2.189546757144109,segment2,8.315196442752888e-05,3.46466518448037,2.138241995092324,0.9538667134263695
2024-10-08,2.189629909108537,segment2,8.315196442752888e-05,3.46466518448037,2.138241995092324,0.9538667134263695
2024-10-09,2.1897130610729643,segment2,8.315196442752888e-05,3.46466518448037,2.138241995092324,0.9538667134263695
2024-10-10,2.189796213037392,segment2,8.315196442752888e-05,3.46466518448037,2.138241995092324,0.9538667134263695
2024-10-11,2.1898793650018193,segment2,8.315196442752888e-05,3.46466518448037,2.138241995092324,0.9538667134263695
2024-10-12,2.189962516966247,segment2,8.315196442752888e-05,3.46466518448037,2.138241995092324,0.9538667134263695
2024-10-13,2.1900456689306744,segment2,8.315196442752888e-05,3.46466518448037,2.138241995092324,0.9538667134263695
2024-10-14,2.1901288208951017,segment2,8.315196442752888e-05,3.46466518448037,2.138241995092324,0.9538667134263695
2024-10-15,2.1902119728595295,segment2,8.315196442752888e-05,3.46466518448037,2.138241995092324,0.9538667134263695
2024-10-16,2.190295124823957,segment2,8.315196442752888e-05,3.46466518448037,2.138241995092324,0.9538667134263695
2024-10-17,2.1903782767883846,segment2,8.315196442752888e-05,3.46466518448037,2.138241995092324,0.9538667134263695
2024-10-18,2.190461428752812,segment2,8.315196442752888e-05,3.46466518448037,2.138241995092324,0.9538667134263695
2024-10-19,2.1905445807172397,segment2,8.315196442752888e-05,3.46466518448037,2.138241995092324,0.9538667134263695
2024-10-20,2.190627732681667,segment2,8.315196442752888e-05,3.46466518448037,2.138241995092324,0.9538667134263695
2024-10-21,2.1907108846460948,segment2,8.315196442752888e-05,3.46466518448037,2.138241995092324,0.9538667134263695
2024-10-22,2.190794036610522,segment2,8.315196442752888e-05,3.46466518448037,2.138241995092324,0.9538667134263695
2024-10-23,2.19087718857495,segment2,8.315196442752888e-05,3.46466518448037,2.138241995092324,0.9538667134263695
2024-10-24,2.190960340539377,segment2,8.315196442752888e-05,3.46466518448037,2.138241995092324,0.9538667134263695
2024-10-25,2.191043492503805,segment2,8.315196442752888e-05,3.46466518448037,2.138241995092324,0.9538667134263695
2024-10-26,2.1911266444682322,segment2,8.315196442752888e-05,3.46466518448037,2.138241995092324,0.9538667134263695
2024-10-27,2.19120979643266,segment2,8.315196442752888e-05,3.46466518448037,2.138241995092324,0.9538667134263695
2024-10-28,2.1912929483970873,segment2,8.315196442752888e-05,3.46466518448037,2.138241995092324,0.9538667134263695
2024-10-29,2.191376100361515,segment2,8.315196442752888e-05,3.46466518448037,2.138241995092324,0.9538667134263695
2024-10-30,2.1914592523259424,segment2,8.315196442752888e-05,3.46466518448037,2.138241995092324,0.9538667134263695
2024-10-31,2.1915424042903697,segment2,8.315196442752888e-05,3.46466518448037,2.138241995092324,0.9538667134263695
2024-11-01,2.1916255562547975,segment2,8.315196442752888e-05,3.46466518448037,2.138241995092324,0.9538667134263695
2024-11-02,2.191708708219225,segment2,8.315196442752888e-05,3.46466518448037,2.138241995092324,0.9538667134263695
2024-11-03,2.1917918601836526,segment2,8.315196442752888e-05,3.46466518448037,2.138241995092324,0.9538667134263695
2024-11-04,2.19187501214808,segment2,8.315196442752888e-05,3.46466518448037,2.138241995092324,0.9538667134263695
2024-11-05,2.1919581641125077,segment2,8.315196442752888e-05,3.46466518448037,2.138241995092324,0.9538667134263695
2024-11-06,2.192041316076935,segment2,8.315196442752888e-05,3.46466518448037,2.138241995092324,0.9538667134263695
2024-11-07,2.1921244680413627,segment2,8.315196442752888e-05,3.46466518448037,2.138241995092324,0.9538667134263695
2024-11-08,2.19220762000579,segment2,8.315196442752888e-05,3.46466518448037,2.138241995092324,0.9538667134263695
2024-11-09,2.192290771970218,segment2,8.315196442752888e-05,3.46466518448037,2.138241995092324,0.9538667134263695
2024-11-10,2.192373923934645,segment2,8.315196442752888e-05,3.46466518448037,2.138241995092324,0.9538667134263695
2024-11-11,2.192457075899073,segment2,8.315196442752888e-05,3.46466518448037,2.138241995092324,0.9538667134263695
2024-11-12,2.1925402278635002,segment2,8.315196442752888e-05,3.46466518448037,2.138241995092324,0.9538667134263695
2024-11-13,2.192623379827928,segment2,8.315196442752888e-05,3.46466518448037,2.138241995092324,0.9538667134263695
2024-11-14,2.1927065317923553,segment2,8.315196442752888e-05,3.46466518448037,2.138241995092324,0.9538667134263695
2024-11-15,2.192789683756783,segment2,8.315196442752888e-05,3.46466518448037,2.138241995092324,0.9538667134263695
2024-11-16,2.1928728357212104,segment2,8.315196442752888e-05,3.46466518448037,2.138241995092324,0.9538667134263695
2024-11-17,2.1929559876856377,segment2,8.315196442752888e-05,3.46466518448037,2.138241995092324,0.9538667134263695
2024-11-18,2.1930391396500655,segment2,8.315196442752888e-05,3.46466518448037,2.138241995092324,0.9538667134263695
2024-11-19,2.193122291614493,segment2,8.315196442752888e-05,3.46466518448037,2.138241995092324,0.9538667134263695
2024-11-20,2.1932054435789206,segment2,8.315196442752888e-05,3.46466518448037,2.138241995092324,0.9538667134263695
2024-11-21,2.193288595543348,segment2,8.315196442752888e-05,3.46466518448037,2.138241995092324,0.9538667134263695
2024-11-22,2.1933717475077756,segment2,8.315196442752888e-05,3.46466518448037,2.138241995092324,0.9538667134263695
2024-11-23,2.193454899472203,segment2,8.315196442752888e-05,3.46466518448037,2.138241995092324,0.9538667134263695
2024-11-24,2.1935380514366307,segment2,8.315196442752888e-05,3.46466518448037,2.138241995092324,0.9538667134263695
2024-11-25,2.193621203401058,segment2,8.315196442752888e-05,3.46466518448037,2.138241995092324,0.9538667134263695
2024-11-26,2.193704355365486,segment2,8.315196442752888e-05,3.46466518448037,2.138241995092324,0.9538667134263695
2024-11-27,2.193787507329913,segment2,8.315196442752888e-05,3.46466518448037,2.138241995092324,0.9538667134263695
2024-11-28,2.193870659294341,segment2,8.315196442752888e-05,3.46466518448037,2.138241995092324,0.9538667134263695
2024-11-29,2.193953811258768,segment2,8.315196442752888e-05,3.46466518448037,2.138241995092324,0.9538667134263695
2024-11-30,2.194036963223196,segment2,8.315196442752888e-05,3.46466518448037,2.138241995092324,0.9538667134263695
2024-12-01,2.1941201151876233,segment2,8.315196442752888e-05,3.46466518448037,2.138241995092324,0.9538667134263695
2024-12-02,2.194203267152051,segment2,8.315196442752888e-05,3.46466518448037,2.138241995092324,0.9538667134263695
2024-12-03,2.1942864191164784,segment2,8.315196442752888e-05,3.46466518448037,2.138241995092324,0.9538667134263695
2024-12-04,2.194369571080906,segment2,8.315196442752888e-05,3.46466518448037,2.138241995092324,0.9538667134263695
2024-12-05,2.1944527230453335,segment2,8.315196442752888e-05,3.46466518448037,2.138241995092324,0.9538667134263695
2024-12-06,2.1945358750097608,segment2,8.315196442752888e-05,3.46466518448037,2.138241995092324,0.9538667134263695
2024-12-07,2.1946190269741885,segment2,8.315196442752888e-05,3.46466518448037,2.138241995092324,0.9538667134263695
2024-12-08,2.194702178938616,segment2,8.315196442752888e-05,3.46466518448037,2.138241995092324,0.9538667134263695
2024-12-09,2.1947853309030436,segment2,8.315196442752888e-05,3.46466518448037,2.138241995092324,0.9538667134263695
2024-12-10,2.194868482867471,segment2,8.315196442752888e-05,3.46466518448037,2.138241995092324,0.9538667134263695
2024-12-11,2.1949516348318987,segment2,8.315196442752888e-05,3.46466518448037,2.138241995092324,0.9538667134263695
2024-12-12,2.195034786796326,segment2,8.315196442752888e-05,3.46466518448037,2.138241995092324,0.9538667134263695
2024-12-13,2.195117938760754,segment2,8.315196442752888e-05,3.46466518448037,2.138241995092324,0.9538667134263695
2024-12-14,2.195201090725181,segment2,8.315196442752888e-05,3.46466518448037,2.138241995092324,0.9538667134263695
2024-12-15,2.195284242689609,segment2,8.315196442752888e-05,3.46466518448037,2.138241995092324,0.9538667134263695
2024-12-16,2.195367394654036,segment2,8.315196442752888e-05,3.46466518448037,2.138241995092324,0.9538667134263695
2024-12-17,2.195450546618464,segment2,8.315196442752888e-05,3.46466518448037,2.138241995092324,0.9538667134263695
2024-12-18,2.1955336985828913,segment2,8.315196442752888e-05,3.46466518448037,2.138241995092324,0.9538667134263695
2024-12-19,2.195616850547319,segment2,8.315196442752888e-05,3.46466518448037,2.138241995092324,0.9538667134263695
2024-12-20,2.1957000025117464,segment2,8.315196442752888e-05,3.46466518448037,2.138241995092324,0.9538667134263695
2024-12-21,2.195783154476174,segment2,8.315196442752888e-05,3.46466518448037,2.138241995092324,0.9538667134263695
2024-12-22,2.1958663064406014,segment2,8.315196442752888e-05,3.46466518448037,2.138241995092324,0.9538667134263695
2024-12-23,2.195949458405029,segment2,8.315196442752888e-05,3.46466518448037,2.138241995092324,0.9538667134263695
2024-12-24,2.1960326103694565,segment2,8.315196442752888e-05,3.46466518448037,2.138241995092324,0.9538667134263695
2024-12-25,2.196115762333884,segment2,8.315196442752888e-05,3.46466518448037,2.138241995092324,0.9538667134263695
2024-12-26,2.1961989142983116,segment2,8.315196442752888e-05,3.46466518448037,2.138241995092324,0.9538667134263695
2024-12-27,2.196282066262739,segment2,8.315196442752888e-05,3.46466518448037,2.138241995092324,0.9538667134263695
2024-12-28,2.1963652182271667,segment2,8.315196442752888e-05,3.46466518448037,2.138241995092324,0.9538667134263695
2024-12-29,2.196448370191594,segment2,8.315196442752888e-05,3.46466518448037,2.138241995092324,0.9538667134263695
2024-12-30,2.1965315221560218,segment2,8.315196442752888e-05,3.46466518448037,2.138241995092324,0.9538667134263695
2024-12-31,2.196614674120449,segment2,8.315196442752888e-05,3.46466518448037,2.138241995092324,0.9538667134263695
2025-01-01,2.196697826084877,segment2,8.315196442752888e-05,3.46466518448037,2.138241995092324,0.9538667134263695
2025-01-02,2.196780978049304,segment2,8.315196442752888e-05,3.46466518448037,2.138241995092324,0.9538667134263695
2025-01-03,2.196864130013732,segment2,8.315196442752888e-05,3.46466518448037,2.138241995092324,0.9538667134263695
2025-01-04,2.1969472819781592,segment2,8.315196442752888e-05,3.46466518448037,2.138241995092324,0.9538667134263695
2025-01-05,2.197030433942587,segment2,8.315196442752888e-05,3.46466518448037,2.138241995092324,0.9538667134263695
2025-01-06,2.1971135859070143,segment2,8.315196442752888e-05,3.46466518448037,2.138241995092324,0.9538667134263695
2025-01-07,2.197196737871442,segment2,8.315196442752888e-05,3.46466518448037,2.138241995092324,0.9538667134263695
2025-01-08,2.1972798898358694,segment2,8.315196442752888e-05,3.46466518448037,2.138241995092324,0.9538667134263695
2025-01-09,2.197363041800297,segment2,8.315196442752888e-05,3.46466518448037,2.138241995092324,0.9538667134263695
2025-01-10,2.1974461937647245,segment2,8.315196442752888e-05,3.46466518448037,2.138241995092324,0.9538667134263695
2025-01-11,2.197529345729152,segment2,8.315196442752888e-05,3.46466518448037,2.138241995092324,0.9538667134263695
2025-01-12,2.1976124976935796,segment2,8.315196442752888e-05,3.46466518448037,2.138241995092324,0.9538667134263695
2025-01-13,2.197695649658007,segment2,8.315196442752888e-05,3.46466518448037,2.138241995092324,0.9538667134263695
2025-01-14,2.1977788016224347,segment2,8.315196442752888e-05,3.46466518448037,2.138241995092324,0.9538667134263695
2025-01-15,2.197861953586862,segment2,8.315196442752888e-05,3.46466518448037,2.138241995092324,0.9538667134263695
2025-01-16,2.1979451055512897,segment2,8.315196442752888e-05,3.46466518448037,2.138241995092324,0.9538667134263695
2025-01-17,2.198028257515717,segment2,8.315196442752888e-05,3.46466518448037,2.138241995092324,0.9538667134263695
2025-01-18,2.198111409480145,segment2,8.315196442752888e-05,3.46466518448037,2.138241995092324,0.9538667134263695
2025-01-19,2.198194561444572,segment2,8.315196442752888e-05,3.46466518448037,2.138241995092324,0.9538667134263695
2025-01-20,2.198277713409,segment2,8.315196442752888e-05,3.46466518448037,2.138241995092324,0.9538667134263695
2025-01-21,2.1983608653734272,segment2,8.315196442752888e-05,3.46466518448037,2.138241995092324,0.9538667134263695
2025-01-22,2.198444017337855,segment2,8.315196442752888e-05,3.46466518448037,2.138241995092324,0.9538667134263695
2025-01-23,2.1985271693022823,segment2,8.315196442752888e-05,3.46466518448037,2.138241995092324,0.9538667134263695
2025-01-24,2.19861032126671,segment2,8.315196442752888e-05,3.46466518448037,2.138241995092324,0.9538667134263695
2025-01-25,2.1986934732311374,segment2,8.315196442752888e-05,3.46466518448037,2.138241995092324,0.9538667134263695
2025-01-26,2.198776625195565,segment2,8.315196442752888e-05,3.46466518448037,2.138241995092324,0.9538667134263695
2025-01-27,2.1988597771599925,segment2,8.315196442752888e-05,3.46466518448037,2.138241995092324,0.9538667134263695
2025-01-28,2.19894292912442,segment2,8.315196442752888e-05,3.46466518448037,2.138241995092324,0.9538667134263695
2025-01-29,2.1990260810888476,segment2,8.315196442752888e-05,3.46466518448037,2.138241995092324,0.9538667134263695
2025-01-30,2.199109233053275,segment2,8.315196442752888e-05,3.46466518448037,2.138241995092324,0.9538667134263695
2025-01-31,2.1991923850177026,segment2,8.315196442752888e-05,3.46466518448037,2.138241995092324,0.9538667134263695
2025-02-01,2.19927553698213,segment2,8.315196442752888e-05,3.46466518448037,2.138241995092324,0.9538667134263695
2025-02-02,2.1993586889465577,segment2,8.315196442752888e-05,3.46466518448037,2.138241995092324,0.9538667134263695
2025-02-03,2.199441840910985,segment2,8.315196442752888e-05,3.46466518448037,2.138241995092324,0.9538667134263695
2025-02-04,2.199524992875413,segment2,8.315196442752888e-05,3.46466518448037,2.138241995092324,0.9538667134263695
2025-02-05,2.19960814483984,segment2,8.315196442752888e-05,3.46466518448037,2.138241995092324,0.9538667134263695
2025-02-06,2.199691296804268,segment2,8.315196442752888e-05,3.46466518448037,2.138241995092324,0.9538667134263695
2025-02-07,2.199774448768695,segment2,8.315196442752888e-05,3.46466518448037,2.138241995092324,0.9538667134263695
2025-02-08,2.199857600733123,segment2,8.315196442752888e-05,3.46466518448037,2.138241995092324,0.9538667134263695
2025-02-09,2.1999407526975503,segment2,8.315196442752888e-05,3.46466518448037,2.138241995092324,0.9538667134263695
2025-02-10,2.200023904661978,segment2,8.315196442752888e-05,3.46466518448037,2.138241995092324,0.9538667134263695
2025-02-11,2.2001070566264054,segment2,8.315196442752888e-05,3.46466518448037,2.138241995092324,0.9538667134263695
2025-02-12,2.200190208590833,segment2,8.315196442752888e-05,3.46466518448037,2.138241995092324,0.9538667134263695
2025-02-13,2.2002733605552605,segment2,8.315196442752888e-05,3.46466518448037,2.138241995092324,0.9538667134263695
2025-02-14,2.2003565125196882,segment2,8.315196442752888e-05,3.46466518448037,2.138241995092324,0.9538667134263695
2025-02-15,2.2004396644841155,segment2,8.315196442752888e-05,3.46466518448037,2.138241995092324,0.9538667134263695
2025-02-16,2.200522816448543,segment2,8.315196442752888e-05,3.46466518448037,2.138241995092324,0.9538667134263695
2025-02-17,2.2006059684129706,segment2,8.315196442752888e-05,3.46466518448037,2.138241995092324,0.9538667134263695
2025-02-18,2.200689120377398,segment2,8.315196442752888e-05,3.46466518448037,2.138241995092324,0.9538667134263695
2025-02-19,2.2007722723418257,segment2,8.315196442752888e-05,3.46466518448037,2.138241995092324,0.9538667134263695
2025-02-20,2.200855424306253,segment2,8.315196442752888e-05,3.46466518448037,2.138241995092324,0.9538667134263695
2025-02-21,2.200938576270681,segment2,8.315196442752888e-05,3.46466518448037,2.138241995092324,0.9538667134263695
2025-02-22,2.201021728235108,segment2,8.315196442752888e-05,3.46466518448037,2.138241995092324,0.9538667134263695
2025-02-23,2.201104880199536,segment2,8.315196442752888e-05,3.46466518448037,2.138241995092324,0.9538667134263695
2025-02-24,2.201188032163963,segment2,8.315196442752888e-05,3.46466518448037,2.138241995092324,0.9538667134263695
2025-02-25,2.201271184128391,segment2,8.315196442752888e-05,3.46466518448037,2.138241995092324,0.9538667134263695
2025-02-26,2.2013543360928183,segment2,8.315196442752888e-05,3.46466518448037,2.138241995092324,0.9538667134263695
2025-02-27,2.201437488057246,segment2,8.315196442752888e-05,3.46466518448037,2.138241995092324,0.9538667134263695
2025-02-28,2.2015206400216734,segment2,8.315196442752888e-05,3.46466518448037,2.138241995092324,0.9538667134263695
2025-03-01,2.201603791986101,segment2,8.315196442752888e-05,3.46466518448037,2.138241995092324,0.9538667134263695
2025-03-02,2.2016869439505284,segment2,8.315196442752888e-05,3.46466518448037,2.138241995092324,0.9538667134263695
2025-03-03,2.201770095914956,segment2,8.315196442752888e-05,3.46466518448037,2.138241995092324,0.9538667134263695
2025-03-04,2.2018532478793835,segment2,8.315196442752888e-05,3.46466518448037,2.138241995092324,0.9538667134263695
2025-03-05,2.201936399843811,segment2,8.315196442752888e-05,3.46466518448037,2.138241995092324,0.9538667134263695
2025-03-06,2.2020195518082386,segment2,8.315196442752888e-05,3.46466518448037,2.138241995092324,0.9538667134263695
2025-03-07,2.202102703772666,segment2,8.315196442752888e-05,3.46466518448037,2.138241995092324,0.9538667134263695
2025-03-08,2.2021858557370937,segment2,8.315196442752888e-05,3.46466518448037,2.138241995092324,0.9538667134263695
2025-03-09,2.202269007701521,segment2,8.315196442752888e-05,3.46466518448037,2.138241995092324,0.9538667134263695
2025-03-10,2.2023521596659488,segment2,8.315196442752888e-05,3.46466518448037,2.138241995092324,0.9538667134263695
2025-03-11,2.202435311630376,segment2,8.315196442752888e-05,3.46466518448037,2.138241995092324,0.9538667134263695
2025-03-12,2.202518463594804,segment2,8.315196442752888e-05,3.46466518448037,2.138241995092324,0.9538667134263695
2025-03-13,2.202601615559231,segment2,8.315196442752888e-05,3.46466518448037,2.138241995092324,0.9538667134263695
2025-03-14,2.202684767523659,segment2,8.315196442752888e-05,3.46466518448037,2.138241995092324,0.9538667134263695
2025-03-15,2.2027679194880863,segment2,8.315196442752888e-05,3.46466518448037,2.138241995092324,0.9538667134263695
2025-03-16,2.202851071452514,segment2,8.315196442752888e-05,3.46466518448037,2.138241995092324,0.9538667134263695
2025-03-17,2.2029342234169413,segment2,8.315196442752888e-05,3.46466518448037,2.138241995092324,0.9538667134263695
2025-03-18,2.203017375381369,segment2,8.315196442752888e-05,3.46466518448037,2.138241995092324,0.9538667134263695
2025-03-19,2.2031005273457964,segment2,8.315196442752888e-05,3.46466518448037,2.138241995092324,0.9538667134263695
2025-03-20,2.203183679310224,segment2,8.315196442752888e-05,3.46466518448037,2.138241995092324,0.9538667134263695
2025-03-21,2.2032668312746515,segment2,8.315196442752888e-05,3.46466518448037,2.138241995092324,0.9538667134263695
2025-03-22,2.203349983239079,segment2,8.315196442752888e-05,3.46466518448037,2.138241995092324,0.9538667134263695
2025-03-23,2.2034331352035066,segment2,8.315196442752888e-05,3.46466518448037,2.138241995092324,0.9538667134263695
2025-03-24,2.203516287167934,segment2,8.315196442752888e-05,3.46466518448037,2.138241995092324,0.9538667134263695
2025-03-25,2.2035994391323617,segment2,8.315196442752888e-05,3.46466518448037,2.138241995092324,0.9538667134263695
2025-03-26,2.203682591096789,segment2,8.315196442752888e-05,3.46466518448037,2.138241995092324,0.9538667134263695
2025-03-27,2.2037657430612168,segment2,8.315196442752888e-05,3.46466518448037,2.138241995092324,0.9538667134263695
2025-03-28,2.203848895025644,segment2,8.315196442752888e-05,3.46466518448037,2.138241995092324,0.9538667134263695
2025-03-29,2.203932046990072,segment2,8.315196442752888e-05,3.46466518448037,2.138241995092324,0.9538667134263695
2025-03-30,2.204015198954499,segment2,8.315196442752888e-05,3.46466518448037,2.138241995092324,0.9538667134263695
2025-03-31,2.204098350918927,segment2,8.315196442752888e-05,3.46466518448037,2.138241995092324,0.9538667134263695
2025-04-01,2.2041815028833542,segment2,8.315196442752888e-05,3.46466518448037,2.138241995092324,0.9538667134263695
2025-04-02,2.204264654847782,segment2,8.315196442752888e-05,3.46466518448037,2.138241995092324,0.9538667134263695
2025-04-03,2.2043478068122093,segment2,8.315196442752888e-05,3.46466518448037,2.138241995092324,0.9538667134263695
2025-04-04,2.204430958776637,segment2,8.315196442752888e-05,3.46466518448037,2.138241995092324,0.9538667134263695
2025-04-05,2.2045141107410644,segment2,8.315196442752888e-05,3.46466518448037,2.138241995092324,0.9538667134263695
2025-04-06,2.204597262705492,segment2,8.315196442752888e-05,3.46466518448037,2.138241995092324,0.9538667134263695
2025-04-07,2.2046804146699195,segment2,8.315196442752888e-05,3.46466518448037,2.138241995092324,0.9538667134263695
2025-04-08,2.2047635666343472,segment2,8.315196442752888e-05,3.46466518448037,2.138241995092324,0.9538667134263695
2025-04-09,2.2048467185987746,segment2,8.315196442752888e-05,3.46466518448037,2.138241995092324,0.9538667134263695
2025-04-10,2.204929870563202,segment2,8.315196442752888e-05,3.46466518448037,2.138241995092324,0.9538667134263695
2025-04-11,2.2050130225276297,segment2,8.315196442752888e-05,3.46466518448037,2.138241995092324,0.9538667134263695
2025-04-12,2.205096174492057,segment2,8.315196442752888e-05,3.46466518448037,2.138241995092324,0.9538667134263695
2025-04-13,2.2051793264564847,segment2,8.315196442752888e-05,3.46466518448037,2.138241995092324,0.9538667134263695
2025-04-14,2.205262478420912,segment2,8.315196442752888e-05,3.46466518448037,2.138241995092324,0.9538667134263695
2025-04-15,2.20534563038534,segment2,8.315196442752888e-05,3.46466518448037,2.138241995092324,0.9538667134263695
2025-04-16,2.205428782349767,segment2,8.315196442752888e-05,3.46466518448037,2.138241995092324,0.9538667134263695
2025-04-17,2.205511934314195,segment2,8.315196442752888e-05,3.46466518448037,2.138241995092324,0.9538667134263695
2025-04-18,2.205595086278622,segment2,8.315196442752888e-05,3.46466518448037,2.138241995092324,0.9538667134263695
2025-04-19,2.20567823824305,segment2,8.315196442752888e-05,3.46466518448037,2.138241995092324,0.9538667134263695
2025-04-20,2.2057613902074773,segment2,8.315196442752888e-05,3.46466518448037,2.138241995092324,0.9538667134263695
2025-04-21,2.205844542171905,segment2,8.315196442752888e-05,3.46466518448037,2.138241995092324,0.9538667134263695
2025-04-22,2.2059276941363324,segment2,8.315196442752888e-05,3.46466518448037,2.138241995092324,0.9538667134263695
2025-04-23,2.20601084610076,segment2,8.315196442752888e-05,3.46466518448037,2.138241995092324,0.9538667134263695
2025-04-24,2.2060939980651875,segment2,8.315196442752888e-05,3.46466518448037,2.138241995092324,0.9538667134263695
2025-04-25,2.2061771500296152,segment2,8.315196442752888e-05,3.46466518448037,2.138241995092324,0.9538667134263695
2025-04-26,2.2062603019940425,segment2,8.315196442752888e-05,3.46466518448037,2.138241995092324,0.9538667134263695
2025-04-27,2.20634345395847,segment2,8.315196442752888e-05,3.46466518448037,2.138241995092324,0.9538667134263695
2025-04-28,2.2064266059228976,segment2,8.315196442752888e-05,3.46466518448037,2.138241995092324,0.9538667134263695
2025-04-29,2.206509757887325,segment2,8.315196442752888e-05,3.46466518448037,2.138241995092324,0.9538667134263695
2025-04-30,2.2065929098517527,segment2,8.315196442752888e-05,3.46466518448037,2.138241995092324,0.9538667134263695
2025-05-01,2.20667606181618,segment2,8.315196442752888e-05,3.46466518448037,2.138241995092324,0.9538667134263695
2025-05-02,2.206759213780608,segment2,8.315196442752888e-05,3.46466518448037,2.138241995092324,0.9538667134263695
2025-05-03,2.206842365745035,segment2,8.315196442752888e-05,3.46466518448037,2.138241995092324,0.9538667134263695
2025-05-04,2.206925517709463,segment2,8.315196442752888e-05,3.46466518448037,2.138241995092324,0.9538667134263695
2025-05-05,2.20700866967389,segment2,8.315196442752888e-05,3.46466518448037,2.138241995092324,0.9538667134263695
2025-05-06,2.207091821638318,segment2,8.315196442752888e-05,3.46466518448037,2.138241995092324,0.9538667134263695
2025-05-07,2.2071749736027453,segment2,8.315196442752888e-05,3.46466518448037,2.138241995092324,0.9538667134263695
2025-05-08,2.207258125567173,segment2,8.315196442752888e-05,3.46466518448037,2.138241995092324,0.9538667134263695
2025-05-09,2.2073412775316004,segment2,8.315196442752888e-05,3.46466518448037,2.138241995092324,0.9538667134263695
2025-05-10,2.207424429496028,segment2,8.315196442752888e-05,3.46466518448037,2.138241995092324,0.9538667134263695
2025-05-11,2.2075075814604554,segment2,8.315196442752888e-05,3.46466518448037,2.138241995092324,0.9538667134263695
2025-05-12,2.207590733424883,segment2,8.315196442752888e-05,3.46466518448037,2.138241995092324,0.9538667134263695
2025-05-13,2.2076738853893105,segment2,8.315196442752888e-05,3.46466518448037,2.138241995092324,0.9538667134263695
2025-05-14,2.207757037353738,segment2,8.315196442752888e-05,3.46466518448037,2.138241995092324,0.9538667134263695
2025-05-15,2.2078401893181656,segment2,8.315196442752888e-05,3.46466518448037,2.138241995092324,0.9538667134263695
2025-05-16,2.207923341282593,segment2,8.315196442752888e-05,3.46466518448037,2.138241995092324,0.9538667134263695
2025-05-17,2.2080064932470207,segment2,8.315196442752888e-05,3.46466518448037,2.138241995092324,0.9538667134263695
2025-05-18,2.208089645211448,segment2,8.315196442752888e-05,3.46466518448037,2.138241995092324,0.9538667134263695
2025-05-19,2.208172797175876,segment2,8.315196442752888e-05,3.46466518448037,2.138241995092324,0.9538667134263695
2025-05-20,2.208255949140303,segment2,8.315196442752888e-05,3.46466518448037,2.138241995092324,0.9538667134263695
2025-05-21,2.208339101104731,segment2,8.315196442752888e-05,3.46466518448037,2.138241995092324,0.9538667134263695
2025-05-22,2.208422253069158,segment2,8.315196442752888e-05,3.46466518448037,2.138241995092324,0.9538667134263695
2025-05-23,2.208505405033586,segment2,8.315196442752888e-05,3.46466518448037,2.138241995092324,0.9538667134263695
2025-05-24,2.2085885569980133,segment2,8.315196442752888e-05,3.46466518448037,2.138241995092324,0.9538667134263695
2025-05-25,2.208671708962441,segment2,8.315196442752888e-05,3.46466518448037,2.138241995092324,0.9538667134263695
2025-05-26,2.2087548609268683,segment2,8.315196442752888e-05,3.46466518448037,2.138241995092324,0.9538667134263695
2025-05-27,2.208838012891296,segment2,8.315196442752888e-05,3.46466518448037,2.138241995092324,0.9538667134263695
2025-05-28,2.2089211648557234,segment2,8.315196442752888e-05,3.46466518448037,2.138241995092324,0.9538667134263695
2025-05-29,2.209004316820151,segment2,8.315196442752888e-05,3.46466518448037,2.138241995092324,0.9538667134263695
2025-05-30,2.2090874687845785,segment2,8.315196442752888e-05,3.46466518448037,2.138241995092324,0.9538667134263695
2025-05-31,2.2091706207490063,segment2,8.315196442752888e-05,3.46466518448037,2.138241995092324,0.9538667134263695
2025-06-01,2.2092537727134336,segment2,8.315196442752888e-05,3.46466518448037,2.138241995092324,0.9538667134263695
2025-06-02,2.209336924677861,segment2,8.315196442752888e-05,3.46466518448037,2.138241995092324,0.9538667134263695
2025-06-03,2.2094200766422887,segment2,8.315196442752888e-05,3.46466518448037,2.138241995092324,0.9538667134263695
2025-06-04,2.209503228606716,segment2,8.315196442752888e-05,3.46466518448037,2.138241995092324,0.9538667134263695
2025-06-05,2.2095863805711438,segment2,8.315196442752888e-05,3.46466518448037,2.138241995092324,0.9538667134263695
2025-06-06,2.209669532535571,segment2,8.315196442752888e-05,3.46466518448037,2.138241995092324,0.9538667134263695
2025-06-07,2.209752684499999,segment2,8.315196442752888e-05,3.46466518448037,2.138241995092324,0.9538667134263695
2025-06-08,2.209835836464426,segment2,8.315196442752888e-05,3.46466518448037,2.138241995092324,0.9538667134263695
2025-06-09,2.209918988428854,segment2,8.315196442752888e-05,3.46466518448037,2.138241995092324,0.9538667134263695
2025-06-10,2.2100021403932812,segment2,8.315196442752888e-05,3.46466518448037,2.138241995092324,0.9538667134263695
2025-06-11,2.210085292357709,segment2,8.315196442752888e-05,3.46466518448037,2.138241995092324,0.9538667134263695
2025-06-12,2.2101684443221363,segment2,8.315196442752888e-05,3.46466518448037,2.138241995092324,0.9538667134263695
2025-06-13,2.210251596286564,segment2,8.315196442752888e-05,3.46466518448037,2.138241995092324,0.9538667134263695
2025-06-14,2.2103347482509914,segment2,8.315196442752888e-05,3.46466518448037,2.138241995092324,0.9538667134263695
2025-06-15,2.210417900215419,segment2,8.315196442752888e-05,3.46466518448037,2.138241995092324,0.9538667134263695
2025-06-16,2.2105010521798465,segment2,8.315196442752888e-05,3.46466518448037,2.138241995092324,0.9538667134263695
2025-06-17,2.2105842041442743,segment2,8.315196442752888e-05,3.46466518448037,2.138241995092324,0.9538667134263695
2025-06-18,2.2106673561087016,segment2,8.315196442752888e-05,3.46466518448037,2.138241995092324,0.9538667134263695
2025-06-19,2.2107505080731293,segment2,8.315196442752888e-05,3.46466518448037,2.138241995092324,0.9538667134263695
2025-06-20,2.2108336600375567,segment2,8.315196442752888e-05,3.46466518448037,2.138241995092324,0.9538667134263695
2025-06-21,2.210916812001984,segment2,8.315196442752888e-05,3.46466518448037,2.138241995092324,0.9538667134263695
2025-06-22,2.2109999639664117,segment2,8.315196442752888e-05,3.46466518448037,2.138241995092324,0.9538667134263695
2025-06-23,2.211083115930839,segment2,8.315196442752888e-05,3.46466518448037,2.138241995092324,0.9538667134263695
2025-06-24,2.211166267895267,segment2,8.315196442752888e-05,3.46466518448037,2.138241995092324,0.9538667134263695
2025-06-25,2.211249419859694,segment2,8.315196442752888e-05,3.46466518448037,2.138241995092324,0.9538667134263695
2025-06-26,2.211332571824122,segment2,8.315196442752888e-05,3.46466518448037,2.138241995092324,0.9538667134263695
2025-06-27,2.2114157237885492,segment2,8.315196442752888e-05,3.46466518448037,2.138241995092324,0.9538667134263695
2025-06-28,2.211498875752977,segment2,8.315196442752888e-05,3.46466518448037,2.138241995092324,0.9538667134263695
2025-06-29,2.2115820277174043,segment2,8.315196442752888e-05,3.46466518448037,2.138241995092324,0.9538667134263695
2025-06-30,2.211665179681832,segment2,8.315196442752888e-05,3.46466518448037,2.138241995092324,0.9538667134263695
2025-07-01,2.2117483316462594,segment2,8.315196442752888e-05,3.46466518448037,2.138241995092324,0.9538667134263695
2025-07-02,2.211831483610687,segment2,8.315196442752888e-05,3.46466518448037,2.138241995092324,0.9538667134263695
2025-07-03,2.2119146355751145,segment2,8.315196442752888e-05,3.46466518448037,2.138241995092324,0.9538667134263695
2025-07-04,2.2119977875395422,segment2,8.315196442752888e-05,3.46466518448037,2.138241995092324,0.9538667134263695
2025-07-05,2.2120809395039696,segment2,8.315196442752888e-05,3.46466518448037,2.138241995092324,0.9538667134263695
2025-07-06,2.212164091468397,segment2,8.315196442752888e-05,3.46466518448037,2.138241995092324,0.9538667134263695
2025-07-07,2.2122472434328246,segment2,8.315196442752888e-05,3.46466518448037,2.138241995092324,0.9538667134263695
2025-07-08,2.212330395397252,segment2,8.315196442752888e-05,3.46466518448037,2.138241995092324,0.9538667134263695
2025-07-09,2.2124135473616797,segment2,8.315196442752888e-05,3.46466518448037,2.138241995092324,0.9538667134263695
2025-07-10,2.212496699326107,segment2,8.315196442752888e-05,3.46466518448037,2.138241995092324,0.9538667134263695
2025-07-11,2.212579851290535,segment2,8.315196442752888e-05,3.46466518448037,2.138241995092324,0.9538667134263695
2025-07-12,2.212663003254962,segment2,8.315196442752888e-05,3.46466518448037,2.138241995092324,0.9538667134263695
2025-07-13,2.21274615521939,segment2,8.315196442752888e-05,3.46466518448037,2.138241995092324,0.9538667134263695
2025-07-14,2.212829307183817,segment2,8.315196442752888e-05,3.46466518448037,2.138241995092324,0.9538667134263695
2025-07-15,2.212912459148245,segment2,8.315196442752888e-05,3.46466518448037,2.138241995092324,0.9538667134263695
2025-07-16,2.2129956111126723,segment2,8.315196442752888e-05,3.46466518448037,2.138241995092324,0.9538667134263695
2025-07-17,2.2130787630771,segment2,8.315196442752888e-05,3.46466518448037,2.138241995092324,0.9538667134263695
2025-07-18,2.2131619150415274,segment2,8.315196442752888e-05,3.46466518448037,2.138241995092324,0.9538667134263695
2025-07-19,2.213245067005955,segment2,8.315196442752888e-05,3.46466518448037,2.138241995092324,0.9538667134263695
2025-07-20,2.2133282189703825,segment2,8.315196442752888e-05,3.46466518448037,2.138241995092324,0.9538667134263695
2025-07-21,2.21341137093481,segment2,8.315196442752888e-05,3.46466518448037,2.138241995092324,0.9538667134263695
2025-07-22,2.2134945228992375,segment2,8.315196442752888e-05,3.46466518448037,2.138241995092324,0.9538667134263695
2025-07-23,2.2135776748636653,segment2,8.315196442752888e-05,3.46466518448037,2.138241995092324,0.9538667134263695
2025-07-24,2.2136608268280926,segment2,8.315196442752888e-05,3.46466518448037,2.138241995092324,0.9538667134263695
2025-07-25,2.21374397879252,segment2,8.315196442752888e-05,3.46466518448037,2.138241995092324,0.9538667134263695
2025-07-26,2.2138271307569477,segment2,8.315196442752888e-05,3.46466518448037,2.138241995092324,0.9538667134263695
2025-07-27,2.213910282721375,segment2,8.315196442752888e-05,3.46466518448037,2.138241995092324,0.9538667134263695
2025-07-28,2.213993434685803,segment2,8.315196442752888e-05,3.46466518448037,2.138241995092324,0.9538667134263695
2025-07-29,2.21407658665023,segment2,8.315196442752888e-05,3.46466518448037,2.138241995092324,0.9538667134263695
2025-07-30,2.214159738614658,segment2,8.315196442752888e-05,3.46466518448037,2.138241995092324,0.9538667134263695
2025-07-31,2.214242890579085,segment2,8.315196442752888e-05,3.46466518448037,2.138241995092324,0.9538667134263695
2025-08-01,2.214326042543513,segment2,8.315196442752888e-05,3.46466518448037,2.138241995092324,0.9538667134263695
2025-08-02,2.2144091945079403,segment2,8.315196442752888e-05,3.46466518448037,2.138241995092324,0.9538667134263695
2025-08-03,2.214492346472368,segment2,8.315196442752888e-05,3.46466518448037,2.138241995092324,0.9538667134263695
2025-08-04,2.2145754984367954,segment2,8.315196442752888e-05,3.46466518448037,2.138241995092324,0.9538667134263695
2025-08-05,2.214658650401223,segment2,8.315196442752888e-05,3.46466518448037,2.138241995092324,0.9538667134263695
2025-08-06,2.2147418023656504,segment2,8.315196442752888e-05,3.46466518448037,2.138241995092324,0.9538667134263695
2025-08-07,2.214824954330078,segment2,8.315196442752888e-05,3.46466518448037,2.138241995092324,0.9538667134263695
2025-08-08,2.2149081062945055,segment2,8.315196442752888e-05,3.46466518448037,2.138241995092324,0.9538667134263695
2025-08-09,2.2149912582589333,segment2,8.315196442752888e-05,3.46466518448037,2.138241995092324,0.9538667134263695
2025-08-10,2.2150744102233606,segment2,8.315196442752888e-05,3.46466518448037,2.138241995092324,0.9538667134263695
2025-08-11,2.2151575621877884,segment2,8.315196442752888e-05,3.46466518448037,2.138241995092324,0.9538667134263695
2025-08-12,2.2152407141522157,segment2,8.315196442752888e-05,3.46466518448037,2.138241995092324,0.9538667134263695
2025-08-13,2.215323866116643,segment2,8.315196442752888e-05,3.46466518448037,2.138241995092324,0.9538667134263695
2025-08-14,2.2154070180810708,segment2,8.315196442752888e-05,3.46466518448037,2.138241995092324,0.9538667134263695
2025-08-15,2.215490170045498,segment2,8.315196442752888e-05,3.46466518448037,2.138241995092324,0.9538667134263695
2025-08-16,2.215573322009926,segment2,8.315196442752888e-05,3.46466518448037,2.138241995092324,0.9538667134263695
2025-08-17,2.215656473974353,segment2,8.315196442752888e-05,3.46466518448037,2.138241995092324,0.9538667134263695
2025-08-18,2.215739625938781,segment2,8.315196442752888e-05,3.46466518448037,2.138241995092324,0.9538667134263695
2025-08-19,2.2158227779032083,segment2,8.315196442752888e-05,3.46466518448037,2.138241995092324,0.9538667134263695
2025-08-20,2.215905929867636,segment2,8.315196442752888e-05,3.46466518448037,2.138241995092324,0.9538667134263695
2025-08-21,2.2159890818320633,segment2,8.315196442752888e-05,3.46466518448037,2.138241995092324,0.9538667134263695
2025-08-22,2.216072233796491,segment2,8.315196442752888e-05,3.46466518448037,2.138241995092324,0.9538667134263695
2025-08-23,2.2161553857609184,segment2,8.315196442752888e-05,3.46466518448037,2.138241995092324,0.9538667134263695
2025-08-24,2.216238537725346,segment2,8.315196442752888e-05,3.46466518448037,2.138241995092324,0.9538667134263695
2025-08-25,2.2163216896897735,segment2,8.315196442752888e-05,3.46466518448037,2.138241995092324,0.9538667134263695
2025-08-26,2.2164048416542013,segment2,8.315196442752888e-05,3.46466518448037,2.138241995092324,0.9538667134263695
2025-08-27,2.2164879936186286,segment2,8.315196442752888e-05,3.46466518448037,2.138241995092324,0.9538667134263695
2025-08-28,2.2165711455830563,segment2,8.315196442752888e-05,3.46466518448037,2.138241995092324,0.9538667134263695
2025-08-29,2.2166542975474837,segment2,8.315196442752888e-05,3.46466518448037,2.138241995092324,0.9538667134263695
2025-08-30,2.216737449511911,segment2,8.315196442752888e-05,3.46466518448037,2.138241995092324,0.9538667134263695
2025-08-31,2.2168206014763387,segment2,8.315196442752888e-05,3.46466518448037,2.138241995092324,0.9538667134263695
2025-09-01,2.216903753440766,segment2,8.315196442752888e-05,3.46466518448037,2.138241995092324,0.9538667134263695
2025-09-02,2.216986905405194,segment2,8.315196442752888e-05,3.46466518448037,2.138241995092324,0.9538667134263695
2025-09-03,2.217070057369621,segment2,8.315196442752888e-05,3.46466518448037,2.138241995092324,0.9538667134263695
2025-09-04,2.217153209334049,segment2,8.315196442752888e-05,3.46466518448037,2.138241995092324,0.9538667134263695
2025-09-05,2.2172363612984762,segment2,8.315196442752888e-05,3.46466518448037,2.138241995092324,0.9538667134263695
2025-09-06,2.217319513262904,segment2,8.315196442752888e-05,3.46466518448037,2.138241995092324,0.9538667134263695
2025-09-07,2.2174026652273313,segment2,8.315196442752888e-05,3.46466518448037,2.138241995092324,0.9538667134263695
2025-09-08,2.217485817191759,segment2,8.315196442752888e-05,3.46466518448037,2.138241995092324,0.9538667134263695
2025-09-09,2.2175689691561864,segment2,8.315196442752888e-05,3.46466518448037,2.138241995092324,0.9538667134263695
2025-09-10,2.217652121120614,segment2,8.315196442752888e-05,3.46466518448037,2.138241995092324,0.9538667134263695
2025-09-11,2.2177352730850415,segment2,8.315196442752888e-05,3.46466518448037,2.138241995092324,0.9538667134263695
2025-09-12,2.2178184250494692,segment2,8.315196442752888e-05,3.46466518448037,2.138241995092324,0.9538667134263695
2025-09-13,2.2179015770138966,segment2,8.315196442752888e-05,3.46466518448037,2.138241995092324,0.9538667134263695
2025-09-14,2.2179847289783243,segment2,8.315196442752888e-05,3.46466518448037,2.138241995092324,0.9538667134263695
2025-09-15,2.2180678809427516,segment2,8.315196442752888e-05,3.46466518448037,2.138241995092324,0.9538667134263695
2025-09-16,2.218151032907179,segment2,8.315196442752888e-05,3.46466518448037,2.138241995092324,0.9538667134263695
2025-09-17,2.2182341848716067,segment2,8.315196442752888e-05,3.46466518448037,2.138241995092324,0.9538667134263695
2025-09-18,2.218317336836034,segment2,8.315196442752888e-05,3.46466518448037,2.138241995092324,0.9538667134263695
2025-09-19,2.218400488800462,segment2,8.315196442752888e-05,3.46466518448037,2.138241995092324,0.9538667134263695
2025-09-20,2.218483640764889,segment2,8.315196442752888e-05,3.46466518448037,2.138241995092324,0.9538667134263695
2025-09-21,2.218566792729317,segment2,8.315196442752888e-05,3.46466518448037,2.138241995092324,0.9538667134263695
2025-09-22,2.218649944693744,segment2,8.315196442752888e-05,3.46466518448037,2.138241995092324,0.9538667134263695
2025-09-23,2.218733096658172,segment2,8.315196442752888e-05,3.46466518448037,2.138241995092324,0.9538667134263695
2025-09-24,2.2188162486225993,segment2,8.315196442752888e-05,3.46466518448037,2.138241995092324,0.9538667134263695
2025-09-25,2.218899400587027,segment2,8.315196442752888e-05,3.46466518448037,2.138241995092324,0.9538667134263695
2025-09-26,2.2189825525514544,segment2,8.315196442752888e-05,3.46466518448037,2.138241995092324,0.9538667134263695
2025-09-27,2.219065704515882,segment2,8.315196442752888e-05,3.46466518448037,2.138241995092324,0.9538667134263695
2025-09-28,2.2191488564803095,segment2,8.315196442752888e-05,3.46466518448037,2.138241995092324,0.9538667134263695
2025-09-29,2.2192320084447372,segment2,8.315196442752888e-05,3.46466518448037,2.138241995092324,0.9538667134263695
2025-09-30,2.2193151604091645,segment2,8.315196442752888e-05,3.46466518448037,2.138241995092324,0.9538667134263695
2025-10-01,2.2193983123735923,segment2,8.315196442752888e-05,3.46466518448037,2.138241995092324,0.9538667134263695
2025-10-02,2.2194814643380196,segment2,8.315196442752888e-05,3.46466518448037,2.138241995092324,0.9538667134263695
2025-10-03,2.2195646163024474,segment2,8.315196442752888e-05,3.46466518448037,2.138241995092324,0.9538667134263695
2025-10-04,2.2196477682668747,segment2,8.315196442752888e-05,3.46466518448037,2.138241995092324,0.9538667134263695
2025-10-05,2.219730920231302,segment2,8.315196442752888e-05,3.46466518448037,2.138241995092324,0.9538667134263695
2025-10-06,2.21981407219573,segment2,8.315196442752888e-05,3.46466518448037,2.138241995092324,0.9538667134263695
2025-10-07,2.219897224160157,segment2,8.315196442752888e-05,3.46466518448037,2.138241995092324,0.9538667134263695
2025-10-08,2.219980376124585,segment2,8.315196442752888e-05,3.46466518448037,2.138241995092324,0.9538667134263695
2025-10-09,2.220063528089012,segment2,8.315196442752888e-05,3.46466518448037,2.138241995092324,0.9538667134263695
2025-10-10,2.22014668005344,segment2,8.315196442752888e-05,3.46466518448037,2.138241995092324,0.9538667134263695
2025-10-11,2.2202298320178673,segment2,8.315196442752888e-05,3.46466518448037,2.138241995092324,0.9538667134263695
2025-10-12,2.220312983982295,segment2,8.315196442752888e-05,3.46466518448037,2.138241995092324,0.9538667134263695
2025-10-13,2.2203961359467224,segment2,8.315196442752888e-05,3.46466518448037,2.138241995092324,0.9538667134263695
2025-10-14,2.22047928791115,segment2,8.315196442752888e-05,3.46466518448037,2.138241995092324,0.9538667134263695
2025-10-15,2.2205624398755774,segment2,8.315196442752888e-05,3.46466518448037,2.138241995092324,0.9538667134263695
2025-10-16,2.220645591840005,segment2,8.315196442752888e-05,3.46466518448037,2.138241995092324,0.9538667134263695
2025-10-17,2.2207287438044325,segment2,8.315196442752888e-05,3.46466518448037,2.138241995092324,0.9538667134263695
2025-10-18,2.2208118957688603,segment2,8.315196442752888e-05,3.46466518448037,2.138241995092324,0.9538667134263695
2025-10-19,2.2208950477332876,segment2,8.315196442752888e-05,3.46466518448037,2.138241995092324,0.9538667134263695
2025-10-20,2.2209781996977154,segment2,8.315196442752888e-05,3.46466518448037,2.138241995092324,0.9538667134263695
2025-10-21,2.2210613516621427,segment2,8.315196442752888e-05,3.46466518448037,2.138241995092324,0.9538667134263695
2025-10-22,2.22114450362657,segment2,8.315196442752888e-05,3.46466518448037,2.138241995092324,0.9538667134263695
2025-10-23,2.2212276555909978,segment2,8.315196442752888e-05,3.46466518448037,2.138241995092324,0.9538667134263695
2025-10-24,2.221310807555425,segment2,8.315196442752888e-05,3.46466518448037,2.138241995092324,0.9538667134263695
2025-10-25,2.221393959519853,segment2,8.315196442752888e-05,3.46466518448037,2.138241995092324,0.9538667134263695
2025-10-26,2.22147711148428,segment2,8.315196442752888e-05,3.46466518448037,2.138241995092324,0.9538667134263695
2025-10-27,2.221560263448708,segment2,8.315196442752888e-05,3.46466518448037,2.138241995092324,0.9538667134263695
2025-10-28,2.2216434154131353,segment2,8.315196442752888e-05,3.46466518448037,2.138241995092324,0.9538667134263695
2025-10-29,2.221726567377563,segment2,8.315196442752888e-05,3.46466518448037,2.138241995092324,0.9538667134263695
2025-10-30,2.2218097193419903,segment2,8.315196442752888e-05,3.46466518448037,2.138241995092324,0.9538667134263695
2025-10-31,2.221892871306418,segment2,8.315196442752888e-05,3.46466518448037,2.138241995092324,0.9538667134263695
2025-11-01,2.2219760232708454,segment2,8.315196442752888e-05,3.46466518448037,2.138241995092324,0.9538667134263695
2025-11-02,2.222059175235273,segment2,8.315196442752888e-05,3.46466518448037,2.138241995092324,0.9538667134263695
2025-11-03,2.2221423271997005,segment2,8.315196442752888e-05,3.46466518448037,2.138241995092324,0.9538667134263695
2025-11-04,2.2222254791641283,segment2,8.315196442752888e-05,3.46466518448037,2.138241995092324,0.9538667134263695
2025-11-05,2.2223086311285556,segment2,8.315196442752888e-05,3.46466518448037,2.138241995092324,0.9538667134263695
2025-11-06,2.2223917830929834,segment2,8.315196442752888e-05,3.46466518448037,2.138241995092324,0.9538667134263695
2025-11-07,2.2224749350574107,segment2,8.315196442752888e-05,3.46466518448037,2.138241995092324,0.9538667134263695
2025-11-08,2.222558087021838,segment2,8.315196442752888e-05,3.46466518448037,2.138241995092324,0.9538667134263695
2025-11-09,2.2226412389862658,segment2,8.315196442752888e-05,3.46466518448037,2.138241995092324,0.9538667134263695
2025-11-10,2.222724390950693,segment2,8.315196442752888e-05,3.46466518448037,2.138241995092324,0.9538667134263695
2025-11-11,2.222807542915121,segment2,8.315196442752888e-05,3.46466518448037,2.138241995092324,0.9538667134263695
2025-11-12,2.222890694879548,segment2,8.315196442752888e-05,3.46466518448037,2.138241995092324,0.9538667134263695
2025-11-13,2.222973846843976,segment2,8.315196442752888e-05,3.46466518448037,2.138241995092324,0.9538667134263695
2025-11-14,2.2230569988084032,segment2,8.315196442752888e-05,3.46466518448037,2.138241995092324,0.9538667134263695
2025-11-15,2.223140150772831,segment2,8.315196442752888e-05,3.46466518448037,2.138241995092324,0.9538667134263695
2025-11-16,2.2232233027372583,segment2,8.315196442752888e-05,3.46466518448037,2.138241995092324,0.9538667134263695
2025-11-17,2.223306454701686,segment2,8.315196442752888e-05,3.46466518448037,2.138241995092324,0.9538667134263695
2025-11-18,2.2233896066661134,segment2,8.315196442752888e-05,3.46466518448037,2.138241995092324,0.9538667134263695
2025-11-19,2.223472758630541,segment2,8.315196442752888e-05,3.46466518448037,2.138241995092324,0.9538667134263695
2025-11-20,2.2235559105949685,segment2,8.315196442752888e-05,3.46466518448037,2.138241995092324,0.9538667134263695
2025-11-21,2.2236390625593963,segment2,8.315196442752888e-05,3.46466518448037,2.138241995092324,0.9538667134263695
2025-11-22,2.2237222145238236,segment2,8.315196442752888e-05,3.46466518448037,2.138241995092324,0.9538667134263695
2025-11-23,2.2238053664882513,segment2,8.315196442752888e-05,3.46466518448037,2.138241995092324,0.9538667134263695
2025-11-24,2.2238885184526787,segment2,8.315196442752888e-05,3.46466518448037,2.138241995092324,0.9538667134263695
2025-11-25,2.2239716704171064,segment2,8.315196442752888e-05,3.46466518448037,2.138241995092324,0.9538667134263695
2025-11-26,2.2240548223815337,segment2,8.315196442752888e-05,3.46466518448037,2.138241995092324,0.9538667134263695
2025-11-27,2.224137974345961,segment2,8.315196442752888e-05,3.46466518448037,2.138241995092324,0.9538667134263695
2025-11-28,2.224221126310389,segment2,8.315196442752888e-05,3.46466518448037,2.138241995092324,0.9538667134263695
2025-11-29,2.224304278274816,segment2,8.315196442752888e-05,3.46466518448037,2.138241995092324,0.9538667134263695
2025-11-30,2.224387430239244,segment2,8.315196442752888e-05,3.46466518448037,2.138241995092324,0.9538667134263695
2025-12-01,2.224470582203671,segment2,8.315196442752888e-05,3.46466518448037,2.138241995092324,0.9538667134263695
2025-12-02,2.224553734168099,segment2,8.315196442752888e-05,3.46466518448037,2.138241995092324,0.9538667134263695
2025-12-03,2.2246368861325263,segment2,8.315196442752888e-05,3.46466518448037,2.138241995092324,0.9538667134263695
2025-12-04,2.224720038096954,segment2,8.315196442752888e-05,3.46466518448037,2.138241995092324,0.9538667134263695
2025-12-05,2.2248031900613814,segment2,8.315196442752888e-05,3.46466518448037,2.138241995092324,0.9538667134263695
2025-12-06,2.224886342025809,segment2,8.315196442752888e-05,3.46466518448037,2.138241995092324,0.9538667134263695
