timestamp,gt_uref_regression,slope_v_per_day,slope_uv_per_h,intercept_v,r2,dataset_name,label,iref,tref,ohref,i_range_low,i_range_high,t_range_low,t_range_high,oh_range_low,oh_range_high
2021-02-12,1.9094111970124716,0.0002091839600584174,8.715998335767392,1.909515643725862,0.8733012575769037,G1M1_new,g1m1_high_load,1.48,57.0,100.0,1.46,1.5,56,58,14,500
2021-02-13,1.90962038097253,0.0002091839600584174,8.715998335767392,1.909515643725862,0.8733012575769037,G1M1_new,g1m1_high_load,1.48,57.0,100.0,1.46,1.5,56,58,14,500
2021-02-14,1.9098295649325885,0.0002091839600584174,8.715998335767392,1.909515643725862,0.8733012575769037,G1M1_new,g1m1_high_load,1.48,57.0,100.0,1.46,1.5,56,58,14,500
2021-02-15,1.910038748892647,0.0002091839600584174,8.715998335767392,1.909515643725862,0.8733012575769037,G1M1_new,g1m1_high_load,1.48,57.0,100.0,1.46,1.5,56,58,14,500
2021-02-16,1.9102479328527053,0.0002091839600584174,8.715998335767392,1.909515643725862,0.8733012575769037,G1M1_new,g1m1_high_load,1.48,57.0,100.0,1.46,1.5,56,58,14,500
2021-02-17,1.9104571168127638,0.0002091839600584174,8.715998335767392,1.909515643725862,0.8733012575769037,G1M1_new,g1m1_high_load,1.48,57.0,100.0,1.46,1.5,56,58,14,500
2021-02-18,1.9106663007728222,0.0002091839600584174,8.715998335767392,1.909515643725862,0.8733012575769037,G1M1_new,g1m1_high_load,1.48,57.0,100.0,1.46,1.5,56,58,14,500
2021-02-19,1.9108754847328806,0.0002091839600584174,8.715998335767392,1.909515643725862,0.8733012575769037,G1M1_new,g1m1_high_load,1.48,57.0,100.0,1.46,1.5,56,58,14,500
2021-02-20,1.911084668692939,0.0002091839600584174,8.715998335767392,1.909515643725862,0.8733012575769037,G1M1_new,g1m1_high_load,1.48,57.0,100.0,1.46,1.5,56,58,14,500
2021-02-21,1.9112938526529974,0.0002091839600584174,8.715998335767392,1.909515643725862,0.8733012575769037,G1M1_new,g1m1_high_load,1.48,57.0,100.0,1.46,1.5,56,58,14,500
2021-02-22,1.9115030366130559,0.0002091839600584174,8.715998335767392,1.909515643725862,0.8733012575769037,G1M1_new,g1m1_high_load,1.48,57.0,100.0,1.46,1.5,56,58,14,500
2021-02-23,1.9117122205731143,0.0002091839600584174,8.715998335767392,1.909515643725862,0.8733012575769037,G1M1_new,g1m1_high_load,1.48,57.0,100.0,1.46,1.5,56,58,14,500
2021-02-24,1.9119214045331727,0.0002091839600584174,8.715998335767392,1.909515643725862,0.8733012575769037,G1M1_new,g1m1_high_load,1.48,57.0,100.0,1.46,1.5,56,58,14,500
2021-02-25,1.9121305884932311,0.0002091839600584174,8.715998335767392,1.909515643725862,0.8733012575769037,G1M1_new,g1m1_high_load,1.48,57.0,100.0,1.46,1.5,56,58,14,500
2021-02-26,1.9123397724532896,0.0002091839600584174,8.715998335767392,1.909515643725862,0.8733012575769037,G1M1_new,g1m1_high_load,1.48,57.0,100.0,1.46,1.5,56,58,14,500
2021-02-27,1.912548956413348,0.0002091839600584174,8.715998335767392,1.909515643725862,0.8733012575769037,G1M1_new,g1m1_high_load,1.48,57.0,100.0,1.46,1.5,56,58,14,500
2021-02-28,1.9127581403734064,0.0002091839600584174,8.715998335767392,1.909515643725862,0.8733012575769037,G1M1_new,g1m1_high_load,1.48,57.0,100.0,1.46,1.5,56,58,14,500
2021-03-01,1.9129673243334648,0.0002091839600584174,8.715998335767392,1.909515643725862,0.8733012575769037,G1M1_new,g1m1_high_load,1.48,57.0,100.0,1.46,1.5,56,58,14,500
2021-03-02,1.9131765082935233,0.0002091839600584174,8.715998335767392,1.909515643725862,0.8733012575769037,G1M1_new,g1m1_high_load,1.48,57.0,100.0,1.46,1.5,56,58,14,500
2021-03-03,1.9133856922535817,0.0002091839600584174,8.715998335767392,1.909515643725862,0.8733012575769037,G1M1_new,g1m1_high_load,1.48,57.0,100.0,1.46,1.5,56,58,14,500
2021-03-04,1.91359487621364,0.0002091839600584174,8.715998335767392,1.909515643725862,0.8733012575769037,G1M1_new,g1m1_high_load,1.48,57.0,100.0,1.46,1.5,56,58,14,500
2021-03-05,1.9138040601736985,0.0002091839600584174,8.715998335767392,1.909515643725862,0.8733012575769037,G1M1_new,g1m1_high_load,1.48,57.0,100.0,1.46,1.5,56,58,14,500
2021-03-06,1.914013244133757,0.0002091839600584174,8.715998335767392,1.909515643725862,0.8733012575769037,G1M1_new,g1m1_high_load,1.48,57.0,100.0,1.46,1.5,56,58,14,500
2021-03-07,1.9142224280938154,0.0002091839600584174,8.715998335767392,1.909515643725862,0.8733012575769037,G1M1_new,g1m1_high_load,1.48,57.0,100.0,1.46,1.5,56,58,14,500
2021-03-08,1.9144316120538738,0.0002091839600584174,8.715998335767392,1.909515643725862,0.8733012575769037,G1M1_new,g1m1_high_load,1.48,57.0,100.0,1.46,1.5,56,58,14,500
2021-03-09,1.9146407960139322,0.0002091839600584174,8.715998335767392,1.909515643725862,0.8733012575769037,G1M1_new,g1m1_high_load,1.48,57.0,100.0,1.46,1.5,56,58,14,500
2021-03-10,1.9148499799739906,0.0002091839600584174,8.715998335767392,1.909515643725862,0.8733012575769037,G1M1_new,g1m1_high_load,1.48,57.0,100.0,1.46,1.5,56,58,14,500
2021-03-11,1.915059163934049,0.0002091839600584174,8.715998335767392,1.909515643725862,0.8733012575769037,G1M1_new,g1m1_high_load,1.48,57.0,100.0,1.46,1.5,56,58,14,500
2021-03-12,1.9152683478941075,0.0002091839600584174,8.715998335767392,1.909515643725862,0.8733012575769037,G1M1_new,g1m1_high_load,1.48,57.0,100.0,1.46,1.5,56,58,14,500
2021-03-13,1.915477531854166,0.0002091839600584174,8.715998335767392,1.909515643725862,0.8733012575769037,G1M1_new,g1m1_high_load,1.48,57.0,100.0,1.46,1.5,56,58,14,500
2021-03-14,1.9156867158142243,0.0002091839600584174,8.715998335767392,1.909515643725862,0.8733012575769037,G1M1_new,g1m1_high_load,1.48,57.0,100.0,1.46,1.5,56,58,14,500
2021-03-15,1.9158958997742828,0.0002091839600584174,8.715998335767392,1.909515643725862,0.8733012575769037,G1M1_new,g1m1_high_load,1.48,57.0,100.0,1.46,1.5,56,58,14,500
2021-03-16,1.9161050837343412,0.0002091839600584174,8.715998335767392,1.909515643725862,0.8733012575769037,G1M1_new,g1m1_high_load,1.48,57.0,100.0,1.46,1.5,56,58,14,500
2021-03-17,1.9163142676943996,0.0002091839600584174,8.715998335767392,1.909515643725862,0.8733012575769037,G1M1_new,g1m1_high_load,1.48,57.0,100.0,1.46,1.5,56,58,14,500
2021-03-18,1.916523451654458,0.0002091839600584174,8.715998335767392,1.909515643725862,0.8733012575769037,G1M1_new,g1m1_high_load,1.48,57.0,100.0,1.46,1.5,56,58,14,500
2021-03-19,1.9167326356145165,0.0002091839600584174,8.715998335767392,1.909515643725862,0.8733012575769037,G1M1_new,g1m1_high_load,1.48,57.0,100.0,1.46,1.5,56,58,14,500
2021-03-20,1.9169418195745749,0.0002091839600584174,8.715998335767392,1.909515643725862,0.8733012575769037,G1M1_new,g1m1_high_load,1.48,57.0,100.0,1.46,1.5,56,58,14,500
2021-03-21,1.917151003534633,0.0002091839600584174,8.715998335767392,1.909515643725862,0.8733012575769037,G1M1_new,g1m1_high_load,1.48,57.0,100.0,1.46,1.5,56,58,14,500
2021-03-22,1.9173601874946915,0.0002091839600584174,8.715998335767392,1.909515643725862,0.8733012575769037,G1M1_new,g1m1_high_load,1.48,57.0,100.0,1.46,1.5,56,58,14,500
2021-03-23,1.91756937145475,0.0002091839600584174,8.715998335767392,1.909515643725862,0.8733012575769037,G1M1_new,g1m1_high_load,1.48,57.0,100.0,1.46,1.5,56,58,14,500
2021-03-24,1.9177785554148084,0.0002091839600584174,8.715998335767392,1.909515643725862,0.8733012575769037,G1M1_new,g1m1_high_load,1.48,57.0,100.0,1.46,1.5,56,58,14,500
2021-03-25,1.9179877393748668,0.0002091839600584174,8.715998335767392,1.909515643725862,0.8733012575769037,G1M1_new,g1m1_high_load,1.48,57.0,100.0,1.46,1.5,56,58,14,500
2021-03-26,1.9181969233349252,0.0002091839600584174,8.715998335767392,1.909515643725862,0.8733012575769037,G1M1_new,g1m1_high_load,1.48,57.0,100.0,1.46,1.5,56,58,14,500
2021-03-27,1.9184061072949836,0.0002091839600584174,8.715998335767392,1.909515643725862,0.8733012575769037,G1M1_new,g1m1_high_load,1.48,57.0,100.0,1.46,1.5,56,58,14,500
2021-03-28,1.918615291255042,0.0002091839600584174,8.715998335767392,1.909515643725862,0.8733012575769037,G1M1_new,g1m1_high_load,1.48,57.0,100.0,1.46,1.5,56,58,14,500
2021-03-29,1.9188244752151005,0.0002091839600584174,8.715998335767392,1.909515643725862,0.8733012575769037,G1M1_new,g1m1_high_load,1.48,57.0,100.0,1.46,1.5,56,58,14,500
2021-03-30,1.919033659175159,0.0002091839600584174,8.715998335767392,1.909515643725862,0.8733012575769037,G1M1_new,g1m1_high_load,1.48,57.0,100.0,1.46,1.5,56,58,14,500
2021-03-31,1.9192428431352173,0.0002091839600584174,8.715998335767392,1.909515643725862,0.8733012575769037,G1M1_new,g1m1_high_load,1.48,57.0,100.0,1.46,1.5,56,58,14,500
2021-04-01,1.9194520270952757,0.0002091839600584174,8.715998335767392,1.909515643725862,0.8733012575769037,G1M1_new,g1m1_high_load,1.48,57.0,100.0,1.46,1.5,56,58,14,500
2021-04-02,1.9196612110553342,0.0002091839600584174,8.715998335767392,1.909515643725862,0.8733012575769037,G1M1_new,g1m1_high_load,1.48,57.0,100.0,1.46,1.5,56,58,14,500
2021-04-03,1.9198703950153926,0.0002091839600584174,8.715998335767392,1.909515643725862,0.8733012575769037,G1M1_new,g1m1_high_load,1.48,57.0,100.0,1.46,1.5,56,58,14,500
2021-04-04,1.920079578975451,0.0002091839600584174,8.715998335767392,1.909515643725862,0.8733012575769037,G1M1_new,g1m1_high_load,1.48,57.0,100.0,1.46,1.5,56,58,14,500
2021-04-05,1.9202887629355094,0.0002091839600584174,8.715998335767392,1.909515643725862,0.8733012575769037,G1M1_new,g1m1_high_load,1.48,57.0,100.0,1.46,1.5,56,58,14,500
2021-04-06,1.9204979468955679,0.0002091839600584174,8.715998335767392,1.909515643725862,0.8733012575769037,G1M1_new,g1m1_high_load,1.48,57.0,100.0,1.46,1.5,56,58,14,500
2021-04-07,1.9207071308556263,0.0002091839600584174,8.715998335767392,1.909515643725862,0.8733012575769037,G1M1_new,g1m1_high_load,1.48,57.0,100.0,1.46,1.5,56,58,14,500
2021-04-08,1.9209163148156847,0.0002091839600584174,8.715998335767392,1.909515643725862,0.8733012575769037,G1M1_new,g1m1_high_load,1.48,57.0,100.0,1.46,1.5,56,58,14,500
2021-04-09,1.9211254987757431,0.0002091839600584174,8.715998335767392,1.909515643725862,0.8733012575769037,G1M1_new,g1m1_high_load,1.48,57.0,100.0,1.46,1.5,56,58,14,500
2021-04-10,1.9213346827358015,0.0002091839600584174,8.715998335767392,1.909515643725862,0.8733012575769037,G1M1_new,g1m1_high_load,1.48,57.0,100.0,1.46,1.5,56,58,14,500
2021-04-11,1.92154386669586,0.0002091839600584174,8.715998335767392,1.909515643725862,0.8733012575769037,G1M1_new,g1m1_high_load,1.48,57.0,100.0,1.46,1.5,56,58,14,500
2021-04-12,1.9217530506559184,0.0002091839600584174,8.715998335767392,1.909515643725862,0.8733012575769037,G1M1_new,g1m1_high_load,1.48,57.0,100.0,1.46,1.5,56,58,14,500
2021-04-13,1.9219622346159768,0.0002091839600584174,8.715998335767392,1.909515643725862,0.8733012575769037,G1M1_new,g1m1_high_load,1.48,57.0,100.0,1.46,1.5,56,58,14,500
2021-04-14,1.9221714185760352,0.0002091839600584174,8.715998335767392,1.909515643725862,0.8733012575769037,G1M1_new,g1m1_high_load,1.48,57.0,100.0,1.46,1.5,56,58,14,500
2021-04-15,1.9223806025360937,0.0002091839600584174,8.715998335767392,1.909515643725862,0.8733012575769037,G1M1_new,g1m1_high_load,1.48,57.0,100.0,1.46,1.5,56,58,14,500
2021-04-16,1.922589786496152,0.0002091839600584174,8.715998335767392,1.909515643725862,0.8733012575769037,G1M1_new,g1m1_high_load,1.48,57.0,100.0,1.46,1.5,56,58,14,500
2021-04-17,1.9227989704562105,0.0002091839600584174,8.715998335767392,1.909515643725862,0.8733012575769037,G1M1_new,g1m1_high_load,1.48,57.0,100.0,1.46,1.5,56,58,14,500
2021-04-18,1.923008154416269,0.0002091839600584174,8.715998335767392,1.909515643725862,0.8733012575769037,G1M1_new,g1m1_high_load,1.48,57.0,100.0,1.46,1.5,56,58,14,500
2021-04-19,1.9232173383763274,0.0002091839600584174,8.715998335767392,1.909515643725862,0.8733012575769037,G1M1_new,g1m1_high_load,1.48,57.0,100.0,1.46,1.5,56,58,14,500
2021-04-20,1.9234265223363858,0.0002091839600584174,8.715998335767392,1.909515643725862,0.8733012575769037,G1M1_new,g1m1_high_load,1.48,57.0,100.0,1.46,1.5,56,58,14,500
2021-04-21,1.9236357062964442,0.0002091839600584174,8.715998335767392,1.909515643725862,0.8733012575769037,G1M1_new,g1m1_high_load,1.48,57.0,100.0,1.46,1.5,56,58,14,500
2021-04-22,1.9238448902565026,0.0002091839600584174,8.715998335767392,1.909515643725862,0.8733012575769037,G1M1_new,g1m1_high_load,1.48,57.0,100.0,1.46,1.5,56,58,14,500
2021-04-23,1.924054074216561,0.0002091839600584174,8.715998335767392,1.909515643725862,0.8733012575769037,G1M1_new,g1m1_high_load,1.48,57.0,100.0,1.46,1.5,56,58,14,500
2021-04-24,1.9242632581766195,0.0002091839600584174,8.715998335767392,1.909515643725862,0.8733012575769037,G1M1_new,g1m1_high_load,1.48,57.0,100.0,1.46,1.5,56,58,14,500
2021-04-25,1.924472442136678,0.0002091839600584174,8.715998335767392,1.909515643725862,0.8733012575769037,G1M1_new,g1m1_high_load,1.48,57.0,100.0,1.46,1.5,56,58,14,500
2021-04-26,1.9246816260967363,0.0002091839600584174,8.715998335767392,1.909515643725862,0.8733012575769037,G1M1_new,g1m1_high_load,1.48,57.0,100.0,1.46,1.5,56,58,14,500
2021-04-27,1.9248908100567945,0.0002091839600584174,8.715998335767392,1.909515643725862,0.8733012575769037,G1M1_new,g1m1_high_load,1.48,57.0,100.0,1.46,1.5,56,58,14,500
2021-04-28,1.925099994016853,0.0002091839600584174,8.715998335767392,1.909515643725862,0.8733012575769037,G1M1_new,g1m1_high_load,1.48,57.0,100.0,1.46,1.5,56,58,14,500
2021-04-29,1.9253091779769114,0.0002091839600584174,8.715998335767392,1.909515643725862,0.8733012575769037,G1M1_new,g1m1_high_load,1.48,57.0,100.0,1.46,1.5,56,58,14,500
2021-04-30,1.9255183619369698,0.0002091839600584174,8.715998335767392,1.909515643725862,0.8733012575769037,G1M1_new,g1m1_high_load,1.48,57.0,100.0,1.46,1.5,56,58,14,500
2021-05-01,1.9257275458970282,0.0002091839600584174,8.715998335767392,1.909515643725862,0.8733012575769037,G1M1_new,g1m1_high_load,1.48,57.0,100.0,1.46,1.5,56,58,14,500
2021-05-02,1.9259367298570866,0.0002091839600584174,8.715998335767392,1.909515643725862,0.8733012575769037,G1M1_new,g1m1_high_load,1.48,57.0,100.0,1.46,1.5,56,58,14,500
2021-05-03,1.926145913817145,0.0002091839600584174,8.715998335767392,1.909515643725862,0.8733012575769037,G1M1_new,g1m1_high_load,1.48,57.0,100.0,1.46,1.5,56,58,14,500
2021-05-04,1.9263550977772035,0.0002091839600584174,8.715998335767392,1.909515643725862,0.8733012575769037,G1M1_new,g1m1_high_load,1.48,57.0,100.0,1.46,1.5,56,58,14,500
2021-05-05,1.926564281737262,0.0002091839600584174,8.715998335767392,1.909515643725862,0.8733012575769037,G1M1_new,g1m1_high_load,1.48,57.0,100.0,1.46,1.5,56,58,14,500
2021-05-06,1.9267734656973203,0.0002091839600584174,8.715998335767392,1.909515643725862,0.8733012575769037,G1M1_new,g1m1_high_load,1.48,57.0,100.0,1.46,1.5,56,58,14,500
2021-05-07,1.9269826496573788,0.0002091839600584174,8.715998335767392,1.909515643725862,0.8733012575769037,G1M1_new,g1m1_high_load,1.48,57.0,100.0,1.46,1.5,56,58,14,500
2021-05-08,1.9271918336174372,0.0002091839600584174,8.715998335767392,1.909515643725862,0.8733012575769037,G1M1_new,g1m1_high_load,1.48,57.0,100.0,1.46,1.5,56,58,14,500
2021-05-09,1.9274010175774956,0.0002091839600584174,8.715998335767392,1.909515643725862,0.8733012575769037,G1M1_new,g1m1_high_load,1.48,57.0,100.0,1.46,1.5,56,58,14,500
2021-05-10,1.927610201537554,0.0002091839600584174,8.715998335767392,1.909515643725862,0.8733012575769037,G1M1_new,g1m1_high_load,1.48,57.0,100.0,1.46,1.5,56,58,14,500
2021-05-11,1.9278193854976124,0.0002091839600584174,8.715998335767392,1.909515643725862,0.8733012575769037,G1M1_new,g1m1_high_load,1.48,57.0,100.0,1.46,1.5,56,58,14,500
2021-05-12,1.9280285694576709,0.0002091839600584174,8.715998335767392,1.909515643725862,0.8733012575769037,G1M1_new,g1m1_high_load,1.48,57.0,100.0,1.46,1.5,56,58,14,500
2021-05-13,1.9282377534177293,0.0002091839600584174,8.715998335767392,1.909515643725862,0.8733012575769037,G1M1_new,g1m1_high_load,1.48,57.0,100.0,1.46,1.5,56,58,14,500
2021-05-14,1.9284469373777877,0.0002091839600584174,8.715998335767392,1.909515643725862,0.8733012575769037,G1M1_new,g1m1_high_load,1.48,57.0,100.0,1.46,1.5,56,58,14,500
2021-05-15,1.9286561213378461,0.0002091839600584174,8.715998335767392,1.909515643725862,0.8733012575769037,G1M1_new,g1m1_high_load,1.48,57.0,100.0,1.46,1.5,56,58,14,500
2021-05-16,1.9288653052979046,0.0002091839600584174,8.715998335767392,1.909515643725862,0.8733012575769037,G1M1_new,g1m1_high_load,1.48,57.0,100.0,1.46,1.5,56,58,14,500
2021-05-17,1.929074489257963,0.0002091839600584174,8.715998335767392,1.909515643725862,0.8733012575769037,G1M1_new,g1m1_high_load,1.48,57.0,100.0,1.46,1.5,56,58,14,500
2021-05-18,1.9292836732180214,0.0002091839600584174,8.715998335767392,1.909515643725862,0.8733012575769037,G1M1_new,g1m1_high_load,1.48,57.0,100.0,1.46,1.5,56,58,14,500
2021-05-19,1.9294928571780798,0.0002091839600584174,8.715998335767392,1.909515643725862,0.8733012575769037,G1M1_new,g1m1_high_load,1.48,57.0,100.0,1.46,1.5,56,58,14,500
2021-05-20,1.9297020411381383,0.0002091839600584174,8.715998335767392,1.909515643725862,0.8733012575769037,G1M1_new,g1m1_high_load,1.48,57.0,100.0,1.46,1.5,56,58,14,500
2021-05-21,1.9299112250981967,0.0002091839600584174,8.715998335767392,1.909515643725862,0.8733012575769037,G1M1_new,g1m1_high_load,1.48,57.0,100.0,1.46,1.5,56,58,14,500
2021-05-22,1.930120409058255,0.0002091839600584174,8.715998335767392,1.909515643725862,0.8733012575769037,G1M1_new,g1m1_high_load,1.48,57.0,100.0,1.46,1.5,56,58,14,500
2021-05-23,1.9303295930183135,0.0002091839600584174,8.715998335767392,1.909515643725862,0.8733012575769037,G1M1_new,g1m1_high_load,1.48,57.0,100.0,1.46,1.5,56,58,14,500
2021-05-24,1.930538776978372,0.0002091839600584174,8.715998335767392,1.909515643725862,0.8733012575769037,G1M1_new,g1m1_high_load,1.48,57.0,100.0,1.46,1.5,56,58,14,500
2021-05-25,1.9307479609384304,0.0002091839600584174,8.715998335767392,1.909515643725862,0.8733012575769037,G1M1_new,g1m1_high_load,1.48,57.0,100.0,1.46,1.5,56,58,14,500
2021-05-26,1.9309571448984888,0.0002091839600584174,8.715998335767392,1.909515643725862,0.8733012575769037,G1M1_new,g1m1_high_load,1.48,57.0,100.0,1.46,1.5,56,58,14,500
2021-05-27,1.9311663288585472,0.0002091839600584174,8.715998335767392,1.909515643725862,0.8733012575769037,G1M1_new,g1m1_high_load,1.48,57.0,100.0,1.46,1.5,56,58,14,500
2021-05-28,1.9313755128186056,0.0002091839600584174,8.715998335767392,1.909515643725862,0.8733012575769037,G1M1_new,g1m1_high_load,1.48,57.0,100.0,1.46,1.5,56,58,14,500
2021-05-29,1.931584696778664,0.0002091839600584174,8.715998335767392,1.909515643725862,0.8733012575769037,G1M1_new,g1m1_high_load,1.48,57.0,100.0,1.46,1.5,56,58,14,500
2021-05-30,1.9317938807387225,0.0002091839600584174,8.715998335767392,1.909515643725862,0.8733012575769037,G1M1_new,g1m1_high_load,1.48,57.0,100.0,1.46,1.5,56,58,14,500
2021-05-31,1.932003064698781,0.0002091839600584174,8.715998335767392,1.909515643725862,0.8733012575769037,G1M1_new,g1m1_high_load,1.48,57.0,100.0,1.46,1.5,56,58,14,500
2021-06-01,1.9322122486588393,0.0002091839600584174,8.715998335767392,1.909515643725862,0.8733012575769037,G1M1_new,g1m1_high_load,1.48,57.0,100.0,1.46,1.5,56,58,14,500
2021-06-02,1.9324214326188978,0.0002091839600584174,8.715998335767392,1.909515643725862,0.8733012575769037,G1M1_new,g1m1_high_load,1.48,57.0,100.0,1.46,1.5,56,58,14,500
2021-06-03,1.932630616578956,0.0002091839600584174,8.715998335767392,1.909515643725862,0.8733012575769037,G1M1_new,g1m1_high_load,1.48,57.0,100.0,1.46,1.5,56,58,14,500
2021-06-04,1.9328398005390144,0.0002091839600584174,8.715998335767392,1.909515643725862,0.8733012575769037,G1M1_new,g1m1_high_load,1.48,57.0,100.0,1.46,1.5,56,58,14,500
2021-06-05,1.9330489844990728,0.0002091839600584174,8.715998335767392,1.909515643725862,0.8733012575769037,G1M1_new,g1m1_high_load,1.48,57.0,100.0,1.46,1.5,56,58,14,500
2021-06-06,1.9332581684591312,0.0002091839600584174,8.715998335767392,1.909515643725862,0.8733012575769037,G1M1_new,g1m1_high_load,1.48,57.0,100.0,1.46,1.5,56,58,14,500
2021-06-07,1.9334673524191897,0.0002091839600584174,8.715998335767392,1.909515643725862,0.8733012575769037,G1M1_new,g1m1_high_load,1.48,57.0,100.0,1.46,1.5,56,58,14,500
2021-06-08,1.933676536379248,0.0002091839600584174,8.715998335767392,1.909515643725862,0.8733012575769037,G1M1_new,g1m1_high_load,1.48,57.0,100.0,1.46,1.5,56,58,14,500
2021-06-09,1.9338857203393065,0.0002091839600584174,8.715998335767392,1.909515643725862,0.8733012575769037,G1M1_new,g1m1_high_load,1.48,57.0,100.0,1.46,1.5,56,58,14,500
2021-06-10,1.934094904299365,0.0002091839600584174,8.715998335767392,1.909515643725862,0.8733012575769037,G1M1_new,g1m1_high_load,1.48,57.0,100.0,1.46,1.5,56,58,14,500
2021-06-11,1.9343040882594233,0.0002091839600584174,8.715998335767392,1.909515643725862,0.8733012575769037,G1M1_new,g1m1_high_load,1.48,57.0,100.0,1.46,1.5,56,58,14,500
2021-06-12,1.9345132722194818,0.0002091839600584174,8.715998335767392,1.909515643725862,0.8733012575769037,G1M1_new,g1m1_high_load,1.48,57.0,100.0,1.46,1.5,56,58,14,500
2021-06-13,1.9347224561795402,0.0002091839600584174,8.715998335767392,1.909515643725862,0.8733012575769037,G1M1_new,g1m1_high_load,1.48,57.0,100.0,1.46,1.5,56,58,14,500
2021-06-14,1.9349316401395986,0.0002091839600584174,8.715998335767392,1.909515643725862,0.8733012575769037,G1M1_new,g1m1_high_load,1.48,57.0,100.0,1.46,1.5,56,58,14,500
2021-06-15,1.935140824099657,0.0002091839600584174,8.715998335767392,1.909515643725862,0.8733012575769037,G1M1_new,g1m1_high_load,1.48,57.0,100.0,1.46,1.5,56,58,14,500
2021-06-16,1.9353500080597155,0.0002091839600584174,8.715998335767392,1.909515643725862,0.8733012575769037,G1M1_new,g1m1_high_load,1.48,57.0,100.0,1.46,1.5,56,58,14,500
2021-06-17,1.9355591920197739,0.0002091839600584174,8.715998335767392,1.909515643725862,0.8733012575769037,G1M1_new,g1m1_high_load,1.48,57.0,100.0,1.46,1.5,56,58,14,500
2021-06-18,1.9357683759798323,0.0002091839600584174,8.715998335767392,1.909515643725862,0.8733012575769037,G1M1_new,g1m1_high_load,1.48,57.0,100.0,1.46,1.5,56,58,14,500
2021-06-19,1.9359775599398907,0.0002091839600584174,8.715998335767392,1.909515643725862,0.8733012575769037,G1M1_new,g1m1_high_load,1.48,57.0,100.0,1.46,1.5,56,58,14,500
2021-06-20,1.9361867438999492,0.0002091839600584174,8.715998335767392,1.909515643725862,0.8733012575769037,G1M1_new,g1m1_high_load,1.48,57.0,100.0,1.46,1.5,56,58,14,500
2021-06-21,1.9363959278600076,0.0002091839600584174,8.715998335767392,1.909515643725862,0.8733012575769037,G1M1_new,g1m1_high_load,1.48,57.0,100.0,1.46,1.5,56,58,14,500
2021-06-22,1.936605111820066,0.0002091839600584174,8.715998335767392,1.909515643725862,0.8733012575769037,G1M1_new,g1m1_high_load,1.48,57.0,100.0,1.46,1.5,56,58,14,500
2021-06-23,1.9368142957801244,0.0002091839600584174,8.715998335767392,1.909515643725862,0.8733012575769037,G1M1_new,g1m1_high_load,1.48,57.0,100.0,1.46,1.5,56,58,14,500
2021-06-24,1.9370234797401829,0.0002091839600584174,8.715998335767392,1.909515643725862,0.8733012575769037,G1M1_new,g1m1_high_load,1.48,57.0,100.0,1.46,1.5,56,58,14,500
2021-06-25,1.9372326637002413,0.0002091839600584174,8.715998335767392,1.909515643725862,0.8733012575769037,G1M1_new,g1m1_high_load,1.48,57.0,100.0,1.46,1.5,56,58,14,500
2021-06-26,1.9374418476602997,0.0002091839600584174,8.715998335767392,1.909515643725862,0.8733012575769037,G1M1_new,g1m1_high_load,1.48,57.0,100.0,1.46,1.5,56,58,14,500
2021-06-27,1.9376510316203581,0.0002091839600584174,8.715998335767392,1.909515643725862,0.8733012575769037,G1M1_new,g1m1_high_load,1.48,57.0,100.0,1.46,1.5,56,58,14,500
2021-06-28,1.9378602155804165,0.0002091839600584174,8.715998335767392,1.909515643725862,0.8733012575769037,G1M1_new,g1m1_high_load,1.48,57.0,100.0,1.46,1.5,56,58,14,500
2021-06-29,1.938069399540475,0.0002091839600584174,8.715998335767392,1.909515643725862,0.8733012575769037,G1M1_new,g1m1_high_load,1.48,57.0,100.0,1.46,1.5,56,58,14,500
2021-06-30,1.9382785835005334,0.0002091839600584174,8.715998335767392,1.909515643725862,0.8733012575769037,G1M1_new,g1m1_high_load,1.48,57.0,100.0,1.46,1.5,56,58,14,500
2021-07-01,1.9384877674605918,0.0002091839600584174,8.715998335767392,1.909515643725862,0.8733012575769037,G1M1_new,g1m1_high_load,1.48,57.0,100.0,1.46,1.5,56,58,14,500
2021-07-02,1.9386969514206502,0.0002091839600584174,8.715998335767392,1.909515643725862,0.8733012575769037,G1M1_new,g1m1_high_load,1.48,57.0,100.0,1.46,1.5,56,58,14,500
2021-07-03,1.9389061353807087,0.0002091839600584174,8.715998335767392,1.909515643725862,0.8733012575769037,G1M1_new,g1m1_high_load,1.48,57.0,100.0,1.46,1.5,56,58,14,500
2021-07-04,1.939115319340767,0.0002091839600584174,8.715998335767392,1.909515643725862,0.8733012575769037,G1M1_new,g1m1_high_load,1.48,57.0,100.0,1.46,1.5,56,58,14,500
2021-07-05,1.9393245033008255,0.0002091839600584174,8.715998335767392,1.909515643725862,0.8733012575769037,G1M1_new,g1m1_high_load,1.48,57.0,100.0,1.46,1.5,56,58,14,500
2021-07-06,1.939533687260884,0.0002091839600584174,8.715998335767392,1.909515643725862,0.8733012575769037,G1M1_new,g1m1_high_load,1.48,57.0,100.0,1.46,1.5,56,58,14,500
2021-07-07,1.9397428712209424,0.0002091839600584174,8.715998335767392,1.909515643725862,0.8733012575769037,G1M1_new,g1m1_high_load,1.48,57.0,100.0,1.46,1.5,56,58,14,500
2021-07-08,1.9399520551810008,0.0002091839600584174,8.715998335767392,1.909515643725862,0.8733012575769037,G1M1_new,g1m1_high_load,1.48,57.0,100.0,1.46,1.5,56,58,14,500
2021-07-09,1.9401612391410592,0.0002091839600584174,8.715998335767392,1.909515643725862,0.8733012575769037,G1M1_new,g1m1_high_load,1.48,57.0,100.0,1.46,1.5,56,58,14,500
2021-07-10,1.9403704231011174,0.0002091839600584174,8.715998335767392,1.909515643725862,0.8733012575769037,G1M1_new,g1m1_high_load,1.48,57.0,100.0,1.46,1.5,56,58,14,500
2021-07-11,1.9405796070611758,0.0002091839600584174,8.715998335767392,1.909515643725862,0.8733012575769037,G1M1_new,g1m1_high_load,1.48,57.0,100.0,1.46,1.5,56,58,14,500
2021-07-12,1.9407887910212342,0.0002091839600584174,8.715998335767392,1.909515643725862,0.8733012575769037,G1M1_new,g1m1_high_load,1.48,57.0,100.0,1.46,1.5,56,58,14,500
2021-07-13,1.9409979749812927,0.0002091839600584174,8.715998335767392,1.909515643725862,0.8733012575769037,G1M1_new,g1m1_high_load,1.48,57.0,100.0,1.46,1.5,56,58,14,500
2021-07-14,1.941207158941351,0.0002091839600584174,8.715998335767392,1.909515643725862,0.8733012575769037,G1M1_new,g1m1_high_load,1.48,57.0,100.0,1.46,1.5,56,58,14,500
2021-07-15,1.9414163429014095,0.0002091839600584174,8.715998335767392,1.909515643725862,0.8733012575769037,G1M1_new,g1m1_high_load,1.48,57.0,100.0,1.46,1.5,56,58,14,500
2021-07-16,1.941625526861468,0.0002091839600584174,8.715998335767392,1.909515643725862,0.8733012575769037,G1M1_new,g1m1_high_load,1.48,57.0,100.0,1.46,1.5,56,58,14,500
2021-07-17,1.9418347108215264,0.0002091839600584174,8.715998335767392,1.909515643725862,0.8733012575769037,G1M1_new,g1m1_high_load,1.48,57.0,100.0,1.46,1.5,56,58,14,500
2021-07-18,1.9420438947815848,0.0002091839600584174,8.715998335767392,1.909515643725862,0.8733012575769037,G1M1_new,g1m1_high_load,1.48,57.0,100.0,1.46,1.5,56,58,14,500
2021-07-19,1.9422530787416432,0.0002091839600584174,8.715998335767392,1.909515643725862,0.8733012575769037,G1M1_new,g1m1_high_load,1.48,57.0,100.0,1.46,1.5,56,58,14,500
2021-07-20,1.9424622627017016,0.0002091839600584174,8.715998335767392,1.909515643725862,0.8733012575769037,G1M1_new,g1m1_high_load,1.48,57.0,100.0,1.46,1.5,56,58,14,500
2021-07-21,1.94267144666176,0.0002091839600584174,8.715998335767392,1.909515643725862,0.8733012575769037,G1M1_new,g1m1_high_load,1.48,57.0,100.0,1.46,1.5,56,58,14,500
2021-07-22,1.9428806306218185,0.0002091839600584174,8.715998335767392,1.909515643725862,0.8733012575769037,G1M1_new,g1m1_high_load,1.48,57.0,100.0,1.46,1.5,56,58,14,500
2021-07-23,1.943089814581877,0.0002091839600584174,8.715998335767392,1.909515643725862,0.8733012575769037,G1M1_new,g1m1_high_load,1.48,57.0,100.0,1.46,1.5,56,58,14,500
2021-07-24,1.9432989985419353,0.0002091839600584174,8.715998335767392,1.909515643725862,0.8733012575769037,G1M1_new,g1m1_high_load,1.48,57.0,100.0,1.46,1.5,56,58,14,500
2021-07-25,1.9435081825019938,0.0002091839600584174,8.715998335767392,1.909515643725862,0.8733012575769037,G1M1_new,g1m1_high_load,1.48,57.0,100.0,1.46,1.5,56,58,14,500
2021-07-26,1.9437173664620522,0.0002091839600584174,8.715998335767392,1.909515643725862,0.8733012575769037,G1M1_new,g1m1_high_load,1.48,57.0,100.0,1.46,1.5,56,58,14,500
2021-07-27,1.9439265504221106,0.0002091839600584174,8.715998335767392,1.909515643725862,0.8733012575769037,G1M1_new,g1m1_high_load,1.48,57.0,100.0,1.46,1.5,56,58,14,500
2021-07-28,1.944135734382169,0.0002091839600584174,8.715998335767392,1.909515643725862,0.8733012575769037,G1M1_new,g1m1_high_load,1.48,57.0,100.0,1.46,1.5,56,58,14,500
2021-07-29,1.9443449183422274,0.0002091839600584174,8.715998335767392,1.909515643725862,0.8733012575769037,G1M1_new,g1m1_high_load,1.48,57.0,100.0,1.46,1.5,56,58,14,500
2021-07-30,1.9445541023022859,0.0002091839600584174,8.715998335767392,1.909515643725862,0.8733012575769037,G1M1_new,g1m1_high_load,1.48,57.0,100.0,1.46,1.5,56,58,14,500
2021-07-31,1.9447632862623443,0.0002091839600584174,8.715998335767392,1.909515643725862,0.8733012575769037,G1M1_new,g1m1_high_load,1.48,57.0,100.0,1.46,1.5,56,58,14,500
2021-08-01,1.9449724702224027,0.0002091839600584174,8.715998335767392,1.909515643725862,0.8733012575769037,G1M1_new,g1m1_high_load,1.48,57.0,100.0,1.46,1.5,56,58,14,500
2021-08-02,1.9451816541824611,0.0002091839600584174,8.715998335767392,1.909515643725862,0.8733012575769037,G1M1_new,g1m1_high_load,1.48,57.0,100.0,1.46,1.5,56,58,14,500
2021-08-03,1.9453908381425196,0.0002091839600584174,8.715998335767392,1.909515643725862,0.8733012575769037,G1M1_new,g1m1_high_load,1.48,57.0,100.0,1.46,1.5,56,58,14,500
2021-08-04,1.945600022102578,0.0002091839600584174,8.715998335767392,1.909515643725862,0.8733012575769037,G1M1_new,g1m1_high_load,1.48,57.0,100.0,1.46,1.5,56,58,14,500
2021-08-05,1.9458092060626364,0.0002091839600584174,8.715998335767392,1.909515643725862,0.8733012575769037,G1M1_new,g1m1_high_load,1.48,57.0,100.0,1.46,1.5,56,58,14,500
2021-08-06,1.9460183900226948,0.0002091839600584174,8.715998335767392,1.909515643725862,0.8733012575769037,G1M1_new,g1m1_high_load,1.48,57.0,100.0,1.46,1.5,56,58,14,500
2021-08-07,1.9462275739827533,0.0002091839600584174,8.715998335767392,1.909515643725862,0.8733012575769037,G1M1_new,g1m1_high_load,1.48,57.0,100.0,1.46,1.5,56,58,14,500
2021-08-08,1.9464367579428117,0.0002091839600584174,8.715998335767392,1.909515643725862,0.8733012575769037,G1M1_new,g1m1_high_load,1.48,57.0,100.0,1.46,1.5,56,58,14,500
2021-08-09,1.94664594190287,0.0002091839600584174,8.715998335767392,1.909515643725862,0.8733012575769037,G1M1_new,g1m1_high_load,1.48,57.0,100.0,1.46,1.5,56,58,14,500
2021-08-10,1.9468551258629285,0.0002091839600584174,8.715998335767392,1.909515643725862,0.8733012575769037,G1M1_new,g1m1_high_load,1.48,57.0,100.0,1.46,1.5,56,58,14,500
2021-08-11,1.947064309822987,0.0002091839600584174,8.715998335767392,1.909515643725862,0.8733012575769037,G1M1_new,g1m1_high_load,1.48,57.0,100.0,1.46,1.5,56,58,14,500
2021-08-12,1.9472734937830454,0.0002091839600584174,8.715998335767392,1.909515643725862,0.8733012575769037,G1M1_new,g1m1_high_load,1.48,57.0,100.0,1.46,1.5,56,58,14,500
2021-08-13,1.9474826777431038,0.0002091839600584174,8.715998335767392,1.909515643725862,0.8733012575769037,G1M1_new,g1m1_high_load,1.48,57.0,100.0,1.46,1.5,56,58,14,500
2021-08-14,1.9476918617031622,0.0002091839600584174,8.715998335767392,1.909515643725862,0.8733012575769037,G1M1_new,g1m1_high_load,1.48,57.0,100.0,1.46,1.5,56,58,14,500
2021-08-15,1.9479010456632206,0.0002091839600584174,8.715998335767392,1.909515643725862,0.8733012575769037,G1M1_new,g1m1_high_load,1.48,57.0,100.0,1.46,1.5,56,58,14,500
2021-08-16,1.9481102296232788,0.0002091839600584174,8.715998335767392,1.909515643725862,0.8733012575769037,G1M1_new,g1m1_high_load,1.48,57.0,100.0,1.46,1.5,56,58,14,500
2021-08-17,1.9483194135833373,0.0002091839600584174,8.715998335767392,1.909515643725862,0.8733012575769037,G1M1_new,g1m1_high_load,1.48,57.0,100.0,1.46,1.5,56,58,14,500
2021-08-18,1.9485285975433957,0.0002091839600584174,8.715998335767392,1.909515643725862,0.8733012575769037,G1M1_new,g1m1_high_load,1.48,57.0,100.0,1.46,1.5,56,58,14,500
2021-08-19,1.9487377815034541,0.0002091839600584174,8.715998335767392,1.909515643725862,0.8733012575769037,G1M1_new,g1m1_high_load,1.48,57.0,100.0,1.46,1.5,56,58,14,500
2021-08-20,1.9489469654635125,0.0002091839600584174,8.715998335767392,1.909515643725862,0.8733012575769037,G1M1_new,g1m1_high_load,1.48,57.0,100.0,1.46,1.5,56,58,14,500
2021-08-21,1.949156149423571,0.0002091839600584174,8.715998335767392,1.909515643725862,0.8733012575769037,G1M1_new,g1m1_high_load,1.48,57.0,100.0,1.46,1.5,56,58,14,500
2021-08-22,1.9493653333836294,0.0002091839600584174,8.715998335767392,1.909515643725862,0.8733012575769037,G1M1_new,g1m1_high_load,1.48,57.0,100.0,1.46,1.5,56,58,14,500
2021-08-23,1.9495745173436878,0.0002091839600584174,8.715998335767392,1.909515643725862,0.8733012575769037,G1M1_new,g1m1_high_load,1.48,57.0,100.0,1.46,1.5,56,58,14,500
2021-08-24,1.9497837013037462,0.0002091839600584174,8.715998335767392,1.909515643725862,0.8733012575769037,G1M1_new,g1m1_high_load,1.48,57.0,100.0,1.46,1.5,56,58,14,500
2021-08-25,1.9499928852638047,0.0002091839600584174,8.715998335767392,1.909515643725862,0.8733012575769037,G1M1_new,g1m1_high_load,1.48,57.0,100.0,1.46,1.5,56,58,14,500
2021-08-26,1.950202069223863,0.0002091839600584174,8.715998335767392,1.909515643725862,0.8733012575769037,G1M1_new,g1m1_high_load,1.48,57.0,100.0,1.46,1.5,56,58,14,500
2021-08-27,1.9504112531839215,0.0002091839600584174,8.715998335767392,1.909515643725862,0.8733012575769037,G1M1_new,g1m1_high_load,1.48,57.0,100.0,1.46,1.5,56,58,14,500
2021-08-28,1.95062043714398,0.0002091839600584174,8.715998335767392,1.909515643725862,0.8733012575769037,G1M1_new,g1m1_high_load,1.48,57.0,100.0,1.46,1.5,56,58,14,500
2021-08-29,1.9508296211040383,0.0002091839600584174,8.715998335767392,1.909515643725862,0.8733012575769037,G1M1_new,g1m1_high_load,1.48,57.0,100.0,1.46,1.5,56,58,14,500
2021-08-30,1.9510388050640968,0.0002091839600584174,8.715998335767392,1.909515643725862,0.8733012575769037,G1M1_new,g1m1_high_load,1.48,57.0,100.0,1.46,1.5,56,58,14,500
2021-08-31,1.9512479890241552,0.0002091839600584174,8.715998335767392,1.909515643725862,0.8733012575769037,G1M1_new,g1m1_high_load,1.48,57.0,100.0,1.46,1.5,56,58,14,500
2021-09-01,1.9514571729842136,0.0002091839600584174,8.715998335767392,1.909515643725862,0.8733012575769037,G1M1_new,g1m1_high_load,1.48,57.0,100.0,1.46,1.5,56,58,14,500
2021-09-02,1.951666356944272,0.0002091839600584174,8.715998335767392,1.909515643725862,0.8733012575769037,G1M1_new,g1m1_high_load,1.48,57.0,100.0,1.46,1.5,56,58,14,500
2021-09-03,1.9518755409043305,0.0002091839600584174,8.715998335767392,1.909515643725862,0.8733012575769037,G1M1_new,g1m1_high_load,1.48,57.0,100.0,1.46,1.5,56,58,14,500
2021-09-04,1.9520847248643889,0.0002091839600584174,8.715998335767392,1.909515643725862,0.8733012575769037,G1M1_new,g1m1_high_load,1.48,57.0,100.0,1.46,1.5,56,58,14,500
2021-09-05,1.9522939088244473,0.0002091839600584174,8.715998335767392,1.909515643725862,0.8733012575769037,G1M1_new,g1m1_high_load,1.48,57.0,100.0,1.46,1.5,56,58,14,500
2021-09-06,1.9525030927845057,0.0002091839600584174,8.715998335767392,1.909515643725862,0.8733012575769037,G1M1_new,g1m1_high_load,1.48,57.0,100.0,1.46,1.5,56,58,14,500
2021-09-07,1.9527122767445642,0.0002091839600584174,8.715998335767392,1.909515643725862,0.8733012575769037,G1M1_new,g1m1_high_load,1.48,57.0,100.0,1.46,1.5,56,58,14,500
2021-09-08,1.9529214607046226,0.0002091839600584174,8.715998335767392,1.909515643725862,0.8733012575769037,G1M1_new,g1m1_high_load,1.48,57.0,100.0,1.46,1.5,56,58,14,500
2021-09-09,1.953130644664681,0.0002091839600584174,8.715998335767392,1.909515643725862,0.8733012575769037,G1M1_new,g1m1_high_load,1.48,57.0,100.0,1.46,1.5,56,58,14,500
2021-09-10,1.9533398286247394,0.0002091839600584174,8.715998335767392,1.909515643725862,0.8733012575769037,G1M1_new,g1m1_high_load,1.48,57.0,100.0,1.46,1.5,56,58,14,500
2021-09-11,1.9535490125847979,0.0002091839600584174,8.715998335767392,1.909515643725862,0.8733012575769037,G1M1_new,g1m1_high_load,1.48,57.0,100.0,1.46,1.5,56,58,14,500
2021-09-12,1.9537581965448563,0.0002091839600584174,8.715998335767392,1.909515643725862,0.8733012575769037,G1M1_new,g1m1_high_load,1.48,57.0,100.0,1.46,1.5,56,58,14,500
2021-09-13,1.9539673805049147,0.0002091839600584174,8.715998335767392,1.909515643725862,0.8733012575769037,G1M1_new,g1m1_high_load,1.48,57.0,100.0,1.46,1.5,56,58,14,500
2021-09-14,1.9541765644649731,0.0002091839600584174,8.715998335767392,1.909515643725862,0.8733012575769037,G1M1_new,g1m1_high_load,1.48,57.0,100.0,1.46,1.5,56,58,14,500
2021-09-15,1.9543857484250315,0.0002091839600584174,8.715998335767392,1.909515643725862,0.8733012575769037,G1M1_new,g1m1_high_load,1.48,57.0,100.0,1.46,1.5,56,58,14,500
2021-09-16,1.95459493238509,0.0002091839600584174,8.715998335767392,1.909515643725862,0.8733012575769037,G1M1_new,g1m1_high_load,1.48,57.0,100.0,1.46,1.5,56,58,14,500
2021-09-17,1.9548041163451484,0.0002091839600584174,8.715998335767392,1.909515643725862,0.8733012575769037,G1M1_new,g1m1_high_load,1.48,57.0,100.0,1.46,1.5,56,58,14,500
2021-09-18,1.9550133003052068,0.0002091839600584174,8.715998335767392,1.909515643725862,0.8733012575769037,G1M1_new,g1m1_high_load,1.48,57.0,100.0,1.46,1.5,56,58,14,500
2021-09-19,1.9552224842652652,0.0002091839600584174,8.715998335767392,1.909515643725862,0.8733012575769037,G1M1_new,g1m1_high_load,1.48,57.0,100.0,1.46,1.5,56,58,14,500
2021-09-20,1.9554316682253237,0.0002091839600584174,8.715998335767392,1.909515643725862,0.8733012575769037,G1M1_new,g1m1_high_load,1.48,57.0,100.0,1.46,1.5,56,58,14,500
2021-09-21,1.955640852185382,0.0002091839600584174,8.715998335767392,1.909515643725862,0.8733012575769037,G1M1_new,g1m1_high_load,1.48,57.0,100.0,1.46,1.5,56,58,14,500
2021-09-22,1.9558500361454405,0.0002091839600584174,8.715998335767392,1.909515643725862,0.8733012575769037,G1M1_new,g1m1_high_load,1.48,57.0,100.0,1.46,1.5,56,58,14,500
2021-09-23,1.956059220105499,0.0002091839600584174,8.715998335767392,1.909515643725862,0.8733012575769037,G1M1_new,g1m1_high_load,1.48,57.0,100.0,1.46,1.5,56,58,14,500
2021-09-24,1.9562684040655571,0.0002091839600584174,8.715998335767392,1.909515643725862,0.8733012575769037,G1M1_new,g1m1_high_load,1.48,57.0,100.0,1.46,1.5,56,58,14,500
2021-09-25,1.9564775880256156,0.0002091839600584174,8.715998335767392,1.909515643725862,0.8733012575769037,G1M1_new,g1m1_high_load,1.48,57.0,100.0,1.46,1.5,56,58,14,500
2021-09-26,1.956686771985674,0.0002091839600584174,8.715998335767392,1.909515643725862,0.8733012575769037,G1M1_new,g1m1_high_load,1.48,57.0,100.0,1.46,1.5,56,58,14,500
2021-09-27,1.9568959559457324,0.0002091839600584174,8.715998335767392,1.909515643725862,0.8733012575769037,G1M1_new,g1m1_high_load,1.48,57.0,100.0,1.46,1.5,56,58,14,500
2021-09-28,1.9571051399057908,0.0002091839600584174,8.715998335767392,1.909515643725862,0.8733012575769037,G1M1_new,g1m1_high_load,1.48,57.0,100.0,1.46,1.5,56,58,14,500
2021-09-29,1.9573143238658492,0.0002091839600584174,8.715998335767392,1.909515643725862,0.8733012575769037,G1M1_new,g1m1_high_load,1.48,57.0,100.0,1.46,1.5,56,58,14,500
2021-09-30,1.9575235078259077,0.0002091839600584174,8.715998335767392,1.909515643725862,0.8733012575769037,G1M1_new,g1m1_high_load,1.48,57.0,100.0,1.46,1.5,56,58,14,500
2021-10-01,1.957732691785966,0.0002091839600584174,8.715998335767392,1.909515643725862,0.8733012575769037,G1M1_new,g1m1_high_load,1.48,57.0,100.0,1.46,1.5,56,58,14,500
2021-10-02,1.9579418757460245,0.0002091839600584174,8.715998335767392,1.909515643725862,0.8733012575769037,G1M1_new,g1m1_high_load,1.48,57.0,100.0,1.46,1.5,56,58,14,500
2021-10-03,1.958151059706083,0.0002091839600584174,8.715998335767392,1.909515643725862,0.8733012575769037,G1M1_new,g1m1_high_load,1.48,57.0,100.0,1.46,1.5,56,58,14,500
2021-10-04,1.9583602436661414,0.0002091839600584174,8.715998335767392,1.909515643725862,0.8733012575769037,G1M1_new,g1m1_high_load,1.48,57.0,100.0,1.46,1.5,56,58,14,500
2021-10-05,1.9585694276261998,0.0002091839600584174,8.715998335767392,1.909515643725862,0.8733012575769037,G1M1_new,g1m1_high_load,1.48,57.0,100.0,1.46,1.5,56,58,14,500
2021-10-06,1.9587786115862582,0.0002091839600584174,8.715998335767392,1.909515643725862,0.8733012575769037,G1M1_new,g1m1_high_load,1.48,57.0,100.0,1.46,1.5,56,58,14,500
2021-10-07,1.9589877955463166,0.0002091839600584174,8.715998335767392,1.909515643725862,0.8733012575769037,G1M1_new,g1m1_high_load,1.48,57.0,100.0,1.46,1.5,56,58,14,500
2021-10-08,1.959196979506375,0.0002091839600584174,8.715998335767392,1.909515643725862,0.8733012575769037,G1M1_new,g1m1_high_load,1.48,57.0,100.0,1.46,1.5,56,58,14,500
2021-10-09,1.9594061634664335,0.0002091839600584174,8.715998335767392,1.909515643725862,0.8733012575769037,G1M1_new,g1m1_high_load,1.48,57.0,100.0,1.46,1.5,56,58,14,500
2021-10-10,1.959615347426492,0.0002091839600584174,8.715998335767392,1.909515643725862,0.8733012575769037,G1M1_new,g1m1_high_load,1.48,57.0,100.0,1.46,1.5,56,58,14,500
2021-10-11,1.9598245313865503,0.0002091839600584174,8.715998335767392,1.909515643725862,0.8733012575769037,G1M1_new,g1m1_high_load,1.48,57.0,100.0,1.46,1.5,56,58,14,500
2021-10-12,1.9600337153466088,0.0002091839600584174,8.715998335767392,1.909515643725862,0.8733012575769037,G1M1_new,g1m1_high_load,1.48,57.0,100.0,1.46,1.5,56,58,14,500
2021-10-13,1.9602428993066672,0.0002091839600584174,8.715998335767392,1.909515643725862,0.8733012575769037,G1M1_new,g1m1_high_load,1.48,57.0,100.0,1.46,1.5,56,58,14,500
2021-10-14,1.9604520832667256,0.0002091839600584174,8.715998335767392,1.909515643725862,0.8733012575769037,G1M1_new,g1m1_high_load,1.48,57.0,100.0,1.46,1.5,56,58,14,500
2021-10-15,1.960661267226784,0.0002091839600584174,8.715998335767392,1.909515643725862,0.8733012575769037,G1M1_new,g1m1_high_load,1.48,57.0,100.0,1.46,1.5,56,58,14,500
2021-10-16,1.9608704511868424,0.0002091839600584174,8.715998335767392,1.909515643725862,0.8733012575769037,G1M1_new,g1m1_high_load,1.48,57.0,100.0,1.46,1.5,56,58,14,500
2021-10-17,1.9610796351469009,0.0002091839600584174,8.715998335767392,1.909515643725862,0.8733012575769037,G1M1_new,g1m1_high_load,1.48,57.0,100.0,1.46,1.5,56,58,14,500
2021-10-18,1.9612888191069593,0.0002091839600584174,8.715998335767392,1.909515643725862,0.8733012575769037,G1M1_new,g1m1_high_load,1.48,57.0,100.0,1.46,1.5,56,58,14,500
2021-10-19,1.9614980030670177,0.0002091839600584174,8.715998335767392,1.909515643725862,0.8733012575769037,G1M1_new,g1m1_high_load,1.48,57.0,100.0,1.46,1.5,56,58,14,500
2021-10-20,1.9617071870270761,0.0002091839600584174,8.715998335767392,1.909515643725862,0.8733012575769037,G1M1_new,g1m1_high_load,1.48,57.0,100.0,1.46,1.5,56,58,14,500
2021-10-21,1.9619163709871346,0.0002091839600584174,8.715998335767392,1.909515643725862,0.8733012575769037,G1M1_new,g1m1_high_load,1.48,57.0,100.0,1.46,1.5,56,58,14,500
2021-10-22,1.962125554947193,0.0002091839600584174,8.715998335767392,1.909515643725862,0.8733012575769037,G1M1_new,g1m1_high_load,1.48,57.0,100.0,1.46,1.5,56,58,14,500
2021-10-23,1.9623347389072514,0.0002091839600584174,8.715998335767392,1.909515643725862,0.8733012575769037,G1M1_new,g1m1_high_load,1.48,57.0,100.0,1.46,1.5,56,58,14,500
2021-10-24,1.9625439228673098,0.0002091839600584174,8.715998335767392,1.909515643725862,0.8733012575769037,G1M1_new,g1m1_high_load,1.48,57.0,100.0,1.46,1.5,56,58,14,500
2021-10-25,1.9627531068273683,0.0002091839600584174,8.715998335767392,1.909515643725862,0.8733012575769037,G1M1_new,g1m1_high_load,1.48,57.0,100.0,1.46,1.5,56,58,14,500
2021-10-26,1.9629622907874267,0.0002091839600584174,8.715998335767392,1.909515643725862,0.8733012575769037,G1M1_new,g1m1_high_load,1.48,57.0,100.0,1.46,1.5,56,58,14,500
2021-10-27,1.963171474747485,0.0002091839600584174,8.715998335767392,1.909515643725862,0.8733012575769037,G1M1_new,g1m1_high_load,1.48,57.0,100.0,1.46,1.5,56,58,14,500
2021-10-28,1.9633806587075435,0.0002091839600584174,8.715998335767392,1.909515643725862,0.8733012575769037,G1M1_new,g1m1_high_load,1.48,57.0,100.0,1.46,1.5,56,58,14,500
2021-10-29,1.963589842667602,0.0002091839600584174,8.715998335767392,1.909515643725862,0.8733012575769037,G1M1_new,g1m1_high_load,1.48,57.0,100.0,1.46,1.5,56,58,14,500
2021-10-30,1.9637990266276604,0.0002091839600584174,8.715998335767392,1.909515643725862,0.8733012575769037,G1M1_new,g1m1_high_load,1.48,57.0,100.0,1.46,1.5,56,58,14,500
2021-10-31,1.9640082105877186,0.0002091839600584174,8.715998335767392,1.909515643725862,0.8733012575769037,G1M1_new,g1m1_high_load,1.48,57.0,100.0,1.46,1.5,56,58,14,500
2021-11-01,1.964217394547777,0.0002091839600584174,8.715998335767392,1.909515643725862,0.8733012575769037,G1M1_new,g1m1_high_load,1.48,57.0,100.0,1.46,1.5,56,58,14,500
2021-11-02,1.9644265785078354,0.0002091839600584174,8.715998335767392,1.909515643725862,0.8733012575769037,G1M1_new,g1m1_high_load,1.48,57.0,100.0,1.46,1.5,56,58,14,500
2021-11-03,1.9646357624678938,0.0002091839600584174,8.715998335767392,1.909515643725862,0.8733012575769037,G1M1_new,g1m1_high_load,1.48,57.0,100.0,1.46,1.5,56,58,14,500
2021-11-04,1.9648449464279523,0.0002091839600584174,8.715998335767392,1.909515643725862,0.8733012575769037,G1M1_new,g1m1_high_load,1.48,57.0,100.0,1.46,1.5,56,58,14,500
2021-11-05,1.9650541303880107,0.0002091839600584174,8.715998335767392,1.909515643725862,0.8733012575769037,G1M1_new,g1m1_high_load,1.48,57.0,100.0,1.46,1.5,56,58,14,500
2021-11-06,1.9652633143480691,0.0002091839600584174,8.715998335767392,1.909515643725862,0.8733012575769037,G1M1_new,g1m1_high_load,1.48,57.0,100.0,1.46,1.5,56,58,14,500
2021-11-07,1.9654724983081275,0.0002091839600584174,8.715998335767392,1.909515643725862,0.8733012575769037,G1M1_new,g1m1_high_load,1.48,57.0,100.0,1.46,1.5,56,58,14,500
2021-11-08,1.965681682268186,0.0002091839600584174,8.715998335767392,1.909515643725862,0.8733012575769037,G1M1_new,g1m1_high_load,1.48,57.0,100.0,1.46,1.5,56,58,14,500
2021-11-09,1.9658908662282444,0.0002091839600584174,8.715998335767392,1.909515643725862,0.8733012575769037,G1M1_new,g1m1_high_load,1.48,57.0,100.0,1.46,1.5,56,58,14,500
2021-11-10,1.9661000501883028,0.0002091839600584174,8.715998335767392,1.909515643725862,0.8733012575769037,G1M1_new,g1m1_high_load,1.48,57.0,100.0,1.46,1.5,56,58,14,500
2021-11-11,1.9663092341483612,0.0002091839600584174,8.715998335767392,1.909515643725862,0.8733012575769037,G1M1_new,g1m1_high_load,1.48,57.0,100.0,1.46,1.5,56,58,14,500
2021-11-12,1.9665184181084197,0.0002091839600584174,8.715998335767392,1.909515643725862,0.8733012575769037,G1M1_new,g1m1_high_load,1.48,57.0,100.0,1.46,1.5,56,58,14,500
2021-11-13,1.966727602068478,0.0002091839600584174,8.715998335767392,1.909515643725862,0.8733012575769037,G1M1_new,g1m1_high_load,1.48,57.0,100.0,1.46,1.5,56,58,14,500
2021-11-14,1.9669367860285365,0.0002091839600584174,8.715998335767392,1.909515643725862,0.8733012575769037,G1M1_new,g1m1_high_load,1.48,57.0,100.0,1.46,1.5,56,58,14,500
2021-11-15,1.967145969988595,0.0002091839600584174,8.715998335767392,1.909515643725862,0.8733012575769037,G1M1_new,g1m1_high_load,1.48,57.0,100.0,1.46,1.5,56,58,14,500
2021-11-16,1.9673551539486533,0.0002091839600584174,8.715998335767392,1.909515643725862,0.8733012575769037,G1M1_new,g1m1_high_load,1.48,57.0,100.0,1.46,1.5,56,58,14,500
2021-11-17,1.9675643379087118,0.0002091839600584174,8.715998335767392,1.909515643725862,0.8733012575769037,G1M1_new,g1m1_high_load,1.48,57.0,100.0,1.46,1.5,56,58,14,500
2021-11-18,1.9677735218687702,0.0002091839600584174,8.715998335767392,1.909515643725862,0.8733012575769037,G1M1_new,g1m1_high_load,1.48,57.0,100.0,1.46,1.5,56,58,14,500
2021-11-19,1.9679827058288286,0.0002091839600584174,8.715998335767392,1.909515643725862,0.8733012575769037,G1M1_new,g1m1_high_load,1.48,57.0,100.0,1.46,1.5,56,58,14,500
2021-11-20,1.968191889788887,0.0002091839600584174,8.715998335767392,1.909515643725862,0.8733012575769037,G1M1_new,g1m1_high_load,1.48,57.0,100.0,1.46,1.5,56,58,14,500
2021-11-21,1.9684010737489455,0.0002091839600584174,8.715998335767392,1.909515643725862,0.8733012575769037,G1M1_new,g1m1_high_load,1.48,57.0,100.0,1.46,1.5,56,58,14,500
2021-11-22,1.9686102577090039,0.0002091839600584174,8.715998335767392,1.909515643725862,0.8733012575769037,G1M1_new,g1m1_high_load,1.48,57.0,100.0,1.46,1.5,56,58,14,500
2021-11-23,1.9688194416690623,0.0002091839600584174,8.715998335767392,1.909515643725862,0.8733012575769037,G1M1_new,g1m1_high_load,1.48,57.0,100.0,1.46,1.5,56,58,14,500
2021-11-24,1.9690286256291207,0.0002091839600584174,8.715998335767392,1.909515643725862,0.8733012575769037,G1M1_new,g1m1_high_load,1.48,57.0,100.0,1.46,1.5,56,58,14,500
2021-11-25,1.9692378095891792,0.0002091839600584174,8.715998335767392,1.909515643725862,0.8733012575769037,G1M1_new,g1m1_high_load,1.48,57.0,100.0,1.46,1.5,56,58,14,500
2021-11-26,1.9694469935492376,0.0002091839600584174,8.715998335767392,1.909515643725862,0.8733012575769037,G1M1_new,g1m1_high_load,1.48,57.0,100.0,1.46,1.5,56,58,14,500
2021-11-27,1.969656177509296,0.0002091839600584174,8.715998335767392,1.909515643725862,0.8733012575769037,G1M1_new,g1m1_high_load,1.48,57.0,100.0,1.46,1.5,56,58,14,500
2021-11-28,1.9698653614693544,0.0002091839600584174,8.715998335767392,1.909515643725862,0.8733012575769037,G1M1_new,g1m1_high_load,1.48,57.0,100.0,1.46,1.5,56,58,14,500
2021-11-29,1.9700745454294128,0.0002091839600584174,8.715998335767392,1.909515643725862,0.8733012575769037,G1M1_new,g1m1_high_load,1.48,57.0,100.0,1.46,1.5,56,58,14,500
2021-11-30,1.9702837293894713,0.0002091839600584174,8.715998335767392,1.909515643725862,0.8733012575769037,G1M1_new,g1m1_high_load,1.48,57.0,100.0,1.46,1.5,56,58,14,500
2021-12-01,1.9704929133495297,0.0002091839600584174,8.715998335767392,1.909515643725862,0.8733012575769037,G1M1_new,g1m1_high_load,1.48,57.0,100.0,1.46,1.5,56,58,14,500
2021-12-02,1.9707020973095881,0.0002091839600584174,8.715998335767392,1.909515643725862,0.8733012575769037,G1M1_new,g1m1_high_load,1.48,57.0,100.0,1.46,1.5,56,58,14,500
2021-12-03,1.9709112812696465,0.0002091839600584174,8.715998335767392,1.909515643725862,0.8733012575769037,G1M1_new,g1m1_high_load,1.48,57.0,100.0,1.46,1.5,56,58,14,500
2021-12-04,1.971120465229705,0.0002091839600584174,8.715998335767392,1.909515643725862,0.8733012575769037,G1M1_new,g1m1_high_load,1.48,57.0,100.0,1.46,1.5,56,58,14,500
2021-12-05,1.9713296491897634,0.0002091839600584174,8.715998335767392,1.909515643725862,0.8733012575769037,G1M1_new,g1m1_high_load,1.48,57.0,100.0,1.46,1.5,56,58,14,500
2021-12-06,1.9715388331498218,0.0002091839600584174,8.715998335767392,1.909515643725862,0.8733012575769037,G1M1_new,g1m1_high_load,1.48,57.0,100.0,1.46,1.5,56,58,14,500
2021-12-07,1.97174801710988,0.0002091839600584174,8.715998335767392,1.909515643725862,0.8733012575769037,G1M1_new,g1m1_high_load,1.48,57.0,100.0,1.46,1.5,56,58,14,500
2021-12-08,1.9719572010699384,0.0002091839600584174,8.715998335767392,1.909515643725862,0.8733012575769037,G1M1_new,g1m1_high_load,1.48,57.0,100.0,1.46,1.5,56,58,14,500
2021-12-09,1.9721663850299969,0.0002091839600584174,8.715998335767392,1.909515643725862,0.8733012575769037,G1M1_new,g1m1_high_load,1.48,57.0,100.0,1.46,1.5,56,58,14,500
2021-12-10,1.9723755689900553,0.0002091839600584174,8.715998335767392,1.909515643725862,0.8733012575769037,G1M1_new,g1m1_high_load,1.48,57.0,100.0,1.46,1.5,56,58,14,500
2021-12-11,1.9725847529501137,0.0002091839600584174,8.715998335767392,1.909515643725862,0.8733012575769037,G1M1_new,g1m1_high_load,1.48,57.0,100.0,1.46,1.5,56,58,14,500
2021-12-12,1.9727939369101721,0.0002091839600584174,8.715998335767392,1.909515643725862,0.8733012575769037,G1M1_new,g1m1_high_load,1.48,57.0,100.0,1.46,1.5,56,58,14,500
2021-12-13,1.9730031208702306,0.0002091839600584174,8.715998335767392,1.909515643725862,0.8733012575769037,G1M1_new,g1m1_high_load,1.48,57.0,100.0,1.46,1.5,56,58,14,500
2021-12-14,1.973212304830289,0.0002091839600584174,8.715998335767392,1.909515643725862,0.8733012575769037,G1M1_new,g1m1_high_load,1.48,57.0,100.0,1.46,1.5,56,58,14,500
2021-12-15,1.9734214887903474,0.0002091839600584174,8.715998335767392,1.909515643725862,0.8733012575769037,G1M1_new,g1m1_high_load,1.48,57.0,100.0,1.46,1.5,56,58,14,500
2021-12-16,1.9736306727504058,0.0002091839600584174,8.715998335767392,1.909515643725862,0.8733012575769037,G1M1_new,g1m1_high_load,1.48,57.0,100.0,1.46,1.5,56,58,14,500
2021-12-17,1.9738398567104642,0.0002091839600584174,8.715998335767392,1.909515643725862,0.8733012575769037,G1M1_new,g1m1_high_load,1.48,57.0,100.0,1.46,1.5,56,58,14,500
2021-12-18,1.9740490406705227,0.0002091839600584174,8.715998335767392,1.909515643725862,0.8733012575769037,G1M1_new,g1m1_high_load,1.48,57.0,100.0,1.46,1.5,56,58,14,500
2021-12-19,1.974258224630581,0.0002091839600584174,8.715998335767392,1.909515643725862,0.8733012575769037,G1M1_new,g1m1_high_load,1.48,57.0,100.0,1.46,1.5,56,58,14,500
2021-12-20,1.9744674085906395,0.0002091839600584174,8.715998335767392,1.909515643725862,0.8733012575769037,G1M1_new,g1m1_high_load,1.48,57.0,100.0,1.46,1.5,56,58,14,500
2021-12-21,1.974676592550698,0.0002091839600584174,8.715998335767392,1.909515643725862,0.8733012575769037,G1M1_new,g1m1_high_load,1.48,57.0,100.0,1.46,1.5,56,58,14,500
2021-12-22,1.9748857765107564,0.0002091839600584174,8.715998335767392,1.909515643725862,0.8733012575769037,G1M1_new,g1m1_high_load,1.48,57.0,100.0,1.46,1.5,56,58,14,500
2021-12-23,1.9750949604708148,0.0002091839600584174,8.715998335767392,1.909515643725862,0.8733012575769037,G1M1_new,g1m1_high_load,1.48,57.0,100.0,1.46,1.5,56,58,14,500
2021-12-24,1.9753041444308732,0.0002091839600584174,8.715998335767392,1.909515643725862,0.8733012575769037,G1M1_new,g1m1_high_load,1.48,57.0,100.0,1.46,1.5,56,58,14,500
2021-12-25,1.9755133283909316,0.0002091839600584174,8.715998335767392,1.909515643725862,0.8733012575769037,G1M1_new,g1m1_high_load,1.48,57.0,100.0,1.46,1.5,56,58,14,500
2021-12-26,1.97572251235099,0.0002091839600584174,8.715998335767392,1.909515643725862,0.8733012575769037,G1M1_new,g1m1_high_load,1.48,57.0,100.0,1.46,1.5,56,58,14,500
2021-12-27,1.9759316963110485,0.0002091839600584174,8.715998335767392,1.909515643725862,0.8733012575769037,G1M1_new,g1m1_high_load,1.48,57.0,100.0,1.46,1.5,56,58,14,500
2021-12-28,1.976140880271107,0.0002091839600584174,8.715998335767392,1.909515643725862,0.8733012575769037,G1M1_new,g1m1_high_load,1.48,57.0,100.0,1.46,1.5,56,58,14,500
2021-12-29,1.9763500642311653,0.0002091839600584174,8.715998335767392,1.909515643725862,0.8733012575769037,G1M1_new,g1m1_high_load,1.48,57.0,100.0,1.46,1.5,56,58,14,500
2021-12-30,1.9765592481912237,0.0002091839600584174,8.715998335767392,1.909515643725862,0.8733012575769037,G1M1_new,g1m1_high_load,1.48,57.0,100.0,1.46,1.5,56,58,14,500
2021-12-31,1.9767684321512822,0.0002091839600584174,8.715998335767392,1.909515643725862,0.8733012575769037,G1M1_new,g1m1_high_load,1.48,57.0,100.0,1.46,1.5,56,58,14,500
2022-01-01,1.9769776161113406,0.0002091839600584174,8.715998335767392,1.909515643725862,0.8733012575769037,G1M1_new,g1m1_high_load,1.48,57.0,100.0,1.46,1.5,56,58,14,500
2022-01-02,1.977186800071399,0.0002091839600584174,8.715998335767392,1.909515643725862,0.8733012575769037,G1M1_new,g1m1_high_load,1.48,57.0,100.0,1.46,1.5,56,58,14,500
2022-01-03,1.9773959840314574,0.0002091839600584174,8.715998335767392,1.909515643725862,0.8733012575769037,G1M1_new,g1m1_high_load,1.48,57.0,100.0,1.46,1.5,56,58,14,500
2022-01-04,1.9776051679915159,0.0002091839600584174,8.715998335767392,1.909515643725862,0.8733012575769037,G1M1_new,g1m1_high_load,1.48,57.0,100.0,1.46,1.5,56,58,14,500
2022-01-05,1.9778143519515743,0.0002091839600584174,8.715998335767392,1.909515643725862,0.8733012575769037,G1M1_new,g1m1_high_load,1.48,57.0,100.0,1.46,1.5,56,58,14,500
2022-01-06,1.9780235359116327,0.0002091839600584174,8.715998335767392,1.909515643725862,0.8733012575769037,G1M1_new,g1m1_high_load,1.48,57.0,100.0,1.46,1.5,56,58,14,500
2022-01-07,1.9782327198716911,0.0002091839600584174,8.715998335767392,1.909515643725862,0.8733012575769037,G1M1_new,g1m1_high_load,1.48,57.0,100.0,1.46,1.5,56,58,14,500
2022-01-08,1.9784419038317496,0.0002091839600584174,8.715998335767392,1.909515643725862,0.8733012575769037,G1M1_new,g1m1_high_load,1.48,57.0,100.0,1.46,1.5,56,58,14,500
2022-01-09,1.978651087791808,0.0002091839600584174,8.715998335767392,1.909515643725862,0.8733012575769037,G1M1_new,g1m1_high_load,1.48,57.0,100.0,1.46,1.5,56,58,14,500
2022-01-10,1.9788602717518664,0.0002091839600584174,8.715998335767392,1.909515643725862,0.8733012575769037,G1M1_new,g1m1_high_load,1.48,57.0,100.0,1.46,1.5,56,58,14,500
2022-01-11,1.9790694557119248,0.0002091839600584174,8.715998335767392,1.909515643725862,0.8733012575769037,G1M1_new,g1m1_high_load,1.48,57.0,100.0,1.46,1.5,56,58,14,500
2022-01-12,1.9792786396719833,0.0002091839600584174,8.715998335767392,1.909515643725862,0.8733012575769037,G1M1_new,g1m1_high_load,1.48,57.0,100.0,1.46,1.5,56,58,14,500
2022-01-13,1.9794878236320415,0.0002091839600584174,8.715998335767392,1.909515643725862,0.8733012575769037,G1M1_new,g1m1_high_load,1.48,57.0,100.0,1.46,1.5,56,58,14,500
2022-01-14,1.9796970075921,0.0002091839600584174,8.715998335767392,1.909515643725862,0.8733012575769037,G1M1_new,g1m1_high_load,1.48,57.0,100.0,1.46,1.5,56,58,14,500
2022-01-15,1.9799061915521583,0.0002091839600584174,8.715998335767392,1.909515643725862,0.8733012575769037,G1M1_new,g1m1_high_load,1.48,57.0,100.0,1.46,1.5,56,58,14,500
2022-01-16,1.9801153755122167,0.0002091839600584174,8.715998335767392,1.909515643725862,0.8733012575769037,G1M1_new,g1m1_high_load,1.48,57.0,100.0,1.46,1.5,56,58,14,500
2022-01-17,1.9803245594722751,0.0002091839600584174,8.715998335767392,1.909515643725862,0.8733012575769037,G1M1_new,g1m1_high_load,1.48,57.0,100.0,1.46,1.5,56,58,14,500
2022-01-18,1.9805337434323336,0.0002091839600584174,8.715998335767392,1.909515643725862,0.8733012575769037,G1M1_new,g1m1_high_load,1.48,57.0,100.0,1.46,1.5,56,58,14,500
2022-01-19,1.980742927392392,0.0002091839600584174,8.715998335767392,1.909515643725862,0.8733012575769037,G1M1_new,g1m1_high_load,1.48,57.0,100.0,1.46,1.5,56,58,14,500
2022-01-20,1.9809521113524504,0.0002091839600584174,8.715998335767392,1.909515643725862,0.8733012575769037,G1M1_new,g1m1_high_load,1.48,57.0,100.0,1.46,1.5,56,58,14,500
2022-01-21,1.9811612953125088,0.0002091839600584174,8.715998335767392,1.909515643725862,0.8733012575769037,G1M1_new,g1m1_high_load,1.48,57.0,100.0,1.46,1.5,56,58,14,500
2022-01-22,1.9813704792725673,0.0002091839600584174,8.715998335767392,1.909515643725862,0.8733012575769037,G1M1_new,g1m1_high_load,1.48,57.0,100.0,1.46,1.5,56,58,14,500
2022-01-23,1.9815796632326257,0.0002091839600584174,8.715998335767392,1.909515643725862,0.8733012575769037,G1M1_new,g1m1_high_load,1.48,57.0,100.0,1.46,1.5,56,58,14,500
2022-01-24,1.981788847192684,0.0002091839600584174,8.715998335767392,1.909515643725862,0.8733012575769037,G1M1_new,g1m1_high_load,1.48,57.0,100.0,1.46,1.5,56,58,14,500
2022-01-25,1.9819980311527425,0.0002091839600584174,8.715998335767392,1.909515643725862,0.8733012575769037,G1M1_new,g1m1_high_load,1.48,57.0,100.0,1.46,1.5,56,58,14,500
2022-01-26,1.982207215112801,0.0002091839600584174,8.715998335767392,1.909515643725862,0.8733012575769037,G1M1_new,g1m1_high_load,1.48,57.0,100.0,1.46,1.5,56,58,14,500
2022-01-27,1.9824163990728594,0.0002091839600584174,8.715998335767392,1.909515643725862,0.8733012575769037,G1M1_new,g1m1_high_load,1.48,57.0,100.0,1.46,1.5,56,58,14,500
2022-01-28,1.9826255830329178,0.0002091839600584174,8.715998335767392,1.909515643725862,0.8733012575769037,G1M1_new,g1m1_high_load,1.48,57.0,100.0,1.46,1.5,56,58,14,500
2022-01-29,1.9828347669929762,0.0002091839600584174,8.715998335767392,1.909515643725862,0.8733012575769037,G1M1_new,g1m1_high_load,1.48,57.0,100.0,1.46,1.5,56,58,14,500
2022-01-30,1.9830439509530347,0.0002091839600584174,8.715998335767392,1.909515643725862,0.8733012575769037,G1M1_new,g1m1_high_load,1.48,57.0,100.0,1.46,1.5,56,58,14,500
2022-01-31,1.983253134913093,0.0002091839600584174,8.715998335767392,1.909515643725862,0.8733012575769037,G1M1_new,g1m1_high_load,1.48,57.0,100.0,1.46,1.5,56,58,14,500
2022-02-01,1.9834623188731515,0.0002091839600584174,8.715998335767392,1.909515643725862,0.8733012575769037,G1M1_new,g1m1_high_load,1.48,57.0,100.0,1.46,1.5,56,58,14,500
2022-02-02,1.98367150283321,0.0002091839600584174,8.715998335767392,1.909515643725862,0.8733012575769037,G1M1_new,g1m1_high_load,1.48,57.0,100.0,1.46,1.5,56,58,14,500
2022-02-03,1.9838806867932683,0.0002091839600584174,8.715998335767392,1.909515643725862,0.8733012575769037,G1M1_new,g1m1_high_load,1.48,57.0,100.0,1.46,1.5,56,58,14,500
2022-02-04,1.9840898707533268,0.0002091839600584174,8.715998335767392,1.909515643725862,0.8733012575769037,G1M1_new,g1m1_high_load,1.48,57.0,100.0,1.46,1.5,56,58,14,500
2022-02-05,1.9842990547133852,0.0002091839600584174,8.715998335767392,1.909515643725862,0.8733012575769037,G1M1_new,g1m1_high_load,1.48,57.0,100.0,1.46,1.5,56,58,14,500
2022-02-06,1.9845082386734436,0.0002091839600584174,8.715998335767392,1.909515643725862,0.8733012575769037,G1M1_new,g1m1_high_load,1.48,57.0,100.0,1.46,1.5,56,58,14,500
2022-02-07,1.984717422633502,0.0002091839600584174,8.715998335767392,1.909515643725862,0.8733012575769037,G1M1_new,g1m1_high_load,1.48,57.0,100.0,1.46,1.5,56,58,14,500
2022-02-08,1.9849266065935605,0.0002091839600584174,8.715998335767392,1.909515643725862,0.8733012575769037,G1M1_new,g1m1_high_load,1.48,57.0,100.0,1.46,1.5,56,58,14,500
2022-02-09,1.9851357905536189,0.0002091839600584174,8.715998335767392,1.909515643725862,0.8733012575769037,G1M1_new,g1m1_high_load,1.48,57.0,100.0,1.46,1.5,56,58,14,500
2022-02-10,1.9853449745136773,0.0002091839600584174,8.715998335767392,1.909515643725862,0.8733012575769037,G1M1_new,g1m1_high_load,1.48,57.0,100.0,1.46,1.5,56,58,14,500
2022-02-11,1.9855541584737357,0.0002091839600584174,8.715998335767392,1.909515643725862,0.8733012575769037,G1M1_new,g1m1_high_load,1.48,57.0,100.0,1.46,1.5,56,58,14,500
2022-02-12,1.9857633424337942,0.0002091839600584174,8.715998335767392,1.909515643725862,0.8733012575769037,G1M1_new,g1m1_high_load,1.48,57.0,100.0,1.46,1.5,56,58,14,500
2022-02-13,1.9859725263938526,0.0002091839600584174,8.715998335767392,1.909515643725862,0.8733012575769037,G1M1_new,g1m1_high_load,1.48,57.0,100.0,1.46,1.5,56,58,14,500
2022-02-14,1.986181710353911,0.0002091839600584174,8.715998335767392,1.909515643725862,0.8733012575769037,G1M1_new,g1m1_high_load,1.48,57.0,100.0,1.46,1.5,56,58,14,500
2022-02-15,1.9863908943139694,0.0002091839600584174,8.715998335767392,1.909515643725862,0.8733012575769037,G1M1_new,g1m1_high_load,1.48,57.0,100.0,1.46,1.5,56,58,14,500
2022-02-16,1.9866000782740278,0.0002091839600584174,8.715998335767392,1.909515643725862,0.8733012575769037,G1M1_new,g1m1_high_load,1.48,57.0,100.0,1.46,1.5,56,58,14,500
2022-02-17,1.9868092622340863,0.0002091839600584174,8.715998335767392,1.909515643725862,0.8733012575769037,G1M1_new,g1m1_high_load,1.48,57.0,100.0,1.46,1.5,56,58,14,500
2022-02-18,1.9870184461941447,0.0002091839600584174,8.715998335767392,1.909515643725862,0.8733012575769037,G1M1_new,g1m1_high_load,1.48,57.0,100.0,1.46,1.5,56,58,14,500
2022-02-19,1.987227630154203,0.0002091839600584174,8.715998335767392,1.909515643725862,0.8733012575769037,G1M1_new,g1m1_high_load,1.48,57.0,100.0,1.46,1.5,56,58,14,500
2022-02-20,1.9874368141142615,0.0002091839600584174,8.715998335767392,1.909515643725862,0.8733012575769037,G1M1_new,g1m1_high_load,1.48,57.0,100.0,1.46,1.5,56,58,14,500
2022-02-21,1.9876459980743197,0.0002091839600584174,8.715998335767392,1.909515643725862,0.8733012575769037,G1M1_new,g1m1_high_load,1.48,57.0,100.0,1.46,1.5,56,58,14,500
2022-02-22,1.9878551820343782,0.0002091839600584174,8.715998335767392,1.909515643725862,0.8733012575769037,G1M1_new,g1m1_high_load,1.48,57.0,100.0,1.46,1.5,56,58,14,500
2022-02-23,1.9880643659944366,0.0002091839600584174,8.715998335767392,1.909515643725862,0.8733012575769037,G1M1_new,g1m1_high_load,1.48,57.0,100.0,1.46,1.5,56,58,14,500
2022-02-24,1.988273549954495,0.0002091839600584174,8.715998335767392,1.909515643725862,0.8733012575769037,G1M1_new,g1m1_high_load,1.48,57.0,100.0,1.46,1.5,56,58,14,500
2022-02-25,1.9884827339145534,0.0002091839600584174,8.715998335767392,1.909515643725862,0.8733012575769037,G1M1_new,g1m1_high_load,1.48,57.0,100.0,1.46,1.5,56,58,14,500
2022-02-26,1.9886919178746119,0.0002091839600584174,8.715998335767392,1.909515643725862,0.8733012575769037,G1M1_new,g1m1_high_load,1.48,57.0,100.0,1.46,1.5,56,58,14,500
2022-02-27,1.9889011018346703,0.0002091839600584174,8.715998335767392,1.909515643725862,0.8733012575769037,G1M1_new,g1m1_high_load,1.48,57.0,100.0,1.46,1.5,56,58,14,500
2022-02-28,1.9891102857947287,0.0002091839600584174,8.715998335767392,1.909515643725862,0.8733012575769037,G1M1_new,g1m1_high_load,1.48,57.0,100.0,1.46,1.5,56,58,14,500
2022-03-01,1.9893194697547871,0.0002091839600584174,8.715998335767392,1.909515643725862,0.8733012575769037,G1M1_new,g1m1_high_load,1.48,57.0,100.0,1.46,1.5,56,58,14,500
2022-03-02,1.9895286537148456,0.0002091839600584174,8.715998335767392,1.909515643725862,0.8733012575769037,G1M1_new,g1m1_high_load,1.48,57.0,100.0,1.46,1.5,56,58,14,500
2022-03-03,1.989737837674904,0.0002091839600584174,8.715998335767392,1.909515643725862,0.8733012575769037,G1M1_new,g1m1_high_load,1.48,57.0,100.0,1.46,1.5,56,58,14,500
2022-03-04,1.9899470216349624,0.0002091839600584174,8.715998335767392,1.909515643725862,0.8733012575769037,G1M1_new,g1m1_high_load,1.48,57.0,100.0,1.46,1.5,56,58,14,500
2022-03-05,1.9901562055950208,0.0002091839600584174,8.715998335767392,1.909515643725862,0.8733012575769037,G1M1_new,g1m1_high_load,1.48,57.0,100.0,1.46,1.5,56,58,14,500
2022-03-06,1.9903653895550792,0.0002091839600584174,8.715998335767392,1.909515643725862,0.8733012575769037,G1M1_new,g1m1_high_load,1.48,57.0,100.0,1.46,1.5,56,58,14,500
2022-03-07,1.9905745735151377,0.0002091839600584174,8.715998335767392,1.909515643725862,0.8733012575769037,G1M1_new,g1m1_high_load,1.48,57.0,100.0,1.46,1.5,56,58,14,500
2022-03-08,1.990783757475196,0.0002091839600584174,8.715998335767392,1.909515643725862,0.8733012575769037,G1M1_new,g1m1_high_load,1.48,57.0,100.0,1.46,1.5,56,58,14,500
2022-03-09,1.9909929414352545,0.0002091839600584174,8.715998335767392,1.909515643725862,0.8733012575769037,G1M1_new,g1m1_high_load,1.48,57.0,100.0,1.46,1.5,56,58,14,500
2022-03-10,1.991202125395313,0.0002091839600584174,8.715998335767392,1.909515643725862,0.8733012575769037,G1M1_new,g1m1_high_load,1.48,57.0,100.0,1.46,1.5,56,58,14,500
2022-03-11,1.9914113093553714,0.0002091839600584174,8.715998335767392,1.909515643725862,0.8733012575769037,G1M1_new,g1m1_high_load,1.48,57.0,100.0,1.46,1.5,56,58,14,500
2022-03-12,1.9916204933154298,0.0002091839600584174,8.715998335767392,1.909515643725862,0.8733012575769037,G1M1_new,g1m1_high_load,1.48,57.0,100.0,1.46,1.5,56,58,14,500
2022-03-13,1.9918296772754882,0.0002091839600584174,8.715998335767392,1.909515643725862,0.8733012575769037,G1M1_new,g1m1_high_load,1.48,57.0,100.0,1.46,1.5,56,58,14,500
2022-03-14,1.9920388612355466,0.0002091839600584174,8.715998335767392,1.909515643725862,0.8733012575769037,G1M1_new,g1m1_high_load,1.48,57.0,100.0,1.46,1.5,56,58,14,500
2022-03-15,1.992248045195605,0.0002091839600584174,8.715998335767392,1.909515643725862,0.8733012575769037,G1M1_new,g1m1_high_load,1.48,57.0,100.0,1.46,1.5,56,58,14,500
2022-03-16,1.9924572291556635,0.0002091839600584174,8.715998335767392,1.909515643725862,0.8733012575769037,G1M1_new,g1m1_high_load,1.48,57.0,100.0,1.46,1.5,56,58,14,500
2022-03-17,1.992666413115722,0.0002091839600584174,8.715998335767392,1.909515643725862,0.8733012575769037,G1M1_new,g1m1_high_load,1.48,57.0,100.0,1.46,1.5,56,58,14,500
2022-03-18,1.9928755970757803,0.0002091839600584174,8.715998335767392,1.909515643725862,0.8733012575769037,G1M1_new,g1m1_high_load,1.48,57.0,100.0,1.46,1.5,56,58,14,500
2022-03-19,1.9930847810358387,0.0002091839600584174,8.715998335767392,1.909515643725862,0.8733012575769037,G1M1_new,g1m1_high_load,1.48,57.0,100.0,1.46,1.5,56,58,14,500
2022-03-20,1.9932939649958972,0.0002091839600584174,8.715998335767392,1.909515643725862,0.8733012575769037,G1M1_new,g1m1_high_load,1.48,57.0,100.0,1.46,1.5,56,58,14,500
2022-03-21,1.9935031489559556,0.0002091839600584174,8.715998335767392,1.909515643725862,0.8733012575769037,G1M1_new,g1m1_high_load,1.48,57.0,100.0,1.46,1.5,56,58,14,500
2022-03-22,1.993712332916014,0.0002091839600584174,8.715998335767392,1.909515643725862,0.8733012575769037,G1M1_new,g1m1_high_load,1.48,57.0,100.0,1.46,1.5,56,58,14,500
2022-03-23,1.9939215168760724,0.0002091839600584174,8.715998335767392,1.909515643725862,0.8733012575769037,G1M1_new,g1m1_high_load,1.48,57.0,100.0,1.46,1.5,56,58,14,500
2022-03-24,1.9941307008361309,0.0002091839600584174,8.715998335767392,1.909515643725862,0.8733012575769037,G1M1_new,g1m1_high_load,1.48,57.0,100.0,1.46,1.5,56,58,14,500
2022-03-25,1.9943398847961893,0.0002091839600584174,8.715998335767392,1.909515643725862,0.8733012575769037,G1M1_new,g1m1_high_load,1.48,57.0,100.0,1.46,1.5,56,58,14,500
2022-03-26,1.9945490687562477,0.0002091839600584174,8.715998335767392,1.909515643725862,0.8733012575769037,G1M1_new,g1m1_high_load,1.48,57.0,100.0,1.46,1.5,56,58,14,500
2022-03-27,1.9947582527163061,0.0002091839600584174,8.715998335767392,1.909515643725862,0.8733012575769037,G1M1_new,g1m1_high_load,1.48,57.0,100.0,1.46,1.5,56,58,14,500
2022-03-28,1.9949674366763643,0.0002091839600584174,8.715998335767392,1.909515643725862,0.8733012575769037,G1M1_new,g1m1_high_load,1.48,57.0,100.0,1.46,1.5,56,58,14,500
2022-03-29,1.995176620636423,0.0002091839600584174,8.715998335767392,1.909515643725862,0.8733012575769037,G1M1_new,g1m1_high_load,1.48,57.0,100.0,1.46,1.5,56,58,14,500
2022-03-30,1.9953858045964812,0.0002091839600584174,8.715998335767392,1.909515643725862,0.8733012575769037,G1M1_new,g1m1_high_load,1.48,57.0,100.0,1.46,1.5,56,58,14,500
2022-03-31,1.9955949885565396,0.0002091839600584174,8.715998335767392,1.909515643725862,0.8733012575769037,G1M1_new,g1m1_high_load,1.48,57.0,100.0,1.46,1.5,56,58,14,500
2022-04-01,1.995804172516598,0.0002091839600584174,8.715998335767392,1.909515643725862,0.8733012575769037,G1M1_new,g1m1_high_load,1.48,57.0,100.0,1.46,1.5,56,58,14,500
2022-04-02,1.9960133564766565,0.0002091839600584174,8.715998335767392,1.909515643725862,0.8733012575769037,G1M1_new,g1m1_high_load,1.48,57.0,100.0,1.46,1.5,56,58,14,500
2022-04-03,1.9962225404367149,0.0002091839600584174,8.715998335767392,1.909515643725862,0.8733012575769037,G1M1_new,g1m1_high_load,1.48,57.0,100.0,1.46,1.5,56,58,14,500
2022-04-04,1.9964317243967733,0.0002091839600584174,8.715998335767392,1.909515643725862,0.8733012575769037,G1M1_new,g1m1_high_load,1.48,57.0,100.0,1.46,1.5,56,58,14,500
2022-04-05,1.9966409083568317,0.0002091839600584174,8.715998335767392,1.909515643725862,0.8733012575769037,G1M1_new,g1m1_high_load,1.48,57.0,100.0,1.46,1.5,56,58,14,500
2022-04-06,1.9968500923168901,0.0002091839600584174,8.715998335767392,1.909515643725862,0.8733012575769037,G1M1_new,g1m1_high_load,1.48,57.0,100.0,1.46,1.5,56,58,14,500
2022-04-07,1.9970592762769486,0.0002091839600584174,8.715998335767392,1.909515643725862,0.8733012575769037,G1M1_new,g1m1_high_load,1.48,57.0,100.0,1.46,1.5,56,58,14,500
2022-04-08,1.997268460237007,0.0002091839600584174,8.715998335767392,1.909515643725862,0.8733012575769037,G1M1_new,g1m1_high_load,1.48,57.0,100.0,1.46,1.5,56,58,14,500
2022-04-09,1.9974776441970654,0.0002091839600584174,8.715998335767392,1.909515643725862,0.8733012575769037,G1M1_new,g1m1_high_load,1.48,57.0,100.0,1.46,1.5,56,58,14,500
2022-04-10,1.9976868281571238,0.0002091839600584174,8.715998335767392,1.909515643725862,0.8733012575769037,G1M1_new,g1m1_high_load,1.48,57.0,100.0,1.46,1.5,56,58,14,500
2022-04-11,1.9978960121171823,0.0002091839600584174,8.715998335767392,1.909515643725862,0.8733012575769037,G1M1_new,g1m1_high_load,1.48,57.0,100.0,1.46,1.5,56,58,14,500
2022-04-12,1.9981051960772407,0.0002091839600584174,8.715998335767392,1.909515643725862,0.8733012575769037,G1M1_new,g1m1_high_load,1.48,57.0,100.0,1.46,1.5,56,58,14,500
2022-04-13,1.998314380037299,0.0002091839600584174,8.715998335767392,1.909515643725862,0.8733012575769037,G1M1_new,g1m1_high_load,1.48,57.0,100.0,1.46,1.5,56,58,14,500
2022-04-14,1.9985235639973575,0.0002091839600584174,8.715998335767392,1.909515643725862,0.8733012575769037,G1M1_new,g1m1_high_load,1.48,57.0,100.0,1.46,1.5,56,58,14,500
2022-04-15,1.998732747957416,0.0002091839600584174,8.715998335767392,1.909515643725862,0.8733012575769037,G1M1_new,g1m1_high_load,1.48,57.0,100.0,1.46,1.5,56,58,14,500
2022-04-16,1.9989419319174744,0.0002091839600584174,8.715998335767392,1.909515643725862,0.8733012575769037,G1M1_new,g1m1_high_load,1.48,57.0,100.0,1.46,1.5,56,58,14,500
2022-04-17,1.9991511158775328,0.0002091839600584174,8.715998335767392,1.909515643725862,0.8733012575769037,G1M1_new,g1m1_high_load,1.48,57.0,100.0,1.46,1.5,56,58,14,500
2022-04-18,1.9993602998375912,0.0002091839600584174,8.715998335767392,1.909515643725862,0.8733012575769037,G1M1_new,g1m1_high_load,1.48,57.0,100.0,1.46,1.5,56,58,14,500
2022-04-19,1.9995694837976496,0.0002091839600584174,8.715998335767392,1.909515643725862,0.8733012575769037,G1M1_new,g1m1_high_load,1.48,57.0,100.0,1.46,1.5,56,58,14,500
2022-04-20,1.999778667757708,0.0002091839600584174,8.715998335767392,1.909515643725862,0.8733012575769037,G1M1_new,g1m1_high_load,1.48,57.0,100.0,1.46,1.5,56,58,14,500
2022-04-21,1.9999878517177665,0.0002091839600584174,8.715998335767392,1.909515643725862,0.8733012575769037,G1M1_new,g1m1_high_load,1.48,57.0,100.0,1.46,1.5,56,58,14,500
2022-04-22,2.0001970356778247,0.0002091839600584174,8.715998335767392,1.909515643725862,0.8733012575769037,G1M1_new,g1m1_high_load,1.48,57.0,100.0,1.46,1.5,56,58,14,500
2022-04-23,2.0004062196378833,0.0002091839600584174,8.715998335767392,1.909515643725862,0.8733012575769037,G1M1_new,g1m1_high_load,1.48,57.0,100.0,1.46,1.5,56,58,14,500
2022-04-24,2.0006154035979415,0.0002091839600584174,8.715998335767392,1.909515643725862,0.8733012575769037,G1M1_new,g1m1_high_load,1.48,57.0,100.0,1.46,1.5,56,58,14,500
2022-04-25,2.000824587558,0.0002091839600584174,8.715998335767392,1.909515643725862,0.8733012575769037,G1M1_new,g1m1_high_load,1.48,57.0,100.0,1.46,1.5,56,58,14,500
2022-04-26,2.0010337715180584,0.0002091839600584174,8.715998335767392,1.909515643725862,0.8733012575769037,G1M1_new,g1m1_high_load,1.48,57.0,100.0,1.46,1.5,56,58,14,500
2022-04-27,2.001242955478117,0.0002091839600584174,8.715998335767392,1.909515643725862,0.8733012575769037,G1M1_new,g1m1_high_load,1.48,57.0,100.0,1.46,1.5,56,58,14,500
2022-04-28,2.0014521394381752,0.0002091839600584174,8.715998335767392,1.909515643725862,0.8733012575769037,G1M1_new,g1m1_high_load,1.48,57.0,100.0,1.46,1.5,56,58,14,500
2022-04-29,2.001661323398234,0.0002091839600584174,8.715998335767392,1.909515643725862,0.8733012575769037,G1M1_new,g1m1_high_load,1.48,57.0,100.0,1.46,1.5,56,58,14,500
2022-04-30,2.001870507358292,0.0002091839600584174,8.715998335767392,1.909515643725862,0.8733012575769037,G1M1_new,g1m1_high_load,1.48,57.0,100.0,1.46,1.5,56,58,14,500
2022-05-01,2.0020796913183507,0.0002091839600584174,8.715998335767392,1.909515643725862,0.8733012575769037,G1M1_new,g1m1_high_load,1.48,57.0,100.0,1.46,1.5,56,58,14,500
2022-05-02,2.002288875278409,0.0002091839600584174,8.715998335767392,1.909515643725862,0.8733012575769037,G1M1_new,g1m1_high_load,1.48,57.0,100.0,1.46,1.5,56,58,14,500
2022-05-03,2.0024980592384676,0.0002091839600584174,8.715998335767392,1.909515643725862,0.8733012575769037,G1M1_new,g1m1_high_load,1.48,57.0,100.0,1.46,1.5,56,58,14,500
2022-05-04,2.0027072431985258,0.0002091839600584174,8.715998335767392,1.909515643725862,0.8733012575769037,G1M1_new,g1m1_high_load,1.48,57.0,100.0,1.46,1.5,56,58,14,500
2022-05-05,2.0029164271585844,0.0002091839600584174,8.715998335767392,1.909515643725862,0.8733012575769037,G1M1_new,g1m1_high_load,1.48,57.0,100.0,1.46,1.5,56,58,14,500
2022-05-06,2.0031256111186426,0.0002091839600584174,8.715998335767392,1.909515643725862,0.8733012575769037,G1M1_new,g1m1_high_load,1.48,57.0,100.0,1.46,1.5,56,58,14,500
2022-05-07,2.0033347950787013,0.0002091839600584174,8.715998335767392,1.909515643725862,0.8733012575769037,G1M1_new,g1m1_high_load,1.48,57.0,100.0,1.46,1.5,56,58,14,500
2022-05-08,2.0035439790387595,0.0002091839600584174,8.715998335767392,1.909515643725862,0.8733012575769037,G1M1_new,g1m1_high_load,1.48,57.0,100.0,1.46,1.5,56,58,14,500
2022-05-09,2.003753162998818,0.0002091839600584174,8.715998335767392,1.909515643725862,0.8733012575769037,G1M1_new,g1m1_high_load,1.48,57.0,100.0,1.46,1.5,56,58,14,500
2022-05-10,2.0039623469588763,0.0002091839600584174,8.715998335767392,1.909515643725862,0.8733012575769037,G1M1_new,g1m1_high_load,1.48,57.0,100.0,1.46,1.5,56,58,14,500
2022-05-11,2.004171530918935,0.0002091839600584174,8.715998335767392,1.909515643725862,0.8733012575769037,G1M1_new,g1m1_high_load,1.48,57.0,100.0,1.46,1.5,56,58,14,500
2022-05-12,2.004380714878993,0.0002091839600584174,8.715998335767392,1.909515643725862,0.8733012575769037,G1M1_new,g1m1_high_load,1.48,57.0,100.0,1.46,1.5,56,58,14,500
2022-05-13,2.004589898839052,0.0002091839600584174,8.715998335767392,1.909515643725862,0.8733012575769037,G1M1_new,g1m1_high_load,1.48,57.0,100.0,1.46,1.5,56,58,14,500
2022-05-14,2.00479908279911,0.0002091839600584174,8.715998335767392,1.909515643725862,0.8733012575769037,G1M1_new,g1m1_high_load,1.48,57.0,100.0,1.46,1.5,56,58,14,500
2022-05-15,2.0050082667591687,0.0002091839600584174,8.715998335767392,1.909515643725862,0.8733012575769037,G1M1_new,g1m1_high_load,1.48,57.0,100.0,1.46,1.5,56,58,14,500
2022-05-16,2.005217450719227,0.0002091839600584174,8.715998335767392,1.909515643725862,0.8733012575769037,G1M1_new,g1m1_high_load,1.48,57.0,100.0,1.46,1.5,56,58,14,500
2022-05-17,2.0054266346792855,0.0002091839600584174,8.715998335767392,1.909515643725862,0.8733012575769037,G1M1_new,g1m1_high_load,1.48,57.0,100.0,1.46,1.5,56,58,14,500
2022-05-18,2.0056358186393437,0.0002091839600584174,8.715998335767392,1.909515643725862,0.8733012575769037,G1M1_new,g1m1_high_load,1.48,57.0,100.0,1.46,1.5,56,58,14,500
2022-05-19,2.0058450025994023,0.0002091839600584174,8.715998335767392,1.909515643725862,0.8733012575769037,G1M1_new,g1m1_high_load,1.48,57.0,100.0,1.46,1.5,56,58,14,500
2022-05-20,2.0060541865594606,0.0002091839600584174,8.715998335767392,1.909515643725862,0.8733012575769037,G1M1_new,g1m1_high_load,1.48,57.0,100.0,1.46,1.5,56,58,14,500
2022-05-21,2.006263370519519,0.0002091839600584174,8.715998335767392,1.909515643725862,0.8733012575769037,G1M1_new,g1m1_high_load,1.48,57.0,100.0,1.46,1.5,56,58,14,500
2022-05-22,2.0064725544795774,0.0002091839600584174,8.715998335767392,1.909515643725862,0.8733012575769037,G1M1_new,g1m1_high_load,1.48,57.0,100.0,1.46,1.5,56,58,14,500
2022-05-23,2.006681738439636,0.0002091839600584174,8.715998335767392,1.909515643725862,0.8733012575769037,G1M1_new,g1m1_high_load,1.48,57.0,100.0,1.46,1.5,56,58,14,500
2022-05-24,2.0068909223996942,0.0002091839600584174,8.715998335767392,1.909515643725862,0.8733012575769037,G1M1_new,g1m1_high_load,1.48,57.0,100.0,1.46,1.5,56,58,14,500
2022-05-25,2.0071001063597524,0.0002091839600584174,8.715998335767392,1.909515643725862,0.8733012575769037,G1M1_new,g1m1_high_load,1.48,57.0,100.0,1.46,1.5,56,58,14,500
2022-05-26,2.007309290319811,0.0002091839600584174,8.715998335767392,1.909515643725862,0.8733012575769037,G1M1_new,g1m1_high_load,1.48,57.0,100.0,1.46,1.5,56,58,14,500
2022-05-27,2.0075184742798693,0.0002091839600584174,8.715998335767392,1.909515643725862,0.8733012575769037,G1M1_new,g1m1_high_load,1.48,57.0,100.0,1.46,1.5,56,58,14,500
2022-05-28,2.007727658239928,0.0002091839600584174,8.715998335767392,1.909515643725862,0.8733012575769037,G1M1_new,g1m1_high_load,1.48,57.0,100.0,1.46,1.5,56,58,14,500
2022-05-29,2.007936842199986,0.0002091839600584174,8.715998335767392,1.909515643725862,0.8733012575769037,G1M1_new,g1m1_high_load,1.48,57.0,100.0,1.46,1.5,56,58,14,500
2022-05-30,2.008146026160045,0.0002091839600584174,8.715998335767392,1.909515643725862,0.8733012575769037,G1M1_new,g1m1_high_load,1.48,57.0,100.0,1.46,1.5,56,58,14,500
2022-05-31,2.008355210120103,0.0002091839600584174,8.715998335767392,1.909515643725862,0.8733012575769037,G1M1_new,g1m1_high_load,1.48,57.0,100.0,1.46,1.5,56,58,14,500
2022-06-01,2.0085643940801616,0.0002091839600584174,8.715998335767392,1.909515643725862,0.8733012575769037,G1M1_new,g1m1_high_load,1.48,57.0,100.0,1.46,1.5,56,58,14,500
2022-06-02,2.00877357804022,0.0002091839600584174,8.715998335767392,1.909515643725862,0.8733012575769037,G1M1_new,g1m1_high_load,1.48,57.0,100.0,1.46,1.5,56,58,14,500
2022-06-03,2.0089827620002785,0.0002091839600584174,8.715998335767392,1.909515643725862,0.8733012575769037,G1M1_new,g1m1_high_load,1.48,57.0,100.0,1.46,1.5,56,58,14,500
2022-06-04,2.0091919459603367,0.0002091839600584174,8.715998335767392,1.909515643725862,0.8733012575769037,G1M1_new,g1m1_high_load,1.48,57.0,100.0,1.46,1.5,56,58,14,500
2022-06-05,2.0094011299203953,0.0002091839600584174,8.715998335767392,1.909515643725862,0.8733012575769037,G1M1_new,g1m1_high_load,1.48,57.0,100.0,1.46,1.5,56,58,14,500
2022-06-06,2.0096103138804535,0.0002091839600584174,8.715998335767392,1.909515643725862,0.8733012575769037,G1M1_new,g1m1_high_load,1.48,57.0,100.0,1.46,1.5,56,58,14,500
2022-06-07,2.009819497840512,0.0002091839600584174,8.715998335767392,1.909515643725862,0.8733012575769037,G1M1_new,g1m1_high_load,1.48,57.0,100.0,1.46,1.5,56,58,14,500
2022-06-08,2.0100286818005704,0.0002091839600584174,8.715998335767392,1.909515643725862,0.8733012575769037,G1M1_new,g1m1_high_load,1.48,57.0,100.0,1.46,1.5,56,58,14,500
2022-06-09,2.010237865760629,0.0002091839600584174,8.715998335767392,1.909515643725862,0.8733012575769037,G1M1_new,g1m1_high_load,1.48,57.0,100.0,1.46,1.5,56,58,14,500
2022-06-10,2.010447049720687,0.0002091839600584174,8.715998335767392,1.909515643725862,0.8733012575769037,G1M1_new,g1m1_high_load,1.48,57.0,100.0,1.46,1.5,56,58,14,500
2022-06-11,2.010656233680746,0.0002091839600584174,8.715998335767392,1.909515643725862,0.8733012575769037,G1M1_new,g1m1_high_load,1.48,57.0,100.0,1.46,1.5,56,58,14,500
2022-06-12,2.010865417640804,0.0002091839600584174,8.715998335767392,1.909515643725862,0.8733012575769037,G1M1_new,g1m1_high_load,1.48,57.0,100.0,1.46,1.5,56,58,14,500
2022-06-13,2.0110746016008627,0.0002091839600584174,8.715998335767392,1.909515643725862,0.8733012575769037,G1M1_new,g1m1_high_load,1.48,57.0,100.0,1.46,1.5,56,58,14,500
2022-06-14,2.011283785560921,0.0002091839600584174,8.715998335767392,1.909515643725862,0.8733012575769037,G1M1_new,g1m1_high_load,1.48,57.0,100.0,1.46,1.5,56,58,14,500
2022-06-15,2.0114929695209796,0.0002091839600584174,8.715998335767392,1.909515643725862,0.8733012575769037,G1M1_new,g1m1_high_load,1.48,57.0,100.0,1.46,1.5,56,58,14,500
2022-06-16,2.0117021534810378,0.0002091839600584174,8.715998335767392,1.909515643725862,0.8733012575769037,G1M1_new,g1m1_high_load,1.48,57.0,100.0,1.46,1.5,56,58,14,500
2022-06-17,2.0119113374410964,0.0002091839600584174,8.715998335767392,1.909515643725862,0.8733012575769037,G1M1_new,g1m1_high_load,1.48,57.0,100.0,1.46,1.5,56,58,14,500
2022-06-18,2.0121205214011546,0.0002091839600584174,8.715998335767392,1.909515643725862,0.8733012575769037,G1M1_new,g1m1_high_load,1.48,57.0,100.0,1.46,1.5,56,58,14,500
2022-06-19,2.0123297053612133,0.0002091839600584174,8.715998335767392,1.909515643725862,0.8733012575769037,G1M1_new,g1m1_high_load,1.48,57.0,100.0,1.46,1.5,56,58,14,500
2022-06-20,2.0125388893212715,0.0002091839600584174,8.715998335767392,1.909515643725862,0.8733012575769037,G1M1_new,g1m1_high_load,1.48,57.0,100.0,1.46,1.5,56,58,14,500
2022-06-21,2.01274807328133,0.0002091839600584174,8.715998335767392,1.909515643725862,0.8733012575769037,G1M1_new,g1m1_high_load,1.48,57.0,100.0,1.46,1.5,56,58,14,500
2022-06-22,2.0129572572413883,0.0002091839600584174,8.715998335767392,1.909515643725862,0.8733012575769037,G1M1_new,g1m1_high_load,1.48,57.0,100.0,1.46,1.5,56,58,14,500
2022-06-23,2.013166441201447,0.0002091839600584174,8.715998335767392,1.909515643725862,0.8733012575769037,G1M1_new,g1m1_high_load,1.48,57.0,100.0,1.46,1.5,56,58,14,500
2022-06-24,2.013375625161505,0.0002091839600584174,8.715998335767392,1.909515643725862,0.8733012575769037,G1M1_new,g1m1_high_load,1.48,57.0,100.0,1.46,1.5,56,58,14,500
2022-06-25,2.013584809121564,0.0002091839600584174,8.715998335767392,1.909515643725862,0.8733012575769037,G1M1_new,g1m1_high_load,1.48,57.0,100.0,1.46,1.5,56,58,14,500
2022-06-26,2.013793993081622,0.0002091839600584174,8.715998335767392,1.909515643725862,0.8733012575769037,G1M1_new,g1m1_high_load,1.48,57.0,100.0,1.46,1.5,56,58,14,500
2022-06-27,2.0140031770416806,0.0002091839600584174,8.715998335767392,1.909515643725862,0.8733012575769037,G1M1_new,g1m1_high_load,1.48,57.0,100.0,1.46,1.5,56,58,14,500
2022-06-28,2.014212361001739,0.0002091839600584174,8.715998335767392,1.909515643725862,0.8733012575769037,G1M1_new,g1m1_high_load,1.48,57.0,100.0,1.46,1.5,56,58,14,500
2022-06-29,2.0144215449617975,0.0002091839600584174,8.715998335767392,1.909515643725862,0.8733012575769037,G1M1_new,g1m1_high_load,1.48,57.0,100.0,1.46,1.5,56,58,14,500
2022-06-30,2.0146307289218557,0.0002091839600584174,8.715998335767392,1.909515643725862,0.8733012575769037,G1M1_new,g1m1_high_load,1.48,57.0,100.0,1.46,1.5,56,58,14,500
2022-07-01,2.0148399128819143,0.0002091839600584174,8.715998335767392,1.909515643725862,0.8733012575769037,G1M1_new,g1m1_high_load,1.48,57.0,100.0,1.46,1.5,56,58,14,500
2022-07-02,2.0150490968419725,0.0002091839600584174,8.715998335767392,1.909515643725862,0.8733012575769037,G1M1_new,g1m1_high_load,1.48,57.0,100.0,1.46,1.5,56,58,14,500
2022-07-03,2.0152582808020307,0.0002091839600584174,8.715998335767392,1.909515643725862,0.8733012575769037,G1M1_new,g1m1_high_load,1.48,57.0,100.0,1.46,1.5,56,58,14,500
2022-07-04,2.0154674647620894,0.0002091839600584174,8.715998335767392,1.909515643725862,0.8733012575769037,G1M1_new,g1m1_high_load,1.48,57.0,100.0,1.46,1.5,56,58,14,500
2022-07-05,2.0156766487221476,0.0002091839600584174,8.715998335767392,1.909515643725862,0.8733012575769037,G1M1_new,g1m1_high_load,1.48,57.0,100.0,1.46,1.5,56,58,14,500
2022-07-06,2.0158858326822062,0.0002091839600584174,8.715998335767392,1.909515643725862,0.8733012575769037,G1M1_new,g1m1_high_load,1.48,57.0,100.0,1.46,1.5,56,58,14,500
2022-07-07,2.0160950166422644,0.0002091839600584174,8.715998335767392,1.909515643725862,0.8733012575769037,G1M1_new,g1m1_high_load,1.48,57.0,100.0,1.46,1.5,56,58,14,500
2022-07-08,2.016304200602323,0.0002091839600584174,8.715998335767392,1.909515643725862,0.8733012575769037,G1M1_new,g1m1_high_load,1.48,57.0,100.0,1.46,1.5,56,58,14,500
2022-07-09,2.0165133845623813,0.0002091839600584174,8.715998335767392,1.909515643725862,0.8733012575769037,G1M1_new,g1m1_high_load,1.48,57.0,100.0,1.46,1.5,56,58,14,500
2022-07-10,2.01672256852244,0.0002091839600584174,8.715998335767392,1.909515643725862,0.8733012575769037,G1M1_new,g1m1_high_load,1.48,57.0,100.0,1.46,1.5,56,58,14,500
2022-07-11,2.016931752482498,0.0002091839600584174,8.715998335767392,1.909515643725862,0.8733012575769037,G1M1_new,g1m1_high_load,1.48,57.0,100.0,1.46,1.5,56,58,14,500
2022-07-12,2.0171409364425568,0.0002091839600584174,8.715998335767392,1.909515643725862,0.8733012575769037,G1M1_new,g1m1_high_load,1.48,57.0,100.0,1.46,1.5,56,58,14,500
2022-07-13,2.017350120402615,0.0002091839600584174,8.715998335767392,1.909515643725862,0.8733012575769037,G1M1_new,g1m1_high_load,1.48,57.0,100.0,1.46,1.5,56,58,14,500
2022-07-14,2.0175593043626736,0.0002091839600584174,8.715998335767392,1.909515643725862,0.8733012575769037,G1M1_new,g1m1_high_load,1.48,57.0,100.0,1.46,1.5,56,58,14,500
2022-07-15,2.017768488322732,0.0002091839600584174,8.715998335767392,1.909515643725862,0.8733012575769037,G1M1_new,g1m1_high_load,1.48,57.0,100.0,1.46,1.5,56,58,14,500
2022-07-16,2.0179776722827905,0.0002091839600584174,8.715998335767392,1.909515643725862,0.8733012575769037,G1M1_new,g1m1_high_load,1.48,57.0,100.0,1.46,1.5,56,58,14,500
2022-07-17,2.0181868562428487,0.0002091839600584174,8.715998335767392,1.909515643725862,0.8733012575769037,G1M1_new,g1m1_high_load,1.48,57.0,100.0,1.46,1.5,56,58,14,500
2022-07-18,2.0183960402029073,0.0002091839600584174,8.715998335767392,1.909515643725862,0.8733012575769037,G1M1_new,g1m1_high_load,1.48,57.0,100.0,1.46,1.5,56,58,14,500
2022-07-19,2.0186052241629655,0.0002091839600584174,8.715998335767392,1.909515643725862,0.8733012575769037,G1M1_new,g1m1_high_load,1.48,57.0,100.0,1.46,1.5,56,58,14,500
2022-07-20,2.018814408123024,0.0002091839600584174,8.715998335767392,1.909515643725862,0.8733012575769037,G1M1_new,g1m1_high_load,1.48,57.0,100.0,1.46,1.5,56,58,14,500
2022-07-21,2.0190235920830824,0.0002091839600584174,8.715998335767392,1.909515643725862,0.8733012575769037,G1M1_new,g1m1_high_load,1.48,57.0,100.0,1.46,1.5,56,58,14,500
2022-07-22,2.019232776043141,0.0002091839600584174,8.715998335767392,1.909515643725862,0.8733012575769037,G1M1_new,g1m1_high_load,1.48,57.0,100.0,1.46,1.5,56,58,14,500
2022-07-23,2.019441960003199,0.0002091839600584174,8.715998335767392,1.909515643725862,0.8733012575769037,G1M1_new,g1m1_high_load,1.48,57.0,100.0,1.46,1.5,56,58,14,500
2022-07-24,2.019651143963258,0.0002091839600584174,8.715998335767392,1.909515643725862,0.8733012575769037,G1M1_new,g1m1_high_load,1.48,57.0,100.0,1.46,1.5,56,58,14,500
2022-07-25,2.019860327923316,0.0002091839600584174,8.715998335767392,1.909515643725862,0.8733012575769037,G1M1_new,g1m1_high_load,1.48,57.0,100.0,1.46,1.5,56,58,14,500
2022-07-26,2.0200695118833747,0.0002091839600584174,8.715998335767392,1.909515643725862,0.8733012575769037,G1M1_new,g1m1_high_load,1.48,57.0,100.0,1.46,1.5,56,58,14,500
2022-07-27,2.020278695843433,0.0002091839600584174,8.715998335767392,1.909515643725862,0.8733012575769037,G1M1_new,g1m1_high_load,1.48,57.0,100.0,1.46,1.5,56,58,14,500
2022-07-28,2.0204878798034915,0.0002091839600584174,8.715998335767392,1.909515643725862,0.8733012575769037,G1M1_new,g1m1_high_load,1.48,57.0,100.0,1.46,1.5,56,58,14,500
2022-07-29,2.0206970637635497,0.0002091839600584174,8.715998335767392,1.909515643725862,0.8733012575769037,G1M1_new,g1m1_high_load,1.48,57.0,100.0,1.46,1.5,56,58,14,500
2022-07-30,2.0209062477236084,0.0002091839600584174,8.715998335767392,1.909515643725862,0.8733012575769037,G1M1_new,g1m1_high_load,1.48,57.0,100.0,1.46,1.5,56,58,14,500
2022-07-31,2.0211154316836666,0.0002091839600584174,8.715998335767392,1.909515643725862,0.8733012575769037,G1M1_new,g1m1_high_load,1.48,57.0,100.0,1.46,1.5,56,58,14,500
2022-08-01,2.0213246156437252,0.0002091839600584174,8.715998335767392,1.909515643725862,0.8733012575769037,G1M1_new,g1m1_high_load,1.48,57.0,100.0,1.46,1.5,56,58,14,500
2022-08-02,2.0215337996037834,0.0002091839600584174,8.715998335767392,1.909515643725862,0.8733012575769037,G1M1_new,g1m1_high_load,1.48,57.0,100.0,1.46,1.5,56,58,14,500
2022-08-03,2.021742983563842,0.0002091839600584174,8.715998335767392,1.909515643725862,0.8733012575769037,G1M1_new,g1m1_high_load,1.48,57.0,100.0,1.46,1.5,56,58,14,500
2022-08-04,2.0219521675239003,0.0002091839600584174,8.715998335767392,1.909515643725862,0.8733012575769037,G1M1_new,g1m1_high_load,1.48,57.0,100.0,1.46,1.5,56,58,14,500
2022-08-05,2.022161351483959,0.0002091839600584174,8.715998335767392,1.909515643725862,0.8733012575769037,G1M1_new,g1m1_high_load,1.48,57.0,100.0,1.46,1.5,56,58,14,500
2022-08-06,2.022370535444017,0.0002091839600584174,8.715998335767392,1.909515643725862,0.8733012575769037,G1M1_new,g1m1_high_load,1.48,57.0,100.0,1.46,1.5,56,58,14,500
2022-08-07,2.0225797194040753,0.0002091839600584174,8.715998335767392,1.909515643725862,0.8733012575769037,G1M1_new,g1m1_high_load,1.48,57.0,100.0,1.46,1.5,56,58,14,500
2022-08-08,2.022788903364134,0.0002091839600584174,8.715998335767392,1.909515643725862,0.8733012575769037,G1M1_new,g1m1_high_load,1.48,57.0,100.0,1.46,1.5,56,58,14,500
2022-08-09,2.022998087324192,0.0002091839600584174,8.715998335767392,1.909515643725862,0.8733012575769037,G1M1_new,g1m1_high_load,1.48,57.0,100.0,1.46,1.5,56,58,14,500
2022-08-10,2.023207271284251,0.0002091839600584174,8.715998335767392,1.909515643725862,0.8733012575769037,G1M1_new,g1m1_high_load,1.48,57.0,100.0,1.46,1.5,56,58,14,500
2022-08-11,2.023416455244309,0.0002091839600584174,8.715998335767392,1.909515643725862,0.8733012575769037,G1M1_new,g1m1_high_load,1.48,57.0,100.0,1.46,1.5,56,58,14,500
2022-08-12,2.0236256392043677,0.0002091839600584174,8.715998335767392,1.909515643725862,0.8733012575769037,G1M1_new,g1m1_high_load,1.48,57.0,100.0,1.46,1.5,56,58,14,500
2022-08-13,2.023834823164426,0.0002091839600584174,8.715998335767392,1.909515643725862,0.8733012575769037,G1M1_new,g1m1_high_load,1.48,57.0,100.0,1.46,1.5,56,58,14,500
2022-08-14,2.0240440071244845,0.0002091839600584174,8.715998335767392,1.909515643725862,0.8733012575769037,G1M1_new,g1m1_high_load,1.48,57.0,100.0,1.46,1.5,56,58,14,500
2022-08-15,2.0242531910845427,0.0002091839600584174,8.715998335767392,1.909515643725862,0.8733012575769037,G1M1_new,g1m1_high_load,1.48,57.0,100.0,1.46,1.5,56,58,14,500
2022-08-16,2.0244623750446014,0.0002091839600584174,8.715998335767392,1.909515643725862,0.8733012575769037,G1M1_new,g1m1_high_load,1.48,57.0,100.0,1.46,1.5,56,58,14,500
2022-08-17,2.0246715590046596,0.0002091839600584174,8.715998335767392,1.909515643725862,0.8733012575769037,G1M1_new,g1m1_high_load,1.48,57.0,100.0,1.46,1.5,56,58,14,500
2022-08-18,2.024880742964718,0.0002091839600584174,8.715998335767392,1.909515643725862,0.8733012575769037,G1M1_new,g1m1_high_load,1.48,57.0,100.0,1.46,1.5,56,58,14,500
2022-08-19,2.0250899269247764,0.0002091839600584174,8.715998335767392,1.909515643725862,0.8733012575769037,G1M1_new,g1m1_high_load,1.48,57.0,100.0,1.46,1.5,56,58,14,500
2022-08-20,2.025299110884835,0.0002091839600584174,8.715998335767392,1.909515643725862,0.8733012575769037,G1M1_new,g1m1_high_load,1.48,57.0,100.0,1.46,1.5,56,58,14,500
2022-08-21,2.0255082948448933,0.0002091839600584174,8.715998335767392,1.909515643725862,0.8733012575769037,G1M1_new,g1m1_high_load,1.48,57.0,100.0,1.46,1.5,56,58,14,500
2022-08-22,2.025717478804952,0.0002091839600584174,8.715998335767392,1.909515643725862,0.8733012575769037,G1M1_new,g1m1_high_load,1.48,57.0,100.0,1.46,1.5,56,58,14,500
2022-08-23,2.02592666276501,0.0002091839600584174,8.715998335767392,1.909515643725862,0.8733012575769037,G1M1_new,g1m1_high_load,1.48,57.0,100.0,1.46,1.5,56,58,14,500
2022-08-24,2.0261358467250687,0.0002091839600584174,8.715998335767392,1.909515643725862,0.8733012575769037,G1M1_new,g1m1_high_load,1.48,57.0,100.0,1.46,1.5,56,58,14,500
2022-08-25,2.026345030685127,0.0002091839600584174,8.715998335767392,1.909515643725862,0.8733012575769037,G1M1_new,g1m1_high_load,1.48,57.0,100.0,1.46,1.5,56,58,14,500
2022-08-26,2.0265542146451856,0.0002091839600584174,8.715998335767392,1.909515643725862,0.8733012575769037,G1M1_new,g1m1_high_load,1.48,57.0,100.0,1.46,1.5,56,58,14,500
2022-08-27,2.026763398605244,0.0002091839600584174,8.715998335767392,1.909515643725862,0.8733012575769037,G1M1_new,g1m1_high_load,1.48,57.0,100.0,1.46,1.5,56,58,14,500
2022-08-28,2.0269725825653024,0.0002091839600584174,8.715998335767392,1.909515643725862,0.8733012575769037,G1M1_new,g1m1_high_load,1.48,57.0,100.0,1.46,1.5,56,58,14,500
2022-08-29,2.0271817665253606,0.0002091839600584174,8.715998335767392,1.909515643725862,0.8733012575769037,G1M1_new,g1m1_high_load,1.48,57.0,100.0,1.46,1.5,56,58,14,500
2022-08-30,2.0273909504854193,0.0002091839600584174,8.715998335767392,1.909515643725862,0.8733012575769037,G1M1_new,g1m1_high_load,1.48,57.0,100.0,1.46,1.5,56,58,14,500
2022-08-31,2.0276001344454775,0.0002091839600584174,8.715998335767392,1.909515643725862,0.8733012575769037,G1M1_new,g1m1_high_load,1.48,57.0,100.0,1.46,1.5,56,58,14,500
2022-09-01,2.027809318405536,0.0002091839600584174,8.715998335767392,1.909515643725862,0.8733012575769037,G1M1_new,g1m1_high_load,1.48,57.0,100.0,1.46,1.5,56,58,14,500
2022-09-02,2.0280185023655943,0.0002091839600584174,8.715998335767392,1.909515643725862,0.8733012575769037,G1M1_new,g1m1_high_load,1.48,57.0,100.0,1.46,1.5,56,58,14,500
2022-09-03,2.028227686325653,0.0002091839600584174,8.715998335767392,1.909515643725862,0.8733012575769037,G1M1_new,g1m1_high_load,1.48,57.0,100.0,1.46,1.5,56,58,14,500
2022-09-04,2.028436870285711,0.0002091839600584174,8.715998335767392,1.909515643725862,0.8733012575769037,G1M1_new,g1m1_high_load,1.48,57.0,100.0,1.46,1.5,56,58,14,500
2022-09-05,2.02864605424577,0.0002091839600584174,8.715998335767392,1.909515643725862,0.8733012575769037,G1M1_new,g1m1_high_load,1.48,57.0,100.0,1.46,1.5,56,58,14,500
2022-09-06,2.028855238205828,0.0002091839600584174,8.715998335767392,1.909515643725862,0.8733012575769037,G1M1_new,g1m1_high_load,1.48,57.0,100.0,1.46,1.5,56,58,14,500
2022-09-07,2.0290644221658867,0.0002091839600584174,8.715998335767392,1.909515643725862,0.8733012575769037,G1M1_new,g1m1_high_load,1.48,57.0,100.0,1.46,1.5,56,58,14,500
2022-09-08,2.029273606125945,0.0002091839600584174,8.715998335767392,1.909515643725862,0.8733012575769037,G1M1_new,g1m1_high_load,1.48,57.0,100.0,1.46,1.5,56,58,14,500
2022-09-09,2.0294827900860035,0.0002091839600584174,8.715998335767392,1.909515643725862,0.8733012575769037,G1M1_new,g1m1_high_load,1.48,57.0,100.0,1.46,1.5,56,58,14,500
2022-09-10,2.0296919740460617,0.0002091839600584174,8.715998335767392,1.909515643725862,0.8733012575769037,G1M1_new,g1m1_high_load,1.48,57.0,100.0,1.46,1.5,56,58,14,500
2022-09-11,2.0299011580061204,0.0002091839600584174,8.715998335767392,1.909515643725862,0.8733012575769037,G1M1_new,g1m1_high_load,1.48,57.0,100.0,1.46,1.5,56,58,14,500
2022-09-12,2.0301103419661786,0.0002091839600584174,8.715998335767392,1.909515643725862,0.8733012575769037,G1M1_new,g1m1_high_load,1.48,57.0,100.0,1.46,1.5,56,58,14,500
2022-09-13,2.030319525926237,0.0002091839600584174,8.715998335767392,1.909515643725862,0.8733012575769037,G1M1_new,g1m1_high_load,1.48,57.0,100.0,1.46,1.5,56,58,14,500
2022-09-14,2.0305287098862954,0.0002091839600584174,8.715998335767392,1.909515643725862,0.8733012575769037,G1M1_new,g1m1_high_load,1.48,57.0,100.0,1.46,1.5,56,58,14,500
2022-09-15,2.0307378938463536,0.0002091839600584174,8.715998335767392,1.909515643725862,0.8733012575769037,G1M1_new,g1m1_high_load,1.48,57.0,100.0,1.46,1.5,56,58,14,500
2022-09-16,2.0309470778064123,0.0002091839600584174,8.715998335767392,1.909515643725862,0.8733012575769037,G1M1_new,g1m1_high_load,1.48,57.0,100.0,1.46,1.5,56,58,14,500
2022-09-17,2.0311562617664705,0.0002091839600584174,8.715998335767392,1.909515643725862,0.8733012575769037,G1M1_new,g1m1_high_load,1.48,57.0,100.0,1.46,1.5,56,58,14,500
2022-09-18,2.031365445726529,0.0002091839600584174,8.715998335767392,1.909515643725862,0.8733012575769037,G1M1_new,g1m1_high_load,1.48,57.0,100.0,1.46,1.5,56,58,14,500
2022-09-19,2.0315746296865873,0.0002091839600584174,8.715998335767392,1.909515643725862,0.8733012575769037,G1M1_new,g1m1_high_load,1.48,57.0,100.0,1.46,1.5,56,58,14,500
2022-09-20,2.031783813646646,0.0002091839600584174,8.715998335767392,1.909515643725862,0.8733012575769037,G1M1_new,g1m1_high_load,1.48,57.0,100.0,1.46,1.5,56,58,14,500
2022-09-21,2.031992997606704,0.0002091839600584174,8.715998335767392,1.909515643725862,0.8733012575769037,G1M1_new,g1m1_high_load,1.48,57.0,100.0,1.46,1.5,56,58,14,500
2022-09-22,2.032202181566763,0.0002091839600584174,8.715998335767392,1.909515643725862,0.8733012575769037,G1M1_new,g1m1_high_load,1.48,57.0,100.0,1.46,1.5,56,58,14,500
2022-09-23,2.032411365526821,0.0002091839600584174,8.715998335767392,1.909515643725862,0.8733012575769037,G1M1_new,g1m1_high_load,1.48,57.0,100.0,1.46,1.5,56,58,14,500
2022-09-24,2.0326205494868796,0.0002091839600584174,8.715998335767392,1.909515643725862,0.8733012575769037,G1M1_new,g1m1_high_load,1.48,57.0,100.0,1.46,1.5,56,58,14,500
2022-09-25,2.032829733446938,0.0002091839600584174,8.715998335767392,1.909515643725862,0.8733012575769037,G1M1_new,g1m1_high_load,1.48,57.0,100.0,1.46,1.5,56,58,14,500
2022-09-26,2.0330389174069965,0.0002091839600584174,8.715998335767392,1.909515643725862,0.8733012575769037,G1M1_new,g1m1_high_load,1.48,57.0,100.0,1.46,1.5,56,58,14,500
2022-09-27,2.0332481013670547,0.0002091839600584174,8.715998335767392,1.909515643725862,0.8733012575769037,G1M1_new,g1m1_high_load,1.48,57.0,100.0,1.46,1.5,56,58,14,500
2022-09-28,2.0334572853271133,0.0002091839600584174,8.715998335767392,1.909515643725862,0.8733012575769037,G1M1_new,g1m1_high_load,1.48,57.0,100.0,1.46,1.5,56,58,14,500
2022-09-29,2.0336664692871715,0.0002091839600584174,8.715998335767392,1.909515643725862,0.8733012575769037,G1M1_new,g1m1_high_load,1.48,57.0,100.0,1.46,1.5,56,58,14,500
2022-09-30,2.03387565324723,0.0002091839600584174,8.715998335767392,1.909515643725862,0.8733012575769037,G1M1_new,g1m1_high_load,1.48,57.0,100.0,1.46,1.5,56,58,14,500
2022-10-01,2.0340848372072884,0.0002091839600584174,8.715998335767392,1.909515643725862,0.8733012575769037,G1M1_new,g1m1_high_load,1.48,57.0,100.0,1.46,1.5,56,58,14,500
2022-10-02,2.034294021167347,0.0002091839600584174,8.715998335767392,1.909515643725862,0.8733012575769037,G1M1_new,g1m1_high_load,1.48,57.0,100.0,1.46,1.5,56,58,14,500
2022-10-03,2.0345032051274052,0.0002091839600584174,8.715998335767392,1.909515643725862,0.8733012575769037,G1M1_new,g1m1_high_load,1.48,57.0,100.0,1.46,1.5,56,58,14,500
2022-10-04,2.034712389087464,0.0002091839600584174,8.715998335767392,1.909515643725862,0.8733012575769037,G1M1_new,g1m1_high_load,1.48,57.0,100.0,1.46,1.5,56,58,14,500
2022-10-05,2.034921573047522,0.0002091839600584174,8.715998335767392,1.909515643725862,0.8733012575769037,G1M1_new,g1m1_high_load,1.48,57.0,100.0,1.46,1.5,56,58,14,500
2022-10-06,2.0351307570075807,0.0002091839600584174,8.715998335767392,1.909515643725862,0.8733012575769037,G1M1_new,g1m1_high_load,1.48,57.0,100.0,1.46,1.5,56,58,14,500
2022-10-07,2.035339940967639,0.0002091839600584174,8.715998335767392,1.909515643725862,0.8733012575769037,G1M1_new,g1m1_high_load,1.48,57.0,100.0,1.46,1.5,56,58,14,500
2022-10-08,2.0355491249276976,0.0002091839600584174,8.715998335767392,1.909515643725862,0.8733012575769037,G1M1_new,g1m1_high_load,1.48,57.0,100.0,1.46,1.5,56,58,14,500
2022-10-09,2.0357583088877558,0.0002091839600584174,8.715998335767392,1.909515643725862,0.8733012575769037,G1M1_new,g1m1_high_load,1.48,57.0,100.0,1.46,1.5,56,58,14,500
2022-10-10,2.0359674928478144,0.0002091839600584174,8.715998335767392,1.909515643725862,0.8733012575769037,G1M1_new,g1m1_high_load,1.48,57.0,100.0,1.46,1.5,56,58,14,500
2022-10-11,2.0361766768078726,0.0002091839600584174,8.715998335767392,1.909515643725862,0.8733012575769037,G1M1_new,g1m1_high_load,1.48,57.0,100.0,1.46,1.5,56,58,14,500
2022-10-12,2.0363858607679313,0.0002091839600584174,8.715998335767392,1.909515643725862,0.8733012575769037,G1M1_new,g1m1_high_load,1.48,57.0,100.0,1.46,1.5,56,58,14,500
2022-10-13,2.0365950447279895,0.0002091839600584174,8.715998335767392,1.909515643725862,0.8733012575769037,G1M1_new,g1m1_high_load,1.48,57.0,100.0,1.46,1.5,56,58,14,500
2022-10-14,2.036804228688048,0.0002091839600584174,8.715998335767392,1.909515643725862,0.8733012575769037,G1M1_new,g1m1_high_load,1.48,57.0,100.0,1.46,1.5,56,58,14,500
2022-10-15,2.0370134126481063,0.0002091839600584174,8.715998335767392,1.909515643725862,0.8733012575769037,G1M1_new,g1m1_high_load,1.48,57.0,100.0,1.46,1.5,56,58,14,500
2022-10-16,2.037222596608165,0.0002091839600584174,8.715998335767392,1.909515643725862,0.8733012575769037,G1M1_new,g1m1_high_load,1.48,57.0,100.0,1.46,1.5,56,58,14,500
2022-10-17,2.037431780568223,0.0002091839600584174,8.715998335767392,1.909515643725862,0.8733012575769037,G1M1_new,g1m1_high_load,1.48,57.0,100.0,1.46,1.5,56,58,14,500
2022-10-18,2.037640964528282,0.0002091839600584174,8.715998335767392,1.909515643725862,0.8733012575769037,G1M1_new,g1m1_high_load,1.48,57.0,100.0,1.46,1.5,56,58,14,500
2022-10-19,2.03785014848834,0.0002091839600584174,8.715998335767392,1.909515643725862,0.8733012575769037,G1M1_new,g1m1_high_load,1.48,57.0,100.0,1.46,1.5,56,58,14,500
2022-10-20,2.038059332448398,0.0002091839600584174,8.715998335767392,1.909515643725862,0.8733012575769037,G1M1_new,g1m1_high_load,1.48,57.0,100.0,1.46,1.5,56,58,14,500
2022-10-21,2.038268516408457,0.0002091839600584174,8.715998335767392,1.909515643725862,0.8733012575769037,G1M1_new,g1m1_high_load,1.48,57.0,100.0,1.46,1.5,56,58,14,500
2022-10-22,2.0384777003685155,0.0002091839600584174,8.715998335767392,1.909515643725862,0.8733012575769037,G1M1_new,g1m1_high_load,1.48,57.0,100.0,1.46,1.5,56,58,14,500
2022-10-23,2.0386868843285737,0.0002091839600584174,8.715998335767392,1.909515643725862,0.8733012575769037,G1M1_new,g1m1_high_load,1.48,57.0,100.0,1.46,1.5,56,58,14,500
2022-10-24,2.038896068288632,0.0002091839600584174,8.715998335767392,1.909515643725862,0.8733012575769037,G1M1_new,g1m1_high_load,1.48,57.0,100.0,1.46,1.5,56,58,14,500
2022-10-25,2.0391052522486905,0.0002091839600584174,8.715998335767392,1.909515643725862,0.8733012575769037,G1M1_new,g1m1_high_load,1.48,57.0,100.0,1.46,1.5,56,58,14,500
2022-10-26,2.0393144362087487,0.0002091839600584174,8.715998335767392,1.909515643725862,0.8733012575769037,G1M1_new,g1m1_high_load,1.48,57.0,100.0,1.46,1.5,56,58,14,500
2022-10-27,2.0395236201688074,0.0002091839600584174,8.715998335767392,1.909515643725862,0.8733012575769037,G1M1_new,g1m1_high_load,1.48,57.0,100.0,1.46,1.5,56,58,14,500
2022-10-28,2.0397328041288656,0.0002091839600584174,8.715998335767392,1.909515643725862,0.8733012575769037,G1M1_new,g1m1_high_load,1.48,57.0,100.0,1.46,1.5,56,58,14,500
2022-10-29,2.0399419880889242,0.0002091839600584174,8.715998335767392,1.909515643725862,0.8733012575769037,G1M1_new,g1m1_high_load,1.48,57.0,100.0,1.46,1.5,56,58,14,500
2022-10-30,2.0401511720489824,0.0002091839600584174,8.715998335767392,1.909515643725862,0.8733012575769037,G1M1_new,g1m1_high_load,1.48,57.0,100.0,1.46,1.5,56,58,14,500
2022-10-31,2.040360356009041,0.0002091839600584174,8.715998335767392,1.909515643725862,0.8733012575769037,G1M1_new,g1m1_high_load,1.48,57.0,100.0,1.46,1.5,56,58,14,500
2022-11-01,2.0405695399690993,0.0002091839600584174,8.715998335767392,1.909515643725862,0.8733012575769037,G1M1_new,g1m1_high_load,1.48,57.0,100.0,1.46,1.5,56,58,14,500
2022-11-02,2.040778723929158,0.0002091839600584174,8.715998335767392,1.909515643725862,0.8733012575769037,G1M1_new,g1m1_high_load,1.48,57.0,100.0,1.46,1.5,56,58,14,500
2022-11-03,2.040987907889216,0.0002091839600584174,8.715998335767392,1.909515643725862,0.8733012575769037,G1M1_new,g1m1_high_load,1.48,57.0,100.0,1.46,1.5,56,58,14,500
2022-11-04,2.041197091849275,0.0002091839600584174,8.715998335767392,1.909515643725862,0.8733012575769037,G1M1_new,g1m1_high_load,1.48,57.0,100.0,1.46,1.5,56,58,14,500
2022-11-05,2.041406275809333,0.0002091839600584174,8.715998335767392,1.909515643725862,0.8733012575769037,G1M1_new,g1m1_high_load,1.48,57.0,100.0,1.46,1.5,56,58,14,500
2022-11-06,2.0416154597693916,0.0002091839600584174,8.715998335767392,1.909515643725862,0.8733012575769037,G1M1_new,g1m1_high_load,1.48,57.0,100.0,1.46,1.5,56,58,14,500
2022-11-07,2.04182464372945,0.0002091839600584174,8.715998335767392,1.909515643725862,0.8733012575769037,G1M1_new,g1m1_high_load,1.48,57.0,100.0,1.46,1.5,56,58,14,500
2022-11-08,2.0420338276895085,0.0002091839600584174,8.715998335767392,1.909515643725862,0.8733012575769037,G1M1_new,g1m1_high_load,1.48,57.0,100.0,1.46,1.5,56,58,14,500
2022-11-09,2.0422430116495667,0.0002091839600584174,8.715998335767392,1.909515643725862,0.8733012575769037,G1M1_new,g1m1_high_load,1.48,57.0,100.0,1.46,1.5,56,58,14,500
2022-11-10,2.0424521956096253,0.0002091839600584174,8.715998335767392,1.909515643725862,0.8733012575769037,G1M1_new,g1m1_high_load,1.48,57.0,100.0,1.46,1.5,56,58,14,500
2022-11-11,2.0426613795696835,0.0002091839600584174,8.715998335767392,1.909515643725862,0.8733012575769037,G1M1_new,g1m1_high_load,1.48,57.0,100.0,1.46,1.5,56,58,14,500
2022-11-12,2.042870563529742,0.0002091839600584174,8.715998335767392,1.909515643725862,0.8733012575769037,G1M1_new,g1m1_high_load,1.48,57.0,100.0,1.46,1.5,56,58,14,500
2022-11-13,2.0430797474898004,0.0002091839600584174,8.715998335767392,1.909515643725862,0.8733012575769037,G1M1_new,g1m1_high_load,1.48,57.0,100.0,1.46,1.5,56,58,14,500
2022-11-14,2.043288931449859,0.0002091839600584174,8.715998335767392,1.909515643725862,0.8733012575769037,G1M1_new,g1m1_high_load,1.48,57.0,100.0,1.46,1.5,56,58,14,500
2022-11-15,2.043498115409917,0.0002091839600584174,8.715998335767392,1.909515643725862,0.8733012575769037,G1M1_new,g1m1_high_load,1.48,57.0,100.0,1.46,1.5,56,58,14,500
2022-11-16,2.043707299369976,0.0002091839600584174,8.715998335767392,1.909515643725862,0.8733012575769037,G1M1_new,g1m1_high_load,1.48,57.0,100.0,1.46,1.5,56,58,14,500
2022-11-17,2.043916483330034,0.0002091839600584174,8.715998335767392,1.909515643725862,0.8733012575769037,G1M1_new,g1m1_high_load,1.48,57.0,100.0,1.46,1.5,56,58,14,500
2022-11-18,2.0441256672900927,0.0002091839600584174,8.715998335767392,1.909515643725862,0.8733012575769037,G1M1_new,g1m1_high_load,1.48,57.0,100.0,1.46,1.5,56,58,14,500
2022-11-19,2.044334851250151,0.0002091839600584174,8.715998335767392,1.909515643725862,0.8733012575769037,G1M1_new,g1m1_high_load,1.48,57.0,100.0,1.46,1.5,56,58,14,500
2022-11-20,2.0445440352102096,0.0002091839600584174,8.715998335767392,1.909515643725862,0.8733012575769037,G1M1_new,g1m1_high_load,1.48,57.0,100.0,1.46,1.5,56,58,14,500
2022-11-21,2.0447532191702678,0.0002091839600584174,8.715998335767392,1.909515643725862,0.8733012575769037,G1M1_new,g1m1_high_load,1.48,57.0,100.0,1.46,1.5,56,58,14,500
2022-11-22,2.0449624031303264,0.0002091839600584174,8.715998335767392,1.909515643725862,0.8733012575769037,G1M1_new,g1m1_high_load,1.48,57.0,100.0,1.46,1.5,56,58,14,500
2022-11-23,2.0451715870903846,0.0002091839600584174,8.715998335767392,1.909515643725862,0.8733012575769037,G1M1_new,g1m1_high_load,1.48,57.0,100.0,1.46,1.5,56,58,14,500
2022-11-24,2.0453807710504432,0.0002091839600584174,8.715998335767392,1.909515643725862,0.8733012575769037,G1M1_new,g1m1_high_load,1.48,57.0,100.0,1.46,1.5,56,58,14,500
2022-11-25,2.0455899550105014,0.0002091839600584174,8.715998335767392,1.909515643725862,0.8733012575769037,G1M1_new,g1m1_high_load,1.48,57.0,100.0,1.46,1.5,56,58,14,500
2022-11-26,2.04579913897056,0.0002091839600584174,8.715998335767392,1.909515643725862,0.8733012575769037,G1M1_new,g1m1_high_load,1.48,57.0,100.0,1.46,1.5,56,58,14,500
2022-11-27,2.0460083229306183,0.0002091839600584174,8.715998335767392,1.909515643725862,0.8733012575769037,G1M1_new,g1m1_high_load,1.48,57.0,100.0,1.46,1.5,56,58,14,500
2022-11-28,2.0462175068906765,0.0002091839600584174,8.715998335767392,1.909515643725862,0.8733012575769037,G1M1_new,g1m1_high_load,1.48,57.0,100.0,1.46,1.5,56,58,14,500
2022-11-29,2.046426690850735,0.0002091839600584174,8.715998335767392,1.909515643725862,0.8733012575769037,G1M1_new,g1m1_high_load,1.48,57.0,100.0,1.46,1.5,56,58,14,500
2022-11-30,2.0466358748107933,0.0002091839600584174,8.715998335767392,1.909515643725862,0.8733012575769037,G1M1_new,g1m1_high_load,1.48,57.0,100.0,1.46,1.5,56,58,14,500
2022-12-01,2.046845058770852,0.0002091839600584174,8.715998335767392,1.909515643725862,0.8733012575769037,G1M1_new,g1m1_high_load,1.48,57.0,100.0,1.46,1.5,56,58,14,500
2022-12-02,2.04705424273091,0.0002091839600584174,8.715998335767392,1.909515643725862,0.8733012575769037,G1M1_new,g1m1_high_load,1.48,57.0,100.0,1.46,1.5,56,58,14,500
2022-12-03,2.047263426690969,0.0002091839600584174,8.715998335767392,1.909515643725862,0.8733012575769037,G1M1_new,g1m1_high_load,1.48,57.0,100.0,1.46,1.5,56,58,14,500
2022-12-04,2.047472610651027,0.0002091839600584174,8.715998335767392,1.909515643725862,0.8733012575769037,G1M1_new,g1m1_high_load,1.48,57.0,100.0,1.46,1.5,56,58,14,500
2022-12-05,2.0476817946110857,0.0002091839600584174,8.715998335767392,1.909515643725862,0.8733012575769037,G1M1_new,g1m1_high_load,1.48,57.0,100.0,1.46,1.5,56,58,14,500
2022-12-06,2.047890978571144,0.0002091839600584174,8.715998335767392,1.909515643725862,0.8733012575769037,G1M1_new,g1m1_high_load,1.48,57.0,100.0,1.46,1.5,56,58,14,500
2022-12-07,2.0481001625312025,0.0002091839600584174,8.715998335767392,1.909515643725862,0.8733012575769037,G1M1_new,g1m1_high_load,1.48,57.0,100.0,1.46,1.5,56,58,14,500
2022-12-08,2.0483093464912607,0.0002091839600584174,8.715998335767392,1.909515643725862,0.8733012575769037,G1M1_new,g1m1_high_load,1.48,57.0,100.0,1.46,1.5,56,58,14,500
2022-12-09,2.0485185304513194,0.0002091839600584174,8.715998335767392,1.909515643725862,0.8733012575769037,G1M1_new,g1m1_high_load,1.48,57.0,100.0,1.46,1.5,56,58,14,500
2022-12-10,2.0487277144113776,0.0002091839600584174,8.715998335767392,1.909515643725862,0.8733012575769037,G1M1_new,g1m1_high_load,1.48,57.0,100.0,1.46,1.5,56,58,14,500
2022-12-11,2.048936898371436,0.0002091839600584174,8.715998335767392,1.909515643725862,0.8733012575769037,G1M1_new,g1m1_high_load,1.48,57.0,100.0,1.46,1.5,56,58,14,500
2022-12-12,2.0491460823314944,0.0002091839600584174,8.715998335767392,1.909515643725862,0.8733012575769037,G1M1_new,g1m1_high_load,1.48,57.0,100.0,1.46,1.5,56,58,14,500
2022-12-13,2.049355266291553,0.0002091839600584174,8.715998335767392,1.909515643725862,0.8733012575769037,G1M1_new,g1m1_high_load,1.48,57.0,100.0,1.46,1.5,56,58,14,500
2022-12-14,2.0495644502516113,0.0002091839600584174,8.715998335767392,1.909515643725862,0.8733012575769037,G1M1_new,g1m1_high_load,1.48,57.0,100.0,1.46,1.5,56,58,14,500
2022-12-15,2.04977363421167,0.0002091839600584174,8.715998335767392,1.909515643725862,0.8733012575769037,G1M1_new,g1m1_high_load,1.48,57.0,100.0,1.46,1.5,56,58,14,500
2022-12-16,2.049982818171728,0.0002091839600584174,8.715998335767392,1.909515643725862,0.8733012575769037,G1M1_new,g1m1_high_load,1.48,57.0,100.0,1.46,1.5,56,58,14,500
2022-12-17,2.0501920021317868,0.0002091839600584174,8.715998335767392,1.909515643725862,0.8733012575769037,G1M1_new,g1m1_high_load,1.48,57.0,100.0,1.46,1.5,56,58,14,500
2022-12-18,2.050401186091845,0.0002091839600584174,8.715998335767392,1.909515643725862,0.8733012575769037,G1M1_new,g1m1_high_load,1.48,57.0,100.0,1.46,1.5,56,58,14,500
2022-12-19,2.0506103700519036,0.0002091839600584174,8.715998335767392,1.909515643725862,0.8733012575769037,G1M1_new,g1m1_high_load,1.48,57.0,100.0,1.46,1.5,56,58,14,500
2022-12-20,2.050819554011962,0.0002091839600584174,8.715998335767392,1.909515643725862,0.8733012575769037,G1M1_new,g1m1_high_load,1.48,57.0,100.0,1.46,1.5,56,58,14,500
2022-12-21,2.0510287379720205,0.0002091839600584174,8.715998335767392,1.909515643725862,0.8733012575769037,G1M1_new,g1m1_high_load,1.48,57.0,100.0,1.46,1.5,56,58,14,500
2022-12-22,2.0512379219320787,0.0002091839600584174,8.715998335767392,1.909515643725862,0.8733012575769037,G1M1_new,g1m1_high_load,1.48,57.0,100.0,1.46,1.5,56,58,14,500
2022-12-23,2.0514471058921373,0.0002091839600584174,8.715998335767392,1.909515643725862,0.8733012575769037,G1M1_new,g1m1_high_load,1.48,57.0,100.0,1.46,1.5,56,58,14,500
2022-12-24,2.0516562898521955,0.0002091839600584174,8.715998335767392,1.909515643725862,0.8733012575769037,G1M1_new,g1m1_high_load,1.48,57.0,100.0,1.46,1.5,56,58,14,500
2022-12-25,2.051865473812254,0.0002091839600584174,8.715998335767392,1.909515643725862,0.8733012575769037,G1M1_new,g1m1_high_load,1.48,57.0,100.0,1.46,1.5,56,58,14,500
2022-12-26,2.0520746577723123,0.0002091839600584174,8.715998335767392,1.909515643725862,0.8733012575769037,G1M1_new,g1m1_high_load,1.48,57.0,100.0,1.46,1.5,56,58,14,500
2022-12-27,2.052283841732371,0.0002091839600584174,8.715998335767392,1.909515643725862,0.8733012575769037,G1M1_new,g1m1_high_load,1.48,57.0,100.0,1.46,1.5,56,58,14,500
2022-12-28,2.052493025692429,0.0002091839600584174,8.715998335767392,1.909515643725862,0.8733012575769037,G1M1_new,g1m1_high_load,1.48,57.0,100.0,1.46,1.5,56,58,14,500
2022-12-29,2.052702209652488,0.0002091839600584174,8.715998335767392,1.909515643725862,0.8733012575769037,G1M1_new,g1m1_high_load,1.48,57.0,100.0,1.46,1.5,56,58,14,500
2022-12-30,2.052911393612546,0.0002091839600584174,8.715998335767392,1.909515643725862,0.8733012575769037,G1M1_new,g1m1_high_load,1.48,57.0,100.0,1.46,1.5,56,58,14,500
2022-12-31,2.0531205775726047,0.0002091839600584174,8.715998335767392,1.909515643725862,0.8733012575769037,G1M1_new,g1m1_high_load,1.48,57.0,100.0,1.46,1.5,56,58,14,500
2023-01-01,2.053329761532663,0.0002091839600584174,8.715998335767392,1.909515643725862,0.8733012575769037,G1M1_new,g1m1_high_load,1.48,57.0,100.0,1.46,1.5,56,58,14,500
2023-01-02,2.053538945492721,0.0002091839600584174,8.715998335767392,1.909515643725862,0.8733012575769037,G1M1_new,g1m1_high_load,1.48,57.0,100.0,1.46,1.5,56,58,14,500
2023-01-03,2.0537481294527797,0.0002091839600584174,8.715998335767392,1.909515643725862,0.8733012575769037,G1M1_new,g1m1_high_load,1.48,57.0,100.0,1.46,1.5,56,58,14,500
2023-01-04,2.0539573134128384,0.0002091839600584174,8.715998335767392,1.909515643725862,0.8733012575769037,G1M1_new,g1m1_high_load,1.48,57.0,100.0,1.46,1.5,56,58,14,500
2023-01-05,2.0541664973728966,0.0002091839600584174,8.715998335767392,1.909515643725862,0.8733012575769037,G1M1_new,g1m1_high_load,1.48,57.0,100.0,1.46,1.5,56,58,14,500
2023-01-06,2.054375681332955,0.0002091839600584174,8.715998335767392,1.909515643725862,0.8733012575769037,G1M1_new,g1m1_high_load,1.48,57.0,100.0,1.46,1.5,56,58,14,500
2023-01-07,2.0545848652930134,0.0002091839600584174,8.715998335767392,1.909515643725862,0.8733012575769037,G1M1_new,g1m1_high_load,1.48,57.0,100.0,1.46,1.5,56,58,14,500
2023-01-08,2.0547940492530716,0.0002091839600584174,8.715998335767392,1.909515643725862,0.8733012575769037,G1M1_new,g1m1_high_load,1.48,57.0,100.0,1.46,1.5,56,58,14,500
2023-01-09,2.0550032332131303,0.0002091839600584174,8.715998335767392,1.909515643725862,0.8733012575769037,G1M1_new,g1m1_high_load,1.48,57.0,100.0,1.46,1.5,56,58,14,500
2023-01-10,2.0552124171731885,0.0002091839600584174,8.715998335767392,1.909515643725862,0.8733012575769037,G1M1_new,g1m1_high_load,1.48,57.0,100.0,1.46,1.5,56,58,14,500
2023-01-11,2.055421601133247,0.0002091839600584174,8.715998335767392,1.909515643725862,0.8733012575769037,G1M1_new,g1m1_high_load,1.48,57.0,100.0,1.46,1.5,56,58,14,500
2023-01-12,2.0556307850933053,0.0002091839600584174,8.715998335767392,1.909515643725862,0.8733012575769037,G1M1_new,g1m1_high_load,1.48,57.0,100.0,1.46,1.5,56,58,14,500
2023-01-13,2.055839969053364,0.0002091839600584174,8.715998335767392,1.909515643725862,0.8733012575769037,G1M1_new,g1m1_high_load,1.48,57.0,100.0,1.46,1.5,56,58,14,500
2023-01-14,2.056049153013422,0.0002091839600584174,8.715998335767392,1.909515643725862,0.8733012575769037,G1M1_new,g1m1_high_load,1.48,57.0,100.0,1.46,1.5,56,58,14,500
2023-01-15,2.056258336973481,0.0002091839600584174,8.715998335767392,1.909515643725862,0.8733012575769037,G1M1_new,g1m1_high_load,1.48,57.0,100.0,1.46,1.5,56,58,14,500
2023-01-16,2.056467520933539,0.0002091839600584174,8.715998335767392,1.909515643725862,0.8733012575769037,G1M1_new,g1m1_high_load,1.48,57.0,100.0,1.46,1.5,56,58,14,500
2023-01-17,2.0566767048935977,0.0002091839600584174,8.715998335767392,1.909515643725862,0.8733012575769037,G1M1_new,g1m1_high_load,1.48,57.0,100.0,1.46,1.5,56,58,14,500
2023-01-18,2.056885888853656,0.0002091839600584174,8.715998335767392,1.909515643725862,0.8733012575769037,G1M1_new,g1m1_high_load,1.48,57.0,100.0,1.46,1.5,56,58,14,500
2023-01-19,2.0570950728137145,0.0002091839600584174,8.715998335767392,1.909515643725862,0.8733012575769037,G1M1_new,g1m1_high_load,1.48,57.0,100.0,1.46,1.5,56,58,14,500
2023-01-20,2.0573042567737727,0.0002091839600584174,8.715998335767392,1.909515643725862,0.8733012575769037,G1M1_new,g1m1_high_load,1.48,57.0,100.0,1.46,1.5,56,58,14,500
2023-01-21,2.0575134407338314,0.0002091839600584174,8.715998335767392,1.909515643725862,0.8733012575769037,G1M1_new,g1m1_high_load,1.48,57.0,100.0,1.46,1.5,56,58,14,500
2023-01-22,2.0577226246938896,0.0002091839600584174,8.715998335767392,1.909515643725862,0.8733012575769037,G1M1_new,g1m1_high_load,1.48,57.0,100.0,1.46,1.5,56,58,14,500
2023-01-23,2.057931808653948,0.0002091839600584174,8.715998335767392,1.909515643725862,0.8733012575769037,G1M1_new,g1m1_high_load,1.48,57.0,100.0,1.46,1.5,56,58,14,500
2023-01-24,2.0581409926140064,0.0002091839600584174,8.715998335767392,1.909515643725862,0.8733012575769037,G1M1_new,g1m1_high_load,1.48,57.0,100.0,1.46,1.5,56,58,14,500
2023-01-25,2.058350176574065,0.0002091839600584174,8.715998335767392,1.909515643725862,0.8733012575769037,G1M1_new,g1m1_high_load,1.48,57.0,100.0,1.46,1.5,56,58,14,500
2023-01-26,2.0585593605341233,0.0002091839600584174,8.715998335767392,1.909515643725862,0.8733012575769037,G1M1_new,g1m1_high_load,1.48,57.0,100.0,1.46,1.5,56,58,14,500
2023-01-27,2.058768544494182,0.0002091839600584174,8.715998335767392,1.909515643725862,0.8733012575769037,G1M1_new,g1m1_high_load,1.48,57.0,100.0,1.46,1.5,56,58,14,500
2023-01-28,2.05897772845424,0.0002091839600584174,8.715998335767392,1.909515643725862,0.8733012575769037,G1M1_new,g1m1_high_load,1.48,57.0,100.0,1.46,1.5,56,58,14,500
2023-01-29,2.0591869124142987,0.0002091839600584174,8.715998335767392,1.909515643725862,0.8733012575769037,G1M1_new,g1m1_high_load,1.48,57.0,100.0,1.46,1.5,56,58,14,500
2023-01-30,2.059396096374357,0.0002091839600584174,8.715998335767392,1.909515643725862,0.8733012575769037,G1M1_new,g1m1_high_load,1.48,57.0,100.0,1.46,1.5,56,58,14,500
2023-01-31,2.0596052803344156,0.0002091839600584174,8.715998335767392,1.909515643725862,0.8733012575769037,G1M1_new,g1m1_high_load,1.48,57.0,100.0,1.46,1.5,56,58,14,500
2023-02-01,2.059814464294474,0.0002091839600584174,8.715998335767392,1.909515643725862,0.8733012575769037,G1M1_new,g1m1_high_load,1.48,57.0,100.0,1.46,1.5,56,58,14,500
2023-02-02,2.0600236482545324,0.0002091839600584174,8.715998335767392,1.909515643725862,0.8733012575769037,G1M1_new,g1m1_high_load,1.48,57.0,100.0,1.46,1.5,56,58,14,500
2023-02-03,2.0602328322145906,0.0002091839600584174,8.715998335767392,1.909515643725862,0.8733012575769037,G1M1_new,g1m1_high_load,1.48,57.0,100.0,1.46,1.5,56,58,14,500
2023-02-04,2.0604420161746493,0.0002091839600584174,8.715998335767392,1.909515643725862,0.8733012575769037,G1M1_new,g1m1_high_load,1.48,57.0,100.0,1.46,1.5,56,58,14,500
2023-02-05,2.0606512001347075,0.0002091839600584174,8.715998335767392,1.909515643725862,0.8733012575769037,G1M1_new,g1m1_high_load,1.48,57.0,100.0,1.46,1.5,56,58,14,500
2023-02-06,2.060860384094766,0.0002091839600584174,8.715998335767392,1.909515643725862,0.8733012575769037,G1M1_new,g1m1_high_load,1.48,57.0,100.0,1.46,1.5,56,58,14,500
2023-02-07,2.0610695680548243,0.0002091839600584174,8.715998335767392,1.909515643725862,0.8733012575769037,G1M1_new,g1m1_high_load,1.48,57.0,100.0,1.46,1.5,56,58,14,500
2023-02-08,2.061278752014883,0.0002091839600584174,8.715998335767392,1.909515643725862,0.8733012575769037,G1M1_new,g1m1_high_load,1.48,57.0,100.0,1.46,1.5,56,58,14,500
2023-02-09,2.061487935974941,0.0002091839600584174,8.715998335767392,1.909515643725862,0.8733012575769037,G1M1_new,g1m1_high_load,1.48,57.0,100.0,1.46,1.5,56,58,14,500
2023-02-10,2.0616971199349994,0.0002091839600584174,8.715998335767392,1.909515643725862,0.8733012575769037,G1M1_new,g1m1_high_load,1.48,57.0,100.0,1.46,1.5,56,58,14,500
2023-02-11,2.061906303895058,0.0002091839600584174,8.715998335767392,1.909515643725862,0.8733012575769037,G1M1_new,g1m1_high_load,1.48,57.0,100.0,1.46,1.5,56,58,14,500
2023-02-12,2.0621154878551167,0.0002091839600584174,8.715998335767392,1.909515643725862,0.8733012575769037,G1M1_new,g1m1_high_load,1.48,57.0,100.0,1.46,1.5,56,58,14,500
2023-02-13,2.062324671815175,0.0002091839600584174,8.715998335767392,1.909515643725862,0.8733012575769037,G1M1_new,g1m1_high_load,1.48,57.0,100.0,1.46,1.5,56,58,14,500
2023-02-14,2.062533855775233,0.0002091839600584174,8.715998335767392,1.909515643725862,0.8733012575769037,G1M1_new,g1m1_high_load,1.48,57.0,100.0,1.46,1.5,56,58,14,500
2023-02-15,2.0627430397352917,0.0002091839600584174,8.715998335767392,1.909515643725862,0.8733012575769037,G1M1_new,g1m1_high_load,1.48,57.0,100.0,1.46,1.5,56,58,14,500
2023-02-16,2.06295222369535,0.0002091839600584174,8.715998335767392,1.909515643725862,0.8733012575769037,G1M1_new,g1m1_high_load,1.48,57.0,100.0,1.46,1.5,56,58,14,500
2023-02-17,2.0631614076554086,0.0002091839600584174,8.715998335767392,1.909515643725862,0.8733012575769037,G1M1_new,g1m1_high_load,1.48,57.0,100.0,1.46,1.5,56,58,14,500
2023-02-18,2.0633705916154668,0.0002091839600584174,8.715998335767392,1.909515643725862,0.8733012575769037,G1M1_new,g1m1_high_load,1.48,57.0,100.0,1.46,1.5,56,58,14,500
2023-02-19,2.0635797755755254,0.0002091839600584174,8.715998335767392,1.909515643725862,0.8733012575769037,G1M1_new,g1m1_high_load,1.48,57.0,100.0,1.46,1.5,56,58,14,500
2023-02-20,2.0637889595355836,0.0002091839600584174,8.715998335767392,1.909515643725862,0.8733012575769037,G1M1_new,g1m1_high_load,1.48,57.0,100.0,1.46,1.5,56,58,14,500
2023-02-21,2.0639981434956423,0.0002091839600584174,8.715998335767392,1.909515643725862,0.8733012575769037,G1M1_new,g1m1_high_load,1.48,57.0,100.0,1.46,1.5,56,58,14,500
2023-02-22,2.0642073274557005,0.0002091839600584174,8.715998335767392,1.909515643725862,0.8733012575769037,G1M1_new,g1m1_high_load,1.48,57.0,100.0,1.46,1.5,56,58,14,500
2023-02-23,2.064416511415759,0.0002091839600584174,8.715998335767392,1.909515643725862,0.8733012575769037,G1M1_new,g1m1_high_load,1.48,57.0,100.0,1.46,1.5,56,58,14,500
2023-02-24,2.0646256953758173,0.0002091839600584174,8.715998335767392,1.909515643725862,0.8733012575769037,G1M1_new,g1m1_high_load,1.48,57.0,100.0,1.46,1.5,56,58,14,500
2023-02-25,2.064834879335876,0.0002091839600584174,8.715998335767392,1.909515643725862,0.8733012575769037,G1M1_new,g1m1_high_load,1.48,57.0,100.0,1.46,1.5,56,58,14,500
2023-02-26,2.065044063295934,0.0002091839600584174,8.715998335767392,1.909515643725862,0.8733012575769037,G1M1_new,g1m1_high_load,1.48,57.0,100.0,1.46,1.5,56,58,14,500
2023-02-27,2.065253247255993,0.0002091839600584174,8.715998335767392,1.909515643725862,0.8733012575769037,G1M1_new,g1m1_high_load,1.48,57.0,100.0,1.46,1.5,56,58,14,500
2023-02-28,2.065462431216051,0.0002091839600584174,8.715998335767392,1.909515643725862,0.8733012575769037,G1M1_new,g1m1_high_load,1.48,57.0,100.0,1.46,1.5,56,58,14,500
2023-03-01,2.0656716151761096,0.0002091839600584174,8.715998335767392,1.909515643725862,0.8733012575769037,G1M1_new,g1m1_high_load,1.48,57.0,100.0,1.46,1.5,56,58,14,500
2023-03-02,2.065880799136168,0.0002091839600584174,8.715998335767392,1.909515643725862,0.8733012575769037,G1M1_new,g1m1_high_load,1.48,57.0,100.0,1.46,1.5,56,58,14,500
2023-03-03,2.0660899830962265,0.0002091839600584174,8.715998335767392,1.909515643725862,0.8733012575769037,G1M1_new,g1m1_high_load,1.48,57.0,100.0,1.46,1.5,56,58,14,500
2023-03-04,2.0662991670562847,0.0002091839600584174,8.715998335767392,1.909515643725862,0.8733012575769037,G1M1_new,g1m1_high_load,1.48,57.0,100.0,1.46,1.5,56,58,14,500
2023-03-05,2.0665083510163433,0.0002091839600584174,8.715998335767392,1.909515643725862,0.8733012575769037,G1M1_new,g1m1_high_load,1.48,57.0,100.0,1.46,1.5,56,58,14,500
2023-03-06,2.0667175349764015,0.0002091839600584174,8.715998335767392,1.909515643725862,0.8733012575769037,G1M1_new,g1m1_high_load,1.48,57.0,100.0,1.46,1.5,56,58,14,500
2023-03-07,2.06692671893646,0.0002091839600584174,8.715998335767392,1.909515643725862,0.8733012575769037,G1M1_new,g1m1_high_load,1.48,57.0,100.0,1.46,1.5,56,58,14,500
2023-03-08,2.0671359028965184,0.0002091839600584174,8.715998335767392,1.909515643725862,0.8733012575769037,G1M1_new,g1m1_high_load,1.48,57.0,100.0,1.46,1.5,56,58,14,500
2023-03-09,2.067345086856577,0.0002091839600584174,8.715998335767392,1.909515643725862,0.8733012575769037,G1M1_new,g1m1_high_load,1.48,57.0,100.0,1.46,1.5,56,58,14,500
2023-03-10,2.0675542708166352,0.0002091839600584174,8.715998335767392,1.909515643725862,0.8733012575769037,G1M1_new,g1m1_high_load,1.48,57.0,100.0,1.46,1.5,56,58,14,500
2023-03-11,2.067763454776694,0.0002091839600584174,8.715998335767392,1.909515643725862,0.8733012575769037,G1M1_new,g1m1_high_load,1.48,57.0,100.0,1.46,1.5,56,58,14,500
2023-03-12,2.067972638736752,0.0002091839600584174,8.715998335767392,1.909515643725862,0.8733012575769037,G1M1_new,g1m1_high_load,1.48,57.0,100.0,1.46,1.5,56,58,14,500
2023-03-13,2.0681818226968107,0.0002091839600584174,8.715998335767392,1.909515643725862,0.8733012575769037,G1M1_new,g1m1_high_load,1.48,57.0,100.0,1.46,1.5,56,58,14,500
2023-03-14,2.068391006656869,0.0002091839600584174,8.715998335767392,1.909515643725862,0.8733012575769037,G1M1_new,g1m1_high_load,1.48,57.0,100.0,1.46,1.5,56,58,14,500
2023-03-15,2.0686001906169276,0.0002091839600584174,8.715998335767392,1.909515643725862,0.8733012575769037,G1M1_new,g1m1_high_load,1.48,57.0,100.0,1.46,1.5,56,58,14,500
2023-03-16,2.0688093745769858,0.0002091839600584174,8.715998335767392,1.909515643725862,0.8733012575769037,G1M1_new,g1m1_high_load,1.48,57.0,100.0,1.46,1.5,56,58,14,500
2023-03-17,2.069018558537044,0.0002091839600584174,8.715998335767392,1.909515643725862,0.8733012575769037,G1M1_new,g1m1_high_load,1.48,57.0,100.0,1.46,1.5,56,58,14,500
2023-03-18,2.0692277424971026,0.0002091839600584174,8.715998335767392,1.909515643725862,0.8733012575769037,G1M1_new,g1m1_high_load,1.48,57.0,100.0,1.46,1.5,56,58,14,500
2023-03-19,2.0694369264571613,0.0002091839600584174,8.715998335767392,1.909515643725862,0.8733012575769037,G1M1_new,g1m1_high_load,1.48,57.0,100.0,1.46,1.5,56,58,14,500
2023-03-20,2.0696461104172195,0.0002091839600584174,8.715998335767392,1.909515643725862,0.8733012575769037,G1M1_new,g1m1_high_load,1.48,57.0,100.0,1.46,1.5,56,58,14,500
2023-03-21,2.0698552943772777,0.0002091839600584174,8.715998335767392,1.909515643725862,0.8733012575769037,G1M1_new,g1m1_high_load,1.48,57.0,100.0,1.46,1.5,56,58,14,500
2023-03-22,2.0700644783373363,0.0002091839600584174,8.715998335767392,1.909515643725862,0.8733012575769037,G1M1_new,g1m1_high_load,1.48,57.0,100.0,1.46,1.5,56,58,14,500
2023-03-23,2.0702736622973945,0.0002091839600584174,8.715998335767392,1.909515643725862,0.8733012575769037,G1M1_new,g1m1_high_load,1.48,57.0,100.0,1.46,1.5,56,58,14,500
2023-03-24,2.070482846257453,0.0002091839600584174,8.715998335767392,1.909515643725862,0.8733012575769037,G1M1_new,g1m1_high_load,1.48,57.0,100.0,1.46,1.5,56,58,14,500
2023-03-25,2.0706920302175114,0.0002091839600584174,8.715998335767392,1.909515643725862,0.8733012575769037,G1M1_new,g1m1_high_load,1.48,57.0,100.0,1.46,1.5,56,58,14,500
2023-03-26,2.07090121417757,0.0002091839600584174,8.715998335767392,1.909515643725862,0.8733012575769037,G1M1_new,g1m1_high_load,1.48,57.0,100.0,1.46,1.5,56,58,14,500
2023-03-27,2.071110398137628,0.0002091839600584174,8.715998335767392,1.909515643725862,0.8733012575769037,G1M1_new,g1m1_high_load,1.48,57.0,100.0,1.46,1.5,56,58,14,500
2023-03-28,2.071319582097687,0.0002091839600584174,8.715998335767392,1.909515643725862,0.8733012575769037,G1M1_new,g1m1_high_load,1.48,57.0,100.0,1.46,1.5,56,58,14,500
2023-03-29,2.071528766057745,0.0002091839600584174,8.715998335767392,1.909515643725862,0.8733012575769037,G1M1_new,g1m1_high_load,1.48,57.0,100.0,1.46,1.5,56,58,14,500
2023-03-30,2.0717379500178037,0.0002091839600584174,8.715998335767392,1.909515643725862,0.8733012575769037,G1M1_new,g1m1_high_load,1.48,57.0,100.0,1.46,1.5,56,58,14,500
2023-03-31,2.071947133977862,0.0002091839600584174,8.715998335767392,1.909515643725862,0.8733012575769037,G1M1_new,g1m1_high_load,1.48,57.0,100.0,1.46,1.5,56,58,14,500
2023-04-01,2.0721563179379205,0.0002091839600584174,8.715998335767392,1.909515643725862,0.8733012575769037,G1M1_new,g1m1_high_load,1.48,57.0,100.0,1.46,1.5,56,58,14,500
2023-04-02,2.0723655018979787,0.0002091839600584174,8.715998335767392,1.909515643725862,0.8733012575769037,G1M1_new,g1m1_high_load,1.48,57.0,100.0,1.46,1.5,56,58,14,500
2023-04-03,2.0725746858580374,0.0002091839600584174,8.715998335767392,1.909515643725862,0.8733012575769037,G1M1_new,g1m1_high_load,1.48,57.0,100.0,1.46,1.5,56,58,14,500
2023-04-04,2.0727838698180956,0.0002091839600584174,8.715998335767392,1.909515643725862,0.8733012575769037,G1M1_new,g1m1_high_load,1.48,57.0,100.0,1.46,1.5,56,58,14,500
2023-04-05,2.0729930537781542,0.0002091839600584174,8.715998335767392,1.909515643725862,0.8733012575769037,G1M1_new,g1m1_high_load,1.48,57.0,100.0,1.46,1.5,56,58,14,500
2023-04-06,2.0732022377382124,0.0002091839600584174,8.715998335767392,1.909515643725862,0.8733012575769037,G1M1_new,g1m1_high_load,1.48,57.0,100.0,1.46,1.5,56,58,14,500
2023-04-07,2.073411421698271,0.0002091839600584174,8.715998335767392,1.909515643725862,0.8733012575769037,G1M1_new,g1m1_high_load,1.48,57.0,100.0,1.46,1.5,56,58,14,500
2023-04-08,2.0736206056583293,0.0002091839600584174,8.715998335767392,1.909515643725862,0.8733012575769037,G1M1_new,g1m1_high_load,1.48,57.0,100.0,1.46,1.5,56,58,14,500
2023-04-09,2.073829789618388,0.0002091839600584174,8.715998335767392,1.909515643725862,0.8733012575769037,G1M1_new,g1m1_high_load,1.48,57.0,100.0,1.46,1.5,56,58,14,500
2023-04-10,2.074038973578446,0.0002091839600584174,8.715998335767392,1.909515643725862,0.8733012575769037,G1M1_new,g1m1_high_load,1.48,57.0,100.0,1.46,1.5,56,58,14,500
2023-04-11,2.0742481575385048,0.0002091839600584174,8.715998335767392,1.909515643725862,0.8733012575769037,G1M1_new,g1m1_high_load,1.48,57.0,100.0,1.46,1.5,56,58,14,500
2023-04-12,2.074457341498563,0.0002091839600584174,8.715998335767392,1.909515643725862,0.8733012575769037,G1M1_new,g1m1_high_load,1.48,57.0,100.0,1.46,1.5,56,58,14,500
2023-04-13,2.0746665254586216,0.0002091839600584174,8.715998335767392,1.909515643725862,0.8733012575769037,G1M1_new,g1m1_high_load,1.48,57.0,100.0,1.46,1.5,56,58,14,500
2023-04-14,2.07487570941868,0.0002091839600584174,8.715998335767392,1.909515643725862,0.8733012575769037,G1M1_new,g1m1_high_load,1.48,57.0,100.0,1.46,1.5,56,58,14,500
2023-04-15,2.0750848933787385,0.0002091839600584174,8.715998335767392,1.909515643725862,0.8733012575769037,G1M1_new,g1m1_high_load,1.48,57.0,100.0,1.46,1.5,56,58,14,500
2023-04-16,2.0752940773387967,0.0002091839600584174,8.715998335767392,1.909515643725862,0.8733012575769037,G1M1_new,g1m1_high_load,1.48,57.0,100.0,1.46,1.5,56,58,14,500
2023-04-17,2.0755032612988553,0.0002091839600584174,8.715998335767392,1.909515643725862,0.8733012575769037,G1M1_new,g1m1_high_load,1.48,57.0,100.0,1.46,1.5,56,58,14,500
2023-04-18,2.0757124452589135,0.0002091839600584174,8.715998335767392,1.909515643725862,0.8733012575769037,G1M1_new,g1m1_high_load,1.48,57.0,100.0,1.46,1.5,56,58,14,500
2023-04-19,2.075921629218972,0.0002091839600584174,8.715998335767392,1.909515643725862,0.8733012575769037,G1M1_new,g1m1_high_load,1.48,57.0,100.0,1.46,1.5,56,58,14,500
2023-04-20,2.0761308131790304,0.0002091839600584174,8.715998335767392,1.909515643725862,0.8733012575769037,G1M1_new,g1m1_high_load,1.48,57.0,100.0,1.46,1.5,56,58,14,500
2023-04-21,2.076339997139089,0.0002091839600584174,8.715998335767392,1.909515643725862,0.8733012575769037,G1M1_new,g1m1_high_load,1.48,57.0,100.0,1.46,1.5,56,58,14,500
2023-04-22,2.076549181099147,0.0002091839600584174,8.715998335767392,1.909515643725862,0.8733012575769037,G1M1_new,g1m1_high_load,1.48,57.0,100.0,1.46,1.5,56,58,14,500
2023-04-23,2.076758365059206,0.0002091839600584174,8.715998335767392,1.909515643725862,0.8733012575769037,G1M1_new,g1m1_high_load,1.48,57.0,100.0,1.46,1.5,56,58,14,500
2023-04-24,2.076967549019264,0.0002091839600584174,8.715998335767392,1.909515643725862,0.8733012575769037,G1M1_new,g1m1_high_load,1.48,57.0,100.0,1.46,1.5,56,58,14,500
2023-04-25,2.0771767329793223,0.0002091839600584174,8.715998335767392,1.909515643725862,0.8733012575769037,G1M1_new,g1m1_high_load,1.48,57.0,100.0,1.46,1.5,56,58,14,500
2023-04-26,2.077385916939381,0.0002091839600584174,8.715998335767392,1.909515643725862,0.8733012575769037,G1M1_new,g1m1_high_load,1.48,57.0,100.0,1.46,1.5,56,58,14,500
2023-04-27,2.0775951008994396,0.0002091839600584174,8.715998335767392,1.909515643725862,0.8733012575769037,G1M1_new,g1m1_high_load,1.48,57.0,100.0,1.46,1.5,56,58,14,500
2023-04-28,2.0778042848594978,0.0002091839600584174,8.715998335767392,1.909515643725862,0.8733012575769037,G1M1_new,g1m1_high_load,1.48,57.0,100.0,1.46,1.5,56,58,14,500
2023-04-29,2.078013468819556,0.0002091839600584174,8.715998335767392,1.909515643725862,0.8733012575769037,G1M1_new,g1m1_high_load,1.48,57.0,100.0,1.46,1.5,56,58,14,500
2023-04-30,2.0782226527796146,0.0002091839600584174,8.715998335767392,1.909515643725862,0.8733012575769037,G1M1_new,g1m1_high_load,1.48,57.0,100.0,1.46,1.5,56,58,14,500
2023-05-01,2.078431836739673,0.0002091839600584174,8.715998335767392,1.909515643725862,0.8733012575769037,G1M1_new,g1m1_high_load,1.48,57.0,100.0,1.46,1.5,56,58,14,500
2023-05-02,2.0786410206997314,0.0002091839600584174,8.715998335767392,1.909515643725862,0.8733012575769037,G1M1_new,g1m1_high_load,1.48,57.0,100.0,1.46,1.5,56,58,14,500
2023-05-03,2.0788502046597896,0.0002091839600584174,8.715998335767392,1.909515643725862,0.8733012575769037,G1M1_new,g1m1_high_load,1.48,57.0,100.0,1.46,1.5,56,58,14,500
2023-05-04,2.0790593886198483,0.0002091839600584174,8.715998335767392,1.909515643725862,0.8733012575769037,G1M1_new,g1m1_high_load,1.48,57.0,100.0,1.46,1.5,56,58,14,500
2023-05-05,2.0792685725799065,0.0002091839600584174,8.715998335767392,1.909515643725862,0.8733012575769037,G1M1_new,g1m1_high_load,1.48,57.0,100.0,1.46,1.5,56,58,14,500
2023-05-06,2.079477756539965,0.0002091839600584174,8.715998335767392,1.909515643725862,0.8733012575769037,G1M1_new,g1m1_high_load,1.48,57.0,100.0,1.46,1.5,56,58,14,500
2023-05-07,2.0796869405000233,0.0002091839600584174,8.715998335767392,1.909515643725862,0.8733012575769037,G1M1_new,g1m1_high_load,1.48,57.0,100.0,1.46,1.5,56,58,14,500
2023-05-08,2.079896124460082,0.0002091839600584174,8.715998335767392,1.909515643725862,0.8733012575769037,G1M1_new,g1m1_high_load,1.48,57.0,100.0,1.46,1.5,56,58,14,500
2023-05-09,2.08010530842014,0.0002091839600584174,8.715998335767392,1.909515643725862,0.8733012575769037,G1M1_new,g1m1_high_load,1.48,57.0,100.0,1.46,1.5,56,58,14,500
2023-05-10,2.080314492380199,0.0002091839600584174,8.715998335767392,1.909515643725862,0.8733012575769037,G1M1_new,g1m1_high_load,1.48,57.0,100.0,1.46,1.5,56,58,14,500
2023-05-11,2.080523676340257,0.0002091839600584174,8.715998335767392,1.909515643725862,0.8733012575769037,G1M1_new,g1m1_high_load,1.48,57.0,100.0,1.46,1.5,56,58,14,500
2023-05-12,2.0807328603003157,0.0002091839600584174,8.715998335767392,1.909515643725862,0.8733012575769037,G1M1_new,g1m1_high_load,1.48,57.0,100.0,1.46,1.5,56,58,14,500
2023-05-13,2.080942044260374,0.0002091839600584174,8.715998335767392,1.909515643725862,0.8733012575769037,G1M1_new,g1m1_high_load,1.48,57.0,100.0,1.46,1.5,56,58,14,500
2023-05-14,2.0811512282204325,0.0002091839600584174,8.715998335767392,1.909515643725862,0.8733012575769037,G1M1_new,g1m1_high_load,1.48,57.0,100.0,1.46,1.5,56,58,14,500
2023-05-15,2.0813604121804907,0.0002091839600584174,8.715998335767392,1.909515643725862,0.8733012575769037,G1M1_new,g1m1_high_load,1.48,57.0,100.0,1.46,1.5,56,58,14,500
2023-05-16,2.0815695961405494,0.0002091839600584174,8.715998335767392,1.909515643725862,0.8733012575769037,G1M1_new,g1m1_high_load,1.48,57.0,100.0,1.46,1.5,56,58,14,500
2023-05-17,2.0817787801006076,0.0002091839600584174,8.715998335767392,1.909515643725862,0.8733012575769037,G1M1_new,g1m1_high_load,1.48,57.0,100.0,1.46,1.5,56,58,14,500
2023-05-18,2.081987964060666,0.0002091839600584174,8.715998335767392,1.909515643725862,0.8733012575769037,G1M1_new,g1m1_high_load,1.48,57.0,100.0,1.46,1.5,56,58,14,500
2023-05-19,2.0821971480207244,0.0002091839600584174,8.715998335767392,1.909515643725862,0.8733012575769037,G1M1_new,g1m1_high_load,1.48,57.0,100.0,1.46,1.5,56,58,14,500
2023-05-20,2.082406331980783,0.0002091839600584174,8.715998335767392,1.909515643725862,0.8733012575769037,G1M1_new,g1m1_high_load,1.48,57.0,100.0,1.46,1.5,56,58,14,500
2023-05-21,2.0826155159408413,0.0002091839600584174,8.715998335767392,1.909515643725862,0.8733012575769037,G1M1_new,g1m1_high_load,1.48,57.0,100.0,1.46,1.5,56,58,14,500
2023-05-22,2.0828246999009,0.0002091839600584174,8.715998335767392,1.909515643725862,0.8733012575769037,G1M1_new,g1m1_high_load,1.48,57.0,100.0,1.46,1.5,56,58,14,500
2023-05-23,2.083033883860958,0.0002091839600584174,8.715998335767392,1.909515643725862,0.8733012575769037,G1M1_new,g1m1_high_load,1.48,57.0,100.0,1.46,1.5,56,58,14,500
2023-05-24,2.0832430678210168,0.0002091839600584174,8.715998335767392,1.909515643725862,0.8733012575769037,G1M1_new,g1m1_high_load,1.48,57.0,100.0,1.46,1.5,56,58,14,500
2023-05-25,2.083452251781075,0.0002091839600584174,8.715998335767392,1.909515643725862,0.8733012575769037,G1M1_new,g1m1_high_load,1.48,57.0,100.0,1.46,1.5,56,58,14,500
2023-05-26,2.0836614357411336,0.0002091839600584174,8.715998335767392,1.909515643725862,0.8733012575769037,G1M1_new,g1m1_high_load,1.48,57.0,100.0,1.46,1.5,56,58,14,500
2023-05-27,2.083870619701192,0.0002091839600584174,8.715998335767392,1.909515643725862,0.8733012575769037,G1M1_new,g1m1_high_load,1.48,57.0,100.0,1.46,1.5,56,58,14,500
2023-05-28,2.0840798036612505,0.0002091839600584174,8.715998335767392,1.909515643725862,0.8733012575769037,G1M1_new,g1m1_high_load,1.48,57.0,100.0,1.46,1.5,56,58,14,500
2023-05-29,2.0842889876213087,0.0002091839600584174,8.715998335767392,1.909515643725862,0.8733012575769037,G1M1_new,g1m1_high_load,1.48,57.0,100.0,1.46,1.5,56,58,14,500
2023-05-30,2.0844981715813673,0.0002091839600584174,8.715998335767392,1.909515643725862,0.8733012575769037,G1M1_new,g1m1_high_load,1.48,57.0,100.0,1.46,1.5,56,58,14,500
2023-05-31,2.0847073555414255,0.0002091839600584174,8.715998335767392,1.909515643725862,0.8733012575769037,G1M1_new,g1m1_high_load,1.48,57.0,100.0,1.46,1.5,56,58,14,500
2023-06-01,2.084916539501484,0.0002091839600584174,8.715998335767392,1.909515643725862,0.8733012575769037,G1M1_new,g1m1_high_load,1.48,57.0,100.0,1.46,1.5,56,58,14,500
2023-06-02,2.0851257234615423,0.0002091839600584174,8.715998335767392,1.909515643725862,0.8733012575769037,G1M1_new,g1m1_high_load,1.48,57.0,100.0,1.46,1.5,56,58,14,500
2023-06-03,2.0853349074216005,0.0002091839600584174,8.715998335767392,1.909515643725862,0.8733012575769037,G1M1_new,g1m1_high_load,1.48,57.0,100.0,1.46,1.5,56,58,14,500
2023-06-04,2.085544091381659,0.0002091839600584174,8.715998335767392,1.909515643725862,0.8733012575769037,G1M1_new,g1m1_high_load,1.48,57.0,100.0,1.46,1.5,56,58,14,500
2023-06-05,2.0857532753417174,0.0002091839600584174,8.715998335767392,1.909515643725862,0.8733012575769037,G1M1_new,g1m1_high_load,1.48,57.0,100.0,1.46,1.5,56,58,14,500
2023-06-06,2.085962459301776,0.0002091839600584174,8.715998335767392,1.909515643725862,0.8733012575769037,G1M1_new,g1m1_high_load,1.48,57.0,100.0,1.46,1.5,56,58,14,500
2023-06-07,2.0861716432618342,0.0002091839600584174,8.715998335767392,1.909515643725862,0.8733012575769037,G1M1_new,g1m1_high_load,1.48,57.0,100.0,1.46,1.5,56,58,14,500
2023-06-08,2.086380827221893,0.0002091839600584174,8.715998335767392,1.909515643725862,0.8733012575769037,G1M1_new,g1m1_high_load,1.48,57.0,100.0,1.46,1.5,56,58,14,500
2023-06-09,2.086590011181951,0.0002091839600584174,8.715998335767392,1.909515643725862,0.8733012575769037,G1M1_new,g1m1_high_load,1.48,57.0,100.0,1.46,1.5,56,58,14,500
2023-06-10,2.0867991951420097,0.0002091839600584174,8.715998335767392,1.909515643725862,0.8733012575769037,G1M1_new,g1m1_high_load,1.48,57.0,100.0,1.46,1.5,56,58,14,500
2023-06-11,2.087008379102068,0.0002091839600584174,8.715998335767392,1.909515643725862,0.8733012575769037,G1M1_new,g1m1_high_load,1.48,57.0,100.0,1.46,1.5,56,58,14,500
2023-06-12,2.0872175630621266,0.0002091839600584174,8.715998335767392,1.909515643725862,0.8733012575769037,G1M1_new,g1m1_high_load,1.48,57.0,100.0,1.46,1.5,56,58,14,500
2023-06-13,2.087426747022185,0.0002091839600584174,8.715998335767392,1.909515643725862,0.8733012575769037,G1M1_new,g1m1_high_load,1.48,57.0,100.0,1.46,1.5,56,58,14,500
2023-06-14,2.0876359309822434,0.0002091839600584174,8.715998335767392,1.909515643725862,0.8733012575769037,G1M1_new,g1m1_high_load,1.48,57.0,100.0,1.46,1.5,56,58,14,500
2023-06-15,2.0878451149423016,0.0002091839600584174,8.715998335767392,1.909515643725862,0.8733012575769037,G1M1_new,g1m1_high_load,1.48,57.0,100.0,1.46,1.5,56,58,14,500
2023-06-16,2.0880542989023603,0.0002091839600584174,8.715998335767392,1.909515643725862,0.8733012575769037,G1M1_new,g1m1_high_load,1.48,57.0,100.0,1.46,1.5,56,58,14,500
2023-06-17,2.0882634828624185,0.0002091839600584174,8.715998335767392,1.909515643725862,0.8733012575769037,G1M1_new,g1m1_high_load,1.48,57.0,100.0,1.46,1.5,56,58,14,500
2023-06-18,2.088472666822477,0.0002091839600584174,8.715998335767392,1.909515643725862,0.8733012575769037,G1M1_new,g1m1_high_load,1.48,57.0,100.0,1.46,1.5,56,58,14,500
2023-06-19,2.0886818507825353,0.0002091839600584174,8.715998335767392,1.909515643725862,0.8733012575769037,G1M1_new,g1m1_high_load,1.48,57.0,100.0,1.46,1.5,56,58,14,500
2023-06-20,2.088891034742594,0.0002091839600584174,8.715998335767392,1.909515643725862,0.8733012575769037,G1M1_new,g1m1_high_load,1.48,57.0,100.0,1.46,1.5,56,58,14,500
2023-06-21,2.089100218702652,0.0002091839600584174,8.715998335767392,1.909515643725862,0.8733012575769037,G1M1_new,g1m1_high_load,1.48,57.0,100.0,1.46,1.5,56,58,14,500
2023-06-22,2.089309402662711,0.0002091839600584174,8.715998335767392,1.909515643725862,0.8733012575769037,G1M1_new,g1m1_high_load,1.48,57.0,100.0,1.46,1.5,56,58,14,500
2023-06-23,2.089518586622769,0.0002091839600584174,8.715998335767392,1.909515643725862,0.8733012575769037,G1M1_new,g1m1_high_load,1.48,57.0,100.0,1.46,1.5,56,58,14,500
2023-06-24,2.0897277705828277,0.0002091839600584174,8.715998335767392,1.909515643725862,0.8733012575769037,G1M1_new,g1m1_high_load,1.48,57.0,100.0,1.46,1.5,56,58,14,500
2023-06-25,2.089936954542886,0.0002091839600584174,8.715998335767392,1.909515643725862,0.8733012575769037,G1M1_new,g1m1_high_load,1.48,57.0,100.0,1.46,1.5,56,58,14,500
2023-06-26,2.0901461385029445,0.0002091839600584174,8.715998335767392,1.909515643725862,0.8733012575769037,G1M1_new,g1m1_high_load,1.48,57.0,100.0,1.46,1.5,56,58,14,500
2023-06-27,2.0903553224630027,0.0002091839600584174,8.715998335767392,1.909515643725862,0.8733012575769037,G1M1_new,g1m1_high_load,1.48,57.0,100.0,1.46,1.5,56,58,14,500
2023-06-28,2.0905645064230614,0.0002091839600584174,8.715998335767392,1.909515643725862,0.8733012575769037,G1M1_new,g1m1_high_load,1.48,57.0,100.0,1.46,1.5,56,58,14,500
2023-06-29,2.0907736903831196,0.0002091839600584174,8.715998335767392,1.909515643725862,0.8733012575769037,G1M1_new,g1m1_high_load,1.48,57.0,100.0,1.46,1.5,56,58,14,500
2023-06-30,2.090982874343178,0.0002091839600584174,8.715998335767392,1.909515643725862,0.8733012575769037,G1M1_new,g1m1_high_load,1.48,57.0,100.0,1.46,1.5,56,58,14,500
2023-07-01,2.0911920583032364,0.0002091839600584174,8.715998335767392,1.909515643725862,0.8733012575769037,G1M1_new,g1m1_high_load,1.48,57.0,100.0,1.46,1.5,56,58,14,500
2023-07-02,2.091401242263295,0.0002091839600584174,8.715998335767392,1.909515643725862,0.8733012575769037,G1M1_new,g1m1_high_load,1.48,57.0,100.0,1.46,1.5,56,58,14,500
2023-07-03,2.0916104262233532,0.0002091839600584174,8.715998335767392,1.909515643725862,0.8733012575769037,G1M1_new,g1m1_high_load,1.48,57.0,100.0,1.46,1.5,56,58,14,500
2023-07-04,2.091819610183412,0.0002091839600584174,8.715998335767392,1.909515643725862,0.8733012575769037,G1M1_new,g1m1_high_load,1.48,57.0,100.0,1.46,1.5,56,58,14,500
2023-07-05,2.09202879414347,0.0002091839600584174,8.715998335767392,1.909515643725862,0.8733012575769037,G1M1_new,g1m1_high_load,1.48,57.0,100.0,1.46,1.5,56,58,14,500
2023-07-06,2.0922379781035287,0.0002091839600584174,8.715998335767392,1.909515643725862,0.8733012575769037,G1M1_new,g1m1_high_load,1.48,57.0,100.0,1.46,1.5,56,58,14,500
2023-07-07,2.092447162063587,0.0002091839600584174,8.715998335767392,1.909515643725862,0.8733012575769037,G1M1_new,g1m1_high_load,1.48,57.0,100.0,1.46,1.5,56,58,14,500
2023-07-08,2.092656346023645,0.0002091839600584174,8.715998335767392,1.909515643725862,0.8733012575769037,G1M1_new,g1m1_high_load,1.48,57.0,100.0,1.46,1.5,56,58,14,500
2023-07-09,2.092865529983704,0.0002091839600584174,8.715998335767392,1.909515643725862,0.8733012575769037,G1M1_new,g1m1_high_load,1.48,57.0,100.0,1.46,1.5,56,58,14,500
2023-07-10,2.0930747139437624,0.0002091839600584174,8.715998335767392,1.909515643725862,0.8733012575769037,G1M1_new,g1m1_high_load,1.48,57.0,100.0,1.46,1.5,56,58,14,500
2023-07-11,2.0932838979038206,0.0002091839600584174,8.715998335767392,1.909515643725862,0.8733012575769037,G1M1_new,g1m1_high_load,1.48,57.0,100.0,1.46,1.5,56,58,14,500
2023-07-12,2.093493081863879,0.0002091839600584174,8.715998335767392,1.909515643725862,0.8733012575769037,G1M1_new,g1m1_high_load,1.48,57.0,100.0,1.46,1.5,56,58,14,500
2023-07-13,2.0937022658239375,0.0002091839600584174,8.715998335767392,1.909515643725862,0.8733012575769037,G1M1_new,g1m1_high_load,1.48,57.0,100.0,1.46,1.5,56,58,14,500
2023-07-14,2.0939114497839957,0.0002091839600584174,8.715998335767392,1.909515643725862,0.8733012575769037,G1M1_new,g1m1_high_load,1.48,57.0,100.0,1.46,1.5,56,58,14,500
2023-07-15,2.0941206337440543,0.0002091839600584174,8.715998335767392,1.909515643725862,0.8733012575769037,G1M1_new,g1m1_high_load,1.48,57.0,100.0,1.46,1.5,56,58,14,500
2023-07-16,2.0943298177041125,0.0002091839600584174,8.715998335767392,1.909515643725862,0.8733012575769037,G1M1_new,g1m1_high_load,1.48,57.0,100.0,1.46,1.5,56,58,14,500
2023-07-17,2.094539001664171,0.0002091839600584174,8.715998335767392,1.909515643725862,0.8733012575769037,G1M1_new,g1m1_high_load,1.48,57.0,100.0,1.46,1.5,56,58,14,500
2023-07-18,2.0947481856242294,0.0002091839600584174,8.715998335767392,1.909515643725862,0.8733012575769037,G1M1_new,g1m1_high_load,1.48,57.0,100.0,1.46,1.5,56,58,14,500
2023-07-19,2.094957369584288,0.0002091839600584174,8.715998335767392,1.909515643725862,0.8733012575769037,G1M1_new,g1m1_high_load,1.48,57.0,100.0,1.46,1.5,56,58,14,500
2023-07-20,2.095166553544346,0.0002091839600584174,8.715998335767392,1.909515643725862,0.8733012575769037,G1M1_new,g1m1_high_load,1.48,57.0,100.0,1.46,1.5,56,58,14,500
2023-07-21,2.095375737504405,0.0002091839600584174,8.715998335767392,1.909515643725862,0.8733012575769037,G1M1_new,g1m1_high_load,1.48,57.0,100.0,1.46,1.5,56,58,14,500
2023-07-22,2.095584921464463,0.0002091839600584174,8.715998335767392,1.909515643725862,0.8733012575769037,G1M1_new,g1m1_high_load,1.48,57.0,100.0,1.46,1.5,56,58,14,500
2023-07-23,2.0957941054245217,0.0002091839600584174,8.715998335767392,1.909515643725862,0.8733012575769037,G1M1_new,g1m1_high_load,1.48,57.0,100.0,1.46,1.5,56,58,14,500
2023-07-24,2.09600328938458,0.0002091839600584174,8.715998335767392,1.909515643725862,0.8733012575769037,G1M1_new,g1m1_high_load,1.48,57.0,100.0,1.46,1.5,56,58,14,500
2023-07-25,2.0962124733446386,0.0002091839600584174,8.715998335767392,1.909515643725862,0.8733012575769037,G1M1_new,g1m1_high_load,1.48,57.0,100.0,1.46,1.5,56,58,14,500
2023-07-26,2.0964216573046968,0.0002091839600584174,8.715998335767392,1.909515643725862,0.8733012575769037,G1M1_new,g1m1_high_load,1.48,57.0,100.0,1.46,1.5,56,58,14,500
2023-07-27,2.0966308412647554,0.0002091839600584174,8.715998335767392,1.909515643725862,0.8733012575769037,G1M1_new,g1m1_high_load,1.48,57.0,100.0,1.46,1.5,56,58,14,500
2023-07-28,2.0968400252248136,0.0002091839600584174,8.715998335767392,1.909515643725862,0.8733012575769037,G1M1_new,g1m1_high_load,1.48,57.0,100.0,1.46,1.5,56,58,14,500
2023-07-29,2.0970492091848723,0.0002091839600584174,8.715998335767392,1.909515643725862,0.8733012575769037,G1M1_new,g1m1_high_load,1.48,57.0,100.0,1.46,1.5,56,58,14,500
2023-07-30,2.0972583931449305,0.0002091839600584174,8.715998335767392,1.909515643725862,0.8733012575769037,G1M1_new,g1m1_high_load,1.48,57.0,100.0,1.46,1.5,56,58,14,500
2023-07-31,2.097467577104989,0.0002091839600584174,8.715998335767392,1.909515643725862,0.8733012575769037,G1M1_new,g1m1_high_load,1.48,57.0,100.0,1.46,1.5,56,58,14,500
2023-08-01,2.0976767610650473,0.0002091839600584174,8.715998335767392,1.909515643725862,0.8733012575769037,G1M1_new,g1m1_high_load,1.48,57.0,100.0,1.46,1.5,56,58,14,500
2023-08-02,2.097885945025106,0.0002091839600584174,8.715998335767392,1.909515643725862,0.8733012575769037,G1M1_new,g1m1_high_load,1.48,57.0,100.0,1.46,1.5,56,58,14,500
2023-08-03,2.098095128985164,0.0002091839600584174,8.715998335767392,1.909515643725862,0.8733012575769037,G1M1_new,g1m1_high_load,1.48,57.0,100.0,1.46,1.5,56,58,14,500
2023-08-04,2.098304312945223,0.0002091839600584174,8.715998335767392,1.909515643725862,0.8733012575769037,G1M1_new,g1m1_high_load,1.48,57.0,100.0,1.46,1.5,56,58,14,500
2023-08-05,2.098513496905281,0.0002091839600584174,8.715998335767392,1.909515643725862,0.8733012575769037,G1M1_new,g1m1_high_load,1.48,57.0,100.0,1.46,1.5,56,58,14,500
2023-08-06,2.0987226808653396,0.0002091839600584174,8.715998335767392,1.909515643725862,0.8733012575769037,G1M1_new,g1m1_high_load,1.48,57.0,100.0,1.46,1.5,56,58,14,500
2023-08-07,2.098931864825398,0.0002091839600584174,8.715998335767392,1.909515643725862,0.8733012575769037,G1M1_new,g1m1_high_load,1.48,57.0,100.0,1.46,1.5,56,58,14,500
2023-08-08,2.0991410487854565,0.0002091839600584174,8.715998335767392,1.909515643725862,0.8733012575769037,G1M1_new,g1m1_high_load,1.48,57.0,100.0,1.46,1.5,56,58,14,500
2023-08-09,2.0993502327455147,0.0002091839600584174,8.715998335767392,1.909515643725862,0.8733012575769037,G1M1_new,g1m1_high_load,1.48,57.0,100.0,1.46,1.5,56,58,14,500
2023-08-10,2.0995594167055733,0.0002091839600584174,8.715998335767392,1.909515643725862,0.8733012575769037,G1M1_new,g1m1_high_load,1.48,57.0,100.0,1.46,1.5,56,58,14,500
2023-08-11,2.0997686006656315,0.0002091839600584174,8.715998335767392,1.909515643725862,0.8733012575769037,G1M1_new,g1m1_high_load,1.48,57.0,100.0,1.46,1.5,56,58,14,500
2023-08-12,2.09997778462569,0.0002091839600584174,8.715998335767392,1.909515643725862,0.8733012575769037,G1M1_new,g1m1_high_load,1.48,57.0,100.0,1.46,1.5,56,58,14,500
2023-08-13,2.1001869685857484,0.0002091839600584174,8.715998335767392,1.909515643725862,0.8733012575769037,G1M1_new,g1m1_high_load,1.48,57.0,100.0,1.46,1.5,56,58,14,500
2023-08-14,2.100396152545807,0.0002091839600584174,8.715998335767392,1.909515643725862,0.8733012575769037,G1M1_new,g1m1_high_load,1.48,57.0,100.0,1.46,1.5,56,58,14,500
2023-08-15,2.1006053365058652,0.0002091839600584174,8.715998335767392,1.909515643725862,0.8733012575769037,G1M1_new,g1m1_high_load,1.48,57.0,100.0,1.46,1.5,56,58,14,500
2023-08-16,2.1008145204659234,0.0002091839600584174,8.715998335767392,1.909515643725862,0.8733012575769037,G1M1_new,g1m1_high_load,1.48,57.0,100.0,1.46,1.5,56,58,14,500
2023-08-17,2.101023704425982,0.0002091839600584174,8.715998335767392,1.909515643725862,0.8733012575769037,G1M1_new,g1m1_high_load,1.48,57.0,100.0,1.46,1.5,56,58,14,500
2023-08-18,2.1012328883860407,0.0002091839600584174,8.715998335767392,1.909515643725862,0.8733012575769037,G1M1_new,g1m1_high_load,1.48,57.0,100.0,1.46,1.5,56,58,14,500
2023-08-19,2.101442072346099,0.0002091839600584174,8.715998335767392,1.909515643725862,0.8733012575769037,G1M1_new,g1m1_high_load,1.48,57.0,100.0,1.46,1.5,56,58,14,500
2023-08-20,2.101651256306157,0.0002091839600584174,8.715998335767392,1.909515643725862,0.8733012575769037,G1M1_new,g1m1_high_load,1.48,57.0,100.0,1.46,1.5,56,58,14,500
2023-08-21,2.1018604402662158,0.0002091839600584174,8.715998335767392,1.909515643725862,0.8733012575769037,G1M1_new,g1m1_high_load,1.48,57.0,100.0,1.46,1.5,56,58,14,500
2023-08-22,2.102069624226274,0.0002091839600584174,8.715998335767392,1.909515643725862,0.8733012575769037,G1M1_new,g1m1_high_load,1.48,57.0,100.0,1.46,1.5,56,58,14,500
2023-08-23,2.1022788081863326,0.0002091839600584174,8.715998335767392,1.909515643725862,0.8733012575769037,G1M1_new,g1m1_high_load,1.48,57.0,100.0,1.46,1.5,56,58,14,500
2023-08-24,2.102487992146391,0.0002091839600584174,8.715998335767392,1.909515643725862,0.8733012575769037,G1M1_new,g1m1_high_load,1.48,57.0,100.0,1.46,1.5,56,58,14,500
2023-08-25,2.1026971761064495,0.0002091839600584174,8.715998335767392,1.909515643725862,0.8733012575769037,G1M1_new,g1m1_high_load,1.48,57.0,100.0,1.46,1.5,56,58,14,500
2023-08-26,2.1029063600665077,0.0002091839600584174,8.715998335767392,1.909515643725862,0.8733012575769037,G1M1_new,g1m1_high_load,1.48,57.0,100.0,1.46,1.5,56,58,14,500
2023-08-27,2.1031155440265663,0.0002091839600584174,8.715998335767392,1.909515643725862,0.8733012575769037,G1M1_new,g1m1_high_load,1.48,57.0,100.0,1.46,1.5,56,58,14,500
2023-08-28,2.1033247279866245,0.0002091839600584174,8.715998335767392,1.909515643725862,0.8733012575769037,G1M1_new,g1m1_high_load,1.48,57.0,100.0,1.46,1.5,56,58,14,500
2023-08-29,2.103533911946683,0.0002091839600584174,8.715998335767392,1.909515643725862,0.8733012575769037,G1M1_new,g1m1_high_load,1.48,57.0,100.0,1.46,1.5,56,58,14,500
2023-08-30,2.1037430959067414,0.0002091839600584174,8.715998335767392,1.909515643725862,0.8733012575769037,G1M1_new,g1m1_high_load,1.48,57.0,100.0,1.46,1.5,56,58,14,500
2023-08-31,2.1039522798668,0.0002091839600584174,8.715998335767392,1.909515643725862,0.8733012575769037,G1M1_new,g1m1_high_load,1.48,57.0,100.0,1.46,1.5,56,58,14,500
2023-09-01,2.104161463826858,0.0002091839600584174,8.715998335767392,1.909515643725862,0.8733012575769037,G1M1_new,g1m1_high_load,1.48,57.0,100.0,1.46,1.5,56,58,14,500
2023-09-02,2.104370647786917,0.0002091839600584174,8.715998335767392,1.909515643725862,0.8733012575769037,G1M1_new,g1m1_high_load,1.48,57.0,100.0,1.46,1.5,56,58,14,500
2023-09-03,2.104579831746975,0.0002091839600584174,8.715998335767392,1.909515643725862,0.8733012575769037,G1M1_new,g1m1_high_load,1.48,57.0,100.0,1.46,1.5,56,58,14,500
2023-09-04,2.1047890157070337,0.0002091839600584174,8.715998335767392,1.909515643725862,0.8733012575769037,G1M1_new,g1m1_high_load,1.48,57.0,100.0,1.46,1.5,56,58,14,500
2023-09-05,2.104998199667092,0.0002091839600584174,8.715998335767392,1.909515643725862,0.8733012575769037,G1M1_new,g1m1_high_load,1.48,57.0,100.0,1.46,1.5,56,58,14,500
2023-09-06,2.1052073836271505,0.0002091839600584174,8.715998335767392,1.909515643725862,0.8733012575769037,G1M1_new,g1m1_high_load,1.48,57.0,100.0,1.46,1.5,56,58,14,500
2023-09-07,2.1054165675872087,0.0002091839600584174,8.715998335767392,1.909515643725862,0.8733012575769037,G1M1_new,g1m1_high_load,1.48,57.0,100.0,1.46,1.5,56,58,14,500
2023-09-08,2.1056257515472674,0.0002091839600584174,8.715998335767392,1.909515643725862,0.8733012575769037,G1M1_new,g1m1_high_load,1.48,57.0,100.0,1.46,1.5,56,58,14,500
2023-09-09,2.1058349355073256,0.0002091839600584174,8.715998335767392,1.909515643725862,0.8733012575769037,G1M1_new,g1m1_high_load,1.48,57.0,100.0,1.46,1.5,56,58,14,500
2023-09-10,2.1060441194673842,0.0002091839600584174,8.715998335767392,1.909515643725862,0.8733012575769037,G1M1_new,g1m1_high_load,1.48,57.0,100.0,1.46,1.5,56,58,14,500
2023-09-11,2.1062533034274424,0.0002091839600584174,8.715998335767392,1.909515643725862,0.8733012575769037,G1M1_new,g1m1_high_load,1.48,57.0,100.0,1.46,1.5,56,58,14,500
2023-09-12,2.106462487387501,0.0002091839600584174,8.715998335767392,1.909515643725862,0.8733012575769037,G1M1_new,g1m1_high_load,1.48,57.0,100.0,1.46,1.5,56,58,14,500
2023-09-13,2.1066716713475593,0.0002091839600584174,8.715998335767392,1.909515643725862,0.8733012575769037,G1M1_new,g1m1_high_load,1.48,57.0,100.0,1.46,1.5,56,58,14,500
2023-09-14,2.106880855307618,0.0002091839600584174,8.715998335767392,1.909515643725862,0.8733012575769037,G1M1_new,g1m1_high_load,1.48,57.0,100.0,1.46,1.5,56,58,14,500
2023-09-15,2.107090039267676,0.0002091839600584174,8.715998335767392,1.909515643725862,0.8733012575769037,G1M1_new,g1m1_high_load,1.48,57.0,100.0,1.46,1.5,56,58,14,500
2023-09-16,2.1072992232277348,0.0002091839600584174,8.715998335767392,1.909515643725862,0.8733012575769037,G1M1_new,g1m1_high_load,1.48,57.0,100.0,1.46,1.5,56,58,14,500
2023-09-17,2.107508407187793,0.0002091839600584174,8.715998335767392,1.909515643725862,0.8733012575769037,G1M1_new,g1m1_high_load,1.48,57.0,100.0,1.46,1.5,56,58,14,500
2023-09-18,2.1077175911478516,0.0002091839600584174,8.715998335767392,1.909515643725862,0.8733012575769037,G1M1_new,g1m1_high_load,1.48,57.0,100.0,1.46,1.5,56,58,14,500
2023-09-19,2.10792677510791,0.0002091839600584174,8.715998335767392,1.909515643725862,0.8733012575769037,G1M1_new,g1m1_high_load,1.48,57.0,100.0,1.46,1.5,56,58,14,500
2023-09-20,2.108135959067968,0.0002091839600584174,8.715998335767392,1.909515643725862,0.8733012575769037,G1M1_new,g1m1_high_load,1.48,57.0,100.0,1.46,1.5,56,58,14,500
2023-09-21,2.1083451430280267,0.0002091839600584174,8.715998335767392,1.909515643725862,0.8733012575769037,G1M1_new,g1m1_high_load,1.48,57.0,100.0,1.46,1.5,56,58,14,500
2023-09-22,2.1085543269880853,0.0002091839600584174,8.715998335767392,1.909515643725862,0.8733012575769037,G1M1_new,g1m1_high_load,1.48,57.0,100.0,1.46,1.5,56,58,14,500
2023-09-23,2.1087635109481435,0.0002091839600584174,8.715998335767392,1.909515643725862,0.8733012575769037,G1M1_new,g1m1_high_load,1.48,57.0,100.0,1.46,1.5,56,58,14,500
2023-09-24,2.1089726949082017,0.0002091839600584174,8.715998335767392,1.909515643725862,0.8733012575769037,G1M1_new,g1m1_high_load,1.48,57.0,100.0,1.46,1.5,56,58,14,500
2023-09-25,2.1091818788682604,0.0002091839600584174,8.715998335767392,1.909515643725862,0.8733012575769037,G1M1_new,g1m1_high_load,1.48,57.0,100.0,1.46,1.5,56,58,14,500
2023-09-26,2.1093910628283186,0.0002091839600584174,8.715998335767392,1.909515643725862,0.8733012575769037,G1M1_new,g1m1_high_load,1.48,57.0,100.0,1.46,1.5,56,58,14,500
2023-09-27,2.109600246788377,0.0002091839600584174,8.715998335767392,1.909515643725862,0.8733012575769037,G1M1_new,g1m1_high_load,1.48,57.0,100.0,1.46,1.5,56,58,14,500
2023-09-28,2.1098094307484354,0.0002091839600584174,8.715998335767392,1.909515643725862,0.8733012575769037,G1M1_new,g1m1_high_load,1.48,57.0,100.0,1.46,1.5,56,58,14,500
2023-09-29,2.110018614708494,0.0002091839600584174,8.715998335767392,1.909515643725862,0.8733012575769037,G1M1_new,g1m1_high_load,1.48,57.0,100.0,1.46,1.5,56,58,14,500
2023-09-30,2.1102277986685523,0.0002091839600584174,8.715998335767392,1.909515643725862,0.8733012575769037,G1M1_new,g1m1_high_load,1.48,57.0,100.0,1.46,1.5,56,58,14,500
2023-10-01,2.110436982628611,0.0002091839600584174,8.715998335767392,1.909515643725862,0.8733012575769037,G1M1_new,g1m1_high_load,1.48,57.0,100.0,1.46,1.5,56,58,14,500
2023-10-02,2.110646166588669,0.0002091839600584174,8.715998335767392,1.909515643725862,0.8733012575769037,G1M1_new,g1m1_high_load,1.48,57.0,100.0,1.46,1.5,56,58,14,500
2023-10-03,2.1108553505487277,0.0002091839600584174,8.715998335767392,1.909515643725862,0.8733012575769037,G1M1_new,g1m1_high_load,1.48,57.0,100.0,1.46,1.5,56,58,14,500
2023-10-04,2.111064534508786,0.0002091839600584174,8.715998335767392,1.909515643725862,0.8733012575769037,G1M1_new,g1m1_high_load,1.48,57.0,100.0,1.46,1.5,56,58,14,500
2023-10-05,2.1112737184688446,0.0002091839600584174,8.715998335767392,1.909515643725862,0.8733012575769037,G1M1_new,g1m1_high_load,1.48,57.0,100.0,1.46,1.5,56,58,14,500
2023-10-06,2.111482902428903,0.0002091839600584174,8.715998335767392,1.909515643725862,0.8733012575769037,G1M1_new,g1m1_high_load,1.48,57.0,100.0,1.46,1.5,56,58,14,500
2023-10-07,2.1116920863889614,0.0002091839600584174,8.715998335767392,1.909515643725862,0.8733012575769037,G1M1_new,g1m1_high_load,1.48,57.0,100.0,1.46,1.5,56,58,14,500
2023-10-08,2.1119012703490196,0.0002091839600584174,8.715998335767392,1.909515643725862,0.8733012575769037,G1M1_new,g1m1_high_load,1.48,57.0,100.0,1.46,1.5,56,58,14,500
2023-10-09,2.1121104543090783,0.0002091839600584174,8.715998335767392,1.909515643725862,0.8733012575769037,G1M1_new,g1m1_high_load,1.48,57.0,100.0,1.46,1.5,56,58,14,500
2023-10-10,2.1123196382691365,0.0002091839600584174,8.715998335767392,1.909515643725862,0.8733012575769037,G1M1_new,g1m1_high_load,1.48,57.0,100.0,1.46,1.5,56,58,14,500
2023-10-11,2.112528822229195,0.0002091839600584174,8.715998335767392,1.909515643725862,0.8733012575769037,G1M1_new,g1m1_high_load,1.48,57.0,100.0,1.46,1.5,56,58,14,500
2023-10-12,2.1127380061892533,0.0002091839600584174,8.715998335767392,1.909515643725862,0.8733012575769037,G1M1_new,g1m1_high_load,1.48,57.0,100.0,1.46,1.5,56,58,14,500
2023-10-13,2.112947190149312,0.0002091839600584174,8.715998335767392,1.909515643725862,0.8733012575769037,G1M1_new,g1m1_high_load,1.48,57.0,100.0,1.46,1.5,56,58,14,500
2023-10-14,2.11315637410937,0.0002091839600584174,8.715998335767392,1.909515643725862,0.8733012575769037,G1M1_new,g1m1_high_load,1.48,57.0,100.0,1.46,1.5,56,58,14,500
2023-10-15,2.113365558069429,0.0002091839600584174,8.715998335767392,1.909515643725862,0.8733012575769037,G1M1_new,g1m1_high_load,1.48,57.0,100.0,1.46,1.5,56,58,14,500
2023-10-16,2.113574742029487,0.0002091839600584174,8.715998335767392,1.909515643725862,0.8733012575769037,G1M1_new,g1m1_high_load,1.48,57.0,100.0,1.46,1.5,56,58,14,500
2023-10-17,2.1137839259895457,0.0002091839600584174,8.715998335767392,1.909515643725862,0.8733012575769037,G1M1_new,g1m1_high_load,1.48,57.0,100.0,1.46,1.5,56,58,14,500
2023-10-18,2.113993109949604,0.0002091839600584174,8.715998335767392,1.909515643725862,0.8733012575769037,G1M1_new,g1m1_high_load,1.48,57.0,100.0,1.46,1.5,56,58,14,500
2023-10-19,2.1142022939096625,0.0002091839600584174,8.715998335767392,1.909515643725862,0.8733012575769037,G1M1_new,g1m1_high_load,1.48,57.0,100.0,1.46,1.5,56,58,14,500
2023-10-20,2.1144114778697207,0.0002091839600584174,8.715998335767392,1.909515643725862,0.8733012575769037,G1M1_new,g1m1_high_load,1.48,57.0,100.0,1.46,1.5,56,58,14,500
2023-10-21,2.1146206618297794,0.0002091839600584174,8.715998335767392,1.909515643725862,0.8733012575769037,G1M1_new,g1m1_high_load,1.48,57.0,100.0,1.46,1.5,56,58,14,500
2023-10-22,2.1148298457898376,0.0002091839600584174,8.715998335767392,1.909515643725862,0.8733012575769037,G1M1_new,g1m1_high_load,1.48,57.0,100.0,1.46,1.5,56,58,14,500
2023-10-23,2.115039029749896,0.0002091839600584174,8.715998335767392,1.909515643725862,0.8733012575769037,G1M1_new,g1m1_high_load,1.48,57.0,100.0,1.46,1.5,56,58,14,500
2023-10-24,2.1152482137099544,0.0002091839600584174,8.715998335767392,1.909515643725862,0.8733012575769037,G1M1_new,g1m1_high_load,1.48,57.0,100.0,1.46,1.5,56,58,14,500
2023-10-25,2.115457397670013,0.0002091839600584174,8.715998335767392,1.909515643725862,0.8733012575769037,G1M1_new,g1m1_high_load,1.48,57.0,100.0,1.46,1.5,56,58,14,500
2023-10-26,2.1156665816300713,0.0002091839600584174,8.715998335767392,1.909515643725862,0.8733012575769037,G1M1_new,g1m1_high_load,1.48,57.0,100.0,1.46,1.5,56,58,14,500
2023-10-27,2.11587576559013,0.0002091839600584174,8.715998335767392,1.909515643725862,0.8733012575769037,G1M1_new,g1m1_high_load,1.48,57.0,100.0,1.46,1.5,56,58,14,500
2023-10-28,2.116084949550188,0.0002091839600584174,8.715998335767392,1.909515643725862,0.8733012575769037,G1M1_new,g1m1_high_load,1.48,57.0,100.0,1.46,1.5,56,58,14,500
2023-10-29,2.1162941335102463,0.0002091839600584174,8.715998335767392,1.909515643725862,0.8733012575769037,G1M1_new,g1m1_high_load,1.48,57.0,100.0,1.46,1.5,56,58,14,500
2023-10-30,2.116503317470305,0.0002091839600584174,8.715998335767392,1.909515643725862,0.8733012575769037,G1M1_new,g1m1_high_load,1.48,57.0,100.0,1.46,1.5,56,58,14,500
2023-10-31,2.1167125014303636,0.0002091839600584174,8.715998335767392,1.909515643725862,0.8733012575769037,G1M1_new,g1m1_high_load,1.48,57.0,100.0,1.46,1.5,56,58,14,500
2023-11-01,2.116921685390422,0.0002091839600584174,8.715998335767392,1.909515643725862,0.8733012575769037,G1M1_new,g1m1_high_load,1.48,57.0,100.0,1.46,1.5,56,58,14,500
2023-11-02,2.11713086935048,0.0002091839600584174,8.715998335767392,1.909515643725862,0.8733012575769037,G1M1_new,g1m1_high_load,1.48,57.0,100.0,1.46,1.5,56,58,14,500
2023-11-03,2.1173400533105387,0.0002091839600584174,8.715998335767392,1.909515643725862,0.8733012575769037,G1M1_new,g1m1_high_load,1.48,57.0,100.0,1.46,1.5,56,58,14,500
2023-11-04,2.117549237270597,0.0002091839600584174,8.715998335767392,1.909515643725862,0.8733012575769037,G1M1_new,g1m1_high_load,1.48,57.0,100.0,1.46,1.5,56,58,14,500
2023-11-05,2.1177584212306555,0.0002091839600584174,8.715998335767392,1.909515643725862,0.8733012575769037,G1M1_new,g1m1_high_load,1.48,57.0,100.0,1.46,1.5,56,58,14,500
2023-11-06,2.1179676051907137,0.0002091839600584174,8.715998335767392,1.909515643725862,0.8733012575769037,G1M1_new,g1m1_high_load,1.48,57.0,100.0,1.46,1.5,56,58,14,500
2023-11-07,2.1181767891507723,0.0002091839600584174,8.715998335767392,1.909515643725862,0.8733012575769037,G1M1_new,g1m1_high_load,1.48,57.0,100.0,1.46,1.5,56,58,14,500
2023-11-08,2.1183859731108305,0.0002091839600584174,8.715998335767392,1.909515643725862,0.8733012575769037,G1M1_new,g1m1_high_load,1.48,57.0,100.0,1.46,1.5,56,58,14,500
2023-11-09,2.118595157070889,0.0002091839600584174,8.715998335767392,1.909515643725862,0.8733012575769037,G1M1_new,g1m1_high_load,1.48,57.0,100.0,1.46,1.5,56,58,14,500
2023-11-10,2.1188043410309474,0.0002091839600584174,8.715998335767392,1.909515643725862,0.8733012575769037,G1M1_new,g1m1_high_load,1.48,57.0,100.0,1.46,1.5,56,58,14,500
2023-11-11,2.119013524991006,0.0002091839600584174,8.715998335767392,1.909515643725862,0.8733012575769037,G1M1_new,g1m1_high_load,1.48,57.0,100.0,1.46,1.5,56,58,14,500
2023-11-12,2.1192227089510642,0.0002091839600584174,8.715998335767392,1.909515643725862,0.8733012575769037,G1M1_new,g1m1_high_load,1.48,57.0,100.0,1.46,1.5,56,58,14,500
2023-11-13,2.119431892911123,0.0002091839600584174,8.715998335767392,1.909515643725862,0.8733012575769037,G1M1_new,g1m1_high_load,1.48,57.0,100.0,1.46,1.5,56,58,14,500
2023-11-14,2.119641076871181,0.0002091839600584174,8.715998335767392,1.909515643725862,0.8733012575769037,G1M1_new,g1m1_high_load,1.48,57.0,100.0,1.46,1.5,56,58,14,500
2023-11-15,2.1198502608312397,0.0002091839600584174,8.715998335767392,1.909515643725862,0.8733012575769037,G1M1_new,g1m1_high_load,1.48,57.0,100.0,1.46,1.5,56,58,14,500
2023-11-16,2.120059444791298,0.0002091839600584174,8.715998335767392,1.909515643725862,0.8733012575769037,G1M1_new,g1m1_high_load,1.48,57.0,100.0,1.46,1.5,56,58,14,500
2023-11-17,2.1202686287513566,0.0002091839600584174,8.715998335767392,1.909515643725862,0.8733012575769037,G1M1_new,g1m1_high_load,1.48,57.0,100.0,1.46,1.5,56,58,14,500
2023-11-18,2.1204778127114148,0.0002091839600584174,8.715998335767392,1.909515643725862,0.8733012575769037,G1M1_new,g1m1_high_load,1.48,57.0,100.0,1.46,1.5,56,58,14,500
2023-11-19,2.1206869966714734,0.0002091839600584174,8.715998335767392,1.909515643725862,0.8733012575769037,G1M1_new,g1m1_high_load,1.48,57.0,100.0,1.46,1.5,56,58,14,500
2023-11-20,2.1208961806315316,0.0002091839600584174,8.715998335767392,1.909515643725862,0.8733012575769037,G1M1_new,g1m1_high_load,1.48,57.0,100.0,1.46,1.5,56,58,14,500
2023-11-21,2.1211053645915903,0.0002091839600584174,8.715998335767392,1.909515643725862,0.8733012575769037,G1M1_new,g1m1_high_load,1.48,57.0,100.0,1.46,1.5,56,58,14,500
2023-11-22,2.1213145485516485,0.0002091839600584174,8.715998335767392,1.909515643725862,0.8733012575769037,G1M1_new,g1m1_high_load,1.48,57.0,100.0,1.46,1.5,56,58,14,500
2023-11-23,2.121523732511707,0.0002091839600584174,8.715998335767392,1.909515643725862,0.8733012575769037,G1M1_new,g1m1_high_load,1.48,57.0,100.0,1.46,1.5,56,58,14,500
2023-11-24,2.1217329164717653,0.0002091839600584174,8.715998335767392,1.909515643725862,0.8733012575769037,G1M1_new,g1m1_high_load,1.48,57.0,100.0,1.46,1.5,56,58,14,500
2023-11-25,2.121942100431824,0.0002091839600584174,8.715998335767392,1.909515643725862,0.8733012575769037,G1M1_new,g1m1_high_load,1.48,57.0,100.0,1.46,1.5,56,58,14,500
2023-11-26,2.122151284391882,0.0002091839600584174,8.715998335767392,1.909515643725862,0.8733012575769037,G1M1_new,g1m1_high_load,1.48,57.0,100.0,1.46,1.5,56,58,14,500
2023-11-27,2.122360468351941,0.0002091839600584174,8.715998335767392,1.909515643725862,0.8733012575769037,G1M1_new,g1m1_high_load,1.48,57.0,100.0,1.46,1.5,56,58,14,500
2023-11-28,2.122569652311999,0.0002091839600584174,8.715998335767392,1.909515643725862,0.8733012575769037,G1M1_new,g1m1_high_load,1.48,57.0,100.0,1.46,1.5,56,58,14,500
2023-11-29,2.1227788362720577,0.0002091839600584174,8.715998335767392,1.909515643725862,0.8733012575769037,G1M1_new,g1m1_high_load,1.48,57.0,100.0,1.46,1.5,56,58,14,500
2023-11-30,2.122988020232116,0.0002091839600584174,8.715998335767392,1.909515643725862,0.8733012575769037,G1M1_new,g1m1_high_load,1.48,57.0,100.0,1.46,1.5,56,58,14,500
2023-12-01,2.1231972041921745,0.0002091839600584174,8.715998335767392,1.909515643725862,0.8733012575769037,G1M1_new,g1m1_high_load,1.48,57.0,100.0,1.46,1.5,56,58,14,500
2023-12-02,2.1234063881522327,0.0002091839600584174,8.715998335767392,1.909515643725862,0.8733012575769037,G1M1_new,g1m1_high_load,1.48,57.0,100.0,1.46,1.5,56,58,14,500
2023-12-03,2.1236155721122913,0.0002091839600584174,8.715998335767392,1.909515643725862,0.8733012575769037,G1M1_new,g1m1_high_load,1.48,57.0,100.0,1.46,1.5,56,58,14,500
2023-12-04,2.1238247560723496,0.0002091839600584174,8.715998335767392,1.909515643725862,0.8733012575769037,G1M1_new,g1m1_high_load,1.48,57.0,100.0,1.46,1.5,56,58,14,500
2023-12-05,2.124033940032408,0.0002091839600584174,8.715998335767392,1.909515643725862,0.8733012575769037,G1M1_new,g1m1_high_load,1.48,57.0,100.0,1.46,1.5,56,58,14,500
2023-12-06,2.1242431239924664,0.0002091839600584174,8.715998335767392,1.909515643725862,0.8733012575769037,G1M1_new,g1m1_high_load,1.48,57.0,100.0,1.46,1.5,56,58,14,500
2023-12-07,2.1244523079525246,0.0002091839600584174,8.715998335767392,1.909515643725862,0.8733012575769037,G1M1_new,g1m1_high_load,1.48,57.0,100.0,1.46,1.5,56,58,14,500
2023-12-08,2.1246614919125832,0.0002091839600584174,8.715998335767392,1.909515643725862,0.8733012575769037,G1M1_new,g1m1_high_load,1.48,57.0,100.0,1.46,1.5,56,58,14,500
2023-12-09,2.1248706758726414,0.0002091839600584174,8.715998335767392,1.909515643725862,0.8733012575769037,G1M1_new,g1m1_high_load,1.48,57.0,100.0,1.46,1.5,56,58,14,500
2023-12-10,2.1250798598327,0.0002091839600584174,8.715998335767392,1.909515643725862,0.8733012575769037,G1M1_new,g1m1_high_load,1.48,57.0,100.0,1.46,1.5,56,58,14,500
2023-12-11,2.1252890437927583,0.0002091839600584174,8.715998335767392,1.909515643725862,0.8733012575769037,G1M1_new,g1m1_high_load,1.48,57.0,100.0,1.46,1.5,56,58,14,500
2023-12-12,2.125498227752817,0.0002091839600584174,8.715998335767392,1.909515643725862,0.8733012575769037,G1M1_new,g1m1_high_load,1.48,57.0,100.0,1.46,1.5,56,58,14,500
2023-12-13,2.125707411712875,0.0002091839600584174,8.715998335767392,1.909515643725862,0.8733012575769037,G1M1_new,g1m1_high_load,1.48,57.0,100.0,1.46,1.5,56,58,14,500
2023-12-14,2.125916595672934,0.0002091839600584174,8.715998335767392,1.909515643725862,0.8733012575769037,G1M1_new,g1m1_high_load,1.48,57.0,100.0,1.46,1.5,56,58,14,500
2023-12-15,2.126125779632992,0.0002091839600584174,8.715998335767392,1.909515643725862,0.8733012575769037,G1M1_new,g1m1_high_load,1.48,57.0,100.0,1.46,1.5,56,58,14,500
2023-12-16,2.1263349635930506,0.0002091839600584174,8.715998335767392,1.909515643725862,0.8733012575769037,G1M1_new,g1m1_high_load,1.48,57.0,100.0,1.46,1.5,56,58,14,500
2023-12-17,2.126544147553109,0.0002091839600584174,8.715998335767392,1.909515643725862,0.8733012575769037,G1M1_new,g1m1_high_load,1.48,57.0,100.0,1.46,1.5,56,58,14,500
2023-12-18,2.1267533315131675,0.0002091839600584174,8.715998335767392,1.909515643725862,0.8733012575769037,G1M1_new,g1m1_high_load,1.48,57.0,100.0,1.46,1.5,56,58,14,500
2023-12-19,2.1269625154732257,0.0002091839600584174,8.715998335767392,1.909515643725862,0.8733012575769037,G1M1_new,g1m1_high_load,1.48,57.0,100.0,1.46,1.5,56,58,14,500
2023-12-20,2.1271716994332843,0.0002091839600584174,8.715998335767392,1.909515643725862,0.8733012575769037,G1M1_new,g1m1_high_load,1.48,57.0,100.0,1.46,1.5,56,58,14,500
2023-12-21,2.1273808833933425,0.0002091839600584174,8.715998335767392,1.909515643725862,0.8733012575769037,G1M1_new,g1m1_high_load,1.48,57.0,100.0,1.46,1.5,56,58,14,500
2023-12-22,2.127590067353401,0.0002091839600584174,8.715998335767392,1.909515643725862,0.8733012575769037,G1M1_new,g1m1_high_load,1.48,57.0,100.0,1.46,1.5,56,58,14,500
2023-12-23,2.1277992513134594,0.0002091839600584174,8.715998335767392,1.909515643725862,0.8733012575769037,G1M1_new,g1m1_high_load,1.48,57.0,100.0,1.46,1.5,56,58,14,500
2023-12-24,2.128008435273518,0.0002091839600584174,8.715998335767392,1.909515643725862,0.8733012575769037,G1M1_new,g1m1_high_load,1.48,57.0,100.0,1.46,1.5,56,58,14,500
2023-12-25,2.128217619233576,0.0002091839600584174,8.715998335767392,1.909515643725862,0.8733012575769037,G1M1_new,g1m1_high_load,1.48,57.0,100.0,1.46,1.5,56,58,14,500
2023-12-26,2.128426803193635,0.0002091839600584174,8.715998335767392,1.909515643725862,0.8733012575769037,G1M1_new,g1m1_high_load,1.48,57.0,100.0,1.46,1.5,56,58,14,500
2023-12-27,2.128635987153693,0.0002091839600584174,8.715998335767392,1.909515643725862,0.8733012575769037,G1M1_new,g1m1_high_load,1.48,57.0,100.0,1.46,1.5,56,58,14,500
2023-12-28,2.1288451711137517,0.0002091839600584174,8.715998335767392,1.909515643725862,0.8733012575769037,G1M1_new,g1m1_high_load,1.48,57.0,100.0,1.46,1.5,56,58,14,500
2023-12-29,2.12905435507381,0.0002091839600584174,8.715998335767392,1.909515643725862,0.8733012575769037,G1M1_new,g1m1_high_load,1.48,57.0,100.0,1.46,1.5,56,58,14,500
2023-12-30,2.1292635390338686,0.0002091839600584174,8.715998335767392,1.909515643725862,0.8733012575769037,G1M1_new,g1m1_high_load,1.48,57.0,100.0,1.46,1.5,56,58,14,500
2023-12-31,2.1294727229939268,0.0002091839600584174,8.715998335767392,1.909515643725862,0.8733012575769037,G1M1_new,g1m1_high_load,1.48,57.0,100.0,1.46,1.5,56,58,14,500
2024-01-01,2.1296819069539854,0.0002091839600584174,8.715998335767392,1.909515643725862,0.8733012575769037,G1M1_new,g1m1_high_load,1.48,57.0,100.0,1.46,1.5,56,58,14,500
2024-01-02,2.1298910909140436,0.0002091839600584174,8.715998335767392,1.909515643725862,0.8733012575769037,G1M1_new,g1m1_high_load,1.48,57.0,100.0,1.46,1.5,56,58,14,500
2024-01-03,2.1301002748741023,0.0002091839600584174,8.715998335767392,1.909515643725862,0.8733012575769037,G1M1_new,g1m1_high_load,1.48,57.0,100.0,1.46,1.5,56,58,14,500
2024-01-04,2.1303094588341605,0.0002091839600584174,8.715998335767392,1.909515643725862,0.8733012575769037,G1M1_new,g1m1_high_load,1.48,57.0,100.0,1.46,1.5,56,58,14,500
2024-01-05,2.130518642794219,0.0002091839600584174,8.715998335767392,1.909515643725862,0.8733012575769037,G1M1_new,g1m1_high_load,1.48,57.0,100.0,1.46,1.5,56,58,14,500
2024-01-06,2.1307278267542773,0.0002091839600584174,8.715998335767392,1.909515643725862,0.8733012575769037,G1M1_new,g1m1_high_load,1.48,57.0,100.0,1.46,1.5,56,58,14,500
2024-01-07,2.130937010714336,0.0002091839600584174,8.715998335767392,1.909515643725862,0.8733012575769037,G1M1_new,g1m1_high_load,1.48,57.0,100.0,1.46,1.5,56,58,14,500
2024-01-08,2.131146194674394,0.0002091839600584174,8.715998335767392,1.909515643725862,0.8733012575769037,G1M1_new,g1m1_high_load,1.48,57.0,100.0,1.46,1.5,56,58,14,500
2024-01-09,2.131355378634453,0.0002091839600584174,8.715998335767392,1.909515643725862,0.8733012575769037,G1M1_new,g1m1_high_load,1.48,57.0,100.0,1.46,1.5,56,58,14,500
2024-01-10,2.131564562594511,0.0002091839600584174,8.715998335767392,1.909515643725862,0.8733012575769037,G1M1_new,g1m1_high_load,1.48,57.0,100.0,1.46,1.5,56,58,14,500
2024-01-11,2.131773746554569,0.0002091839600584174,8.715998335767392,1.909515643725862,0.8733012575769037,G1M1_new,g1m1_high_load,1.48,57.0,100.0,1.46,1.5,56,58,14,500
2024-01-12,2.131982930514628,0.0002091839600584174,8.715998335767392,1.909515643725862,0.8733012575769037,G1M1_new,g1m1_high_load,1.48,57.0,100.0,1.46,1.5,56,58,14,500
2024-01-13,2.1321921144746865,0.0002091839600584174,8.715998335767392,1.909515643725862,0.8733012575769037,G1M1_new,g1m1_high_load,1.48,57.0,100.0,1.46,1.5,56,58,14,500
2024-01-14,2.1324012984347447,0.0002091839600584174,8.715998335767392,1.909515643725862,0.8733012575769037,G1M1_new,g1m1_high_load,1.48,57.0,100.0,1.46,1.5,56,58,14,500
2024-01-15,2.132610482394803,0.0002091839600584174,8.715998335767392,1.909515643725862,0.8733012575769037,G1M1_new,g1m1_high_load,1.48,57.0,100.0,1.46,1.5,56,58,14,500
2024-01-16,2.1328196663548615,0.0002091839600584174,8.715998335767392,1.909515643725862,0.8733012575769037,G1M1_new,g1m1_high_load,1.48,57.0,100.0,1.46,1.5,56,58,14,500
2024-01-17,2.1330288503149197,0.0002091839600584174,8.715998335767392,1.909515643725862,0.8733012575769037,G1M1_new,g1m1_high_load,1.48,57.0,100.0,1.46,1.5,56,58,14,500
2024-01-18,2.1332380342749784,0.0002091839600584174,8.715998335767392,1.909515643725862,0.8733012575769037,G1M1_new,g1m1_high_load,1.48,57.0,100.0,1.46,1.5,56,58,14,500
2024-01-19,2.1334472182350366,0.0002091839600584174,8.715998335767392,1.909515643725862,0.8733012575769037,G1M1_new,g1m1_high_load,1.48,57.0,100.0,1.46,1.5,56,58,14,500
2024-01-20,2.1336564021950952,0.0002091839600584174,8.715998335767392,1.909515643725862,0.8733012575769037,G1M1_new,g1m1_high_load,1.48,57.0,100.0,1.46,1.5,56,58,14,500
2024-01-21,2.1338655861551534,0.0002091839600584174,8.715998335767392,1.909515643725862,0.8733012575769037,G1M1_new,g1m1_high_load,1.48,57.0,100.0,1.46,1.5,56,58,14,500
2024-01-22,2.134074770115212,0.0002091839600584174,8.715998335767392,1.909515643725862,0.8733012575769037,G1M1_new,g1m1_high_load,1.48,57.0,100.0,1.46,1.5,56,58,14,500
2024-01-23,2.1342839540752703,0.0002091839600584174,8.715998335767392,1.909515643725862,0.8733012575769037,G1M1_new,g1m1_high_load,1.48,57.0,100.0,1.46,1.5,56,58,14,500
2024-01-24,2.134493138035329,0.0002091839600584174,8.715998335767392,1.909515643725862,0.8733012575769037,G1M1_new,g1m1_high_load,1.48,57.0,100.0,1.46,1.5,56,58,14,500
2024-01-25,2.134702321995387,0.0002091839600584174,8.715998335767392,1.909515643725862,0.8733012575769037,G1M1_new,g1m1_high_load,1.48,57.0,100.0,1.46,1.5,56,58,14,500
2024-01-26,2.1349115059554458,0.0002091839600584174,8.715998335767392,1.909515643725862,0.8733012575769037,G1M1_new,g1m1_high_load,1.48,57.0,100.0,1.46,1.5,56,58,14,500
2024-01-27,2.135120689915504,0.0002091839600584174,8.715998335767392,1.909515643725862,0.8733012575769037,G1M1_new,g1m1_high_load,1.48,57.0,100.0,1.46,1.5,56,58,14,500
2024-01-28,2.1353298738755626,0.0002091839600584174,8.715998335767392,1.909515643725862,0.8733012575769037,G1M1_new,g1m1_high_load,1.48,57.0,100.0,1.46,1.5,56,58,14,500
2024-01-29,2.135539057835621,0.0002091839600584174,8.715998335767392,1.909515643725862,0.8733012575769037,G1M1_new,g1m1_high_load,1.48,57.0,100.0,1.46,1.5,56,58,14,500
2024-01-30,2.1357482417956795,0.0002091839600584174,8.715998335767392,1.909515643725862,0.8733012575769037,G1M1_new,g1m1_high_load,1.48,57.0,100.0,1.46,1.5,56,58,14,500
2024-01-31,2.1359574257557377,0.0002091839600584174,8.715998335767392,1.909515643725862,0.8733012575769037,G1M1_new,g1m1_high_load,1.48,57.0,100.0,1.46,1.5,56,58,14,500
2024-02-01,2.1361666097157963,0.0002091839600584174,8.715998335767392,1.909515643725862,0.8733012575769037,G1M1_new,g1m1_high_load,1.48,57.0,100.0,1.46,1.5,56,58,14,500
2024-02-02,2.1363757936758545,0.0002091839600584174,8.715998335767392,1.909515643725862,0.8733012575769037,G1M1_new,g1m1_high_load,1.48,57.0,100.0,1.46,1.5,56,58,14,500
2024-02-03,2.136584977635913,0.0002091839600584174,8.715998335767392,1.909515643725862,0.8733012575769037,G1M1_new,g1m1_high_load,1.48,57.0,100.0,1.46,1.5,56,58,14,500
2024-02-04,2.1367941615959714,0.0002091839600584174,8.715998335767392,1.909515643725862,0.8733012575769037,G1M1_new,g1m1_high_load,1.48,57.0,100.0,1.46,1.5,56,58,14,500
2024-02-05,2.13700334555603,0.0002091839600584174,8.715998335767392,1.909515643725862,0.8733012575769037,G1M1_new,g1m1_high_load,1.48,57.0,100.0,1.46,1.5,56,58,14,500
2024-02-06,2.137212529516088,0.0002091839600584174,8.715998335767392,1.909515643725862,0.8733012575769037,G1M1_new,g1m1_high_load,1.48,57.0,100.0,1.46,1.5,56,58,14,500
2024-02-07,2.137421713476147,0.0002091839600584174,8.715998335767392,1.909515643725862,0.8733012575769037,G1M1_new,g1m1_high_load,1.48,57.0,100.0,1.46,1.5,56,58,14,500
2024-02-08,2.137630897436205,0.0002091839600584174,8.715998335767392,1.909515643725862,0.8733012575769037,G1M1_new,g1m1_high_load,1.48,57.0,100.0,1.46,1.5,56,58,14,500
2024-02-09,2.1378400813962637,0.0002091839600584174,8.715998335767392,1.909515643725862,0.8733012575769037,G1M1_new,g1m1_high_load,1.48,57.0,100.0,1.46,1.5,56,58,14,500
2024-02-10,2.138049265356322,0.0002091839600584174,8.715998335767392,1.909515643725862,0.8733012575769037,G1M1_new,g1m1_high_load,1.48,57.0,100.0,1.46,1.5,56,58,14,500
2024-02-11,2.1382584493163805,0.0002091839600584174,8.715998335767392,1.909515643725862,0.8733012575769037,G1M1_new,g1m1_high_load,1.48,57.0,100.0,1.46,1.5,56,58,14,500
2024-02-12,2.1384676332764387,0.0002091839600584174,8.715998335767392,1.909515643725862,0.8733012575769037,G1M1_new,g1m1_high_load,1.48,57.0,100.0,1.46,1.5,56,58,14,500
2024-02-13,2.1386768172364974,0.0002091839600584174,8.715998335767392,1.909515643725862,0.8733012575769037,G1M1_new,g1m1_high_load,1.48,57.0,100.0,1.46,1.5,56,58,14,500
2024-02-14,2.1388860011965556,0.0002091839600584174,8.715998335767392,1.909515643725862,0.8733012575769037,G1M1_new,g1m1_high_load,1.48,57.0,100.0,1.46,1.5,56,58,14,500
2024-02-15,2.1390951851566142,0.0002091839600584174,8.715998335767392,1.909515643725862,0.8733012575769037,G1M1_new,g1m1_high_load,1.48,57.0,100.0,1.46,1.5,56,58,14,500
2024-02-16,2.1393043691166724,0.0002091839600584174,8.715998335767392,1.909515643725862,0.8733012575769037,G1M1_new,g1m1_high_load,1.48,57.0,100.0,1.46,1.5,56,58,14,500
2024-02-17,2.139513553076731,0.0002091839600584174,8.715998335767392,1.909515643725862,0.8733012575769037,G1M1_new,g1m1_high_load,1.48,57.0,100.0,1.46,1.5,56,58,14,500
2024-02-18,2.1397227370367893,0.0002091839600584174,8.715998335767392,1.909515643725862,0.8733012575769037,G1M1_new,g1m1_high_load,1.48,57.0,100.0,1.46,1.5,56,58,14,500
2024-02-19,2.1399319209968475,0.0002091839600584174,8.715998335767392,1.909515643725862,0.8733012575769037,G1M1_new,g1m1_high_load,1.48,57.0,100.0,1.46,1.5,56,58,14,500
2024-02-20,2.140141104956906,0.0002091839600584174,8.715998335767392,1.909515643725862,0.8733012575769037,G1M1_new,g1m1_high_load,1.48,57.0,100.0,1.46,1.5,56,58,14,500
2024-02-21,2.1403502889169648,0.0002091839600584174,8.715998335767392,1.909515643725862,0.8733012575769037,G1M1_new,g1m1_high_load,1.48,57.0,100.0,1.46,1.5,56,58,14,500
2024-02-22,2.140559472877023,0.0002091839600584174,8.715998335767392,1.909515643725862,0.8733012575769037,G1M1_new,g1m1_high_load,1.48,57.0,100.0,1.46,1.5,56,58,14,500
2024-02-23,2.140768656837081,0.0002091839600584174,8.715998335767392,1.909515643725862,0.8733012575769037,G1M1_new,g1m1_high_load,1.48,57.0,100.0,1.46,1.5,56,58,14,500
2024-02-24,2.14097784079714,0.0002091839600584174,8.715998335767392,1.909515643725862,0.8733012575769037,G1M1_new,g1m1_high_load,1.48,57.0,100.0,1.46,1.5,56,58,14,500
2024-02-25,2.141187024757198,0.0002091839600584174,8.715998335767392,1.909515643725862,0.8733012575769037,G1M1_new,g1m1_high_load,1.48,57.0,100.0,1.46,1.5,56,58,14,500
2024-02-26,2.1413962087172567,0.0002091839600584174,8.715998335767392,1.909515643725862,0.8733012575769037,G1M1_new,g1m1_high_load,1.48,57.0,100.0,1.46,1.5,56,58,14,500
2024-02-27,2.141605392677315,0.0002091839600584174,8.715998335767392,1.909515643725862,0.8733012575769037,G1M1_new,g1m1_high_load,1.48,57.0,100.0,1.46,1.5,56,58,14,500
2024-02-28,2.1418145766373735,0.0002091839600584174,8.715998335767392,1.909515643725862,0.8733012575769037,G1M1_new,g1m1_high_load,1.48,57.0,100.0,1.46,1.5,56,58,14,500
2024-02-29,2.1420237605974317,0.0002091839600584174,8.715998335767392,1.909515643725862,0.8733012575769037,G1M1_new,g1m1_high_load,1.48,57.0,100.0,1.46,1.5,56,58,14,500
2024-03-01,2.1422329445574904,0.0002091839600584174,8.715998335767392,1.909515643725862,0.8733012575769037,G1M1_new,g1m1_high_load,1.48,57.0,100.0,1.46,1.5,56,58,14,500
2024-03-02,2.1424421285175486,0.0002091839600584174,8.715998335767392,1.909515643725862,0.8733012575769037,G1M1_new,g1m1_high_load,1.48,57.0,100.0,1.46,1.5,56,58,14,500
2024-03-03,2.142651312477607,0.0002091839600584174,8.715998335767392,1.909515643725862,0.8733012575769037,G1M1_new,g1m1_high_load,1.48,57.0,100.0,1.46,1.5,56,58,14,500
2024-03-04,2.1428604964376654,0.0002091839600584174,8.715998335767392,1.909515643725862,0.8733012575769037,G1M1_new,g1m1_high_load,1.48,57.0,100.0,1.46,1.5,56,58,14,500
2024-03-05,2.143069680397724,0.0002091839600584174,8.715998335767392,1.909515643725862,0.8733012575769037,G1M1_new,g1m1_high_load,1.48,57.0,100.0,1.46,1.5,56,58,14,500
2024-03-06,2.1432788643577823,0.0002091839600584174,8.715998335767392,1.909515643725862,0.8733012575769037,G1M1_new,g1m1_high_load,1.48,57.0,100.0,1.46,1.5,56,58,14,500
2024-03-07,2.143488048317841,0.0002091839600584174,8.715998335767392,1.909515643725862,0.8733012575769037,G1M1_new,g1m1_high_load,1.48,57.0,100.0,1.46,1.5,56,58,14,500
2024-03-08,2.143697232277899,0.0002091839600584174,8.715998335767392,1.909515643725862,0.8733012575769037,G1M1_new,g1m1_high_load,1.48,57.0,100.0,1.46,1.5,56,58,14,500
2024-03-09,2.1439064162379577,0.0002091839600584174,8.715998335767392,1.909515643725862,0.8733012575769037,G1M1_new,g1m1_high_load,1.48,57.0,100.0,1.46,1.5,56,58,14,500
2024-03-10,2.144115600198016,0.0002091839600584174,8.715998335767392,1.909515643725862,0.8733012575769037,G1M1_new,g1m1_high_load,1.48,57.0,100.0,1.46,1.5,56,58,14,500
2024-03-11,2.1443247841580746,0.0002091839600584174,8.715998335767392,1.909515643725862,0.8733012575769037,G1M1_new,g1m1_high_load,1.48,57.0,100.0,1.46,1.5,56,58,14,500
2024-03-12,2.144533968118133,0.0002091839600584174,8.715998335767392,1.909515643725862,0.8733012575769037,G1M1_new,g1m1_high_load,1.48,57.0,100.0,1.46,1.5,56,58,14,500
2024-03-13,2.1447431520781914,0.0002091839600584174,8.715998335767392,1.909515643725862,0.8733012575769037,G1M1_new,g1m1_high_load,1.48,57.0,100.0,1.46,1.5,56,58,14,500
2024-03-14,2.1449523360382496,0.0002091839600584174,8.715998335767392,1.909515643725862,0.8733012575769037,G1M1_new,g1m1_high_load,1.48,57.0,100.0,1.46,1.5,56,58,14,500
2024-03-15,2.1451615199983083,0.0002091839600584174,8.715998335767392,1.909515643725862,0.8733012575769037,G1M1_new,g1m1_high_load,1.48,57.0,100.0,1.46,1.5,56,58,14,500
2024-03-16,2.1453707039583665,0.0002091839600584174,8.715998335767392,1.909515643725862,0.8733012575769037,G1M1_new,g1m1_high_load,1.48,57.0,100.0,1.46,1.5,56,58,14,500
2024-03-17,2.145579887918425,0.0002091839600584174,8.715998335767392,1.909515643725862,0.8733012575769037,G1M1_new,g1m1_high_load,1.48,57.0,100.0,1.46,1.5,56,58,14,500
2024-03-18,2.1457890718784833,0.0002091839600584174,8.715998335767392,1.909515643725862,0.8733012575769037,G1M1_new,g1m1_high_load,1.48,57.0,100.0,1.46,1.5,56,58,14,500
2024-03-19,2.145998255838542,0.0002091839600584174,8.715998335767392,1.909515643725862,0.8733012575769037,G1M1_new,g1m1_high_load,1.48,57.0,100.0,1.46,1.5,56,58,14,500
2024-03-20,2.1462074397986,0.0002091839600584174,8.715998335767392,1.909515643725862,0.8733012575769037,G1M1_new,g1m1_high_load,1.48,57.0,100.0,1.46,1.5,56,58,14,500
2024-03-21,2.146416623758659,0.0002091839600584174,8.715998335767392,1.909515643725862,0.8733012575769037,G1M1_new,g1m1_high_load,1.48,57.0,100.0,1.46,1.5,56,58,14,500
2024-03-22,2.146625807718717,0.0002091839600584174,8.715998335767392,1.909515643725862,0.8733012575769037,G1M1_new,g1m1_high_load,1.48,57.0,100.0,1.46,1.5,56,58,14,500
2024-03-23,2.1468349916787757,0.0002091839600584174,8.715998335767392,1.909515643725862,0.8733012575769037,G1M1_new,g1m1_high_load,1.48,57.0,100.0,1.46,1.5,56,58,14,500
2024-03-24,2.147044175638834,0.0002091839600584174,8.715998335767392,1.909515643725862,0.8733012575769037,G1M1_new,g1m1_high_load,1.48,57.0,100.0,1.46,1.5,56,58,14,500
2024-03-25,2.147253359598892,0.0002091839600584174,8.715998335767392,1.909515643725862,0.8733012575769037,G1M1_new,g1m1_high_load,1.48,57.0,100.0,1.46,1.5,56,58,14,500
2024-03-26,2.1474625435589507,0.0002091839600584174,8.715998335767392,1.909515643725862,0.8733012575769037,G1M1_new,g1m1_high_load,1.48,57.0,100.0,1.46,1.5,56,58,14,500
2024-03-27,2.1476717275190094,0.0002091839600584174,8.715998335767392,1.909515643725862,0.8733012575769037,G1M1_new,g1m1_high_load,1.48,57.0,100.0,1.46,1.5,56,58,14,500
2024-03-28,2.1478809114790676,0.0002091839600584174,8.715998335767392,1.909515643725862,0.8733012575769037,G1M1_new,g1m1_high_load,1.48,57.0,100.0,1.46,1.5,56,58,14,500
2024-03-29,2.1480900954391258,0.0002091839600584174,8.715998335767392,1.909515643725862,0.8733012575769037,G1M1_new,g1m1_high_load,1.48,57.0,100.0,1.46,1.5,56,58,14,500
2024-03-30,2.1482992793991844,0.0002091839600584174,8.715998335767392,1.909515643725862,0.8733012575769037,G1M1_new,g1m1_high_load,1.48,57.0,100.0,1.46,1.5,56,58,14,500
2024-03-31,2.1485084633592426,0.0002091839600584174,8.715998335767392,1.909515643725862,0.8733012575769037,G1M1_new,g1m1_high_load,1.48,57.0,100.0,1.46,1.5,56,58,14,500
2024-04-01,2.1487176473193013,0.0002091839600584174,8.715998335767392,1.909515643725862,0.8733012575769037,G1M1_new,g1m1_high_load,1.48,57.0,100.0,1.46,1.5,56,58,14,500
2024-04-02,2.1489268312793595,0.0002091839600584174,8.715998335767392,1.909515643725862,0.8733012575769037,G1M1_new,g1m1_high_load,1.48,57.0,100.0,1.46,1.5,56,58,14,500
2024-04-03,2.149136015239418,0.0002091839600584174,8.715998335767392,1.909515643725862,0.8733012575769037,G1M1_new,g1m1_high_load,1.48,57.0,100.0,1.46,1.5,56,58,14,500
2024-04-04,2.1493451991994763,0.0002091839600584174,8.715998335767392,1.909515643725862,0.8733012575769037,G1M1_new,g1m1_high_load,1.48,57.0,100.0,1.46,1.5,56,58,14,500
2024-04-05,2.149554383159535,0.0002091839600584174,8.715998335767392,1.909515643725862,0.8733012575769037,G1M1_new,g1m1_high_load,1.48,57.0,100.0,1.46,1.5,56,58,14,500
2024-04-06,2.149763567119593,0.0002091839600584174,8.715998335767392,1.909515643725862,0.8733012575769037,G1M1_new,g1m1_high_load,1.48,57.0,100.0,1.46,1.5,56,58,14,500
2024-04-07,2.149972751079652,0.0002091839600584174,8.715998335767392,1.909515643725862,0.8733012575769037,G1M1_new,g1m1_high_load,1.48,57.0,100.0,1.46,1.5,56,58,14,500
2024-04-08,2.15018193503971,0.0002091839600584174,8.715998335767392,1.909515643725862,0.8733012575769037,G1M1_new,g1m1_high_load,1.48,57.0,100.0,1.46,1.5,56,58,14,500
2024-04-09,2.1503911189997686,0.0002091839600584174,8.715998335767392,1.909515643725862,0.8733012575769037,G1M1_new,g1m1_high_load,1.48,57.0,100.0,1.46,1.5,56,58,14,500
2024-04-10,2.150600302959827,0.0002091839600584174,8.715998335767392,1.909515643725862,0.8733012575769037,G1M1_new,g1m1_high_load,1.48,57.0,100.0,1.46,1.5,56,58,14,500
2024-04-11,2.1508094869198855,0.0002091839600584174,8.715998335767392,1.909515643725862,0.8733012575769037,G1M1_new,g1m1_high_load,1.48,57.0,100.0,1.46,1.5,56,58,14,500
2024-04-12,2.1510186708799437,0.0002091839600584174,8.715998335767392,1.909515643725862,0.8733012575769037,G1M1_new,g1m1_high_load,1.48,57.0,100.0,1.46,1.5,56,58,14,500
2024-04-13,2.1512278548400023,0.0002091839600584174,8.715998335767392,1.909515643725862,0.8733012575769037,G1M1_new,g1m1_high_load,1.48,57.0,100.0,1.46,1.5,56,58,14,500
2024-04-14,2.1514370388000605,0.0002091839600584174,8.715998335767392,1.909515643725862,0.8733012575769037,G1M1_new,g1m1_high_load,1.48,57.0,100.0,1.46,1.5,56,58,14,500
2024-04-15,2.151646222760119,0.0002091839600584174,8.715998335767392,1.909515643725862,0.8733012575769037,G1M1_new,g1m1_high_load,1.48,57.0,100.0,1.46,1.5,56,58,14,500
2024-04-16,2.1518554067201774,0.0002091839600584174,8.715998335767392,1.909515643725862,0.8733012575769037,G1M1_new,g1m1_high_load,1.48,57.0,100.0,1.46,1.5,56,58,14,500
2024-04-17,2.152064590680236,0.0002091839600584174,8.715998335767392,1.909515643725862,0.8733012575769037,G1M1_new,g1m1_high_load,1.48,57.0,100.0,1.46,1.5,56,58,14,500
2024-04-18,2.1522737746402942,0.0002091839600584174,8.715998335767392,1.909515643725862,0.8733012575769037,G1M1_new,g1m1_high_load,1.48,57.0,100.0,1.46,1.5,56,58,14,500
2024-04-19,2.152482958600353,0.0002091839600584174,8.715998335767392,1.909515643725862,0.8733012575769037,G1M1_new,g1m1_high_load,1.48,57.0,100.0,1.46,1.5,56,58,14,500
2024-04-20,2.152692142560411,0.0002091839600584174,8.715998335767392,1.909515643725862,0.8733012575769037,G1M1_new,g1m1_high_load,1.48,57.0,100.0,1.46,1.5,56,58,14,500
2024-04-21,2.1529013265204697,0.0002091839600584174,8.715998335767392,1.909515643725862,0.8733012575769037,G1M1_new,g1m1_high_load,1.48,57.0,100.0,1.46,1.5,56,58,14,500
2024-04-22,2.153110510480528,0.0002091839600584174,8.715998335767392,1.909515643725862,0.8733012575769037,G1M1_new,g1m1_high_load,1.48,57.0,100.0,1.46,1.5,56,58,14,500
2024-04-23,2.1533196944405866,0.0002091839600584174,8.715998335767392,1.909515643725862,0.8733012575769037,G1M1_new,g1m1_high_load,1.48,57.0,100.0,1.46,1.5,56,58,14,500
2024-04-24,2.1535288784006448,0.0002091839600584174,8.715998335767392,1.909515643725862,0.8733012575769037,G1M1_new,g1m1_high_load,1.48,57.0,100.0,1.46,1.5,56,58,14,500
2024-04-25,2.1537380623607034,0.0002091839600584174,8.715998335767392,1.909515643725862,0.8733012575769037,G1M1_new,g1m1_high_load,1.48,57.0,100.0,1.46,1.5,56,58,14,500
2024-04-26,2.1539472463207616,0.0002091839600584174,8.715998335767392,1.909515643725862,0.8733012575769037,G1M1_new,g1m1_high_load,1.48,57.0,100.0,1.46,1.5,56,58,14,500
2024-04-27,2.1541564302808203,0.0002091839600584174,8.715998335767392,1.909515643725862,0.8733012575769037,G1M1_new,g1m1_high_load,1.48,57.0,100.0,1.46,1.5,56,58,14,500
2024-04-28,2.1543656142408785,0.0002091839600584174,8.715998335767392,1.909515643725862,0.8733012575769037,G1M1_new,g1m1_high_load,1.48,57.0,100.0,1.46,1.5,56,58,14,500
2024-04-29,2.154574798200937,0.0002091839600584174,8.715998335767392,1.909515643725862,0.8733012575769037,G1M1_new,g1m1_high_load,1.48,57.0,100.0,1.46,1.5,56,58,14,500
2024-04-30,2.1547839821609953,0.0002091839600584174,8.715998335767392,1.909515643725862,0.8733012575769037,G1M1_new,g1m1_high_load,1.48,57.0,100.0,1.46,1.5,56,58,14,500
2024-05-01,2.154993166121054,0.0002091839600584174,8.715998335767392,1.909515643725862,0.8733012575769037,G1M1_new,g1m1_high_load,1.48,57.0,100.0,1.46,1.5,56,58,14,500
2024-05-02,2.155202350081112,0.0002091839600584174,8.715998335767392,1.909515643725862,0.8733012575769037,G1M1_new,g1m1_high_load,1.48,57.0,100.0,1.46,1.5,56,58,14,500
2024-05-03,2.1554115340411704,0.0002091839600584174,8.715998335767392,1.909515643725862,0.8733012575769037,G1M1_new,g1m1_high_load,1.48,57.0,100.0,1.46,1.5,56,58,14,500
2024-05-04,2.155620718001229,0.0002091839600584174,8.715998335767392,1.909515643725862,0.8733012575769037,G1M1_new,g1m1_high_load,1.48,57.0,100.0,1.46,1.5,56,58,14,500
2024-05-05,2.1558299019612877,0.0002091839600584174,8.715998335767392,1.909515643725862,0.8733012575769037,G1M1_new,g1m1_high_load,1.48,57.0,100.0,1.46,1.5,56,58,14,500
2024-05-06,2.156039085921346,0.0002091839600584174,8.715998335767392,1.909515643725862,0.8733012575769037,G1M1_new,g1m1_high_load,1.48,57.0,100.0,1.46,1.5,56,58,14,500
2024-05-07,2.156248269881404,0.0002091839600584174,8.715998335767392,1.909515643725862,0.8733012575769037,G1M1_new,g1m1_high_load,1.48,57.0,100.0,1.46,1.5,56,58,14,500
2024-05-08,2.1564574538414627,0.0002091839600584174,8.715998335767392,1.909515643725862,0.8733012575769037,G1M1_new,g1m1_high_load,1.48,57.0,100.0,1.46,1.5,56,58,14,500
2024-05-09,2.156666637801521,0.0002091839600584174,8.715998335767392,1.909515643725862,0.8733012575769037,G1M1_new,g1m1_high_load,1.48,57.0,100.0,1.46,1.5,56,58,14,500
2024-05-10,2.1568758217615795,0.0002091839600584174,8.715998335767392,1.909515643725862,0.8733012575769037,G1M1_new,g1m1_high_load,1.48,57.0,100.0,1.46,1.5,56,58,14,500
2024-05-11,2.1570850057216377,0.0002091839600584174,8.715998335767392,1.909515643725862,0.8733012575769037,G1M1_new,g1m1_high_load,1.48,57.0,100.0,1.46,1.5,56,58,14,500
2024-05-12,2.1572941896816964,0.0002091839600584174,8.715998335767392,1.909515643725862,0.8733012575769037,G1M1_new,g1m1_high_load,1.48,57.0,100.0,1.46,1.5,56,58,14,500
2024-05-13,2.1575033736417546,0.0002091839600584174,8.715998335767392,1.909515643725862,0.8733012575769037,G1M1_new,g1m1_high_load,1.48,57.0,100.0,1.46,1.5,56,58,14,500
2024-05-14,2.1577125576018132,0.0002091839600584174,8.715998335767392,1.909515643725862,0.8733012575769037,G1M1_new,g1m1_high_load,1.48,57.0,100.0,1.46,1.5,56,58,14,500
2024-05-15,2.1579217415618714,0.0002091839600584174,8.715998335767392,1.909515643725862,0.8733012575769037,G1M1_new,g1m1_high_load,1.48,57.0,100.0,1.46,1.5,56,58,14,500
2024-05-16,2.15813092552193,0.0002091839600584174,8.715998335767392,1.909515643725862,0.8733012575769037,G1M1_new,g1m1_high_load,1.48,57.0,100.0,1.46,1.5,56,58,14,500
2024-05-17,2.1583401094819883,0.0002091839600584174,8.715998335767392,1.909515643725862,0.8733012575769037,G1M1_new,g1m1_high_load,1.48,57.0,100.0,1.46,1.5,56,58,14,500
2024-05-18,2.158549293442047,0.0002091839600584174,8.715998335767392,1.909515643725862,0.8733012575769037,G1M1_new,g1m1_high_load,1.48,57.0,100.0,1.46,1.5,56,58,14,500
2024-05-19,2.158758477402105,0.0002091839600584174,8.715998335767392,1.909515643725862,0.8733012575769037,G1M1_new,g1m1_high_load,1.48,57.0,100.0,1.46,1.5,56,58,14,500
2024-05-20,2.158967661362164,0.0002091839600584174,8.715998335767392,1.909515643725862,0.8733012575769037,G1M1_new,g1m1_high_load,1.48,57.0,100.0,1.46,1.5,56,58,14,500
2024-05-21,2.159176845322222,0.0002091839600584174,8.715998335767392,1.909515643725862,0.8733012575769037,G1M1_new,g1m1_high_load,1.48,57.0,100.0,1.46,1.5,56,58,14,500
2024-05-22,2.1593860292822806,0.0002091839600584174,8.715998335767392,1.909515643725862,0.8733012575769037,G1M1_new,g1m1_high_load,1.48,57.0,100.0,1.46,1.5,56,58,14,500
2024-05-23,2.159595213242339,0.0002091839600584174,8.715998335767392,1.909515643725862,0.8733012575769037,G1M1_new,g1m1_high_load,1.48,57.0,100.0,1.46,1.5,56,58,14,500
2024-05-24,2.1598043972023975,0.0002091839600584174,8.715998335767392,1.909515643725862,0.8733012575769037,G1M1_new,g1m1_high_load,1.48,57.0,100.0,1.46,1.5,56,58,14,500
2024-05-25,2.1600135811624557,0.0002091839600584174,8.715998335767392,1.909515643725862,0.8733012575769037,G1M1_new,g1m1_high_load,1.48,57.0,100.0,1.46,1.5,56,58,14,500
2024-05-26,2.1602227651225143,0.0002091839600584174,8.715998335767392,1.909515643725862,0.8733012575769037,G1M1_new,g1m1_high_load,1.48,57.0,100.0,1.46,1.5,56,58,14,500
2024-05-27,2.1604319490825725,0.0002091839600584174,8.715998335767392,1.909515643725862,0.8733012575769037,G1M1_new,g1m1_high_load,1.48,57.0,100.0,1.46,1.5,56,58,14,500
2024-05-28,2.160641133042631,0.0002091839600584174,8.715998335767392,1.909515643725862,0.8733012575769037,G1M1_new,g1m1_high_load,1.48,57.0,100.0,1.46,1.5,56,58,14,500
2024-05-29,2.1608503170026894,0.0002091839600584174,8.715998335767392,1.909515643725862,0.8733012575769037,G1M1_new,g1m1_high_load,1.48,57.0,100.0,1.46,1.5,56,58,14,500
2024-05-30,2.161059500962748,0.0002091839600584174,8.715998335767392,1.909515643725862,0.8733012575769037,G1M1_new,g1m1_high_load,1.48,57.0,100.0,1.46,1.5,56,58,14,500
2024-05-31,2.161268684922806,0.0002091839600584174,8.715998335767392,1.909515643725862,0.8733012575769037,G1M1_new,g1m1_high_load,1.48,57.0,100.0,1.46,1.5,56,58,14,500
2024-06-01,2.161477868882865,0.0002091839600584174,8.715998335767392,1.909515643725862,0.8733012575769037,G1M1_new,g1m1_high_load,1.48,57.0,100.0,1.46,1.5,56,58,14,500
2024-06-02,2.161687052842923,0.0002091839600584174,8.715998335767392,1.909515643725862,0.8733012575769037,G1M1_new,g1m1_high_load,1.48,57.0,100.0,1.46,1.5,56,58,14,500
2024-06-03,2.1618962368029817,0.0002091839600584174,8.715998335767392,1.909515643725862,0.8733012575769037,G1M1_new,g1m1_high_load,1.48,57.0,100.0,1.46,1.5,56,58,14,500
2024-06-04,2.16210542076304,0.0002091839600584174,8.715998335767392,1.909515643725862,0.8733012575769037,G1M1_new,g1m1_high_load,1.48,57.0,100.0,1.46,1.5,56,58,14,500
2024-06-05,2.1623146047230986,0.0002091839600584174,8.715998335767392,1.909515643725862,0.8733012575769037,G1M1_new,g1m1_high_load,1.48,57.0,100.0,1.46,1.5,56,58,14,500
2024-06-06,2.1625237886831568,0.0002091839600584174,8.715998335767392,1.909515643725862,0.8733012575769037,G1M1_new,g1m1_high_load,1.48,57.0,100.0,1.46,1.5,56,58,14,500
2024-06-07,2.162732972643215,0.0002091839600584174,8.715998335767392,1.909515643725862,0.8733012575769037,G1M1_new,g1m1_high_load,1.48,57.0,100.0,1.46,1.5,56,58,14,500
2024-06-08,2.1629421566032736,0.0002091839600584174,8.715998335767392,1.909515643725862,0.8733012575769037,G1M1_new,g1m1_high_load,1.48,57.0,100.0,1.46,1.5,56,58,14,500
2024-06-09,2.1631513405633322,0.0002091839600584174,8.715998335767392,1.909515643725862,0.8733012575769037,G1M1_new,g1m1_high_load,1.48,57.0,100.0,1.46,1.5,56,58,14,500
2024-06-10,2.1633605245233904,0.0002091839600584174,8.715998335767392,1.909515643725862,0.8733012575769037,G1M1_new,g1m1_high_load,1.48,57.0,100.0,1.46,1.5,56,58,14,500
2024-06-11,2.1635697084834487,0.0002091839600584174,8.715998335767392,1.909515643725862,0.8733012575769037,G1M1_new,g1m1_high_load,1.48,57.0,100.0,1.46,1.5,56,58,14,500
2024-06-12,2.1637788924435073,0.0002091839600584174,8.715998335767392,1.909515643725862,0.8733012575769037,G1M1_new,g1m1_high_load,1.48,57.0,100.0,1.46,1.5,56,58,14,500
2024-06-13,2.163988076403566,0.0002091839600584174,8.715998335767392,1.909515643725862,0.8733012575769037,G1M1_new,g1m1_high_load,1.48,57.0,100.0,1.46,1.5,56,58,14,500
2024-06-14,2.164197260363624,0.0002091839600584174,8.715998335767392,1.909515643725862,0.8733012575769037,G1M1_new,g1m1_high_load,1.48,57.0,100.0,1.46,1.5,56,58,14,500
2024-06-15,2.1644064443236823,0.0002091839600584174,8.715998335767392,1.909515643725862,0.8733012575769037,G1M1_new,g1m1_high_load,1.48,57.0,100.0,1.46,1.5,56,58,14,500
2024-06-16,2.164615628283741,0.0002091839600584174,8.715998335767392,1.909515643725862,0.8733012575769037,G1M1_new,g1m1_high_load,1.48,57.0,100.0,1.46,1.5,56,58,14,500
2024-06-17,2.164824812243799,0.0002091839600584174,8.715998335767392,1.909515643725862,0.8733012575769037,G1M1_new,g1m1_high_load,1.48,57.0,100.0,1.46,1.5,56,58,14,500
2024-06-18,2.165033996203858,0.0002091839600584174,8.715998335767392,1.909515643725862,0.8733012575769037,G1M1_new,g1m1_high_load,1.48,57.0,100.0,1.46,1.5,56,58,14,500
2024-06-19,2.165243180163916,0.0002091839600584174,8.715998335767392,1.909515643725862,0.8733012575769037,G1M1_new,g1m1_high_load,1.48,57.0,100.0,1.46,1.5,56,58,14,500
2024-06-20,2.1654523641239747,0.0002091839600584174,8.715998335767392,1.909515643725862,0.8733012575769037,G1M1_new,g1m1_high_load,1.48,57.0,100.0,1.46,1.5,56,58,14,500
2024-06-21,2.165661548084033,0.0002091839600584174,8.715998335767392,1.909515643725862,0.8733012575769037,G1M1_new,g1m1_high_load,1.48,57.0,100.0,1.46,1.5,56,58,14,500
2024-06-22,2.1658707320440915,0.0002091839600584174,8.715998335767392,1.909515643725862,0.8733012575769037,G1M1_new,g1m1_high_load,1.48,57.0,100.0,1.46,1.5,56,58,14,500
2024-06-23,2.1660799160041497,0.0002091839600584174,8.715998335767392,1.909515643725862,0.8733012575769037,G1M1_new,g1m1_high_load,1.48,57.0,100.0,1.46,1.5,56,58,14,500
2024-06-24,2.1662890999642084,0.0002091839600584174,8.715998335767392,1.909515643725862,0.8733012575769037,G1M1_new,g1m1_high_load,1.48,57.0,100.0,1.46,1.5,56,58,14,500
2024-06-25,2.1664982839242666,0.0002091839600584174,8.715998335767392,1.909515643725862,0.8733012575769037,G1M1_new,g1m1_high_load,1.48,57.0,100.0,1.46,1.5,56,58,14,500
2024-06-26,2.1667074678843252,0.0002091839600584174,8.715998335767392,1.909515643725862,0.8733012575769037,G1M1_new,g1m1_high_load,1.48,57.0,100.0,1.46,1.5,56,58,14,500
2024-06-27,2.1669166518443834,0.0002091839600584174,8.715998335767392,1.909515643725862,0.8733012575769037,G1M1_new,g1m1_high_load,1.48,57.0,100.0,1.46,1.5,56,58,14,500
2024-06-28,2.167125835804442,0.0002091839600584174,8.715998335767392,1.909515643725862,0.8733012575769037,G1M1_new,g1m1_high_load,1.48,57.0,100.0,1.46,1.5,56,58,14,500
2024-06-29,2.1673350197645003,0.0002091839600584174,8.715998335767392,1.909515643725862,0.8733012575769037,G1M1_new,g1m1_high_load,1.48,57.0,100.0,1.46,1.5,56,58,14,500
2024-06-30,2.167544203724559,0.0002091839600584174,8.715998335767392,1.909515643725862,0.8733012575769037,G1M1_new,g1m1_high_load,1.48,57.0,100.0,1.46,1.5,56,58,14,500
2024-07-01,2.167753387684617,0.0002091839600584174,8.715998335767392,1.909515643725862,0.8733012575769037,G1M1_new,g1m1_high_load,1.48,57.0,100.0,1.46,1.5,56,58,14,500
2024-07-02,2.1679625716446758,0.0002091839600584174,8.715998335767392,1.909515643725862,0.8733012575769037,G1M1_new,g1m1_high_load,1.48,57.0,100.0,1.46,1.5,56,58,14,500
2024-07-03,2.168171755604734,0.0002091839600584174,8.715998335767392,1.909515643725862,0.8733012575769037,G1M1_new,g1m1_high_load,1.48,57.0,100.0,1.46,1.5,56,58,14,500
2024-07-04,2.1683809395647926,0.0002091839600584174,8.715998335767392,1.909515643725862,0.8733012575769037,G1M1_new,g1m1_high_load,1.48,57.0,100.0,1.46,1.5,56,58,14,500
2024-07-05,2.168590123524851,0.0002091839600584174,8.715998335767392,1.909515643725862,0.8733012575769037,G1M1_new,g1m1_high_load,1.48,57.0,100.0,1.46,1.5,56,58,14,500
2024-07-06,2.1687993074849095,0.0002091839600584174,8.715998335767392,1.909515643725862,0.8733012575769037,G1M1_new,g1m1_high_load,1.48,57.0,100.0,1.46,1.5,56,58,14,500
2024-07-07,2.1690084914449677,0.0002091839600584174,8.715998335767392,1.909515643725862,0.8733012575769037,G1M1_new,g1m1_high_load,1.48,57.0,100.0,1.46,1.5,56,58,14,500
2024-07-08,2.1692176754050263,0.0002091839600584174,8.715998335767392,1.909515643725862,0.8733012575769037,G1M1_new,g1m1_high_load,1.48,57.0,100.0,1.46,1.5,56,58,14,500
2024-07-09,2.1694268593650845,0.0002091839600584174,8.715998335767392,1.909515643725862,0.8733012575769037,G1M1_new,g1m1_high_load,1.48,57.0,100.0,1.46,1.5,56,58,14,500
2024-07-10,2.169636043325143,0.0002091839600584174,8.715998335767392,1.909515643725862,0.8733012575769037,G1M1_new,g1m1_high_load,1.48,57.0,100.0,1.46,1.5,56,58,14,500
2024-07-11,2.1698452272852014,0.0002091839600584174,8.715998335767392,1.909515643725862,0.8733012575769037,G1M1_new,g1m1_high_load,1.48,57.0,100.0,1.46,1.5,56,58,14,500
2024-07-12,2.17005441124526,0.0002091839600584174,8.715998335767392,1.909515643725862,0.8733012575769037,G1M1_new,g1m1_high_load,1.48,57.0,100.0,1.46,1.5,56,58,14,500
2024-07-13,2.170263595205318,0.0002091839600584174,8.715998335767392,1.909515643725862,0.8733012575769037,G1M1_new,g1m1_high_load,1.48,57.0,100.0,1.46,1.5,56,58,14,500
2024-07-14,2.170472779165377,0.0002091839600584174,8.715998335767392,1.909515643725862,0.8733012575769037,G1M1_new,g1m1_high_load,1.48,57.0,100.0,1.46,1.5,56,58,14,500
2024-07-15,2.170681963125435,0.0002091839600584174,8.715998335767392,1.909515643725862,0.8733012575769037,G1M1_new,g1m1_high_load,1.48,57.0,100.0,1.46,1.5,56,58,14,500
2024-07-16,2.1708911470854932,0.0002091839600584174,8.715998335767392,1.909515643725862,0.8733012575769037,G1M1_new,g1m1_high_load,1.48,57.0,100.0,1.46,1.5,56,58,14,500
2024-07-17,2.171100331045552,0.0002091839600584174,8.715998335767392,1.909515643725862,0.8733012575769037,G1M1_new,g1m1_high_load,1.48,57.0,100.0,1.46,1.5,56,58,14,500
2024-07-18,2.1713095150056105,0.0002091839600584174,8.715998335767392,1.909515643725862,0.8733012575769037,G1M1_new,g1m1_high_load,1.48,57.0,100.0,1.46,1.5,56,58,14,500
2024-07-19,2.1715186989656687,0.0002091839600584174,8.715998335767392,1.909515643725862,0.8733012575769037,G1M1_new,g1m1_high_load,1.48,57.0,100.0,1.46,1.5,56,58,14,500
2024-07-20,2.171727882925727,0.0002091839600584174,8.715998335767392,1.909515643725862,0.8733012575769037,G1M1_new,g1m1_high_load,1.48,57.0,100.0,1.46,1.5,56,58,14,500
2024-07-21,2.1719370668857856,0.0002091839600584174,8.715998335767392,1.909515643725862,0.8733012575769037,G1M1_new,g1m1_high_load,1.48,57.0,100.0,1.46,1.5,56,58,14,500
2024-07-22,2.1721462508458442,0.0002091839600584174,8.715998335767392,1.909515643725862,0.8733012575769037,G1M1_new,g1m1_high_load,1.48,57.0,100.0,1.46,1.5,56,58,14,500
2024-07-23,2.1723554348059024,0.0002091839600584174,8.715998335767392,1.909515643725862,0.8733012575769037,G1M1_new,g1m1_high_load,1.48,57.0,100.0,1.46,1.5,56,58,14,500
2024-07-24,2.1725646187659606,0.0002091839600584174,8.715998335767392,1.909515643725862,0.8733012575769037,G1M1_new,g1m1_high_load,1.48,57.0,100.0,1.46,1.5,56,58,14,500
2024-07-25,2.1727738027260193,0.0002091839600584174,8.715998335767392,1.909515643725862,0.8733012575769037,G1M1_new,g1m1_high_load,1.48,57.0,100.0,1.46,1.5,56,58,14,500
2024-07-26,2.1729829866860775,0.0002091839600584174,8.715998335767392,1.909515643725862,0.8733012575769037,G1M1_new,g1m1_high_load,1.48,57.0,100.0,1.46,1.5,56,58,14,500
2024-07-27,2.173192170646136,0.0002091839600584174,8.715998335767392,1.909515643725862,0.8733012575769037,G1M1_new,g1m1_high_load,1.48,57.0,100.0,1.46,1.5,56,58,14,500
2024-07-28,2.1734013546061943,0.0002091839600584174,8.715998335767392,1.909515643725862,0.8733012575769037,G1M1_new,g1m1_high_load,1.48,57.0,100.0,1.46,1.5,56,58,14,500
2024-07-29,2.173610538566253,0.0002091839600584174,8.715998335767392,1.909515643725862,0.8733012575769037,G1M1_new,g1m1_high_load,1.48,57.0,100.0,1.46,1.5,56,58,14,500
2024-07-30,2.173819722526311,0.0002091839600584174,8.715998335767392,1.909515643725862,0.8733012575769037,G1M1_new,g1m1_high_load,1.48,57.0,100.0,1.46,1.5,56,58,14,500
2024-07-31,2.17402890648637,0.0002091839600584174,8.715998335767392,1.909515643725862,0.8733012575769037,G1M1_new,g1m1_high_load,1.48,57.0,100.0,1.46,1.5,56,58,14,500
2024-08-01,2.174238090446428,0.0002091839600584174,8.715998335767392,1.909515643725862,0.8733012575769037,G1M1_new,g1m1_high_load,1.48,57.0,100.0,1.46,1.5,56,58,14,500
2024-08-02,2.1744472744064867,0.0002091839600584174,8.715998335767392,1.909515643725862,0.8733012575769037,G1M1_new,g1m1_high_load,1.48,57.0,100.0,1.46,1.5,56,58,14,500
2024-08-03,2.174656458366545,0.0002091839600584174,8.715998335767392,1.909515643725862,0.8733012575769037,G1M1_new,g1m1_high_load,1.48,57.0,100.0,1.46,1.5,56,58,14,500
2024-08-04,2.1748656423266035,0.0002091839600584174,8.715998335767392,1.909515643725862,0.8733012575769037,G1M1_new,g1m1_high_load,1.48,57.0,100.0,1.46,1.5,56,58,14,500
2024-08-05,2.1750748262866617,0.0002091839600584174,8.715998335767392,1.909515643725862,0.8733012575769037,G1M1_new,g1m1_high_load,1.48,57.0,100.0,1.46,1.5,56,58,14,500
2024-08-06,2.1752840102467204,0.0002091839600584174,8.715998335767392,1.909515643725862,0.8733012575769037,G1M1_new,g1m1_high_load,1.48,57.0,100.0,1.46,1.5,56,58,14,500
2024-08-07,2.1754931942067786,0.0002091839600584174,8.715998335767392,1.909515643725862,0.8733012575769037,G1M1_new,g1m1_high_load,1.48,57.0,100.0,1.46,1.5,56,58,14,500
2024-08-08,2.175702378166837,0.0002091839600584174,8.715998335767392,1.909515643725862,0.8733012575769037,G1M1_new,g1m1_high_load,1.48,57.0,100.0,1.46,1.5,56,58,14,500
2024-08-09,2.1759115621268954,0.0002091839600584174,8.715998335767392,1.909515643725862,0.8733012575769037,G1M1_new,g1m1_high_load,1.48,57.0,100.0,1.46,1.5,56,58,14,500
2024-08-10,2.176120746086954,0.0002091839600584174,8.715998335767392,1.909515643725862,0.8733012575769037,G1M1_new,g1m1_high_load,1.48,57.0,100.0,1.46,1.5,56,58,14,500
2024-08-11,2.1763299300470123,0.0002091839600584174,8.715998335767392,1.909515643725862,0.8733012575769037,G1M1_new,g1m1_high_load,1.48,57.0,100.0,1.46,1.5,56,58,14,500
2024-08-12,2.176539114007071,0.0002091839600584174,8.715998335767392,1.909515643725862,0.8733012575769037,G1M1_new,g1m1_high_load,1.48,57.0,100.0,1.46,1.5,56,58,14,500
2024-08-13,2.176748297967129,0.0002091839600584174,8.715998335767392,1.909515643725862,0.8733012575769037,G1M1_new,g1m1_high_load,1.48,57.0,100.0,1.46,1.5,56,58,14,500
2024-08-14,2.1769574819271877,0.0002091839600584174,8.715998335767392,1.909515643725862,0.8733012575769037,G1M1_new,g1m1_high_load,1.48,57.0,100.0,1.46,1.5,56,58,14,500
2024-08-15,2.177166665887246,0.0002091839600584174,8.715998335767392,1.909515643725862,0.8733012575769037,G1M1_new,g1m1_high_load,1.48,57.0,100.0,1.46,1.5,56,58,14,500
2024-08-16,2.1773758498473046,0.0002091839600584174,8.715998335767392,1.909515643725862,0.8733012575769037,G1M1_new,g1m1_high_load,1.48,57.0,100.0,1.46,1.5,56,58,14,500
2024-08-17,2.177585033807363,0.0002091839600584174,8.715998335767392,1.909515643725862,0.8733012575769037,G1M1_new,g1m1_high_load,1.48,57.0,100.0,1.46,1.5,56,58,14,500
2024-08-18,2.1777942177674214,0.0002091839600584174,8.715998335767392,1.909515643725862,0.8733012575769037,G1M1_new,g1m1_high_load,1.48,57.0,100.0,1.46,1.5,56,58,14,500
2024-08-19,2.1780034017274796,0.0002091839600584174,8.715998335767392,1.909515643725862,0.8733012575769037,G1M1_new,g1m1_high_load,1.48,57.0,100.0,1.46,1.5,56,58,14,500
2024-08-20,2.178212585687538,0.0002091839600584174,8.715998335767392,1.909515643725862,0.8733012575769037,G1M1_new,g1m1_high_load,1.48,57.0,100.0,1.46,1.5,56,58,14,500
2024-08-21,2.1784217696475965,0.0002091839600584174,8.715998335767392,1.909515643725862,0.8733012575769037,G1M1_new,g1m1_high_load,1.48,57.0,100.0,1.46,1.5,56,58,14,500
2024-08-22,2.178630953607655,0.0002091839600584174,8.715998335767392,1.909515643725862,0.8733012575769037,G1M1_new,g1m1_high_load,1.48,57.0,100.0,1.46,1.5,56,58,14,500
2024-08-23,2.1788401375677133,0.0002091839600584174,8.715998335767392,1.909515643725862,0.8733012575769037,G1M1_new,g1m1_high_load,1.48,57.0,100.0,1.46,1.5,56,58,14,500
2024-08-24,2.1790493215277715,0.0002091839600584174,8.715998335767392,1.909515643725862,0.8733012575769037,G1M1_new,g1m1_high_load,1.48,57.0,100.0,1.46,1.5,56,58,14,500
2024-08-25,2.17925850548783,0.0002091839600584174,8.715998335767392,1.909515643725862,0.8733012575769037,G1M1_new,g1m1_high_load,1.48,57.0,100.0,1.46,1.5,56,58,14,500
2024-08-26,2.179467689447889,0.0002091839600584174,8.715998335767392,1.909515643725862,0.8733012575769037,G1M1_new,g1m1_high_load,1.48,57.0,100.0,1.46,1.5,56,58,14,500
2024-08-27,2.179676873407947,0.0002091839600584174,8.715998335767392,1.909515643725862,0.8733012575769037,G1M1_new,g1m1_high_load,1.48,57.0,100.0,1.46,1.5,56,58,14,500
2024-08-28,2.1798860573680052,0.0002091839600584174,8.715998335767392,1.909515643725862,0.8733012575769037,G1M1_new,g1m1_high_load,1.48,57.0,100.0,1.46,1.5,56,58,14,500
2024-08-29,2.180095241328064,0.0002091839600584174,8.715998335767392,1.909515643725862,0.8733012575769037,G1M1_new,g1m1_high_load,1.48,57.0,100.0,1.46,1.5,56,58,14,500
2024-08-30,2.180304425288122,0.0002091839600584174,8.715998335767392,1.909515643725862,0.8733012575769037,G1M1_new,g1m1_high_load,1.48,57.0,100.0,1.46,1.5,56,58,14,500
2024-08-31,2.1805136092481807,0.0002091839600584174,8.715998335767392,1.909515643725862,0.8733012575769037,G1M1_new,g1m1_high_load,1.48,57.0,100.0,1.46,1.5,56,58,14,500
2024-09-01,2.180722793208239,0.0002091839600584174,8.715998335767392,1.909515643725862,0.8733012575769037,G1M1_new,g1m1_high_load,1.48,57.0,100.0,1.46,1.5,56,58,14,500
2024-09-02,2.1809319771682976,0.0002091839600584174,8.715998335767392,1.909515643725862,0.8733012575769037,G1M1_new,g1m1_high_load,1.48,57.0,100.0,1.46,1.5,56,58,14,500
2024-09-03,2.1811411611283558,0.0002091839600584174,8.715998335767392,1.909515643725862,0.8733012575769037,G1M1_new,g1m1_high_load,1.48,57.0,100.0,1.46,1.5,56,58,14,500
2024-09-04,2.1813503450884144,0.0002091839600584174,8.715998335767392,1.909515643725862,0.8733012575769037,G1M1_new,g1m1_high_load,1.48,57.0,100.0,1.46,1.5,56,58,14,500
2024-09-05,2.1815595290484726,0.0002091839600584174,8.715998335767392,1.909515643725862,0.8733012575769037,G1M1_new,g1m1_high_load,1.48,57.0,100.0,1.46,1.5,56,58,14,500
2024-09-06,2.1817687130085313,0.0002091839600584174,8.715998335767392,1.909515643725862,0.8733012575769037,G1M1_new,g1m1_high_load,1.48,57.0,100.0,1.46,1.5,56,58,14,500
2024-09-07,2.1819778969685895,0.0002091839600584174,8.715998335767392,1.909515643725862,0.8733012575769037,G1M1_new,g1m1_high_load,1.48,57.0,100.0,1.46,1.5,56,58,14,500
2024-09-08,2.182187080928648,0.0002091839600584174,8.715998335767392,1.909515643725862,0.8733012575769037,G1M1_new,g1m1_high_load,1.48,57.0,100.0,1.46,1.5,56,58,14,500
2024-09-09,2.1823962648887063,0.0002091839600584174,8.715998335767392,1.909515643725862,0.8733012575769037,G1M1_new,g1m1_high_load,1.48,57.0,100.0,1.46,1.5,56,58,14,500
2024-09-10,2.182605448848765,0.0002091839600584174,8.715998335767392,1.909515643725862,0.8733012575769037,G1M1_new,g1m1_high_load,1.48,57.0,100.0,1.46,1.5,56,58,14,500
2024-09-11,2.182814632808823,0.0002091839600584174,8.715998335767392,1.909515643725862,0.8733012575769037,G1M1_new,g1m1_high_load,1.48,57.0,100.0,1.46,1.5,56,58,14,500
2024-09-12,2.183023816768882,0.0002091839600584174,8.715998335767392,1.909515643725862,0.8733012575769037,G1M1_new,g1m1_high_load,1.48,57.0,100.0,1.46,1.5,56,58,14,500
2024-09-13,2.18323300072894,0.0002091839600584174,8.715998335767392,1.909515643725862,0.8733012575769037,G1M1_new,g1m1_high_load,1.48,57.0,100.0,1.46,1.5,56,58,14,500
2024-09-14,2.1834421846889986,0.0002091839600584174,8.715998335767392,1.909515643725862,0.8733012575769037,G1M1_new,g1m1_high_load,1.48,57.0,100.0,1.46,1.5,56,58,14,500
2024-09-15,2.183651368649057,0.0002091839600584174,8.715998335767392,1.909515643725862,0.8733012575769037,G1M1_new,g1m1_high_load,1.48,57.0,100.0,1.46,1.5,56,58,14,500
2024-09-16,2.1838605526091155,0.0002091839600584174,8.715998335767392,1.909515643725862,0.8733012575769037,G1M1_new,g1m1_high_load,1.48,57.0,100.0,1.46,1.5,56,58,14,500
2024-09-17,2.1840697365691737,0.0002091839600584174,8.715998335767392,1.909515643725862,0.8733012575769037,G1M1_new,g1m1_high_load,1.48,57.0,100.0,1.46,1.5,56,58,14,500
2024-09-18,2.1842789205292323,0.0002091839600584174,8.715998335767392,1.909515643725862,0.8733012575769037,G1M1_new,g1m1_high_load,1.48,57.0,100.0,1.46,1.5,56,58,14,500
2024-09-19,2.1844881044892905,0.0002091839600584174,8.715998335767392,1.909515643725862,0.8733012575769037,G1M1_new,g1m1_high_load,1.48,57.0,100.0,1.46,1.5,56,58,14,500
2024-09-20,2.184697288449349,0.0002091839600584174,8.715998335767392,1.909515643725862,0.8733012575769037,G1M1_new,g1m1_high_load,1.48,57.0,100.0,1.46,1.5,56,58,14,500
2024-09-21,2.1849064724094074,0.0002091839600584174,8.715998335767392,1.909515643725862,0.8733012575769037,G1M1_new,g1m1_high_load,1.48,57.0,100.0,1.46,1.5,56,58,14,500
2024-09-22,2.185115656369466,0.0002091839600584174,8.715998335767392,1.909515643725862,0.8733012575769037,G1M1_new,g1m1_high_load,1.48,57.0,100.0,1.46,1.5,56,58,14,500
2024-09-23,2.1853248403295242,0.0002091839600584174,8.715998335767392,1.909515643725862,0.8733012575769037,G1M1_new,g1m1_high_load,1.48,57.0,100.0,1.46,1.5,56,58,14,500
2024-09-24,2.185534024289583,0.0002091839600584174,8.715998335767392,1.909515643725862,0.8733012575769037,G1M1_new,g1m1_high_load,1.48,57.0,100.0,1.46,1.5,56,58,14,500
2024-09-25,2.185743208249641,0.0002091839600584174,8.715998335767392,1.909515643725862,0.8733012575769037,G1M1_new,g1m1_high_load,1.48,57.0,100.0,1.46,1.5,56,58,14,500
2024-09-26,2.1859523922096997,0.0002091839600584174,8.715998335767392,1.909515643725862,0.8733012575769037,G1M1_new,g1m1_high_load,1.48,57.0,100.0,1.46,1.5,56,58,14,500
2024-09-27,2.186161576169758,0.0002091839600584174,8.715998335767392,1.909515643725862,0.8733012575769037,G1M1_new,g1m1_high_load,1.48,57.0,100.0,1.46,1.5,56,58,14,500
2024-09-28,2.186370760129816,0.0002091839600584174,8.715998335767392,1.909515643725862,0.8733012575769037,G1M1_new,g1m1_high_load,1.48,57.0,100.0,1.46,1.5,56,58,14,500
2024-09-29,2.1865799440898748,0.0002091839600584174,8.715998335767392,1.909515643725862,0.8733012575769037,G1M1_new,g1m1_high_load,1.48,57.0,100.0,1.46,1.5,56,58,14,500
2024-09-30,2.1867891280499334,0.0002091839600584174,8.715998335767392,1.909515643725862,0.8733012575769037,G1M1_new,g1m1_high_load,1.48,57.0,100.0,1.46,1.5,56,58,14,500
2024-10-01,2.1869983120099916,0.0002091839600584174,8.715998335767392,1.909515643725862,0.8733012575769037,G1M1_new,g1m1_high_load,1.48,57.0,100.0,1.46,1.5,56,58,14,500
2024-10-02,2.18720749597005,0.0002091839600584174,8.715998335767392,1.909515643725862,0.8733012575769037,G1M1_new,g1m1_high_load,1.48,57.0,100.0,1.46,1.5,56,58,14,500
2024-10-03,2.1874166799301085,0.0002091839600584174,8.715998335767392,1.909515643725862,0.8733012575769037,G1M1_new,g1m1_high_load,1.48,57.0,100.0,1.46,1.5,56,58,14,500
2024-10-04,2.187625863890167,0.0002091839600584174,8.715998335767392,1.909515643725862,0.8733012575769037,G1M1_new,g1m1_high_load,1.48,57.0,100.0,1.46,1.5,56,58,14,500
2024-10-05,2.1878350478502253,0.0002091839600584174,8.715998335767392,1.909515643725862,0.8733012575769037,G1M1_new,g1m1_high_load,1.48,57.0,100.0,1.46,1.5,56,58,14,500
2024-10-06,2.1880442318102835,0.0002091839600584174,8.715998335767392,1.909515643725862,0.8733012575769037,G1M1_new,g1m1_high_load,1.48,57.0,100.0,1.46,1.5,56,58,14,500
2024-10-07,2.188253415770342,0.0002091839600584174,8.715998335767392,1.909515643725862,0.8733012575769037,G1M1_new,g1m1_high_load,1.48,57.0,100.0,1.46,1.5,56,58,14,500
2024-10-08,2.1884625997304004,0.0002091839600584174,8.715998335767392,1.909515643725862,0.8733012575769037,G1M1_new,g1m1_high_load,1.48,57.0,100.0,1.46,1.5,56,58,14,500
2024-10-09,2.188671783690459,0.0002091839600584174,8.715998335767392,1.909515643725862,0.8733012575769037,G1M1_new,g1m1_high_load,1.48,57.0,100.0,1.46,1.5,56,58,14,500
2024-10-10,2.188880967650517,0.0002091839600584174,8.715998335767392,1.909515643725862,0.8733012575769037,G1M1_new,g1m1_high_load,1.48,57.0,100.0,1.46,1.5,56,58,14,500
2024-10-11,2.189090151610576,0.0002091839600584174,8.715998335767392,1.909515643725862,0.8733012575769037,G1M1_new,g1m1_high_load,1.48,57.0,100.0,1.46,1.5,56,58,14,500
2024-10-12,2.189299335570634,0.0002091839600584174,8.715998335767392,1.909515643725862,0.8733012575769037,G1M1_new,g1m1_high_load,1.48,57.0,100.0,1.46,1.5,56,58,14,500
2024-10-13,2.1895085195306927,0.0002091839600584174,8.715998335767392,1.909515643725862,0.8733012575769037,G1M1_new,g1m1_high_load,1.48,57.0,100.0,1.46,1.5,56,58,14,500
2024-10-14,2.189717703490751,0.0002091839600584174,8.715998335767392,1.909515643725862,0.8733012575769037,G1M1_new,g1m1_high_load,1.48,57.0,100.0,1.46,1.5,56,58,14,500
2024-10-15,2.1899268874508095,0.0002091839600584174,8.715998335767392,1.909515643725862,0.8733012575769037,G1M1_new,g1m1_high_load,1.48,57.0,100.0,1.46,1.5,56,58,14,500
2024-10-16,2.1901360714108677,0.0002091839600584174,8.715998335767392,1.909515643725862,0.8733012575769037,G1M1_new,g1m1_high_load,1.48,57.0,100.0,1.46,1.5,56,58,14,500
2024-10-17,2.1903452553709264,0.0002091839600584174,8.715998335767392,1.909515643725862,0.8733012575769037,G1M1_new,g1m1_high_load,1.48,57.0,100.0,1.46,1.5,56,58,14,500
2024-10-18,2.1905544393309846,0.0002091839600584174,8.715998335767392,1.909515643725862,0.8733012575769037,G1M1_new,g1m1_high_load,1.48,57.0,100.0,1.46,1.5,56,58,14,500
2024-10-19,2.1907636232910432,0.0002091839600584174,8.715998335767392,1.909515643725862,0.8733012575769037,G1M1_new,g1m1_high_load,1.48,57.0,100.0,1.46,1.5,56,58,14,500
2024-10-20,2.1909728072511014,0.0002091839600584174,8.715998335767392,1.909515643725862,0.8733012575769037,G1M1_new,g1m1_high_load,1.48,57.0,100.0,1.46,1.5,56,58,14,500
2024-10-21,2.19118199121116,0.0002091839600584174,8.715998335767392,1.909515643725862,0.8733012575769037,G1M1_new,g1m1_high_load,1.48,57.0,100.0,1.46,1.5,56,58,14,500
2024-10-22,2.1913911751712183,0.0002091839600584174,8.715998335767392,1.909515643725862,0.8733012575769037,G1M1_new,g1m1_high_load,1.48,57.0,100.0,1.46,1.5,56,58,14,500
2024-10-23,2.191600359131277,0.0002091839600584174,8.715998335767392,1.909515643725862,0.8733012575769037,G1M1_new,g1m1_high_load,1.48,57.0,100.0,1.46,1.5,56,58,14,500
2024-10-24,2.191809543091335,0.0002091839600584174,8.715998335767392,1.909515643725862,0.8733012575769037,G1M1_new,g1m1_high_load,1.48,57.0,100.0,1.46,1.5,56,58,14,500
2024-10-25,2.192018727051394,0.0002091839600584174,8.715998335767392,1.909515643725862,0.8733012575769037,G1M1_new,g1m1_high_load,1.48,57.0,100.0,1.46,1.5,56,58,14,500
2024-10-26,2.192227911011452,0.0002091839600584174,8.715998335767392,1.909515643725862,0.8733012575769037,G1M1_new,g1m1_high_load,1.48,57.0,100.0,1.46,1.5,56,58,14,500
2024-10-27,2.1924370949715106,0.0002091839600584174,8.715998335767392,1.909515643725862,0.8733012575769037,G1M1_new,g1m1_high_load,1.48,57.0,100.0,1.46,1.5,56,58,14,500
2024-10-28,2.192646278931569,0.0002091839600584174,8.715998335767392,1.909515643725862,0.8733012575769037,G1M1_new,g1m1_high_load,1.48,57.0,100.0,1.46,1.5,56,58,14,500
2024-10-29,2.1928554628916275,0.0002091839600584174,8.715998335767392,1.909515643725862,0.8733012575769037,G1M1_new,g1m1_high_load,1.48,57.0,100.0,1.46,1.5,56,58,14,500
2024-10-30,2.1930646468516857,0.0002091839600584174,8.715998335767392,1.909515643725862,0.8733012575769037,G1M1_new,g1m1_high_load,1.48,57.0,100.0,1.46,1.5,56,58,14,500
2024-10-31,2.1932738308117443,0.0002091839600584174,8.715998335767392,1.909515643725862,0.8733012575769037,G1M1_new,g1m1_high_load,1.48,57.0,100.0,1.46,1.5,56,58,14,500
2024-11-01,2.1934830147718025,0.0002091839600584174,8.715998335767392,1.909515643725862,0.8733012575769037,G1M1_new,g1m1_high_load,1.48,57.0,100.0,1.46,1.5,56,58,14,500
2024-11-02,2.193692198731861,0.0002091839600584174,8.715998335767392,1.909515643725862,0.8733012575769037,G1M1_new,g1m1_high_load,1.48,57.0,100.0,1.46,1.5,56,58,14,500
2024-11-03,2.1939013826919194,0.0002091839600584174,8.715998335767392,1.909515643725862,0.8733012575769037,G1M1_new,g1m1_high_load,1.48,57.0,100.0,1.46,1.5,56,58,14,500
2024-11-04,2.194110566651978,0.0002091839600584174,8.715998335767392,1.909515643725862,0.8733012575769037,G1M1_new,g1m1_high_load,1.48,57.0,100.0,1.46,1.5,56,58,14,500
2024-11-05,2.194319750612036,0.0002091839600584174,8.715998335767392,1.909515643725862,0.8733012575769037,G1M1_new,g1m1_high_load,1.48,57.0,100.0,1.46,1.5,56,58,14,500
2024-11-06,2.1945289345720944,0.0002091839600584174,8.715998335767392,1.909515643725862,0.8733012575769037,G1M1_new,g1m1_high_load,1.48,57.0,100.0,1.46,1.5,56,58,14,500
2024-11-07,2.194738118532153,0.0002091839600584174,8.715998335767392,1.909515643725862,0.8733012575769037,G1M1_new,g1m1_high_load,1.48,57.0,100.0,1.46,1.5,56,58,14,500
2024-11-08,2.1949473024922117,0.0002091839600584174,8.715998335767392,1.909515643725862,0.8733012575769037,G1M1_new,g1m1_high_load,1.48,57.0,100.0,1.46,1.5,56,58,14,500
2024-11-09,2.19515648645227,0.0002091839600584174,8.715998335767392,1.909515643725862,0.8733012575769037,G1M1_new,g1m1_high_load,1.48,57.0,100.0,1.46,1.5,56,58,14,500
2024-11-10,2.195365670412328,0.0002091839600584174,8.715998335767392,1.909515643725862,0.8733012575769037,G1M1_new,g1m1_high_load,1.48,57.0,100.0,1.46,1.5,56,58,14,500
2024-11-11,2.1955748543723868,0.0002091839600584174,8.715998335767392,1.909515643725862,0.8733012575769037,G1M1_new,g1m1_high_load,1.48,57.0,100.0,1.46,1.5,56,58,14,500
2024-11-12,2.195784038332445,0.0002091839600584174,8.715998335767392,1.909515643725862,0.8733012575769037,G1M1_new,g1m1_high_load,1.48,57.0,100.0,1.46,1.5,56,58,14,500
2024-11-13,2.1959932222925036,0.0002091839600584174,8.715998335767392,1.909515643725862,0.8733012575769037,G1M1_new,g1m1_high_load,1.48,57.0,100.0,1.46,1.5,56,58,14,500
2024-11-14,2.196202406252562,0.0002091839600584174,8.715998335767392,1.909515643725862,0.8733012575769037,G1M1_new,g1m1_high_load,1.48,57.0,100.0,1.46,1.5,56,58,14,500
2024-11-15,2.1964115902126204,0.0002091839600584174,8.715998335767392,1.909515643725862,0.8733012575769037,G1M1_new,g1m1_high_load,1.48,57.0,100.0,1.46,1.5,56,58,14,500
2024-11-16,2.1966207741726786,0.0002091839600584174,8.715998335767392,1.909515643725862,0.8733012575769037,G1M1_new,g1m1_high_load,1.48,57.0,100.0,1.46,1.5,56,58,14,500
2024-11-17,2.1968299581327373,0.0002091839600584174,8.715998335767392,1.909515643725862,0.8733012575769037,G1M1_new,g1m1_high_load,1.48,57.0,100.0,1.46,1.5,56,58,14,500
2024-11-18,2.1970391420927955,0.0002091839600584174,8.715998335767392,1.909515643725862,0.8733012575769037,G1M1_new,g1m1_high_load,1.48,57.0,100.0,1.46,1.5,56,58,14,500
2024-11-19,2.197248326052854,0.0002091839600584174,8.715998335767392,1.909515643725862,0.8733012575769037,G1M1_new,g1m1_high_load,1.48,57.0,100.0,1.46,1.5,56,58,14,500
2024-11-20,2.1974575100129123,0.0002091839600584174,8.715998335767392,1.909515643725862,0.8733012575769037,G1M1_new,g1m1_high_load,1.48,57.0,100.0,1.46,1.5,56,58,14,500
2024-11-21,2.197666693972971,0.0002091839600584174,8.715998335767392,1.909515643725862,0.8733012575769037,G1M1_new,g1m1_high_load,1.48,57.0,100.0,1.46,1.5,56,58,14,500
2024-11-22,2.197875877933029,0.0002091839600584174,8.715998335767392,1.909515643725862,0.8733012575769037,G1M1_new,g1m1_high_load,1.48,57.0,100.0,1.46,1.5,56,58,14,500
2024-11-23,2.198085061893088,0.0002091839600584174,8.715998335767392,1.909515643725862,0.8733012575769037,G1M1_new,g1m1_high_load,1.48,57.0,100.0,1.46,1.5,56,58,14,500
2024-11-24,2.198294245853146,0.0002091839600584174,8.715998335767392,1.909515643725862,0.8733012575769037,G1M1_new,g1m1_high_load,1.48,57.0,100.0,1.46,1.5,56,58,14,500
2024-11-25,2.1985034298132047,0.0002091839600584174,8.715998335767392,1.909515643725862,0.8733012575769037,G1M1_new,g1m1_high_load,1.48,57.0,100.0,1.46,1.5,56,58,14,500
2024-11-26,2.198712613773263,0.0002091839600584174,8.715998335767392,1.909515643725862,0.8733012575769037,G1M1_new,g1m1_high_load,1.48,57.0,100.0,1.46,1.5,56,58,14,500
2024-11-27,2.1989217977333215,0.0002091839600584174,8.715998335767392,1.909515643725862,0.8733012575769037,G1M1_new,g1m1_high_load,1.48,57.0,100.0,1.46,1.5,56,58,14,500
2024-11-28,2.1991309816933797,0.0002091839600584174,8.715998335767392,1.909515643725862,0.8733012575769037,G1M1_new,g1m1_high_load,1.48,57.0,100.0,1.46,1.5,56,58,14,500
2024-11-29,2.1993401656534384,0.0002091839600584174,8.715998335767392,1.909515643725862,0.8733012575769037,G1M1_new,g1m1_high_load,1.48,57.0,100.0,1.46,1.5,56,58,14,500
2024-11-30,2.1995493496134966,0.0002091839600584174,8.715998335767392,1.909515643725862,0.8733012575769037,G1M1_new,g1m1_high_load,1.48,57.0,100.0,1.46,1.5,56,58,14,500
2024-12-01,2.199758533573555,0.0002091839600584174,8.715998335767392,1.909515643725862,0.8733012575769037,G1M1_new,g1m1_high_load,1.48,57.0,100.0,1.46,1.5,56,58,14,500
2024-12-02,2.1999677175336134,0.0002091839600584174,8.715998335767392,1.909515643725862,0.8733012575769037,G1M1_new,g1m1_high_load,1.48,57.0,100.0,1.46,1.5,56,58,14,500
2024-12-03,2.200176901493672,0.0002091839600584174,8.715998335767392,1.909515643725862,0.8733012575769037,G1M1_new,g1m1_high_load,1.48,57.0,100.0,1.46,1.5,56,58,14,500
2024-12-04,2.2003860854537303,0.0002091839600584174,8.715998335767392,1.909515643725862,0.8733012575769037,G1M1_new,g1m1_high_load,1.48,57.0,100.0,1.46,1.5,56,58,14,500
2024-12-05,2.200595269413789,0.0002091839600584174,8.715998335767392,1.909515643725862,0.8733012575769037,G1M1_new,g1m1_high_load,1.48,57.0,100.0,1.46,1.5,56,58,14,500
2024-12-06,2.200804453373847,0.0002091839600584174,8.715998335767392,1.909515643725862,0.8733012575769037,G1M1_new,g1m1_high_load,1.48,57.0,100.0,1.46,1.5,56,58,14,500
2024-12-07,2.2010136373339058,0.0002091839600584174,8.715998335767392,1.909515643725862,0.8733012575769037,G1M1_new,g1m1_high_load,1.48,57.0,100.0,1.46,1.5,56,58,14,500
2024-12-08,2.201222821293964,0.0002091839600584174,8.715998335767392,1.909515643725862,0.8733012575769037,G1M1_new,g1m1_high_load,1.48,57.0,100.0,1.46,1.5,56,58,14,500
2024-12-09,2.2014320052540226,0.0002091839600584174,8.715998335767392,1.909515643725862,0.8733012575769037,G1M1_new,g1m1_high_load,1.48,57.0,100.0,1.46,1.5,56,58,14,500
2024-12-10,2.201641189214081,0.0002091839600584174,8.715998335767392,1.909515643725862,0.8733012575769037,G1M1_new,g1m1_high_load,1.48,57.0,100.0,1.46,1.5,56,58,14,500
2024-12-11,2.201850373174139,0.0002091839600584174,8.715998335767392,1.909515643725862,0.8733012575769037,G1M1_new,g1m1_high_load,1.48,57.0,100.0,1.46,1.5,56,58,14,500
2024-12-12,2.2020595571341977,0.0002091839600584174,8.715998335767392,1.909515643725862,0.8733012575769037,G1M1_new,g1m1_high_load,1.48,57.0,100.0,1.46,1.5,56,58,14,500
2024-12-13,2.2022687410942563,0.0002091839600584174,8.715998335767392,1.909515643725862,0.8733012575769037,G1M1_new,g1m1_high_load,1.48,57.0,100.0,1.46,1.5,56,58,14,500
2024-12-14,2.2024779250543145,0.0002091839600584174,8.715998335767392,1.909515643725862,0.8733012575769037,G1M1_new,g1m1_high_load,1.48,57.0,100.0,1.46,1.5,56,58,14,500
2024-12-15,2.2026871090143727,0.0002091839600584174,8.715998335767392,1.909515643725862,0.8733012575769037,G1M1_new,g1m1_high_load,1.48,57.0,100.0,1.46,1.5,56,58,14,500
2024-12-16,2.2028962929744313,0.0002091839600584174,8.715998335767392,1.909515643725862,0.8733012575769037,G1M1_new,g1m1_high_load,1.48,57.0,100.0,1.46,1.5,56,58,14,500
2024-12-17,2.20310547693449,0.0002091839600584174,8.715998335767392,1.909515643725862,0.8733012575769037,G1M1_new,g1m1_high_load,1.48,57.0,100.0,1.46,1.5,56,58,14,500
2024-12-18,2.203314660894548,0.0002091839600584174,8.715998335767392,1.909515643725862,0.8733012575769037,G1M1_new,g1m1_high_load,1.48,57.0,100.0,1.46,1.5,56,58,14,500
2024-12-19,2.2035238448546064,0.0002091839600584174,8.715998335767392,1.909515643725862,0.8733012575769037,G1M1_new,g1m1_high_load,1.48,57.0,100.0,1.46,1.5,56,58,14,500
2024-12-20,2.203733028814665,0.0002091839600584174,8.715998335767392,1.909515643725862,0.8733012575769037,G1M1_new,g1m1_high_load,1.48,57.0,100.0,1.46,1.5,56,58,14,500
2024-12-21,2.2039422127747232,0.0002091839600584174,8.715998335767392,1.909515643725862,0.8733012575769037,G1M1_new,g1m1_high_load,1.48,57.0,100.0,1.46,1.5,56,58,14,500
2024-12-22,2.204151396734782,0.0002091839600584174,8.715998335767392,1.909515643725862,0.8733012575769037,G1M1_new,g1m1_high_load,1.48,57.0,100.0,1.46,1.5,56,58,14,500
2024-12-23,2.20436058069484,0.0002091839600584174,8.715998335767392,1.909515643725862,0.8733012575769037,G1M1_new,g1m1_high_load,1.48,57.0,100.0,1.46,1.5,56,58,14,500
2024-12-24,2.2045697646548987,0.0002091839600584174,8.715998335767392,1.909515643725862,0.8733012575769037,G1M1_new,g1m1_high_load,1.48,57.0,100.0,1.46,1.5,56,58,14,500
2024-12-25,2.204778948614957,0.0002091839600584174,8.715998335767392,1.909515643725862,0.8733012575769037,G1M1_new,g1m1_high_load,1.48,57.0,100.0,1.46,1.5,56,58,14,500
2024-12-26,2.2049881325750156,0.0002091839600584174,8.715998335767392,1.909515643725862,0.8733012575769037,G1M1_new,g1m1_high_load,1.48,57.0,100.0,1.46,1.5,56,58,14,500
2024-12-27,2.205197316535074,0.0002091839600584174,8.715998335767392,1.909515643725862,0.8733012575769037,G1M1_new,g1m1_high_load,1.48,57.0,100.0,1.46,1.5,56,58,14,500
2024-12-28,2.2054065004951324,0.0002091839600584174,8.715998335767392,1.909515643725862,0.8733012575769037,G1M1_new,g1m1_high_load,1.48,57.0,100.0,1.46,1.5,56,58,14,500
2024-12-29,2.2056156844551906,0.0002091839600584174,8.715998335767392,1.909515643725862,0.8733012575769037,G1M1_new,g1m1_high_load,1.48,57.0,100.0,1.46,1.5,56,58,14,500
2024-12-30,2.2058248684152493,0.0002091839600584174,8.715998335767392,1.909515643725862,0.8733012575769037,G1M1_new,g1m1_high_load,1.48,57.0,100.0,1.46,1.5,56,58,14,500
2024-12-31,2.2060340523753075,0.0002091839600584174,8.715998335767392,1.909515643725862,0.8733012575769037,G1M1_new,g1m1_high_load,1.48,57.0,100.0,1.46,1.5,56,58,14,500
2025-01-01,2.206243236335366,0.0002091839600584174,8.715998335767392,1.909515643725862,0.8733012575769037,G1M1_new,g1m1_high_load,1.48,57.0,100.0,1.46,1.5,56,58,14,500
2025-01-02,2.2064524202954243,0.0002091839600584174,8.715998335767392,1.909515643725862,0.8733012575769037,G1M1_new,g1m1_high_load,1.48,57.0,100.0,1.46,1.5,56,58,14,500
2025-01-03,2.206661604255483,0.0002091839600584174,8.715998335767392,1.909515643725862,0.8733012575769037,G1M1_new,g1m1_high_load,1.48,57.0,100.0,1.46,1.5,56,58,14,500
2025-01-04,2.206870788215541,0.0002091839600584174,8.715998335767392,1.909515643725862,0.8733012575769037,G1M1_new,g1m1_high_load,1.48,57.0,100.0,1.46,1.5,56,58,14,500
2025-01-05,2.2070799721756,0.0002091839600584174,8.715998335767392,1.909515643725862,0.8733012575769037,G1M1_new,g1m1_high_load,1.48,57.0,100.0,1.46,1.5,56,58,14,500
2025-01-06,2.207289156135658,0.0002091839600584174,8.715998335767392,1.909515643725862,0.8733012575769037,G1M1_new,g1m1_high_load,1.48,57.0,100.0,1.46,1.5,56,58,14,500
2025-01-07,2.2074983400957167,0.0002091839600584174,8.715998335767392,1.909515643725862,0.8733012575769037,G1M1_new,g1m1_high_load,1.48,57.0,100.0,1.46,1.5,56,58,14,500
2025-01-08,2.207707524055775,0.0002091839600584174,8.715998335767392,1.909515643725862,0.8733012575769037,G1M1_new,g1m1_high_load,1.48,57.0,100.0,1.46,1.5,56,58,14,500
2025-01-09,2.2079167080158335,0.0002091839600584174,8.715998335767392,1.909515643725862,0.8733012575769037,G1M1_new,g1m1_high_load,1.48,57.0,100.0,1.46,1.5,56,58,14,500
2025-01-10,2.2081258919758917,0.0002091839600584174,8.715998335767392,1.909515643725862,0.8733012575769037,G1M1_new,g1m1_high_load,1.48,57.0,100.0,1.46,1.5,56,58,14,500
2025-01-11,2.2083350759359504,0.0002091839600584174,8.715998335767392,1.909515643725862,0.8733012575769037,G1M1_new,g1m1_high_load,1.48,57.0,100.0,1.46,1.5,56,58,14,500
2025-01-12,2.2085442598960086,0.0002091839600584174,8.715998335767392,1.909515643725862,0.8733012575769037,G1M1_new,g1m1_high_load,1.48,57.0,100.0,1.46,1.5,56,58,14,500
2025-01-13,2.208753443856067,0.0002091839600584174,8.715998335767392,1.909515643725862,0.8733012575769037,G1M1_new,g1m1_high_load,1.48,57.0,100.0,1.46,1.5,56,58,14,500
2025-01-14,2.2089626278161254,0.0002091839600584174,8.715998335767392,1.909515643725862,0.8733012575769037,G1M1_new,g1m1_high_load,1.48,57.0,100.0,1.46,1.5,56,58,14,500
2025-01-15,2.209171811776184,0.0002091839600584174,8.715998335767392,1.909515643725862,0.8733012575769037,G1M1_new,g1m1_high_load,1.48,57.0,100.0,1.46,1.5,56,58,14,500
2025-01-16,2.2093809957362422,0.0002091839600584174,8.715998335767392,1.909515643725862,0.8733012575769037,G1M1_new,g1m1_high_load,1.48,57.0,100.0,1.46,1.5,56,58,14,500
2025-01-17,2.209590179696301,0.0002091839600584174,8.715998335767392,1.909515643725862,0.8733012575769037,G1M1_new,g1m1_high_load,1.48,57.0,100.0,1.46,1.5,56,58,14,500
2025-01-18,2.209799363656359,0.0002091839600584174,8.715998335767392,1.909515643725862,0.8733012575769037,G1M1_new,g1m1_high_load,1.48,57.0,100.0,1.46,1.5,56,58,14,500
2025-01-19,2.2100085476164173,0.0002091839600584174,8.715998335767392,1.909515643725862,0.8733012575769037,G1M1_new,g1m1_high_load,1.48,57.0,100.0,1.46,1.5,56,58,14,500
2025-01-20,2.210217731576476,0.0002091839600584174,8.715998335767392,1.909515643725862,0.8733012575769037,G1M1_new,g1m1_high_load,1.48,57.0,100.0,1.46,1.5,56,58,14,500
2025-01-21,2.2104269155365346,0.0002091839600584174,8.715998335767392,1.909515643725862,0.8733012575769037,G1M1_new,g1m1_high_load,1.48,57.0,100.0,1.46,1.5,56,58,14,500
2025-01-22,2.210636099496593,0.0002091839600584174,8.715998335767392,1.909515643725862,0.8733012575769037,G1M1_new,g1m1_high_load,1.48,57.0,100.0,1.46,1.5,56,58,14,500
2025-01-23,2.210845283456651,0.0002091839600584174,8.715998335767392,1.909515643725862,0.8733012575769037,G1M1_new,g1m1_high_load,1.48,57.0,100.0,1.46,1.5,56,58,14,500
2025-01-24,2.2110544674167096,0.0002091839600584174,8.715998335767392,1.909515643725862,0.8733012575769037,G1M1_new,g1m1_high_load,1.48,57.0,100.0,1.46,1.5,56,58,14,500
2025-01-25,2.2112636513767683,0.0002091839600584174,8.715998335767392,1.909515643725862,0.8733012575769037,G1M1_new,g1m1_high_load,1.48,57.0,100.0,1.46,1.5,56,58,14,500
2025-01-26,2.2114728353368265,0.0002091839600584174,8.715998335767392,1.909515643725862,0.8733012575769037,G1M1_new,g1m1_high_load,1.48,57.0,100.0,1.46,1.5,56,58,14,500
2025-01-27,2.2116820192968847,0.0002091839600584174,8.715998335767392,1.909515643725862,0.8733012575769037,G1M1_new,g1m1_high_load,1.48,57.0,100.0,1.46,1.5,56,58,14,500
2025-01-28,2.2118912032569433,0.0002091839600584174,8.715998335767392,1.909515643725862,0.8733012575769037,G1M1_new,g1m1_high_load,1.48,57.0,100.0,1.46,1.5,56,58,14,500
2025-01-29,2.2121003872170015,0.0002091839600584174,8.715998335767392,1.909515643725862,0.8733012575769037,G1M1_new,g1m1_high_load,1.48,57.0,100.0,1.46,1.5,56,58,14,500
2025-01-30,2.21230957117706,0.0002091839600584174,8.715998335767392,1.909515643725862,0.8733012575769037,G1M1_new,g1m1_high_load,1.48,57.0,100.0,1.46,1.5,56,58,14,500
2025-01-31,2.2125187551371184,0.0002091839600584174,8.715998335767392,1.909515643725862,0.8733012575769037,G1M1_new,g1m1_high_load,1.48,57.0,100.0,1.46,1.5,56,58,14,500
2025-02-01,2.212727939097177,0.0002091839600584174,8.715998335767392,1.909515643725862,0.8733012575769037,G1M1_new,g1m1_high_load,1.48,57.0,100.0,1.46,1.5,56,58,14,500
2025-02-02,2.2129371230572352,0.0002091839600584174,8.715998335767392,1.909515643725862,0.8733012575769037,G1M1_new,g1m1_high_load,1.48,57.0,100.0,1.46,1.5,56,58,14,500
2025-02-03,2.213146307017294,0.0002091839600584174,8.715998335767392,1.909515643725862,0.8733012575769037,G1M1_new,g1m1_high_load,1.48,57.0,100.0,1.46,1.5,56,58,14,500
2025-02-04,2.213355490977352,0.0002091839600584174,8.715998335767392,1.909515643725862,0.8733012575769037,G1M1_new,g1m1_high_load,1.48,57.0,100.0,1.46,1.5,56,58,14,500
2025-02-05,2.2135646749374107,0.0002091839600584174,8.715998335767392,1.909515643725862,0.8733012575769037,G1M1_new,g1m1_high_load,1.48,57.0,100.0,1.46,1.5,56,58,14,500
2025-02-06,2.213773858897469,0.0002091839600584174,8.715998335767392,1.909515643725862,0.8733012575769037,G1M1_new,g1m1_high_load,1.48,57.0,100.0,1.46,1.5,56,58,14,500
2025-02-07,2.2139830428575276,0.0002091839600584174,8.715998335767392,1.909515643725862,0.8733012575769037,G1M1_new,g1m1_high_load,1.48,57.0,100.0,1.46,1.5,56,58,14,500
2025-02-08,2.2141922268175858,0.0002091839600584174,8.715998335767392,1.909515643725862,0.8733012575769037,G1M1_new,g1m1_high_load,1.48,57.0,100.0,1.46,1.5,56,58,14,500
2025-02-09,2.2144014107776444,0.0002091839600584174,8.715998335767392,1.909515643725862,0.8733012575769037,G1M1_new,g1m1_high_load,1.48,57.0,100.0,1.46,1.5,56,58,14,500
2025-02-10,2.2146105947377026,0.0002091839600584174,8.715998335767392,1.909515643725862,0.8733012575769037,G1M1_new,g1m1_high_load,1.48,57.0,100.0,1.46,1.5,56,58,14,500
2025-02-11,2.2148197786977613,0.0002091839600584174,8.715998335767392,1.909515643725862,0.8733012575769037,G1M1_new,g1m1_high_load,1.48,57.0,100.0,1.46,1.5,56,58,14,500
2025-02-12,2.2150289626578195,0.0002091839600584174,8.715998335767392,1.909515643725862,0.8733012575769037,G1M1_new,g1m1_high_load,1.48,57.0,100.0,1.46,1.5,56,58,14,500
2025-02-13,2.215238146617878,0.0002091839600584174,8.715998335767392,1.909515643725862,0.8733012575769037,G1M1_new,g1m1_high_load,1.48,57.0,100.0,1.46,1.5,56,58,14,500
2025-02-14,2.2154473305779363,0.0002091839600584174,8.715998335767392,1.909515643725862,0.8733012575769037,G1M1_new,g1m1_high_load,1.48,57.0,100.0,1.46,1.5,56,58,14,500
2025-02-15,2.215656514537995,0.0002091839600584174,8.715998335767392,1.909515643725862,0.8733012575769037,G1M1_new,g1m1_high_load,1.48,57.0,100.0,1.46,1.5,56,58,14,500
2025-02-16,2.215865698498053,0.0002091839600584174,8.715998335767392,1.909515643725862,0.8733012575769037,G1M1_new,g1m1_high_load,1.48,57.0,100.0,1.46,1.5,56,58,14,500
2025-02-17,2.216074882458112,0.0002091839600584174,8.715998335767392,1.909515643725862,0.8733012575769037,G1M1_new,g1m1_high_load,1.48,57.0,100.0,1.46,1.5,56,58,14,500
2025-02-18,2.21628406641817,0.0002091839600584174,8.715998335767392,1.909515643725862,0.8733012575769037,G1M1_new,g1m1_high_load,1.48,57.0,100.0,1.46,1.5,56,58,14,500
2025-02-19,2.2164932503782286,0.0002091839600584174,8.715998335767392,1.909515643725862,0.8733012575769037,G1M1_new,g1m1_high_load,1.48,57.0,100.0,1.46,1.5,56,58,14,500
2025-02-20,2.216702434338287,0.0002091839600584174,8.715998335767392,1.909515643725862,0.8733012575769037,G1M1_new,g1m1_high_load,1.48,57.0,100.0,1.46,1.5,56,58,14,500
2025-02-21,2.2169116182983455,0.0002091839600584174,8.715998335767392,1.909515643725862,0.8733012575769037,G1M1_new,g1m1_high_load,1.48,57.0,100.0,1.46,1.5,56,58,14,500
2025-02-22,2.2171208022584037,0.0002091839600584174,8.715998335767392,1.909515643725862,0.8733012575769037,G1M1_new,g1m1_high_load,1.48,57.0,100.0,1.46,1.5,56,58,14,500
2025-02-23,2.217329986218462,0.0002091839600584174,8.715998335767392,1.909515643725862,0.8733012575769037,G1M1_new,g1m1_high_load,1.48,57.0,100.0,1.46,1.5,56,58,14,500
2025-02-24,2.2175391701785205,0.0002091839600584174,8.715998335767392,1.909515643725862,0.8733012575769037,G1M1_new,g1m1_high_load,1.48,57.0,100.0,1.46,1.5,56,58,14,500
2025-02-25,2.217748354138579,0.0002091839600584174,8.715998335767392,1.909515643725862,0.8733012575769037,G1M1_new,g1m1_high_load,1.48,57.0,100.0,1.46,1.5,56,58,14,500
2025-02-26,2.2179575380986374,0.0002091839600584174,8.715998335767392,1.909515643725862,0.8733012575769037,G1M1_new,g1m1_high_load,1.48,57.0,100.0,1.46,1.5,56,58,14,500
2025-02-27,2.2181667220586956,0.0002091839600584174,8.715998335767392,1.909515643725862,0.8733012575769037,G1M1_new,g1m1_high_load,1.48,57.0,100.0,1.46,1.5,56,58,14,500
2025-02-28,2.2183759060187542,0.0002091839600584174,8.715998335767392,1.909515643725862,0.8733012575769037,G1M1_new,g1m1_high_load,1.48,57.0,100.0,1.46,1.5,56,58,14,500
2025-03-01,2.218585089978813,0.0002091839600584174,8.715998335767392,1.909515643725862,0.8733012575769037,G1M1_new,g1m1_high_load,1.48,57.0,100.0,1.46,1.5,56,58,14,500
2025-03-02,2.218794273938871,0.0002091839600584174,8.715998335767392,1.909515643725862,0.8733012575769037,G1M1_new,g1m1_high_load,1.48,57.0,100.0,1.46,1.5,56,58,14,500
2025-03-03,2.2190034578989293,0.0002091839600584174,8.715998335767392,1.909515643725862,0.8733012575769037,G1M1_new,g1m1_high_load,1.48,57.0,100.0,1.46,1.5,56,58,14,500
2025-03-04,2.219212641858988,0.0002091839600584174,8.715998335767392,1.909515643725862,0.8733012575769037,G1M1_new,g1m1_high_load,1.48,57.0,100.0,1.46,1.5,56,58,14,500
2025-03-05,2.219421825819046,0.0002091839600584174,8.715998335767392,1.909515643725862,0.8733012575769037,G1M1_new,g1m1_high_load,1.48,57.0,100.0,1.46,1.5,56,58,14,500
2025-03-06,2.2196310097791048,0.0002091839600584174,8.715998335767392,1.909515643725862,0.8733012575769037,G1M1_new,g1m1_high_load,1.48,57.0,100.0,1.46,1.5,56,58,14,500
2025-03-07,2.219840193739163,0.0002091839600584174,8.715998335767392,1.909515643725862,0.8733012575769037,G1M1_new,g1m1_high_load,1.48,57.0,100.0,1.46,1.5,56,58,14,500
2025-03-08,2.2200493776992216,0.0002091839600584174,8.715998335767392,1.909515643725862,0.8733012575769037,G1M1_new,g1m1_high_load,1.48,57.0,100.0,1.46,1.5,56,58,14,500
2025-03-09,2.22025856165928,0.0002091839600584174,8.715998335767392,1.909515643725862,0.8733012575769037,G1M1_new,g1m1_high_load,1.48,57.0,100.0,1.46,1.5,56,58,14,500
2025-03-10,2.2204677456193385,0.0002091839600584174,8.715998335767392,1.909515643725862,0.8733012575769037,G1M1_new,g1m1_high_load,1.48,57.0,100.0,1.46,1.5,56,58,14,500
2025-03-11,2.2206769295793967,0.0002091839600584174,8.715998335767392,1.909515643725862,0.8733012575769037,G1M1_new,g1m1_high_load,1.48,57.0,100.0,1.46,1.5,56,58,14,500
2025-03-12,2.2208861135394553,0.0002091839600584174,8.715998335767392,1.909515643725862,0.8733012575769037,G1M1_new,g1m1_high_load,1.48,57.0,100.0,1.46,1.5,56,58,14,500
2025-03-13,2.2210952974995135,0.0002091839600584174,8.715998335767392,1.909515643725862,0.8733012575769037,G1M1_new,g1m1_high_load,1.48,57.0,100.0,1.46,1.5,56,58,14,500
2025-03-14,2.221304481459572,0.0002091839600584174,8.715998335767392,1.909515643725862,0.8733012575769037,G1M1_new,g1m1_high_load,1.48,57.0,100.0,1.46,1.5,56,58,14,500
2025-03-15,2.2215136654196304,0.0002091839600584174,8.715998335767392,1.909515643725862,0.8733012575769037,G1M1_new,g1m1_high_load,1.48,57.0,100.0,1.46,1.5,56,58,14,500
2025-03-16,2.221722849379689,0.0002091839600584174,8.715998335767392,1.909515643725862,0.8733012575769037,G1M1_new,g1m1_high_load,1.48,57.0,100.0,1.46,1.5,56,58,14,500
2025-03-17,2.221932033339747,0.0002091839600584174,8.715998335767392,1.909515643725862,0.8733012575769037,G1M1_new,g1m1_high_load,1.48,57.0,100.0,1.46,1.5,56,58,14,500
2025-03-18,2.222141217299806,0.0002091839600584174,8.715998335767392,1.909515643725862,0.8733012575769037,G1M1_new,g1m1_high_load,1.48,57.0,100.0,1.46,1.5,56,58,14,500
2025-03-19,2.222350401259864,0.0002091839600584174,8.715998335767392,1.909515643725862,0.8733012575769037,G1M1_new,g1m1_high_load,1.48,57.0,100.0,1.46,1.5,56,58,14,500
2025-03-20,2.2225595852199227,0.0002091839600584174,8.715998335767392,1.909515643725862,0.8733012575769037,G1M1_new,g1m1_high_load,1.48,57.0,100.0,1.46,1.5,56,58,14,500
2025-03-21,2.222768769179981,0.0002091839600584174,8.715998335767392,1.909515643725862,0.8733012575769037,G1M1_new,g1m1_high_load,1.48,57.0,100.0,1.46,1.5,56,58,14,500
2025-03-22,2.2229779531400395,0.0002091839600584174,8.715998335767392,1.909515643725862,0.8733012575769037,G1M1_new,g1m1_high_load,1.48,57.0,100.0,1.46,1.5,56,58,14,500
2025-03-23,2.2231871371000977,0.0002091839600584174,8.715998335767392,1.909515643725862,0.8733012575769037,G1M1_new,g1m1_high_load,1.48,57.0,100.0,1.46,1.5,56,58,14,500
2025-03-24,2.2233963210601564,0.0002091839600584174,8.715998335767392,1.909515643725862,0.8733012575769037,G1M1_new,g1m1_high_load,1.48,57.0,100.0,1.46,1.5,56,58,14,500
2025-03-25,2.2236055050202146,0.0002091839600584174,8.715998335767392,1.909515643725862,0.8733012575769037,G1M1_new,g1m1_high_load,1.48,57.0,100.0,1.46,1.5,56,58,14,500
2025-03-26,2.2238146889802732,0.0002091839600584174,8.715998335767392,1.909515643725862,0.8733012575769037,G1M1_new,g1m1_high_load,1.48,57.0,100.0,1.46,1.5,56,58,14,500
2025-03-27,2.2240238729403314,0.0002091839600584174,8.715998335767392,1.909515643725862,0.8733012575769037,G1M1_new,g1m1_high_load,1.48,57.0,100.0,1.46,1.5,56,58,14,500
2025-03-28,2.22423305690039,0.0002091839600584174,8.715998335767392,1.909515643725862,0.8733012575769037,G1M1_new,g1m1_high_load,1.48,57.0,100.0,1.46,1.5,56,58,14,500
2025-03-29,2.2244422408604483,0.0002091839600584174,8.715998335767392,1.909515643725862,0.8733012575769037,G1M1_new,g1m1_high_load,1.48,57.0,100.0,1.46,1.5,56,58,14,500
2025-03-30,2.224651424820507,0.0002091839600584174,8.715998335767392,1.909515643725862,0.8733012575769037,G1M1_new,g1m1_high_load,1.48,57.0,100.0,1.46,1.5,56,58,14,500
2025-03-31,2.224860608780565,0.0002091839600584174,8.715998335767392,1.909515643725862,0.8733012575769037,G1M1_new,g1m1_high_load,1.48,57.0,100.0,1.46,1.5,56,58,14,500
2025-04-01,2.2250697927406238,0.0002091839600584174,8.715998335767392,1.909515643725862,0.8733012575769037,G1M1_new,g1m1_high_load,1.48,57.0,100.0,1.46,1.5,56,58,14,500
2025-04-02,2.225278976700682,0.0002091839600584174,8.715998335767392,1.909515643725862,0.8733012575769037,G1M1_new,g1m1_high_load,1.48,57.0,100.0,1.46,1.5,56,58,14,500
2025-04-03,2.22548816066074,0.0002091839600584174,8.715998335767392,1.909515643725862,0.8733012575769037,G1M1_new,g1m1_high_load,1.48,57.0,100.0,1.46,1.5,56,58,14,500
2025-04-04,2.225697344620799,0.0002091839600584174,8.715998335767392,1.909515643725862,0.8733012575769037,G1M1_new,g1m1_high_load,1.48,57.0,100.0,1.46,1.5,56,58,14,500
2025-04-05,2.2259065285808575,0.0002091839600584174,8.715998335767392,1.909515643725862,0.8733012575769037,G1M1_new,g1m1_high_load,1.48,57.0,100.0,1.46,1.5,56,58,14,500
2025-04-06,2.2261157125409157,0.0002091839600584174,8.715998335767392,1.909515643725862,0.8733012575769037,G1M1_new,g1m1_high_load,1.48,57.0,100.0,1.46,1.5,56,58,14,500
2025-04-07,2.226324896500974,0.0002091839600584174,8.715998335767392,1.909515643725862,0.8733012575769037,G1M1_new,g1m1_high_load,1.48,57.0,100.0,1.46,1.5,56,58,14,500
2025-04-08,2.2265340804610325,0.0002091839600584174,8.715998335767392,1.909515643725862,0.8733012575769037,G1M1_new,g1m1_high_load,1.48,57.0,100.0,1.46,1.5,56,58,14,500
2025-04-09,2.226743264421091,0.0002091839600584174,8.715998335767392,1.909515643725862,0.8733012575769037,G1M1_new,g1m1_high_load,1.48,57.0,100.0,1.46,1.5,56,58,14,500
2025-04-10,2.2269524483811494,0.0002091839600584174,8.715998335767392,1.909515643725862,0.8733012575769037,G1M1_new,g1m1_high_load,1.48,57.0,100.0,1.46,1.5,56,58,14,500
2025-04-11,2.2271616323412076,0.0002091839600584174,8.715998335767392,1.909515643725862,0.8733012575769037,G1M1_new,g1m1_high_load,1.48,57.0,100.0,1.46,1.5,56,58,14,500
2025-04-12,2.227370816301266,0.0002091839600584174,8.715998335767392,1.909515643725862,0.8733012575769037,G1M1_new,g1m1_high_load,1.48,57.0,100.0,1.46,1.5,56,58,14,500
2025-04-13,2.2275800002613244,0.0002091839600584174,8.715998335767392,1.909515643725862,0.8733012575769037,G1M1_new,g1m1_high_load,1.48,57.0,100.0,1.46,1.5,56,58,14,500
2025-04-14,2.227789184221383,0.0002091839600584174,8.715998335767392,1.909515643725862,0.8733012575769037,G1M1_new,g1m1_high_load,1.48,57.0,100.0,1.46,1.5,56,58,14,500
2025-04-15,2.2279983681814413,0.0002091839600584174,8.715998335767392,1.909515643725862,0.8733012575769037,G1M1_new,g1m1_high_load,1.48,57.0,100.0,1.46,1.5,56,58,14,500
2025-04-16,2.2282075521415,0.0002091839600584174,8.715998335767392,1.909515643725862,0.8733012575769037,G1M1_new,g1m1_high_load,1.48,57.0,100.0,1.46,1.5,56,58,14,500
2025-04-17,2.228416736101558,0.0002091839600584174,8.715998335767392,1.909515643725862,0.8733012575769037,G1M1_new,g1m1_high_load,1.48,57.0,100.0,1.46,1.5,56,58,14,500
2025-04-18,2.2286259200616167,0.0002091839600584174,8.715998335767392,1.909515643725862,0.8733012575769037,G1M1_new,g1m1_high_load,1.48,57.0,100.0,1.46,1.5,56,58,14,500
2025-04-19,2.228835104021675,0.0002091839600584174,8.715998335767392,1.909515643725862,0.8733012575769037,G1M1_new,g1m1_high_load,1.48,57.0,100.0,1.46,1.5,56,58,14,500
2025-04-20,2.2290442879817336,0.0002091839600584174,8.715998335767392,1.909515643725862,0.8733012575769037,G1M1_new,g1m1_high_load,1.48,57.0,100.0,1.46,1.5,56,58,14,500
2025-04-21,2.229253471941792,0.0002091839600584174,8.715998335767392,1.909515643725862,0.8733012575769037,G1M1_new,g1m1_high_load,1.48,57.0,100.0,1.46,1.5,56,58,14,500
2025-04-22,2.2294626559018504,0.0002091839600584174,8.715998335767392,1.909515643725862,0.8733012575769037,G1M1_new,g1m1_high_load,1.48,57.0,100.0,1.46,1.5,56,58,14,500
2025-04-23,2.2296718398619086,0.0002091839600584174,8.715998335767392,1.909515643725862,0.8733012575769037,G1M1_new,g1m1_high_load,1.48,57.0,100.0,1.46,1.5,56,58,14,500
2025-04-24,2.2298810238219673,0.0002091839600584174,8.715998335767392,1.909515643725862,0.8733012575769037,G1M1_new,g1m1_high_load,1.48,57.0,100.0,1.46,1.5,56,58,14,500
2025-04-25,2.2300902077820255,0.0002091839600584174,8.715998335767392,1.909515643725862,0.8733012575769037,G1M1_new,g1m1_high_load,1.48,57.0,100.0,1.46,1.5,56,58,14,500
2025-04-26,2.230299391742084,0.0002091839600584174,8.715998335767392,1.909515643725862,0.8733012575769037,G1M1_new,g1m1_high_load,1.48,57.0,100.0,1.46,1.5,56,58,14,500
2025-04-27,2.2305085757021423,0.0002091839600584174,8.715998335767392,1.909515643725862,0.8733012575769037,G1M1_new,g1m1_high_load,1.48,57.0,100.0,1.46,1.5,56,58,14,500
2025-04-28,2.230717759662201,0.0002091839600584174,8.715998335767392,1.909515643725862,0.8733012575769037,G1M1_new,g1m1_high_load,1.48,57.0,100.0,1.46,1.5,56,58,14,500
2025-04-29,2.230926943622259,0.0002091839600584174,8.715998335767392,1.909515643725862,0.8733012575769037,G1M1_new,g1m1_high_load,1.48,57.0,100.0,1.46,1.5,56,58,14,500
2025-04-30,2.231136127582318,0.0002091839600584174,8.715998335767392,1.909515643725862,0.8733012575769037,G1M1_new,g1m1_high_load,1.48,57.0,100.0,1.46,1.5,56,58,14,500
2025-05-01,2.231345311542376,0.0002091839600584174,8.715998335767392,1.909515643725862,0.8733012575769037,G1M1_new,g1m1_high_load,1.48,57.0,100.0,1.46,1.5,56,58,14,500
2025-05-02,2.2315544955024347,0.0002091839600584174,8.715998335767392,1.909515643725862,0.8733012575769037,G1M1_new,g1m1_high_load,1.48,57.0,100.0,1.46,1.5,56,58,14,500
2025-05-03,2.231763679462493,0.0002091839600584174,8.715998335767392,1.909515643725862,0.8733012575769037,G1M1_new,g1m1_high_load,1.48,57.0,100.0,1.46,1.5,56,58,14,500
2025-05-04,2.2319728634225515,0.0002091839600584174,8.715998335767392,1.909515643725862,0.8733012575769037,G1M1_new,g1m1_high_load,1.48,57.0,100.0,1.46,1.5,56,58,14,500
2025-05-05,2.2321820473826097,0.0002091839600584174,8.715998335767392,1.909515643725862,0.8733012575769037,G1M1_new,g1m1_high_load,1.48,57.0,100.0,1.46,1.5,56,58,14,500
2025-05-06,2.2323912313426684,0.0002091839600584174,8.715998335767392,1.909515643725862,0.8733012575769037,G1M1_new,g1m1_high_load,1.48,57.0,100.0,1.46,1.5,56,58,14,500
2025-05-07,2.2326004153027266,0.0002091839600584174,8.715998335767392,1.909515643725862,0.8733012575769037,G1M1_new,g1m1_high_load,1.48,57.0,100.0,1.46,1.5,56,58,14,500
2025-05-08,2.232809599262785,0.0002091839600584174,8.715998335767392,1.909515643725862,0.8733012575769037,G1M1_new,g1m1_high_load,1.48,57.0,100.0,1.46,1.5,56,58,14,500
2025-05-09,2.2330187832228434,0.0002091839600584174,8.715998335767392,1.909515643725862,0.8733012575769037,G1M1_new,g1m1_high_load,1.48,57.0,100.0,1.46,1.5,56,58,14,500
2025-05-10,2.233227967182902,0.0002091839600584174,8.715998335767392,1.909515643725862,0.8733012575769037,G1M1_new,g1m1_high_load,1.48,57.0,100.0,1.46,1.5,56,58,14,500
2025-05-11,2.2334371511429603,0.0002091839600584174,8.715998335767392,1.909515643725862,0.8733012575769037,G1M1_new,g1m1_high_load,1.48,57.0,100.0,1.46,1.5,56,58,14,500
2025-05-12,2.2336463351030185,0.0002091839600584174,8.715998335767392,1.909515643725862,0.8733012575769037,G1M1_new,g1m1_high_load,1.48,57.0,100.0,1.46,1.5,56,58,14,500
2025-05-13,2.233855519063077,0.0002091839600584174,8.715998335767392,1.909515643725862,0.8733012575769037,G1M1_new,g1m1_high_load,1.48,57.0,100.0,1.46,1.5,56,58,14,500
2025-05-14,2.2340647030231358,0.0002091839600584174,8.715998335767392,1.909515643725862,0.8733012575769037,G1M1_new,g1m1_high_load,1.48,57.0,100.0,1.46,1.5,56,58,14,500
2025-05-15,2.234273886983194,0.0002091839600584174,8.715998335767392,1.909515643725862,0.8733012575769037,G1M1_new,g1m1_high_load,1.48,57.0,100.0,1.46,1.5,56,58,14,500
2025-05-16,2.234483070943252,0.0002091839600584174,8.715998335767392,1.909515643725862,0.8733012575769037,G1M1_new,g1m1_high_load,1.48,57.0,100.0,1.46,1.5,56,58,14,500
2025-05-17,2.234692254903311,0.0002091839600584174,8.715998335767392,1.909515643725862,0.8733012575769037,G1M1_new,g1m1_high_load,1.48,57.0,100.0,1.46,1.5,56,58,14,500
2025-05-18,2.234901438863369,0.0002091839600584174,8.715998335767392,1.909515643725862,0.8733012575769037,G1M1_new,g1m1_high_load,1.48,57.0,100.0,1.46,1.5,56,58,14,500
2025-05-19,2.2351106228234277,0.0002091839600584174,8.715998335767392,1.909515643725862,0.8733012575769037,G1M1_new,g1m1_high_load,1.48,57.0,100.0,1.46,1.5,56,58,14,500
2025-05-20,2.235319806783486,0.0002091839600584174,8.715998335767392,1.909515643725862,0.8733012575769037,G1M1_new,g1m1_high_load,1.48,57.0,100.0,1.46,1.5,56,58,14,500
2025-05-21,2.2355289907435445,0.0002091839600584174,8.715998335767392,1.909515643725862,0.8733012575769037,G1M1_new,g1m1_high_load,1.48,57.0,100.0,1.46,1.5,56,58,14,500
2025-05-22,2.2357381747036027,0.0002091839600584174,8.715998335767392,1.909515643725862,0.8733012575769037,G1M1_new,g1m1_high_load,1.48,57.0,100.0,1.46,1.5,56,58,14,500
2025-05-23,2.2359473586636613,0.0002091839600584174,8.715998335767392,1.909515643725862,0.8733012575769037,G1M1_new,g1m1_high_load,1.48,57.0,100.0,1.46,1.5,56,58,14,500
2025-05-24,2.2361565426237195,0.0002091839600584174,8.715998335767392,1.909515643725862,0.8733012575769037,G1M1_new,g1m1_high_load,1.48,57.0,100.0,1.46,1.5,56,58,14,500
2025-05-25,2.236365726583778,0.0002091839600584174,8.715998335767392,1.909515643725862,0.8733012575769037,G1M1_new,g1m1_high_load,1.48,57.0,100.0,1.46,1.5,56,58,14,500
2025-05-26,2.2365749105438364,0.0002091839600584174,8.715998335767392,1.909515643725862,0.8733012575769037,G1M1_new,g1m1_high_load,1.48,57.0,100.0,1.46,1.5,56,58,14,500
2025-05-27,2.236784094503895,0.0002091839600584174,8.715998335767392,1.909515643725862,0.8733012575769037,G1M1_new,g1m1_high_load,1.48,57.0,100.0,1.46,1.5,56,58,14,500
2025-05-28,2.2369932784639532,0.0002091839600584174,8.715998335767392,1.909515643725862,0.8733012575769037,G1M1_new,g1m1_high_load,1.48,57.0,100.0,1.46,1.5,56,58,14,500
2025-05-29,2.237202462424012,0.0002091839600584174,8.715998335767392,1.909515643725862,0.8733012575769037,G1M1_new,g1m1_high_load,1.48,57.0,100.0,1.46,1.5,56,58,14,500
2025-05-30,2.23741164638407,0.0002091839600584174,8.715998335767392,1.909515643725862,0.8733012575769037,G1M1_new,g1m1_high_load,1.48,57.0,100.0,1.46,1.5,56,58,14,500
2025-05-31,2.2376208303441287,0.0002091839600584174,8.715998335767392,1.909515643725862,0.8733012575769037,G1M1_new,g1m1_high_load,1.48,57.0,100.0,1.46,1.5,56,58,14,500
2025-06-01,2.237830014304187,0.0002091839600584174,8.715998335767392,1.909515643725862,0.8733012575769037,G1M1_new,g1m1_high_load,1.48,57.0,100.0,1.46,1.5,56,58,14,500
2025-06-02,2.2380391982642456,0.0002091839600584174,8.715998335767392,1.909515643725862,0.8733012575769037,G1M1_new,g1m1_high_load,1.48,57.0,100.0,1.46,1.5,56,58,14,500
2025-06-03,2.238248382224304,0.0002091839600584174,8.715998335767392,1.909515643725862,0.8733012575769037,G1M1_new,g1m1_high_load,1.48,57.0,100.0,1.46,1.5,56,58,14,500
2025-06-04,2.2384575661843624,0.0002091839600584174,8.715998335767392,1.909515643725862,0.8733012575769037,G1M1_new,g1m1_high_load,1.48,57.0,100.0,1.46,1.5,56,58,14,500
2025-06-05,2.2386667501444206,0.0002091839600584174,8.715998335767392,1.909515643725862,0.8733012575769037,G1M1_new,g1m1_high_load,1.48,57.0,100.0,1.46,1.5,56,58,14,500
2025-06-06,2.2388759341044793,0.0002091839600584174,8.715998335767392,1.909515643725862,0.8733012575769037,G1M1_new,g1m1_high_load,1.48,57.0,100.0,1.46,1.5,56,58,14,500
2025-06-07,2.2390851180645375,0.0002091839600584174,8.715998335767392,1.909515643725862,0.8733012575769037,G1M1_new,g1m1_high_load,1.48,57.0,100.0,1.46,1.5,56,58,14,500
2025-06-08,2.239294302024596,0.0002091839600584174,8.715998335767392,1.909515643725862,0.8733012575769037,G1M1_new,g1m1_high_load,1.48,57.0,100.0,1.46,1.5,56,58,14,500
2025-06-09,2.2395034859846543,0.0002091839600584174,8.715998335767392,1.909515643725862,0.8733012575769037,G1M1_new,g1m1_high_load,1.48,57.0,100.0,1.46,1.5,56,58,14,500
2025-06-10,2.239712669944713,0.0002091839600584174,8.715998335767392,1.909515643725862,0.8733012575769037,G1M1_new,g1m1_high_load,1.48,57.0,100.0,1.46,1.5,56,58,14,500
2025-06-11,2.239921853904771,0.0002091839600584174,8.715998335767392,1.909515643725862,0.8733012575769037,G1M1_new,g1m1_high_load,1.48,57.0,100.0,1.46,1.5,56,58,14,500
2025-06-12,2.24013103786483,0.0002091839600584174,8.715998335767392,1.909515643725862,0.8733012575769037,G1M1_new,g1m1_high_load,1.48,57.0,100.0,1.46,1.5,56,58,14,500
2025-06-13,2.240340221824888,0.0002091839600584174,8.715998335767392,1.909515643725862,0.8733012575769037,G1M1_new,g1m1_high_load,1.48,57.0,100.0,1.46,1.5,56,58,14,500
2025-06-14,2.2405494057849467,0.0002091839600584174,8.715998335767392,1.909515643725862,0.8733012575769037,G1M1_new,g1m1_high_load,1.48,57.0,100.0,1.46,1.5,56,58,14,500
2025-06-15,2.240758589745005,0.0002091839600584174,8.715998335767392,1.909515643725862,0.8733012575769037,G1M1_new,g1m1_high_load,1.48,57.0,100.0,1.46,1.5,56,58,14,500
2025-06-16,2.240967773705063,0.0002091839600584174,8.715998335767392,1.909515643725862,0.8733012575769037,G1M1_new,g1m1_high_load,1.48,57.0,100.0,1.46,1.5,56,58,14,500
2025-06-17,2.2411769576651217,0.0002091839600584174,8.715998335767392,1.909515643725862,0.8733012575769037,G1M1_new,g1m1_high_load,1.48,57.0,100.0,1.46,1.5,56,58,14,500
2025-06-18,2.2413861416251804,0.0002091839600584174,8.715998335767392,1.909515643725862,0.8733012575769037,G1M1_new,g1m1_high_load,1.48,57.0,100.0,1.46,1.5,56,58,14,500
2025-06-19,2.2415953255852386,0.0002091839600584174,8.715998335767392,1.909515643725862,0.8733012575769037,G1M1_new,g1m1_high_load,1.48,57.0,100.0,1.46,1.5,56,58,14,500
2025-06-20,2.2418045095452968,0.0002091839600584174,8.715998335767392,1.909515643725862,0.8733012575769037,G1M1_new,g1m1_high_load,1.48,57.0,100.0,1.46,1.5,56,58,14,500
2025-06-21,2.2420136935053554,0.0002091839600584174,8.715998335767392,1.909515643725862,0.8733012575769037,G1M1_new,g1m1_high_load,1.48,57.0,100.0,1.46,1.5,56,58,14,500
2025-06-22,2.242222877465414,0.0002091839600584174,8.715998335767392,1.909515643725862,0.8733012575769037,G1M1_new,g1m1_high_load,1.48,57.0,100.0,1.46,1.5,56,58,14,500
2025-06-23,2.2424320614254722,0.0002091839600584174,8.715998335767392,1.909515643725862,0.8733012575769037,G1M1_new,g1m1_high_load,1.48,57.0,100.0,1.46,1.5,56,58,14,500
2025-06-24,2.2426412453855304,0.0002091839600584174,8.715998335767392,1.909515643725862,0.8733012575769037,G1M1_new,g1m1_high_load,1.48,57.0,100.0,1.46,1.5,56,58,14,500
2025-06-25,2.242850429345589,0.0002091839600584174,8.715998335767392,1.909515643725862,0.8733012575769037,G1M1_new,g1m1_high_load,1.48,57.0,100.0,1.46,1.5,56,58,14,500
2025-06-26,2.2430596133056473,0.0002091839600584174,8.715998335767392,1.909515643725862,0.8733012575769037,G1M1_new,g1m1_high_load,1.48,57.0,100.0,1.46,1.5,56,58,14,500
2025-06-27,2.243268797265706,0.0002091839600584174,8.715998335767392,1.909515643725862,0.8733012575769037,G1M1_new,g1m1_high_load,1.48,57.0,100.0,1.46,1.5,56,58,14,500
2025-06-28,2.243477981225764,0.0002091839600584174,8.715998335767392,1.909515643725862,0.8733012575769037,G1M1_new,g1m1_high_load,1.48,57.0,100.0,1.46,1.5,56,58,14,500
2025-06-29,2.243687165185823,0.0002091839600584174,8.715998335767392,1.909515643725862,0.8733012575769037,G1M1_new,g1m1_high_load,1.48,57.0,100.0,1.46,1.5,56,58,14,500
2025-06-30,2.243896349145881,0.0002091839600584174,8.715998335767392,1.909515643725862,0.8733012575769037,G1M1_new,g1m1_high_load,1.48,57.0,100.0,1.46,1.5,56,58,14,500
2025-07-01,2.2441055331059396,0.0002091839600584174,8.715998335767392,1.909515643725862,0.8733012575769037,G1M1_new,g1m1_high_load,1.48,57.0,100.0,1.46,1.5,56,58,14,500
2025-07-02,2.244314717065998,0.0002091839600584174,8.715998335767392,1.909515643725862,0.8733012575769037,G1M1_new,g1m1_high_load,1.48,57.0,100.0,1.46,1.5,56,58,14,500
2025-07-03,2.2445239010260565,0.0002091839600584174,8.715998335767392,1.909515643725862,0.8733012575769037,G1M1_new,g1m1_high_load,1.48,57.0,100.0,1.46,1.5,56,58,14,500
2025-07-04,2.2447330849861147,0.0002091839600584174,8.715998335767392,1.909515643725862,0.8733012575769037,G1M1_new,g1m1_high_load,1.48,57.0,100.0,1.46,1.5,56,58,14,500
2025-07-05,2.2449422689461733,0.0002091839600584174,8.715998335767392,1.909515643725862,0.8733012575769037,G1M1_new,g1m1_high_load,1.48,57.0,100.0,1.46,1.5,56,58,14,500
2025-07-06,2.2451514529062315,0.0002091839600584174,8.715998335767392,1.909515643725862,0.8733012575769037,G1M1_new,g1m1_high_load,1.48,57.0,100.0,1.46,1.5,56,58,14,500
2025-07-07,2.24536063686629,0.0002091839600584174,8.715998335767392,1.909515643725862,0.8733012575769037,G1M1_new,g1m1_high_load,1.48,57.0,100.0,1.46,1.5,56,58,14,500
2025-07-08,2.2455698208263484,0.0002091839600584174,8.715998335767392,1.909515643725862,0.8733012575769037,G1M1_new,g1m1_high_load,1.48,57.0,100.0,1.46,1.5,56,58,14,500
2025-07-09,2.245779004786407,0.0002091839600584174,8.715998335767392,1.909515643725862,0.8733012575769037,G1M1_new,g1m1_high_load,1.48,57.0,100.0,1.46,1.5,56,58,14,500
2025-07-10,2.245988188746465,0.0002091839600584174,8.715998335767392,1.909515643725862,0.8733012575769037,G1M1_new,g1m1_high_load,1.48,57.0,100.0,1.46,1.5,56,58,14,500
2025-07-11,2.246197372706524,0.0002091839600584174,8.715998335767392,1.909515643725862,0.8733012575769037,G1M1_new,g1m1_high_load,1.48,57.0,100.0,1.46,1.5,56,58,14,500
2025-07-12,2.246406556666582,0.0002091839600584174,8.715998335767392,1.909515643725862,0.8733012575769037,G1M1_new,g1m1_high_load,1.48,57.0,100.0,1.46,1.5,56,58,14,500
2025-07-13,2.2466157406266407,0.0002091839600584174,8.715998335767392,1.909515643725862,0.8733012575769037,G1M1_new,g1m1_high_load,1.48,57.0,100.0,1.46,1.5,56,58,14,500
2025-07-14,2.246824924586699,0.0002091839600584174,8.715998335767392,1.909515643725862,0.8733012575769037,G1M1_new,g1m1_high_load,1.48,57.0,100.0,1.46,1.5,56,58,14,500
2025-07-15,2.2470341085467576,0.0002091839600584174,8.715998335767392,1.909515643725862,0.8733012575769037,G1M1_new,g1m1_high_load,1.48,57.0,100.0,1.46,1.5,56,58,14,500
2025-07-16,2.2472432925068158,0.0002091839600584174,8.715998335767392,1.909515643725862,0.8733012575769037,G1M1_new,g1m1_high_load,1.48,57.0,100.0,1.46,1.5,56,58,14,500
2025-07-17,2.2474524764668744,0.0002091839600584174,8.715998335767392,1.909515643725862,0.8733012575769037,G1M1_new,g1m1_high_load,1.48,57.0,100.0,1.46,1.5,56,58,14,500
2025-07-18,2.2476616604269326,0.0002091839600584174,8.715998335767392,1.909515643725862,0.8733012575769037,G1M1_new,g1m1_high_load,1.48,57.0,100.0,1.46,1.5,56,58,14,500
2025-07-19,2.2478708443869913,0.0002091839600584174,8.715998335767392,1.909515643725862,0.8733012575769037,G1M1_new,g1m1_high_load,1.48,57.0,100.0,1.46,1.5,56,58,14,500
2025-07-20,2.2480800283470495,0.0002091839600584174,8.715998335767392,1.909515643725862,0.8733012575769037,G1M1_new,g1m1_high_load,1.48,57.0,100.0,1.46,1.5,56,58,14,500
2025-07-21,2.248289212307108,0.0002091839600584174,8.715998335767392,1.909515643725862,0.8733012575769037,G1M1_new,g1m1_high_load,1.48,57.0,100.0,1.46,1.5,56,58,14,500
2025-07-22,2.2484983962671663,0.0002091839600584174,8.715998335767392,1.909515643725862,0.8733012575769037,G1M1_new,g1m1_high_load,1.48,57.0,100.0,1.46,1.5,56,58,14,500
2025-07-23,2.248707580227225,0.0002091839600584174,8.715998335767392,1.909515643725862,0.8733012575769037,G1M1_new,g1m1_high_load,1.48,57.0,100.0,1.46,1.5,56,58,14,500
2025-07-24,2.248916764187283,0.0002091839600584174,8.715998335767392,1.909515643725862,0.8733012575769037,G1M1_new,g1m1_high_load,1.48,57.0,100.0,1.46,1.5,56,58,14,500
2025-07-25,2.2491259481473413,0.0002091839600584174,8.715998335767392,1.909515643725862,0.8733012575769037,G1M1_new,g1m1_high_load,1.48,57.0,100.0,1.46,1.5,56,58,14,500
2025-07-26,2.2493351321074,0.0002091839600584174,8.715998335767392,1.909515643725862,0.8733012575769037,G1M1_new,g1m1_high_load,1.48,57.0,100.0,1.46,1.5,56,58,14,500
2025-07-27,2.2495443160674586,0.0002091839600584174,8.715998335767392,1.909515643725862,0.8733012575769037,G1M1_new,g1m1_high_load,1.48,57.0,100.0,1.46,1.5,56,58,14,500
2025-07-28,2.249753500027517,0.0002091839600584174,8.715998335767392,1.909515643725862,0.8733012575769037,G1M1_new,g1m1_high_load,1.48,57.0,100.0,1.46,1.5,56,58,14,500
2025-07-29,2.249962683987575,0.0002091839600584174,8.715998335767392,1.909515643725862,0.8733012575769037,G1M1_new,g1m1_high_load,1.48,57.0,100.0,1.46,1.5,56,58,14,500
2025-07-30,2.2501718679476337,0.0002091839600584174,8.715998335767392,1.909515643725862,0.8733012575769037,G1M1_new,g1m1_high_load,1.48,57.0,100.0,1.46,1.5,56,58,14,500
2025-07-31,2.2503810519076923,0.0002091839600584174,8.715998335767392,1.909515643725862,0.8733012575769037,G1M1_new,g1m1_high_load,1.48,57.0,100.0,1.46,1.5,56,58,14,500
2025-08-01,2.2505902358677505,0.0002091839600584174,8.715998335767392,1.909515643725862,0.8733012575769037,G1M1_new,g1m1_high_load,1.48,57.0,100.0,1.46,1.5,56,58,14,500
2025-08-02,2.2507994198278087,0.0002091839600584174,8.715998335767392,1.909515643725862,0.8733012575769037,G1M1_new,g1m1_high_load,1.48,57.0,100.0,1.46,1.5,56,58,14,500
2025-08-03,2.2510086037878674,0.0002091839600584174,8.715998335767392,1.909515643725862,0.8733012575769037,G1M1_new,g1m1_high_load,1.48,57.0,100.0,1.46,1.5,56,58,14,500
2025-08-04,2.2512177877479256,0.0002091839600584174,8.715998335767392,1.909515643725862,0.8733012575769037,G1M1_new,g1m1_high_load,1.48,57.0,100.0,1.46,1.5,56,58,14,500
2025-08-05,2.2514269717079842,0.0002091839600584174,8.715998335767392,1.909515643725862,0.8733012575769037,G1M1_new,g1m1_high_load,1.48,57.0,100.0,1.46,1.5,56,58,14,500
2025-08-06,2.2516361556680424,0.0002091839600584174,8.715998335767392,1.909515643725862,0.8733012575769037,G1M1_new,g1m1_high_load,1.48,57.0,100.0,1.46,1.5,56,58,14,500
2025-08-07,2.251845339628101,0.0002091839600584174,8.715998335767392,1.909515643725862,0.8733012575769037,G1M1_new,g1m1_high_load,1.48,57.0,100.0,1.46,1.5,56,58,14,500
2025-08-08,2.2520545235881593,0.0002091839600584174,8.715998335767392,1.909515643725862,0.8733012575769037,G1M1_new,g1m1_high_load,1.48,57.0,100.0,1.46,1.5,56,58,14,500
2025-08-09,2.252263707548218,0.0002091839600584174,8.715998335767392,1.909515643725862,0.8733012575769037,G1M1_new,g1m1_high_load,1.48,57.0,100.0,1.46,1.5,56,58,14,500
2025-08-10,2.252472891508276,0.0002091839600584174,8.715998335767392,1.909515643725862,0.8733012575769037,G1M1_new,g1m1_high_load,1.48,57.0,100.0,1.46,1.5,56,58,14,500
2025-08-11,2.2526820754683348,0.0002091839600584174,8.715998335767392,1.909515643725862,0.8733012575769037,G1M1_new,g1m1_high_load,1.48,57.0,100.0,1.46,1.5,56,58,14,500
2025-08-12,2.252891259428393,0.0002091839600584174,8.715998335767392,1.909515643725862,0.8733012575769037,G1M1_new,g1m1_high_load,1.48,57.0,100.0,1.46,1.5,56,58,14,500
2025-08-13,2.2531004433884516,0.0002091839600584174,8.715998335767392,1.909515643725862,0.8733012575769037,G1M1_new,g1m1_high_load,1.48,57.0,100.0,1.46,1.5,56,58,14,500
2025-08-14,2.25330962734851,0.0002091839600584174,8.715998335767392,1.909515643725862,0.8733012575769037,G1M1_new,g1m1_high_load,1.48,57.0,100.0,1.46,1.5,56,58,14,500
2025-08-15,2.2535188113085685,0.0002091839600584174,8.715998335767392,1.909515643725862,0.8733012575769037,G1M1_new,g1m1_high_load,1.48,57.0,100.0,1.46,1.5,56,58,14,500
2025-08-16,2.2537279952686267,0.0002091839600584174,8.715998335767392,1.909515643725862,0.8733012575769037,G1M1_new,g1m1_high_load,1.48,57.0,100.0,1.46,1.5,56,58,14,500
2025-08-17,2.2539371792286853,0.0002091839600584174,8.715998335767392,1.909515643725862,0.8733012575769037,G1M1_new,g1m1_high_load,1.48,57.0,100.0,1.46,1.5,56,58,14,500
2025-08-18,2.2541463631887435,0.0002091839600584174,8.715998335767392,1.909515643725862,0.8733012575769037,G1M1_new,g1m1_high_load,1.48,57.0,100.0,1.46,1.5,56,58,14,500
2025-08-19,2.254355547148802,0.0002091839600584174,8.715998335767392,1.909515643725862,0.8733012575769037,G1M1_new,g1m1_high_load,1.48,57.0,100.0,1.46,1.5,56,58,14,500
2025-08-20,2.2545647311088604,0.0002091839600584174,8.715998335767392,1.909515643725862,0.8733012575769037,G1M1_new,g1m1_high_load,1.48,57.0,100.0,1.46,1.5,56,58,14,500
2025-08-21,2.254773915068919,0.0002091839600584174,8.715998335767392,1.909515643725862,0.8733012575769037,G1M1_new,g1m1_high_load,1.48,57.0,100.0,1.46,1.5,56,58,14,500
2025-08-22,2.254983099028977,0.0002091839600584174,8.715998335767392,1.909515643725862,0.8733012575769037,G1M1_new,g1m1_high_load,1.48,57.0,100.0,1.46,1.5,56,58,14,500
2025-08-23,2.255192282989036,0.0002091839600584174,8.715998335767392,1.909515643725862,0.8733012575769037,G1M1_new,g1m1_high_load,1.48,57.0,100.0,1.46,1.5,56,58,14,500
2025-08-24,2.255401466949094,0.0002091839600584174,8.715998335767392,1.909515643725862,0.8733012575769037,G1M1_new,g1m1_high_load,1.48,57.0,100.0,1.46,1.5,56,58,14,500
2025-08-25,2.2556106509091527,0.0002091839600584174,8.715998335767392,1.909515643725862,0.8733012575769037,G1M1_new,g1m1_high_load,1.48,57.0,100.0,1.46,1.5,56,58,14,500
2025-08-26,2.255819834869211,0.0002091839600584174,8.715998335767392,1.909515643725862,0.8733012575769037,G1M1_new,g1m1_high_load,1.48,57.0,100.0,1.46,1.5,56,58,14,500
2025-08-27,2.2560290188292695,0.0002091839600584174,8.715998335767392,1.909515643725862,0.8733012575769037,G1M1_new,g1m1_high_load,1.48,57.0,100.0,1.46,1.5,56,58,14,500
2025-08-28,2.2562382027893277,0.0002091839600584174,8.715998335767392,1.909515643725862,0.8733012575769037,G1M1_new,g1m1_high_load,1.48,57.0,100.0,1.46,1.5,56,58,14,500
2025-08-29,2.256447386749386,0.0002091839600584174,8.715998335767392,1.909515643725862,0.8733012575769037,G1M1_new,g1m1_high_load,1.48,57.0,100.0,1.46,1.5,56,58,14,500
2025-08-30,2.2566565707094446,0.0002091839600584174,8.715998335767392,1.909515643725862,0.8733012575769037,G1M1_new,g1m1_high_load,1.48,57.0,100.0,1.46,1.5,56,58,14,500
2025-08-31,2.2568657546695032,0.0002091839600584174,8.715998335767392,1.909515643725862,0.8733012575769037,G1M1_new,g1m1_high_load,1.48,57.0,100.0,1.46,1.5,56,58,14,500
2025-09-01,2.2570749386295614,0.0002091839600584174,8.715998335767392,1.909515643725862,0.8733012575769037,G1M1_new,g1m1_high_load,1.48,57.0,100.0,1.46,1.5,56,58,14,500
2025-09-02,2.2572841225896196,0.0002091839600584174,8.715998335767392,1.909515643725862,0.8733012575769037,G1M1_new,g1m1_high_load,1.48,57.0,100.0,1.46,1.5,56,58,14,500
2025-09-03,2.2574933065496783,0.0002091839600584174,8.715998335767392,1.909515643725862,0.8733012575769037,G1M1_new,g1m1_high_load,1.48,57.0,100.0,1.46,1.5,56,58,14,500
2025-09-04,2.257702490509737,0.0002091839600584174,8.715998335767392,1.909515643725862,0.8733012575769037,G1M1_new,g1m1_high_load,1.48,57.0,100.0,1.46,1.5,56,58,14,500
2025-09-05,2.257911674469795,0.0002091839600584174,8.715998335767392,1.909515643725862,0.8733012575769037,G1M1_new,g1m1_high_load,1.48,57.0,100.0,1.46,1.5,56,58,14,500
2025-09-06,2.2581208584298533,0.0002091839600584174,8.715998335767392,1.909515643725862,0.8733012575769037,G1M1_new,g1m1_high_load,1.48,57.0,100.0,1.46,1.5,56,58,14,500
2025-09-07,2.258330042389912,0.0002091839600584174,8.715998335767392,1.909515643725862,0.8733012575769037,G1M1_new,g1m1_high_load,1.48,57.0,100.0,1.46,1.5,56,58,14,500
2025-09-08,2.25853922634997,0.0002091839600584174,8.715998335767392,1.909515643725862,0.8733012575769037,G1M1_new,g1m1_high_load,1.48,57.0,100.0,1.46,1.5,56,58,14,500
2025-09-09,2.258748410310029,0.0002091839600584174,8.715998335767392,1.909515643725862,0.8733012575769037,G1M1_new,g1m1_high_load,1.48,57.0,100.0,1.46,1.5,56,58,14,500
2025-09-10,2.258957594270087,0.0002091839600584174,8.715998335767392,1.909515643725862,0.8733012575769037,G1M1_new,g1m1_high_load,1.48,57.0,100.0,1.46,1.5,56,58,14,500
2025-09-11,2.2591667782301457,0.0002091839600584174,8.715998335767392,1.909515643725862,0.8733012575769037,G1M1_new,g1m1_high_load,1.48,57.0,100.0,1.46,1.5,56,58,14,500
2025-09-12,2.259375962190204,0.0002091839600584174,8.715998335767392,1.909515643725862,0.8733012575769037,G1M1_new,g1m1_high_load,1.48,57.0,100.0,1.46,1.5,56,58,14,500
2025-09-13,2.2595851461502625,0.0002091839600584174,8.715998335767392,1.909515643725862,0.8733012575769037,G1M1_new,g1m1_high_load,1.48,57.0,100.0,1.46,1.5,56,58,14,500
2025-09-14,2.2597943301103207,0.0002091839600584174,8.715998335767392,1.909515643725862,0.8733012575769037,G1M1_new,g1m1_high_load,1.48,57.0,100.0,1.46,1.5,56,58,14,500
2025-09-15,2.2600035140703794,0.0002091839600584174,8.715998335767392,1.909515643725862,0.8733012575769037,G1M1_new,g1m1_high_load,1.48,57.0,100.0,1.46,1.5,56,58,14,500
2025-09-16,2.2602126980304376,0.0002091839600584174,8.715998335767392,1.909515643725862,0.8733012575769037,G1M1_new,g1m1_high_load,1.48,57.0,100.0,1.46,1.5,56,58,14,500
2025-09-17,2.260421881990496,0.0002091839600584174,8.715998335767392,1.909515643725862,0.8733012575769037,G1M1_new,g1m1_high_load,1.48,57.0,100.0,1.46,1.5,56,58,14,500
2025-09-18,2.2606310659505544,0.0002091839600584174,8.715998335767392,1.909515643725862,0.8733012575769037,G1M1_new,g1m1_high_load,1.48,57.0,100.0,1.46,1.5,56,58,14,500
2025-09-19,2.260840249910613,0.0002091839600584174,8.715998335767392,1.909515643725862,0.8733012575769037,G1M1_new,g1m1_high_load,1.48,57.0,100.0,1.46,1.5,56,58,14,500
2025-09-20,2.2610494338706713,0.0002091839600584174,8.715998335767392,1.909515643725862,0.8733012575769037,G1M1_new,g1m1_high_load,1.48,57.0,100.0,1.46,1.5,56,58,14,500
2025-09-21,2.26125861783073,0.0002091839600584174,8.715998335767392,1.909515643725862,0.8733012575769037,G1M1_new,g1m1_high_load,1.48,57.0,100.0,1.46,1.5,56,58,14,500
2025-09-22,2.261467801790788,0.0002091839600584174,8.715998335767392,1.909515643725862,0.8733012575769037,G1M1_new,g1m1_high_load,1.48,57.0,100.0,1.46,1.5,56,58,14,500
2025-09-23,2.2616769857508467,0.0002091839600584174,8.715998335767392,1.909515643725862,0.8733012575769037,G1M1_new,g1m1_high_load,1.48,57.0,100.0,1.46,1.5,56,58,14,500
2025-09-24,2.261886169710905,0.0002091839600584174,8.715998335767392,1.909515643725862,0.8733012575769037,G1M1_new,g1m1_high_load,1.48,57.0,100.0,1.46,1.5,56,58,14,500
2025-09-25,2.2620953536709636,0.0002091839600584174,8.715998335767392,1.909515643725862,0.8733012575769037,G1M1_new,g1m1_high_load,1.48,57.0,100.0,1.46,1.5,56,58,14,500
2025-09-26,2.262304537631022,0.0002091839600584174,8.715998335767392,1.909515643725862,0.8733012575769037,G1M1_new,g1m1_high_load,1.48,57.0,100.0,1.46,1.5,56,58,14,500
2025-09-27,2.2625137215910804,0.0002091839600584174,8.715998335767392,1.909515643725862,0.8733012575769037,G1M1_new,g1m1_high_load,1.48,57.0,100.0,1.46,1.5,56,58,14,500
2025-09-28,2.2627229055511386,0.0002091839600584174,8.715998335767392,1.909515643725862,0.8733012575769037,G1M1_new,g1m1_high_load,1.48,57.0,100.0,1.46,1.5,56,58,14,500
2025-09-29,2.2629320895111973,0.0002091839600584174,8.715998335767392,1.909515643725862,0.8733012575769037,G1M1_new,g1m1_high_load,1.48,57.0,100.0,1.46,1.5,56,58,14,500
2025-09-30,2.2631412734712555,0.0002091839600584174,8.715998335767392,1.909515643725862,0.8733012575769037,G1M1_new,g1m1_high_load,1.48,57.0,100.0,1.46,1.5,56,58,14,500
2025-10-01,2.263350457431314,0.0002091839600584174,8.715998335767392,1.909515643725862,0.8733012575769037,G1M1_new,g1m1_high_load,1.48,57.0,100.0,1.46,1.5,56,58,14,500
2025-10-02,2.2635596413913723,0.0002091839600584174,8.715998335767392,1.909515643725862,0.8733012575769037,G1M1_new,g1m1_high_load,1.48,57.0,100.0,1.46,1.5,56,58,14,500
2025-10-03,2.263768825351431,0.0002091839600584174,8.715998335767392,1.909515643725862,0.8733012575769037,G1M1_new,g1m1_high_load,1.48,57.0,100.0,1.46,1.5,56,58,14,500
2025-10-04,2.263978009311489,0.0002091839600584174,8.715998335767392,1.909515643725862,0.8733012575769037,G1M1_new,g1m1_high_load,1.48,57.0,100.0,1.46,1.5,56,58,14,500
2025-10-05,2.264187193271548,0.0002091839600584174,8.715998335767392,1.909515643725862,0.8733012575769037,G1M1_new,g1m1_high_load,1.48,57.0,100.0,1.46,1.5,56,58,14,500
2025-10-06,2.264396377231606,0.0002091839600584174,8.715998335767392,1.909515643725862,0.8733012575769037,G1M1_new,g1m1_high_load,1.48,57.0,100.0,1.46,1.5,56,58,14,500
2025-10-07,2.2646055611916642,0.0002091839600584174,8.715998335767392,1.909515643725862,0.8733012575769037,G1M1_new,g1m1_high_load,1.48,57.0,100.0,1.46,1.5,56,58,14,500
2025-10-08,2.264814745151723,0.0002091839600584174,8.715998335767392,1.909515643725862,0.8733012575769037,G1M1_new,g1m1_high_load,1.48,57.0,100.0,1.46,1.5,56,58,14,500
2025-10-09,2.2650239291117815,0.0002091839600584174,8.715998335767392,1.909515643725862,0.8733012575769037,G1M1_new,g1m1_high_load,1.48,57.0,100.0,1.46,1.5,56,58,14,500
2025-10-10,2.2652331130718397,0.0002091839600584174,8.715998335767392,1.909515643725862,0.8733012575769037,G1M1_new,g1m1_high_load,1.48,57.0,100.0,1.46,1.5,56,58,14,500
2025-10-11,2.265442297031898,0.0002091839600584174,8.715998335767392,1.909515643725862,0.8733012575769037,G1M1_new,g1m1_high_load,1.48,57.0,100.0,1.46,1.5,56,58,14,500
2025-10-12,2.2656514809919566,0.0002091839600584174,8.715998335767392,1.909515643725862,0.8733012575769037,G1M1_new,g1m1_high_load,1.48,57.0,100.0,1.46,1.5,56,58,14,500
2025-10-13,2.265860664952015,0.0002091839600584174,8.715998335767392,1.909515643725862,0.8733012575769037,G1M1_new,g1m1_high_load,1.48,57.0,100.0,1.46,1.5,56,58,14,500
2025-10-14,2.2660698489120734,0.0002091839600584174,8.715998335767392,1.909515643725862,0.8733012575769037,G1M1_new,g1m1_high_load,1.48,57.0,100.0,1.46,1.5,56,58,14,500
2025-10-15,2.2662790328721316,0.0002091839600584174,8.715998335767392,1.909515643725862,0.8733012575769037,G1M1_new,g1m1_high_load,1.48,57.0,100.0,1.46,1.5,56,58,14,500
2025-10-16,2.2664882168321903,0.0002091839600584174,8.715998335767392,1.909515643725862,0.8733012575769037,G1M1_new,g1m1_high_load,1.48,57.0,100.0,1.46,1.5,56,58,14,500
2025-10-17,2.2666974007922485,0.0002091839600584174,8.715998335767392,1.909515643725862,0.8733012575769037,G1M1_new,g1m1_high_load,1.48,57.0,100.0,1.46,1.5,56,58,14,500
2025-10-18,2.266906584752307,0.0002091839600584174,8.715998335767392,1.909515643725862,0.8733012575769037,G1M1_new,g1m1_high_load,1.48,57.0,100.0,1.46,1.5,56,58,14,500
2025-10-19,2.2671157687123653,0.0002091839600584174,8.715998335767392,1.909515643725862,0.8733012575769037,G1M1_new,g1m1_high_load,1.48,57.0,100.0,1.46,1.5,56,58,14,500
2025-10-20,2.267324952672424,0.0002091839600584174,8.715998335767392,1.909515643725862,0.8733012575769037,G1M1_new,g1m1_high_load,1.48,57.0,100.0,1.46,1.5,56,58,14,500
2025-10-21,2.267534136632482,0.0002091839600584174,8.715998335767392,1.909515643725862,0.8733012575769037,G1M1_new,g1m1_high_load,1.48,57.0,100.0,1.46,1.5,56,58,14,500
2025-10-22,2.267743320592541,0.0002091839600584174,8.715998335767392,1.909515643725862,0.8733012575769037,G1M1_new,g1m1_high_load,1.48,57.0,100.0,1.46,1.5,56,58,14,500
2025-10-23,2.267952504552599,0.0002091839600584174,8.715998335767392,1.909515643725862,0.8733012575769037,G1M1_new,g1m1_high_load,1.48,57.0,100.0,1.46,1.5,56,58,14,500
2025-10-24,2.2681616885126576,0.0002091839600584174,8.715998335767392,1.909515643725862,0.8733012575769037,G1M1_new,g1m1_high_load,1.48,57.0,100.0,1.46,1.5,56,58,14,500
2025-10-25,2.268370872472716,0.0002091839600584174,8.715998335767392,1.909515643725862,0.8733012575769037,G1M1_new,g1m1_high_load,1.48,57.0,100.0,1.46,1.5,56,58,14,500
2025-10-26,2.2685800564327745,0.0002091839600584174,8.715998335767392,1.909515643725862,0.8733012575769037,G1M1_new,g1m1_high_load,1.48,57.0,100.0,1.46,1.5,56,58,14,500
2025-10-27,2.2687892403928327,0.0002091839600584174,8.715998335767392,1.909515643725862,0.8733012575769037,G1M1_new,g1m1_high_load,1.48,57.0,100.0,1.46,1.5,56,58,14,500
2025-10-28,2.2689984243528913,0.0002091839600584174,8.715998335767392,1.909515643725862,0.8733012575769037,G1M1_new,g1m1_high_load,1.48,57.0,100.0,1.46,1.5,56,58,14,500
2025-10-29,2.2692076083129495,0.0002091839600584174,8.715998335767392,1.909515643725862,0.8733012575769037,G1M1_new,g1m1_high_load,1.48,57.0,100.0,1.46,1.5,56,58,14,500
2025-10-30,2.269416792273008,0.0002091839600584174,8.715998335767392,1.909515643725862,0.8733012575769037,G1M1_new,g1m1_high_load,1.48,57.0,100.0,1.46,1.5,56,58,14,500
2025-10-31,2.2696259762330664,0.0002091839600584174,8.715998335767392,1.909515643725862,0.8733012575769037,G1M1_new,g1m1_high_load,1.48,57.0,100.0,1.46,1.5,56,58,14,500
2025-11-01,2.269835160193125,0.0002091839600584174,8.715998335767392,1.909515643725862,0.8733012575769037,G1M1_new,g1m1_high_load,1.48,57.0,100.0,1.46,1.5,56,58,14,500
2025-11-02,2.2700443441531832,0.0002091839600584174,8.715998335767392,1.909515643725862,0.8733012575769037,G1M1_new,g1m1_high_load,1.48,57.0,100.0,1.46,1.5,56,58,14,500
2025-11-03,2.270253528113242,0.0002091839600584174,8.715998335767392,1.909515643725862,0.8733012575769037,G1M1_new,g1m1_high_load,1.48,57.0,100.0,1.46,1.5,56,58,14,500
2025-11-04,2.2704627120733,0.0002091839600584174,8.715998335767392,1.909515643725862,0.8733012575769037,G1M1_new,g1m1_high_load,1.48,57.0,100.0,1.46,1.5,56,58,14,500
2025-11-05,2.2706718960333587,0.0002091839600584174,8.715998335767392,1.909515643725862,0.8733012575769037,G1M1_new,g1m1_high_load,1.48,57.0,100.0,1.46,1.5,56,58,14,500
2025-11-06,2.270881079993417,0.0002091839600584174,8.715998335767392,1.909515643725862,0.8733012575769037,G1M1_new,g1m1_high_load,1.48,57.0,100.0,1.46,1.5,56,58,14,500
2025-11-07,2.2710902639534756,0.0002091839600584174,8.715998335767392,1.909515643725862,0.8733012575769037,G1M1_new,g1m1_high_load,1.48,57.0,100.0,1.46,1.5,56,58,14,500
2025-11-08,2.2712994479135338,0.0002091839600584174,8.715998335767392,1.909515643725862,0.8733012575769037,G1M1_new,g1m1_high_load,1.48,57.0,100.0,1.46,1.5,56,58,14,500
2025-11-09,2.2715086318735924,0.0002091839600584174,8.715998335767392,1.909515643725862,0.8733012575769037,G1M1_new,g1m1_high_load,1.48,57.0,100.0,1.46,1.5,56,58,14,500
2025-11-10,2.2717178158336506,0.0002091839600584174,8.715998335767392,1.909515643725862,0.8733012575769037,G1M1_new,g1m1_high_load,1.48,57.0,100.0,1.46,1.5,56,58,14,500
2025-11-11,2.2719269997937093,0.0002091839600584174,8.715998335767392,1.909515643725862,0.8733012575769037,G1M1_new,g1m1_high_load,1.48,57.0,100.0,1.46,1.5,56,58,14,500
2025-11-12,2.2721361837537675,0.0002091839600584174,8.715998335767392,1.909515643725862,0.8733012575769037,G1M1_new,g1m1_high_load,1.48,57.0,100.0,1.46,1.5,56,58,14,500
2025-11-13,2.272345367713826,0.0002091839600584174,8.715998335767392,1.909515643725862,0.8733012575769037,G1M1_new,g1m1_high_load,1.48,57.0,100.0,1.46,1.5,56,58,14,500
2025-11-14,2.2725545516738843,0.0002091839600584174,8.715998335767392,1.909515643725862,0.8733012575769037,G1M1_new,g1m1_high_load,1.48,57.0,100.0,1.46,1.5,56,58,14,500
2025-11-15,2.2727637356339425,0.0002091839600584174,8.715998335767392,1.909515643725862,0.8733012575769037,G1M1_new,g1m1_high_load,1.48,57.0,100.0,1.46,1.5,56,58,14,500
2025-11-16,2.272972919594001,0.0002091839600584174,8.715998335767392,1.909515643725862,0.8733012575769037,G1M1_new,g1m1_high_load,1.48,57.0,100.0,1.46,1.5,56,58,14,500
2025-11-17,2.27318210355406,0.0002091839600584174,8.715998335767392,1.909515643725862,0.8733012575769037,G1M1_new,g1m1_high_load,1.48,57.0,100.0,1.46,1.5,56,58,14,500
2025-11-18,2.273391287514118,0.0002091839600584174,8.715998335767392,1.909515643725862,0.8733012575769037,G1M1_new,g1m1_high_load,1.48,57.0,100.0,1.46,1.5,56,58,14,500
2025-11-19,2.273600471474176,0.0002091839600584174,8.715998335767392,1.909515643725862,0.8733012575769037,G1M1_new,g1m1_high_load,1.48,57.0,100.0,1.46,1.5,56,58,14,500
2025-11-20,2.273809655434235,0.0002091839600584174,8.715998335767392,1.909515643725862,0.8733012575769037,G1M1_new,g1m1_high_load,1.48,57.0,100.0,1.46,1.5,56,58,14,500
2025-11-21,2.274018839394293,0.0002091839600584174,8.715998335767392,1.909515643725862,0.8733012575769037,G1M1_new,g1m1_high_load,1.48,57.0,100.0,1.46,1.5,56,58,14,500
2025-11-22,2.2742280233543517,0.0002091839600584174,8.715998335767392,1.909515643725862,0.8733012575769037,G1M1_new,g1m1_high_load,1.48,57.0,100.0,1.46,1.5,56,58,14,500
2025-11-23,2.27443720731441,0.0002091839600584174,8.715998335767392,1.909515643725862,0.8733012575769037,G1M1_new,g1m1_high_load,1.48,57.0,100.0,1.46,1.5,56,58,14,500
2025-11-24,2.2746463912744685,0.0002091839600584174,8.715998335767392,1.909515643725862,0.8733012575769037,G1M1_new,g1m1_high_load,1.48,57.0,100.0,1.46,1.5,56,58,14,500
2025-11-25,2.2748555752345267,0.0002091839600584174,8.715998335767392,1.909515643725862,0.8733012575769037,G1M1_new,g1m1_high_load,1.48,57.0,100.0,1.46,1.5,56,58,14,500
2025-11-26,2.2750647591945854,0.0002091839600584174,8.715998335767392,1.909515643725862,0.8733012575769037,G1M1_new,g1m1_high_load,1.48,57.0,100.0,1.46,1.5,56,58,14,500
2025-11-27,2.2752739431546436,0.0002091839600584174,8.715998335767392,1.909515643725862,0.8733012575769037,G1M1_new,g1m1_high_load,1.48,57.0,100.0,1.46,1.5,56,58,14,500
2025-11-28,2.2754831271147022,0.0002091839600584174,8.715998335767392,1.909515643725862,0.8733012575769037,G1M1_new,g1m1_high_load,1.48,57.0,100.0,1.46,1.5,56,58,14,500
2025-11-29,2.2756923110747604,0.0002091839600584174,8.715998335767392,1.909515643725862,0.8733012575769037,G1M1_new,g1m1_high_load,1.48,57.0,100.0,1.46,1.5,56,58,14,500
2025-11-30,2.275901495034819,0.0002091839600584174,8.715998335767392,1.909515643725862,0.8733012575769037,G1M1_new,g1m1_high_load,1.48,57.0,100.0,1.46,1.5,56,58,14,500
2025-12-01,2.2761106789948773,0.0002091839600584174,8.715998335767392,1.909515643725862,0.8733012575769037,G1M1_new,g1m1_high_load,1.48,57.0,100.0,1.46,1.5,56,58,14,500
2025-12-02,2.276319862954936,0.0002091839600584174,8.715998335767392,1.909515643725862,0.8733012575769037,G1M1_new,g1m1_high_load,1.48,57.0,100.0,1.46,1.5,56,58,14,500
2025-12-03,2.276529046914994,0.0002091839600584174,8.715998335767392,1.909515643725862,0.8733012575769037,G1M1_new,g1m1_high_load,1.48,57.0,100.0,1.46,1.5,56,58,14,500
2025-12-04,2.276738230875053,0.0002091839600584174,8.715998335767392,1.909515643725862,0.8733012575769037,G1M1_new,g1m1_high_load,1.48,57.0,100.0,1.46,1.5,56,58,14,500
2025-12-05,2.276947414835111,0.0002091839600584174,8.715998335767392,1.909515643725862,0.8733012575769037,G1M1_new,g1m1_high_load,1.48,57.0,100.0,1.46,1.5,56,58,14,500
2025-12-06,2.2771565987951696,0.0002091839600584174,8.715998335767392,1.909515643725862,0.8733012575769037,G1M1_new,g1m1_high_load,1.48,57.0,100.0,1.46,1.5,56,58,14,500
2025-12-07,2.277365782755228,0.0002091839600584174,8.715998335767392,1.909515643725862,0.8733012575769037,G1M1_new,g1m1_high_load,1.48,57.0,100.0,1.46,1.5,56,58,14,500
2025-12-08,2.2775749667152865,0.0002091839600584174,8.715998335767392,1.909515643725862,0.8733012575769037,G1M1_new,g1m1_high_load,1.48,57.0,100.0,1.46,1.5,56,58,14,500
2025-12-09,2.2777841506753447,0.0002091839600584174,8.715998335767392,1.909515643725862,0.8733012575769037,G1M1_new,g1m1_high_load,1.48,57.0,100.0,1.46,1.5,56,58,14,500
