timestamp,gt_uref_regression,slope_v_per_day,slope_uv_per_h,intercept_v,r2,dataset_name,label,iref,tref,ohref,i_range_low,i_range_high,t_range_low,t_range_high,oh_range_low,oh_range_high
2021-02-12,1.7595071634165924,0.0001411054300471118,5.879392918629659,1.759577618141734,0.9214752936344242,G1M1_new,g1m1_mid_load,1.0,58.0,100.0,0.98,1.02,57,59,14,500
2021-02-13,1.7596482688466395,0.0001411054300471118,5.879392918629659,1.759577618141734,0.9214752936344242,G1M1_new,g1m1_mid_load,1.0,58.0,100.0,0.98,1.02,57,59,14,500
2021-02-14,1.7597893742766866,0.0001411054300471118,5.879392918629659,1.759577618141734,0.9214752936344242,G1M1_new,g1m1_mid_load,1.0,58.0,100.0,0.98,1.02,57,59,14,500
2021-02-15,1.7599304797067337,0.0001411054300471118,5.879392918629659,1.759577618141734,0.9214752936344242,G1M1_new,g1m1_mid_load,1.0,58.0,100.0,0.98,1.02,57,59,14,500
2021-02-16,1.7600715851367807,0.0001411054300471118,5.879392918629659,1.759577618141734,0.9214752936344242,G1M1_new,g1m1_mid_load,1.0,58.0,100.0,0.98,1.02,57,59,14,500
2021-02-17,1.760212690566828,0.0001411054300471118,5.879392918629659,1.759577618141734,0.9214752936344242,G1M1_new,g1m1_mid_load,1.0,58.0,100.0,0.98,1.02,57,59,14,500
2021-02-18,1.7603537959968751,0.0001411054300471118,5.879392918629659,1.759577618141734,0.9214752936344242,G1M1_new,g1m1_mid_load,1.0,58.0,100.0,0.98,1.02,57,59,14,500
2021-02-19,1.7604949014269222,0.0001411054300471118,5.879392918629659,1.759577618141734,0.9214752936344242,G1M1_new,g1m1_mid_load,1.0,58.0,100.0,0.98,1.02,57,59,14,500
2021-02-20,1.7606360068569693,0.0001411054300471118,5.879392918629659,1.759577618141734,0.9214752936344242,G1M1_new,g1m1_mid_load,1.0,58.0,100.0,0.98,1.02,57,59,14,500
2021-02-21,1.7607771122870164,0.0001411054300471118,5.879392918629659,1.759577618141734,0.9214752936344242,G1M1_new,g1m1_mid_load,1.0,58.0,100.0,0.98,1.02,57,59,14,500
2021-02-22,1.7609182177170635,0.0001411054300471118,5.879392918629659,1.759577618141734,0.9214752936344242,G1M1_new,g1m1_mid_load,1.0,58.0,100.0,0.98,1.02,57,59,14,500
2021-02-23,1.7610593231471106,0.0001411054300471118,5.879392918629659,1.759577618141734,0.9214752936344242,G1M1_new,g1m1_mid_load,1.0,58.0,100.0,0.98,1.02,57,59,14,500
2021-02-24,1.7612004285771576,0.0001411054300471118,5.879392918629659,1.759577618141734,0.9214752936344242,G1M1_new,g1m1_mid_load,1.0,58.0,100.0,0.98,1.02,57,59,14,500
2021-02-25,1.761341534007205,0.0001411054300471118,5.879392918629659,1.759577618141734,0.9214752936344242,G1M1_new,g1m1_mid_load,1.0,58.0,100.0,0.98,1.02,57,59,14,500
2021-02-26,1.761482639437252,0.0001411054300471118,5.879392918629659,1.759577618141734,0.9214752936344242,G1M1_new,g1m1_mid_load,1.0,58.0,100.0,0.98,1.02,57,59,14,500
2021-02-27,1.7616237448672991,0.0001411054300471118,5.879392918629659,1.759577618141734,0.9214752936344242,G1M1_new,g1m1_mid_load,1.0,58.0,100.0,0.98,1.02,57,59,14,500
2021-02-28,1.7617648502973462,0.0001411054300471118,5.879392918629659,1.759577618141734,0.9214752936344242,G1M1_new,g1m1_mid_load,1.0,58.0,100.0,0.98,1.02,57,59,14,500
2021-03-01,1.7619059557273933,0.0001411054300471118,5.879392918629659,1.759577618141734,0.9214752936344242,G1M1_new,g1m1_mid_load,1.0,58.0,100.0,0.98,1.02,57,59,14,500
2021-03-02,1.7620470611574404,0.0001411054300471118,5.879392918629659,1.759577618141734,0.9214752936344242,G1M1_new,g1m1_mid_load,1.0,58.0,100.0,0.98,1.02,57,59,14,500
2021-03-03,1.7621881665874874,0.0001411054300471118,5.879392918629659,1.759577618141734,0.9214752936344242,G1M1_new,g1m1_mid_load,1.0,58.0,100.0,0.98,1.02,57,59,14,500
2021-03-04,1.7623292720175345,0.0001411054300471118,5.879392918629659,1.759577618141734,0.9214752936344242,G1M1_new,g1m1_mid_load,1.0,58.0,100.0,0.98,1.02,57,59,14,500
2021-03-05,1.7624703774475818,0.0001411054300471118,5.879392918629659,1.759577618141734,0.9214752936344242,G1M1_new,g1m1_mid_load,1.0,58.0,100.0,0.98,1.02,57,59,14,500
2021-03-06,1.762611482877629,0.0001411054300471118,5.879392918629659,1.759577618141734,0.9214752936344242,G1M1_new,g1m1_mid_load,1.0,58.0,100.0,0.98,1.02,57,59,14,500
2021-03-07,1.762752588307676,0.0001411054300471118,5.879392918629659,1.759577618141734,0.9214752936344242,G1M1_new,g1m1_mid_load,1.0,58.0,100.0,0.98,1.02,57,59,14,500
2021-03-08,1.762893693737723,0.0001411054300471118,5.879392918629659,1.759577618141734,0.9214752936344242,G1M1_new,g1m1_mid_load,1.0,58.0,100.0,0.98,1.02,57,59,14,500
2021-03-09,1.7630347991677702,0.0001411054300471118,5.879392918629659,1.759577618141734,0.9214752936344242,G1M1_new,g1m1_mid_load,1.0,58.0,100.0,0.98,1.02,57,59,14,500
2021-03-10,1.7631759045978173,0.0001411054300471118,5.879392918629659,1.759577618141734,0.9214752936344242,G1M1_new,g1m1_mid_load,1.0,58.0,100.0,0.98,1.02,57,59,14,500
2021-03-11,1.7633170100278643,0.0001411054300471118,5.879392918629659,1.759577618141734,0.9214752936344242,G1M1_new,g1m1_mid_load,1.0,58.0,100.0,0.98,1.02,57,59,14,500
2021-03-12,1.7634581154579114,0.0001411054300471118,5.879392918629659,1.759577618141734,0.9214752936344242,G1M1_new,g1m1_mid_load,1.0,58.0,100.0,0.98,1.02,57,59,14,500
2021-03-13,1.7635992208879587,0.0001411054300471118,5.879392918629659,1.759577618141734,0.9214752936344242,G1M1_new,g1m1_mid_load,1.0,58.0,100.0,0.98,1.02,57,59,14,500
2021-03-14,1.7637403263180058,0.0001411054300471118,5.879392918629659,1.759577618141734,0.9214752936344242,G1M1_new,g1m1_mid_load,1.0,58.0,100.0,0.98,1.02,57,59,14,500
2021-03-15,1.763881431748053,0.0001411054300471118,5.879392918629659,1.759577618141734,0.9214752936344242,G1M1_new,g1m1_mid_load,1.0,58.0,100.0,0.98,1.02,57,59,14,500
2021-03-16,1.7640225371781,0.0001411054300471118,5.879392918629659,1.759577618141734,0.9214752936344242,G1M1_new,g1m1_mid_load,1.0,58.0,100.0,0.98,1.02,57,59,14,500
2021-03-17,1.764163642608147,0.0001411054300471118,5.879392918629659,1.759577618141734,0.9214752936344242,G1M1_new,g1m1_mid_load,1.0,58.0,100.0,0.98,1.02,57,59,14,500
2021-03-18,1.7643047480381941,0.0001411054300471118,5.879392918629659,1.759577618141734,0.9214752936344242,G1M1_new,g1m1_mid_load,1.0,58.0,100.0,0.98,1.02,57,59,14,500
2021-03-19,1.7644458534682412,0.0001411054300471118,5.879392918629659,1.759577618141734,0.9214752936344242,G1M1_new,g1m1_mid_load,1.0,58.0,100.0,0.98,1.02,57,59,14,500
2021-03-20,1.7645869588982883,0.0001411054300471118,5.879392918629659,1.759577618141734,0.9214752936344242,G1M1_new,g1m1_mid_load,1.0,58.0,100.0,0.98,1.02,57,59,14,500
2021-03-21,1.7647280643283356,0.0001411054300471118,5.879392918629659,1.759577618141734,0.9214752936344242,G1M1_new,g1m1_mid_load,1.0,58.0,100.0,0.98,1.02,57,59,14,500
2021-03-22,1.7648691697583827,0.0001411054300471118,5.879392918629659,1.759577618141734,0.9214752936344242,G1M1_new,g1m1_mid_load,1.0,58.0,100.0,0.98,1.02,57,59,14,500
2021-03-23,1.7650102751884298,0.0001411054300471118,5.879392918629659,1.759577618141734,0.9214752936344242,G1M1_new,g1m1_mid_load,1.0,58.0,100.0,0.98,1.02,57,59,14,500
2021-03-24,1.7651513806184769,0.0001411054300471118,5.879392918629659,1.759577618141734,0.9214752936344242,G1M1_new,g1m1_mid_load,1.0,58.0,100.0,0.98,1.02,57,59,14,500
2021-03-25,1.765292486048524,0.0001411054300471118,5.879392918629659,1.759577618141734,0.9214752936344242,G1M1_new,g1m1_mid_load,1.0,58.0,100.0,0.98,1.02,57,59,14,500
2021-03-26,1.765433591478571,0.0001411054300471118,5.879392918629659,1.759577618141734,0.9214752936344242,G1M1_new,g1m1_mid_load,1.0,58.0,100.0,0.98,1.02,57,59,14,500
2021-03-27,1.7655746969086181,0.0001411054300471118,5.879392918629659,1.759577618141734,0.9214752936344242,G1M1_new,g1m1_mid_load,1.0,58.0,100.0,0.98,1.02,57,59,14,500
2021-03-28,1.7657158023386652,0.0001411054300471118,5.879392918629659,1.759577618141734,0.9214752936344242,G1M1_new,g1m1_mid_load,1.0,58.0,100.0,0.98,1.02,57,59,14,500
2021-03-29,1.7658569077687125,0.0001411054300471118,5.879392918629659,1.759577618141734,0.9214752936344242,G1M1_new,g1m1_mid_load,1.0,58.0,100.0,0.98,1.02,57,59,14,500
2021-03-30,1.7659980131987596,0.0001411054300471118,5.879392918629659,1.759577618141734,0.9214752936344242,G1M1_new,g1m1_mid_load,1.0,58.0,100.0,0.98,1.02,57,59,14,500
2021-03-31,1.7661391186288067,0.0001411054300471118,5.879392918629659,1.759577618141734,0.9214752936344242,G1M1_new,g1m1_mid_load,1.0,58.0,100.0,0.98,1.02,57,59,14,500
2021-04-01,1.7662802240588538,0.0001411054300471118,5.879392918629659,1.759577618141734,0.9214752936344242,G1M1_new,g1m1_mid_load,1.0,58.0,100.0,0.98,1.02,57,59,14,500
2021-04-02,1.7664213294889008,0.0001411054300471118,5.879392918629659,1.759577618141734,0.9214752936344242,G1M1_new,g1m1_mid_load,1.0,58.0,100.0,0.98,1.02,57,59,14,500
2021-04-03,1.766562434918948,0.0001411054300471118,5.879392918629659,1.759577618141734,0.9214752936344242,G1M1_new,g1m1_mid_load,1.0,58.0,100.0,0.98,1.02,57,59,14,500
2021-04-04,1.766703540348995,0.0001411054300471118,5.879392918629659,1.759577618141734,0.9214752936344242,G1M1_new,g1m1_mid_load,1.0,58.0,100.0,0.98,1.02,57,59,14,500
2021-04-05,1.766844645779042,0.0001411054300471118,5.879392918629659,1.759577618141734,0.9214752936344242,G1M1_new,g1m1_mid_load,1.0,58.0,100.0,0.98,1.02,57,59,14,500
2021-04-06,1.7669857512090894,0.0001411054300471118,5.879392918629659,1.759577618141734,0.9214752936344242,G1M1_new,g1m1_mid_load,1.0,58.0,100.0,0.98,1.02,57,59,14,500
2021-04-07,1.7671268566391365,0.0001411054300471118,5.879392918629659,1.759577618141734,0.9214752936344242,G1M1_new,g1m1_mid_load,1.0,58.0,100.0,0.98,1.02,57,59,14,500
2021-04-08,1.7672679620691836,0.0001411054300471118,5.879392918629659,1.759577618141734,0.9214752936344242,G1M1_new,g1m1_mid_load,1.0,58.0,100.0,0.98,1.02,57,59,14,500
2021-04-09,1.7674090674992307,0.0001411054300471118,5.879392918629659,1.759577618141734,0.9214752936344242,G1M1_new,g1m1_mid_load,1.0,58.0,100.0,0.98,1.02,57,59,14,500
2021-04-10,1.7675501729292777,0.0001411054300471118,5.879392918629659,1.759577618141734,0.9214752936344242,G1M1_new,g1m1_mid_load,1.0,58.0,100.0,0.98,1.02,57,59,14,500
2021-04-11,1.7676912783593248,0.0001411054300471118,5.879392918629659,1.759577618141734,0.9214752936344242,G1M1_new,g1m1_mid_load,1.0,58.0,100.0,0.98,1.02,57,59,14,500
2021-04-12,1.767832383789372,0.0001411054300471118,5.879392918629659,1.759577618141734,0.9214752936344242,G1M1_new,g1m1_mid_load,1.0,58.0,100.0,0.98,1.02,57,59,14,500
2021-04-13,1.767973489219419,0.0001411054300471118,5.879392918629659,1.759577618141734,0.9214752936344242,G1M1_new,g1m1_mid_load,1.0,58.0,100.0,0.98,1.02,57,59,14,500
2021-04-14,1.7681145946494663,0.0001411054300471118,5.879392918629659,1.759577618141734,0.9214752936344242,G1M1_new,g1m1_mid_load,1.0,58.0,100.0,0.98,1.02,57,59,14,500
2021-04-15,1.7682557000795134,0.0001411054300471118,5.879392918629659,1.759577618141734,0.9214752936344242,G1M1_new,g1m1_mid_load,1.0,58.0,100.0,0.98,1.02,57,59,14,500
2021-04-16,1.7683968055095605,0.0001411054300471118,5.879392918629659,1.759577618141734,0.9214752936344242,G1M1_new,g1m1_mid_load,1.0,58.0,100.0,0.98,1.02,57,59,14,500
2021-04-17,1.7685379109396075,0.0001411054300471118,5.879392918629659,1.759577618141734,0.9214752936344242,G1M1_new,g1m1_mid_load,1.0,58.0,100.0,0.98,1.02,57,59,14,500
2021-04-18,1.7686790163696546,0.0001411054300471118,5.879392918629659,1.759577618141734,0.9214752936344242,G1M1_new,g1m1_mid_load,1.0,58.0,100.0,0.98,1.02,57,59,14,500
2021-04-19,1.7688201217997017,0.0001411054300471118,5.879392918629659,1.759577618141734,0.9214752936344242,G1M1_new,g1m1_mid_load,1.0,58.0,100.0,0.98,1.02,57,59,14,500
2021-04-20,1.7689612272297488,0.0001411054300471118,5.879392918629659,1.759577618141734,0.9214752936344242,G1M1_new,g1m1_mid_load,1.0,58.0,100.0,0.98,1.02,57,59,14,500
2021-04-21,1.7691023326597959,0.0001411054300471118,5.879392918629659,1.759577618141734,0.9214752936344242,G1M1_new,g1m1_mid_load,1.0,58.0,100.0,0.98,1.02,57,59,14,500
2021-04-22,1.7692434380898432,0.0001411054300471118,5.879392918629659,1.759577618141734,0.9214752936344242,G1M1_new,g1m1_mid_load,1.0,58.0,100.0,0.98,1.02,57,59,14,500
2021-04-23,1.7693845435198903,0.0001411054300471118,5.879392918629659,1.759577618141734,0.9214752936344242,G1M1_new,g1m1_mid_load,1.0,58.0,100.0,0.98,1.02,57,59,14,500
2021-04-24,1.7695256489499374,0.0001411054300471118,5.879392918629659,1.759577618141734,0.9214752936344242,G1M1_new,g1m1_mid_load,1.0,58.0,100.0,0.98,1.02,57,59,14,500
2021-04-25,1.7696667543799844,0.0001411054300471118,5.879392918629659,1.759577618141734,0.9214752936344242,G1M1_new,g1m1_mid_load,1.0,58.0,100.0,0.98,1.02,57,59,14,500
2021-04-26,1.7698078598100315,0.0001411054300471118,5.879392918629659,1.759577618141734,0.9214752936344242,G1M1_new,g1m1_mid_load,1.0,58.0,100.0,0.98,1.02,57,59,14,500
2021-04-27,1.7699489652400786,0.0001411054300471118,5.879392918629659,1.759577618141734,0.9214752936344242,G1M1_new,g1m1_mid_load,1.0,58.0,100.0,0.98,1.02,57,59,14,500
2021-04-28,1.7700900706701257,0.0001411054300471118,5.879392918629659,1.759577618141734,0.9214752936344242,G1M1_new,g1m1_mid_load,1.0,58.0,100.0,0.98,1.02,57,59,14,500
2021-04-29,1.770231176100173,0.0001411054300471118,5.879392918629659,1.759577618141734,0.9214752936344242,G1M1_new,g1m1_mid_load,1.0,58.0,100.0,0.98,1.02,57,59,14,500
2021-04-30,1.77037228153022,0.0001411054300471118,5.879392918629659,1.759577618141734,0.9214752936344242,G1M1_new,g1m1_mid_load,1.0,58.0,100.0,0.98,1.02,57,59,14,500
2021-05-01,1.7705133869602672,0.0001411054300471118,5.879392918629659,1.759577618141734,0.9214752936344242,G1M1_new,g1m1_mid_load,1.0,58.0,100.0,0.98,1.02,57,59,14,500
2021-05-02,1.7706544923903142,0.0001411054300471118,5.879392918629659,1.759577618141734,0.9214752936344242,G1M1_new,g1m1_mid_load,1.0,58.0,100.0,0.98,1.02,57,59,14,500
2021-05-03,1.7707955978203613,0.0001411054300471118,5.879392918629659,1.759577618141734,0.9214752936344242,G1M1_new,g1m1_mid_load,1.0,58.0,100.0,0.98,1.02,57,59,14,500
2021-05-04,1.7709367032504084,0.0001411054300471118,5.879392918629659,1.759577618141734,0.9214752936344242,G1M1_new,g1m1_mid_load,1.0,58.0,100.0,0.98,1.02,57,59,14,500
2021-05-05,1.7710778086804555,0.0001411054300471118,5.879392918629659,1.759577618141734,0.9214752936344242,G1M1_new,g1m1_mid_load,1.0,58.0,100.0,0.98,1.02,57,59,14,500
2021-05-06,1.7712189141105026,0.0001411054300471118,5.879392918629659,1.759577618141734,0.9214752936344242,G1M1_new,g1m1_mid_load,1.0,58.0,100.0,0.98,1.02,57,59,14,500
2021-05-07,1.77136001954055,0.0001411054300471118,5.879392918629659,1.759577618141734,0.9214752936344242,G1M1_new,g1m1_mid_load,1.0,58.0,100.0,0.98,1.02,57,59,14,500
2021-05-08,1.771501124970597,0.0001411054300471118,5.879392918629659,1.759577618141734,0.9214752936344242,G1M1_new,g1m1_mid_load,1.0,58.0,100.0,0.98,1.02,57,59,14,500
2021-05-09,1.771642230400644,0.0001411054300471118,5.879392918629659,1.759577618141734,0.9214752936344242,G1M1_new,g1m1_mid_load,1.0,58.0,100.0,0.98,1.02,57,59,14,500
2021-05-10,1.7717833358306911,0.0001411054300471118,5.879392918629659,1.759577618141734,0.9214752936344242,G1M1_new,g1m1_mid_load,1.0,58.0,100.0,0.98,1.02,57,59,14,500
2021-05-11,1.7719244412607382,0.0001411054300471118,5.879392918629659,1.759577618141734,0.9214752936344242,G1M1_new,g1m1_mid_load,1.0,58.0,100.0,0.98,1.02,57,59,14,500
2021-05-12,1.7720655466907853,0.0001411054300471118,5.879392918629659,1.759577618141734,0.9214752936344242,G1M1_new,g1m1_mid_load,1.0,58.0,100.0,0.98,1.02,57,59,14,500
2021-05-13,1.7722066521208324,0.0001411054300471118,5.879392918629659,1.759577618141734,0.9214752936344242,G1M1_new,g1m1_mid_load,1.0,58.0,100.0,0.98,1.02,57,59,14,500
2021-05-14,1.7723477575508795,0.0001411054300471118,5.879392918629659,1.759577618141734,0.9214752936344242,G1M1_new,g1m1_mid_load,1.0,58.0,100.0,0.98,1.02,57,59,14,500
2021-05-15,1.7724888629809268,0.0001411054300471118,5.879392918629659,1.759577618141734,0.9214752936344242,G1M1_new,g1m1_mid_load,1.0,58.0,100.0,0.98,1.02,57,59,14,500
2021-05-16,1.7726299684109739,0.0001411054300471118,5.879392918629659,1.759577618141734,0.9214752936344242,G1M1_new,g1m1_mid_load,1.0,58.0,100.0,0.98,1.02,57,59,14,500
2021-05-17,1.772771073841021,0.0001411054300471118,5.879392918629659,1.759577618141734,0.9214752936344242,G1M1_new,g1m1_mid_load,1.0,58.0,100.0,0.98,1.02,57,59,14,500
2021-05-18,1.772912179271068,0.0001411054300471118,5.879392918629659,1.759577618141734,0.9214752936344242,G1M1_new,g1m1_mid_load,1.0,58.0,100.0,0.98,1.02,57,59,14,500
2021-05-19,1.7730532847011151,0.0001411054300471118,5.879392918629659,1.759577618141734,0.9214752936344242,G1M1_new,g1m1_mid_load,1.0,58.0,100.0,0.98,1.02,57,59,14,500
2021-05-20,1.7731943901311622,0.0001411054300471118,5.879392918629659,1.759577618141734,0.9214752936344242,G1M1_new,g1m1_mid_load,1.0,58.0,100.0,0.98,1.02,57,59,14,500
2021-05-21,1.7733354955612093,0.0001411054300471118,5.879392918629659,1.759577618141734,0.9214752936344242,G1M1_new,g1m1_mid_load,1.0,58.0,100.0,0.98,1.02,57,59,14,500
2021-05-22,1.7734766009912564,0.0001411054300471118,5.879392918629659,1.759577618141734,0.9214752936344242,G1M1_new,g1m1_mid_load,1.0,58.0,100.0,0.98,1.02,57,59,14,500
2021-05-23,1.7736177064213037,0.0001411054300471118,5.879392918629659,1.759577618141734,0.9214752936344242,G1M1_new,g1m1_mid_load,1.0,58.0,100.0,0.98,1.02,57,59,14,500
2021-05-24,1.7737588118513508,0.0001411054300471118,5.879392918629659,1.759577618141734,0.9214752936344242,G1M1_new,g1m1_mid_load,1.0,58.0,100.0,0.98,1.02,57,59,14,500
2021-05-25,1.7738999172813978,0.0001411054300471118,5.879392918629659,1.759577618141734,0.9214752936344242,G1M1_new,g1m1_mid_load,1.0,58.0,100.0,0.98,1.02,57,59,14,500
2021-05-26,1.774041022711445,0.0001411054300471118,5.879392918629659,1.759577618141734,0.9214752936344242,G1M1_new,g1m1_mid_load,1.0,58.0,100.0,0.98,1.02,57,59,14,500
2021-05-27,1.774182128141492,0.0001411054300471118,5.879392918629659,1.759577618141734,0.9214752936344242,G1M1_new,g1m1_mid_load,1.0,58.0,100.0,0.98,1.02,57,59,14,500
2021-05-28,1.774323233571539,0.0001411054300471118,5.879392918629659,1.759577618141734,0.9214752936344242,G1M1_new,g1m1_mid_load,1.0,58.0,100.0,0.98,1.02,57,59,14,500
2021-05-29,1.7744643390015862,0.0001411054300471118,5.879392918629659,1.759577618141734,0.9214752936344242,G1M1_new,g1m1_mid_load,1.0,58.0,100.0,0.98,1.02,57,59,14,500
2021-05-30,1.7746054444316333,0.0001411054300471118,5.879392918629659,1.759577618141734,0.9214752936344242,G1M1_new,g1m1_mid_load,1.0,58.0,100.0,0.98,1.02,57,59,14,500
2021-05-31,1.7747465498616806,0.0001411054300471118,5.879392918629659,1.759577618141734,0.9214752936344242,G1M1_new,g1m1_mid_load,1.0,58.0,100.0,0.98,1.02,57,59,14,500
2021-06-01,1.7748876552917277,0.0001411054300471118,5.879392918629659,1.759577618141734,0.9214752936344242,G1M1_new,g1m1_mid_load,1.0,58.0,100.0,0.98,1.02,57,59,14,500
2021-06-02,1.7750287607217747,0.0001411054300471118,5.879392918629659,1.759577618141734,0.9214752936344242,G1M1_new,g1m1_mid_load,1.0,58.0,100.0,0.98,1.02,57,59,14,500
2021-06-03,1.7751698661518218,0.0001411054300471118,5.879392918629659,1.759577618141734,0.9214752936344242,G1M1_new,g1m1_mid_load,1.0,58.0,100.0,0.98,1.02,57,59,14,500
2021-06-04,1.775310971581869,0.0001411054300471118,5.879392918629659,1.759577618141734,0.9214752936344242,G1M1_new,g1m1_mid_load,1.0,58.0,100.0,0.98,1.02,57,59,14,500
2021-06-05,1.775452077011916,0.0001411054300471118,5.879392918629659,1.759577618141734,0.9214752936344242,G1M1_new,g1m1_mid_load,1.0,58.0,100.0,0.98,1.02,57,59,14,500
2021-06-06,1.775593182441963,0.0001411054300471118,5.879392918629659,1.759577618141734,0.9214752936344242,G1M1_new,g1m1_mid_load,1.0,58.0,100.0,0.98,1.02,57,59,14,500
2021-06-07,1.7757342878720102,0.0001411054300471118,5.879392918629659,1.759577618141734,0.9214752936344242,G1M1_new,g1m1_mid_load,1.0,58.0,100.0,0.98,1.02,57,59,14,500
2021-06-08,1.7758753933020575,0.0001411054300471118,5.879392918629659,1.759577618141734,0.9214752936344242,G1M1_new,g1m1_mid_load,1.0,58.0,100.0,0.98,1.02,57,59,14,500
2021-06-09,1.7760164987321045,0.0001411054300471118,5.879392918629659,1.759577618141734,0.9214752936344242,G1M1_new,g1m1_mid_load,1.0,58.0,100.0,0.98,1.02,57,59,14,500
2021-06-10,1.7761576041621516,0.0001411054300471118,5.879392918629659,1.759577618141734,0.9214752936344242,G1M1_new,g1m1_mid_load,1.0,58.0,100.0,0.98,1.02,57,59,14,500
2021-06-11,1.7762987095921987,0.0001411054300471118,5.879392918629659,1.759577618141734,0.9214752936344242,G1M1_new,g1m1_mid_load,1.0,58.0,100.0,0.98,1.02,57,59,14,500
2021-06-12,1.7764398150222458,0.0001411054300471118,5.879392918629659,1.759577618141734,0.9214752936344242,G1M1_new,g1m1_mid_load,1.0,58.0,100.0,0.98,1.02,57,59,14,500
2021-06-13,1.7765809204522929,0.0001411054300471118,5.879392918629659,1.759577618141734,0.9214752936344242,G1M1_new,g1m1_mid_load,1.0,58.0,100.0,0.98,1.02,57,59,14,500
2021-06-14,1.77672202588234,0.0001411054300471118,5.879392918629659,1.759577618141734,0.9214752936344242,G1M1_new,g1m1_mid_load,1.0,58.0,100.0,0.98,1.02,57,59,14,500
2021-06-15,1.776863131312387,0.0001411054300471118,5.879392918629659,1.759577618141734,0.9214752936344242,G1M1_new,g1m1_mid_load,1.0,58.0,100.0,0.98,1.02,57,59,14,500
2021-06-16,1.7770042367424344,0.0001411054300471118,5.879392918629659,1.759577618141734,0.9214752936344242,G1M1_new,g1m1_mid_load,1.0,58.0,100.0,0.98,1.02,57,59,14,500
2021-06-17,1.7771453421724814,0.0001411054300471118,5.879392918629659,1.759577618141734,0.9214752936344242,G1M1_new,g1m1_mid_load,1.0,58.0,100.0,0.98,1.02,57,59,14,500
2021-06-18,1.7772864476025285,0.0001411054300471118,5.879392918629659,1.759577618141734,0.9214752936344242,G1M1_new,g1m1_mid_load,1.0,58.0,100.0,0.98,1.02,57,59,14,500
2021-06-19,1.7774275530325756,0.0001411054300471118,5.879392918629659,1.759577618141734,0.9214752936344242,G1M1_new,g1m1_mid_load,1.0,58.0,100.0,0.98,1.02,57,59,14,500
2021-06-20,1.7775686584626227,0.0001411054300471118,5.879392918629659,1.759577618141734,0.9214752936344242,G1M1_new,g1m1_mid_load,1.0,58.0,100.0,0.98,1.02,57,59,14,500
2021-06-21,1.7777097638926698,0.0001411054300471118,5.879392918629659,1.759577618141734,0.9214752936344242,G1M1_new,g1m1_mid_load,1.0,58.0,100.0,0.98,1.02,57,59,14,500
2021-06-22,1.7778508693227169,0.0001411054300471118,5.879392918629659,1.759577618141734,0.9214752936344242,G1M1_new,g1m1_mid_load,1.0,58.0,100.0,0.98,1.02,57,59,14,500
2021-06-23,1.777991974752764,0.0001411054300471118,5.879392918629659,1.759577618141734,0.9214752936344242,G1M1_new,g1m1_mid_load,1.0,58.0,100.0,0.98,1.02,57,59,14,500
2021-06-24,1.7781330801828112,0.0001411054300471118,5.879392918629659,1.759577618141734,0.9214752936344242,G1M1_new,g1m1_mid_load,1.0,58.0,100.0,0.98,1.02,57,59,14,500
2021-06-25,1.7782741856128583,0.0001411054300471118,5.879392918629659,1.759577618141734,0.9214752936344242,G1M1_new,g1m1_mid_load,1.0,58.0,100.0,0.98,1.02,57,59,14,500
2021-06-26,1.7784152910429054,0.0001411054300471118,5.879392918629659,1.759577618141734,0.9214752936344242,G1M1_new,g1m1_mid_load,1.0,58.0,100.0,0.98,1.02,57,59,14,500
2021-06-27,1.7785563964729525,0.0001411054300471118,5.879392918629659,1.759577618141734,0.9214752936344242,G1M1_new,g1m1_mid_load,1.0,58.0,100.0,0.98,1.02,57,59,14,500
2021-06-28,1.7786975019029996,0.0001411054300471118,5.879392918629659,1.759577618141734,0.9214752936344242,G1M1_new,g1m1_mid_load,1.0,58.0,100.0,0.98,1.02,57,59,14,500
2021-06-29,1.7788386073330467,0.0001411054300471118,5.879392918629659,1.759577618141734,0.9214752936344242,G1M1_new,g1m1_mid_load,1.0,58.0,100.0,0.98,1.02,57,59,14,500
2021-06-30,1.7789797127630937,0.0001411054300471118,5.879392918629659,1.759577618141734,0.9214752936344242,G1M1_new,g1m1_mid_load,1.0,58.0,100.0,0.98,1.02,57,59,14,500
2021-07-01,1.7791208181931408,0.0001411054300471118,5.879392918629659,1.759577618141734,0.9214752936344242,G1M1_new,g1m1_mid_load,1.0,58.0,100.0,0.98,1.02,57,59,14,500
2021-07-02,1.7792619236231881,0.0001411054300471118,5.879392918629659,1.759577618141734,0.9214752936344242,G1M1_new,g1m1_mid_load,1.0,58.0,100.0,0.98,1.02,57,59,14,500
2021-07-03,1.7794030290532352,0.0001411054300471118,5.879392918629659,1.759577618141734,0.9214752936344242,G1M1_new,g1m1_mid_load,1.0,58.0,100.0,0.98,1.02,57,59,14,500
2021-07-04,1.7795441344832823,0.0001411054300471118,5.879392918629659,1.759577618141734,0.9214752936344242,G1M1_new,g1m1_mid_load,1.0,58.0,100.0,0.98,1.02,57,59,14,500
2021-07-05,1.7796852399133294,0.0001411054300471118,5.879392918629659,1.759577618141734,0.9214752936344242,G1M1_new,g1m1_mid_load,1.0,58.0,100.0,0.98,1.02,57,59,14,500
2021-07-06,1.7798263453433765,0.0001411054300471118,5.879392918629659,1.759577618141734,0.9214752936344242,G1M1_new,g1m1_mid_load,1.0,58.0,100.0,0.98,1.02,57,59,14,500
2021-07-07,1.7799674507734236,0.0001411054300471118,5.879392918629659,1.759577618141734,0.9214752936344242,G1M1_new,g1m1_mid_load,1.0,58.0,100.0,0.98,1.02,57,59,14,500
2021-07-08,1.7801085562034706,0.0001411054300471118,5.879392918629659,1.759577618141734,0.9214752936344242,G1M1_new,g1m1_mid_load,1.0,58.0,100.0,0.98,1.02,57,59,14,500
2021-07-09,1.7802496616335177,0.0001411054300471118,5.879392918629659,1.759577618141734,0.9214752936344242,G1M1_new,g1m1_mid_load,1.0,58.0,100.0,0.98,1.02,57,59,14,500
2021-07-10,1.780390767063565,0.0001411054300471118,5.879392918629659,1.759577618141734,0.9214752936344242,G1M1_new,g1m1_mid_load,1.0,58.0,100.0,0.98,1.02,57,59,14,500
2021-07-11,1.7805318724936121,0.0001411054300471118,5.879392918629659,1.759577618141734,0.9214752936344242,G1M1_new,g1m1_mid_load,1.0,58.0,100.0,0.98,1.02,57,59,14,500
2021-07-12,1.7806729779236592,0.0001411054300471118,5.879392918629659,1.759577618141734,0.9214752936344242,G1M1_new,g1m1_mid_load,1.0,58.0,100.0,0.98,1.02,57,59,14,500
2021-07-13,1.7808140833537063,0.0001411054300471118,5.879392918629659,1.759577618141734,0.9214752936344242,G1M1_new,g1m1_mid_load,1.0,58.0,100.0,0.98,1.02,57,59,14,500
2021-07-14,1.7809551887837534,0.0001411054300471118,5.879392918629659,1.759577618141734,0.9214752936344242,G1M1_new,g1m1_mid_load,1.0,58.0,100.0,0.98,1.02,57,59,14,500
2021-07-15,1.7810962942138004,0.0001411054300471118,5.879392918629659,1.759577618141734,0.9214752936344242,G1M1_new,g1m1_mid_load,1.0,58.0,100.0,0.98,1.02,57,59,14,500
2021-07-16,1.7812373996438475,0.0001411054300471118,5.879392918629659,1.759577618141734,0.9214752936344242,G1M1_new,g1m1_mid_load,1.0,58.0,100.0,0.98,1.02,57,59,14,500
2021-07-17,1.7813785050738946,0.0001411054300471118,5.879392918629659,1.759577618141734,0.9214752936344242,G1M1_new,g1m1_mid_load,1.0,58.0,100.0,0.98,1.02,57,59,14,500
2021-07-18,1.781519610503942,0.0001411054300471118,5.879392918629659,1.759577618141734,0.9214752936344242,G1M1_new,g1m1_mid_load,1.0,58.0,100.0,0.98,1.02,57,59,14,500
2021-07-19,1.781660715933989,0.0001411054300471118,5.879392918629659,1.759577618141734,0.9214752936344242,G1M1_new,g1m1_mid_load,1.0,58.0,100.0,0.98,1.02,57,59,14,500
2021-07-20,1.781801821364036,0.0001411054300471118,5.879392918629659,1.759577618141734,0.9214752936344242,G1M1_new,g1m1_mid_load,1.0,58.0,100.0,0.98,1.02,57,59,14,500
2021-07-21,1.7819429267940832,0.0001411054300471118,5.879392918629659,1.759577618141734,0.9214752936344242,G1M1_new,g1m1_mid_load,1.0,58.0,100.0,0.98,1.02,57,59,14,500
2021-07-22,1.7820840322241303,0.0001411054300471118,5.879392918629659,1.759577618141734,0.9214752936344242,G1M1_new,g1m1_mid_load,1.0,58.0,100.0,0.98,1.02,57,59,14,500
2021-07-23,1.7822251376541773,0.0001411054300471118,5.879392918629659,1.759577618141734,0.9214752936344242,G1M1_new,g1m1_mid_load,1.0,58.0,100.0,0.98,1.02,57,59,14,500
2021-07-24,1.7823662430842244,0.0001411054300471118,5.879392918629659,1.759577618141734,0.9214752936344242,G1M1_new,g1m1_mid_load,1.0,58.0,100.0,0.98,1.02,57,59,14,500
2021-07-25,1.7825073485142715,0.0001411054300471118,5.879392918629659,1.759577618141734,0.9214752936344242,G1M1_new,g1m1_mid_load,1.0,58.0,100.0,0.98,1.02,57,59,14,500
2021-07-26,1.7826484539443188,0.0001411054300471118,5.879392918629659,1.759577618141734,0.9214752936344242,G1M1_new,g1m1_mid_load,1.0,58.0,100.0,0.98,1.02,57,59,14,500
2021-07-27,1.782789559374366,0.0001411054300471118,5.879392918629659,1.759577618141734,0.9214752936344242,G1M1_new,g1m1_mid_load,1.0,58.0,100.0,0.98,1.02,57,59,14,500
2021-07-28,1.782930664804413,0.0001411054300471118,5.879392918629659,1.759577618141734,0.9214752936344242,G1M1_new,g1m1_mid_load,1.0,58.0,100.0,0.98,1.02,57,59,14,500
2021-07-29,1.78307177023446,0.0001411054300471118,5.879392918629659,1.759577618141734,0.9214752936344242,G1M1_new,g1m1_mid_load,1.0,58.0,100.0,0.98,1.02,57,59,14,500
2021-07-30,1.7832128756645071,0.0001411054300471118,5.879392918629659,1.759577618141734,0.9214752936344242,G1M1_new,g1m1_mid_load,1.0,58.0,100.0,0.98,1.02,57,59,14,500
2021-07-31,1.7833539810945542,0.0001411054300471118,5.879392918629659,1.759577618141734,0.9214752936344242,G1M1_new,g1m1_mid_load,1.0,58.0,100.0,0.98,1.02,57,59,14,500
2021-08-01,1.7834950865246013,0.0001411054300471118,5.879392918629659,1.759577618141734,0.9214752936344242,G1M1_new,g1m1_mid_load,1.0,58.0,100.0,0.98,1.02,57,59,14,500
2021-08-02,1.7836361919546486,0.0001411054300471118,5.879392918629659,1.759577618141734,0.9214752936344242,G1M1_new,g1m1_mid_load,1.0,58.0,100.0,0.98,1.02,57,59,14,500
2021-08-03,1.7837772973846957,0.0001411054300471118,5.879392918629659,1.759577618141734,0.9214752936344242,G1M1_new,g1m1_mid_load,1.0,58.0,100.0,0.98,1.02,57,59,14,500
2021-08-04,1.7839184028147428,0.0001411054300471118,5.879392918629659,1.759577618141734,0.9214752936344242,G1M1_new,g1m1_mid_load,1.0,58.0,100.0,0.98,1.02,57,59,14,500
2021-08-05,1.7840595082447899,0.0001411054300471118,5.879392918629659,1.759577618141734,0.9214752936344242,G1M1_new,g1m1_mid_load,1.0,58.0,100.0,0.98,1.02,57,59,14,500
2021-08-06,1.784200613674837,0.0001411054300471118,5.879392918629659,1.759577618141734,0.9214752936344242,G1M1_new,g1m1_mid_load,1.0,58.0,100.0,0.98,1.02,57,59,14,500
2021-08-07,1.784341719104884,0.0001411054300471118,5.879392918629659,1.759577618141734,0.9214752936344242,G1M1_new,g1m1_mid_load,1.0,58.0,100.0,0.98,1.02,57,59,14,500
2021-08-08,1.7844828245349311,0.0001411054300471118,5.879392918629659,1.759577618141734,0.9214752936344242,G1M1_new,g1m1_mid_load,1.0,58.0,100.0,0.98,1.02,57,59,14,500
2021-08-09,1.7846239299649782,0.0001411054300471118,5.879392918629659,1.759577618141734,0.9214752936344242,G1M1_new,g1m1_mid_load,1.0,58.0,100.0,0.98,1.02,57,59,14,500
2021-08-10,1.7847650353950253,0.0001411054300471118,5.879392918629659,1.759577618141734,0.9214752936344242,G1M1_new,g1m1_mid_load,1.0,58.0,100.0,0.98,1.02,57,59,14,500
2021-08-11,1.7849061408250726,0.0001411054300471118,5.879392918629659,1.759577618141734,0.9214752936344242,G1M1_new,g1m1_mid_load,1.0,58.0,100.0,0.98,1.02,57,59,14,500
2021-08-12,1.7850472462551197,0.0001411054300471118,5.879392918629659,1.759577618141734,0.9214752936344242,G1M1_new,g1m1_mid_load,1.0,58.0,100.0,0.98,1.02,57,59,14,500
2021-08-13,1.7851883516851668,0.0001411054300471118,5.879392918629659,1.759577618141734,0.9214752936344242,G1M1_new,g1m1_mid_load,1.0,58.0,100.0,0.98,1.02,57,59,14,500
2021-08-14,1.7853294571152138,0.0001411054300471118,5.879392918629659,1.759577618141734,0.9214752936344242,G1M1_new,g1m1_mid_load,1.0,58.0,100.0,0.98,1.02,57,59,14,500
2021-08-15,1.785470562545261,0.0001411054300471118,5.879392918629659,1.759577618141734,0.9214752936344242,G1M1_new,g1m1_mid_load,1.0,58.0,100.0,0.98,1.02,57,59,14,500
2021-08-16,1.785611667975308,0.0001411054300471118,5.879392918629659,1.759577618141734,0.9214752936344242,G1M1_new,g1m1_mid_load,1.0,58.0,100.0,0.98,1.02,57,59,14,500
2021-08-17,1.785752773405355,0.0001411054300471118,5.879392918629659,1.759577618141734,0.9214752936344242,G1M1_new,g1m1_mid_load,1.0,58.0,100.0,0.98,1.02,57,59,14,500
2021-08-18,1.7858938788354024,0.0001411054300471118,5.879392918629659,1.759577618141734,0.9214752936344242,G1M1_new,g1m1_mid_load,1.0,58.0,100.0,0.98,1.02,57,59,14,500
2021-08-19,1.7860349842654495,0.0001411054300471118,5.879392918629659,1.759577618141734,0.9214752936344242,G1M1_new,g1m1_mid_load,1.0,58.0,100.0,0.98,1.02,57,59,14,500
2021-08-20,1.7861760896954966,0.0001411054300471118,5.879392918629659,1.759577618141734,0.9214752936344242,G1M1_new,g1m1_mid_load,1.0,58.0,100.0,0.98,1.02,57,59,14,500
2021-08-21,1.7863171951255437,0.0001411054300471118,5.879392918629659,1.759577618141734,0.9214752936344242,G1M1_new,g1m1_mid_load,1.0,58.0,100.0,0.98,1.02,57,59,14,500
2021-08-22,1.7864583005555907,0.0001411054300471118,5.879392918629659,1.759577618141734,0.9214752936344242,G1M1_new,g1m1_mid_load,1.0,58.0,100.0,0.98,1.02,57,59,14,500
2021-08-23,1.7865994059856378,0.0001411054300471118,5.879392918629659,1.759577618141734,0.9214752936344242,G1M1_new,g1m1_mid_load,1.0,58.0,100.0,0.98,1.02,57,59,14,500
2021-08-24,1.786740511415685,0.0001411054300471118,5.879392918629659,1.759577618141734,0.9214752936344242,G1M1_new,g1m1_mid_load,1.0,58.0,100.0,0.98,1.02,57,59,14,500
2021-08-25,1.786881616845732,0.0001411054300471118,5.879392918629659,1.759577618141734,0.9214752936344242,G1M1_new,g1m1_mid_load,1.0,58.0,100.0,0.98,1.02,57,59,14,500
2021-08-26,1.7870227222757793,0.0001411054300471118,5.879392918629659,1.759577618141734,0.9214752936344242,G1M1_new,g1m1_mid_load,1.0,58.0,100.0,0.98,1.02,57,59,14,500
2021-08-27,1.7871638277058264,0.0001411054300471118,5.879392918629659,1.759577618141734,0.9214752936344242,G1M1_new,g1m1_mid_load,1.0,58.0,100.0,0.98,1.02,57,59,14,500
2021-08-28,1.7873049331358735,0.0001411054300471118,5.879392918629659,1.759577618141734,0.9214752936344242,G1M1_new,g1m1_mid_load,1.0,58.0,100.0,0.98,1.02,57,59,14,500
2021-08-29,1.7874460385659205,0.0001411054300471118,5.879392918629659,1.759577618141734,0.9214752936344242,G1M1_new,g1m1_mid_load,1.0,58.0,100.0,0.98,1.02,57,59,14,500
2021-08-30,1.7875871439959676,0.0001411054300471118,5.879392918629659,1.759577618141734,0.9214752936344242,G1M1_new,g1m1_mid_load,1.0,58.0,100.0,0.98,1.02,57,59,14,500
2021-08-31,1.7877282494260147,0.0001411054300471118,5.879392918629659,1.759577618141734,0.9214752936344242,G1M1_new,g1m1_mid_load,1.0,58.0,100.0,0.98,1.02,57,59,14,500
2021-09-01,1.7878693548560618,0.0001411054300471118,5.879392918629659,1.759577618141734,0.9214752936344242,G1M1_new,g1m1_mid_load,1.0,58.0,100.0,0.98,1.02,57,59,14,500
2021-09-02,1.7880104602861089,0.0001411054300471118,5.879392918629659,1.759577618141734,0.9214752936344242,G1M1_new,g1m1_mid_load,1.0,58.0,100.0,0.98,1.02,57,59,14,500
2021-09-03,1.7881515657161562,0.0001411054300471118,5.879392918629659,1.759577618141734,0.9214752936344242,G1M1_new,g1m1_mid_load,1.0,58.0,100.0,0.98,1.02,57,59,14,500
2021-09-04,1.7882926711462033,0.0001411054300471118,5.879392918629659,1.759577618141734,0.9214752936344242,G1M1_new,g1m1_mid_load,1.0,58.0,100.0,0.98,1.02,57,59,14,500
2021-09-05,1.7884337765762504,0.0001411054300471118,5.879392918629659,1.759577618141734,0.9214752936344242,G1M1_new,g1m1_mid_load,1.0,58.0,100.0,0.98,1.02,57,59,14,500
2021-09-06,1.7885748820062974,0.0001411054300471118,5.879392918629659,1.759577618141734,0.9214752936344242,G1M1_new,g1m1_mid_load,1.0,58.0,100.0,0.98,1.02,57,59,14,500
2021-09-07,1.7887159874363445,0.0001411054300471118,5.879392918629659,1.759577618141734,0.9214752936344242,G1M1_new,g1m1_mid_load,1.0,58.0,100.0,0.98,1.02,57,59,14,500
2021-09-08,1.7888570928663916,0.0001411054300471118,5.879392918629659,1.759577618141734,0.9214752936344242,G1M1_new,g1m1_mid_load,1.0,58.0,100.0,0.98,1.02,57,59,14,500
2021-09-09,1.7889981982964387,0.0001411054300471118,5.879392918629659,1.759577618141734,0.9214752936344242,G1M1_new,g1m1_mid_load,1.0,58.0,100.0,0.98,1.02,57,59,14,500
2021-09-10,1.7891393037264858,0.0001411054300471118,5.879392918629659,1.759577618141734,0.9214752936344242,G1M1_new,g1m1_mid_load,1.0,58.0,100.0,0.98,1.02,57,59,14,500
2021-09-11,1.789280409156533,0.0001411054300471118,5.879392918629659,1.759577618141734,0.9214752936344242,G1M1_new,g1m1_mid_load,1.0,58.0,100.0,0.98,1.02,57,59,14,500
2021-09-12,1.7894215145865802,0.0001411054300471118,5.879392918629659,1.759577618141734,0.9214752936344242,G1M1_new,g1m1_mid_load,1.0,58.0,100.0,0.98,1.02,57,59,14,500
2021-09-13,1.7895626200166272,0.0001411054300471118,5.879392918629659,1.759577618141734,0.9214752936344242,G1M1_new,g1m1_mid_load,1.0,58.0,100.0,0.98,1.02,57,59,14,500
2021-09-14,1.7897037254466743,0.0001411054300471118,5.879392918629659,1.759577618141734,0.9214752936344242,G1M1_new,g1m1_mid_load,1.0,58.0,100.0,0.98,1.02,57,59,14,500
2021-09-15,1.7898448308767214,0.0001411054300471118,5.879392918629659,1.759577618141734,0.9214752936344242,G1M1_new,g1m1_mid_load,1.0,58.0,100.0,0.98,1.02,57,59,14,500
2021-09-16,1.7899859363067685,0.0001411054300471118,5.879392918629659,1.759577618141734,0.9214752936344242,G1M1_new,g1m1_mid_load,1.0,58.0,100.0,0.98,1.02,57,59,14,500
2021-09-17,1.7901270417368156,0.0001411054300471118,5.879392918629659,1.759577618141734,0.9214752936344242,G1M1_new,g1m1_mid_load,1.0,58.0,100.0,0.98,1.02,57,59,14,500
2021-09-18,1.7902681471668627,0.0001411054300471118,5.879392918629659,1.759577618141734,0.9214752936344242,G1M1_new,g1m1_mid_load,1.0,58.0,100.0,0.98,1.02,57,59,14,500
2021-09-19,1.79040925259691,0.0001411054300471118,5.879392918629659,1.759577618141734,0.9214752936344242,G1M1_new,g1m1_mid_load,1.0,58.0,100.0,0.98,1.02,57,59,14,500
2021-09-20,1.790550358026957,0.0001411054300471118,5.879392918629659,1.759577618141734,0.9214752936344242,G1M1_new,g1m1_mid_load,1.0,58.0,100.0,0.98,1.02,57,59,14,500
2021-09-21,1.7906914634570041,0.0001411054300471118,5.879392918629659,1.759577618141734,0.9214752936344242,G1M1_new,g1m1_mid_load,1.0,58.0,100.0,0.98,1.02,57,59,14,500
2021-09-22,1.7908325688870512,0.0001411054300471118,5.879392918629659,1.759577618141734,0.9214752936344242,G1M1_new,g1m1_mid_load,1.0,58.0,100.0,0.98,1.02,57,59,14,500
2021-09-23,1.7909736743170983,0.0001411054300471118,5.879392918629659,1.759577618141734,0.9214752936344242,G1M1_new,g1m1_mid_load,1.0,58.0,100.0,0.98,1.02,57,59,14,500
2021-09-24,1.7911147797471454,0.0001411054300471118,5.879392918629659,1.759577618141734,0.9214752936344242,G1M1_new,g1m1_mid_load,1.0,58.0,100.0,0.98,1.02,57,59,14,500
2021-09-25,1.7912558851771925,0.0001411054300471118,5.879392918629659,1.759577618141734,0.9214752936344242,G1M1_new,g1m1_mid_load,1.0,58.0,100.0,0.98,1.02,57,59,14,500
2021-09-26,1.7913969906072396,0.0001411054300471118,5.879392918629659,1.759577618141734,0.9214752936344242,G1M1_new,g1m1_mid_load,1.0,58.0,100.0,0.98,1.02,57,59,14,500
2021-09-27,1.7915380960372869,0.0001411054300471118,5.879392918629659,1.759577618141734,0.9214752936344242,G1M1_new,g1m1_mid_load,1.0,58.0,100.0,0.98,1.02,57,59,14,500
2021-09-28,1.791679201467334,0.0001411054300471118,5.879392918629659,1.759577618141734,0.9214752936344242,G1M1_new,g1m1_mid_load,1.0,58.0,100.0,0.98,1.02,57,59,14,500
2021-09-29,1.791820306897381,0.0001411054300471118,5.879392918629659,1.759577618141734,0.9214752936344242,G1M1_new,g1m1_mid_load,1.0,58.0,100.0,0.98,1.02,57,59,14,500
2021-09-30,1.7919614123274281,0.0001411054300471118,5.879392918629659,1.759577618141734,0.9214752936344242,G1M1_new,g1m1_mid_load,1.0,58.0,100.0,0.98,1.02,57,59,14,500
2021-10-01,1.7921025177574752,0.0001411054300471118,5.879392918629659,1.759577618141734,0.9214752936344242,G1M1_new,g1m1_mid_load,1.0,58.0,100.0,0.98,1.02,57,59,14,500
2021-10-02,1.7922436231875223,0.0001411054300471118,5.879392918629659,1.759577618141734,0.9214752936344242,G1M1_new,g1m1_mid_load,1.0,58.0,100.0,0.98,1.02,57,59,14,500
2021-10-03,1.7923847286175694,0.0001411054300471118,5.879392918629659,1.759577618141734,0.9214752936344242,G1M1_new,g1m1_mid_load,1.0,58.0,100.0,0.98,1.02,57,59,14,500
2021-10-04,1.7925258340476165,0.0001411054300471118,5.879392918629659,1.759577618141734,0.9214752936344242,G1M1_new,g1m1_mid_load,1.0,58.0,100.0,0.98,1.02,57,59,14,500
2021-10-05,1.7926669394776638,0.0001411054300471118,5.879392918629659,1.759577618141734,0.9214752936344242,G1M1_new,g1m1_mid_load,1.0,58.0,100.0,0.98,1.02,57,59,14,500
2021-10-06,1.7928080449077108,0.0001411054300471118,5.879392918629659,1.759577618141734,0.9214752936344242,G1M1_new,g1m1_mid_load,1.0,58.0,100.0,0.98,1.02,57,59,14,500
2021-10-07,1.792949150337758,0.0001411054300471118,5.879392918629659,1.759577618141734,0.9214752936344242,G1M1_new,g1m1_mid_load,1.0,58.0,100.0,0.98,1.02,57,59,14,500
2021-10-08,1.793090255767805,0.0001411054300471118,5.879392918629659,1.759577618141734,0.9214752936344242,G1M1_new,g1m1_mid_load,1.0,58.0,100.0,0.98,1.02,57,59,14,500
2021-10-09,1.793231361197852,0.0001411054300471118,5.879392918629659,1.759577618141734,0.9214752936344242,G1M1_new,g1m1_mid_load,1.0,58.0,100.0,0.98,1.02,57,59,14,500
2021-10-10,1.7933724666278992,0.0001411054300471118,5.879392918629659,1.759577618141734,0.9214752936344242,G1M1_new,g1m1_mid_load,1.0,58.0,100.0,0.98,1.02,57,59,14,500
2021-10-11,1.7935135720579463,0.0001411054300471118,5.879392918629659,1.759577618141734,0.9214752936344242,G1M1_new,g1m1_mid_load,1.0,58.0,100.0,0.98,1.02,57,59,14,500
2021-10-12,1.7936546774879933,0.0001411054300471118,5.879392918629659,1.759577618141734,0.9214752936344242,G1M1_new,g1m1_mid_load,1.0,58.0,100.0,0.98,1.02,57,59,14,500
2021-10-13,1.7937957829180406,0.0001411054300471118,5.879392918629659,1.759577618141734,0.9214752936344242,G1M1_new,g1m1_mid_load,1.0,58.0,100.0,0.98,1.02,57,59,14,500
2021-10-14,1.7939368883480877,0.0001411054300471118,5.879392918629659,1.759577618141734,0.9214752936344242,G1M1_new,g1m1_mid_load,1.0,58.0,100.0,0.98,1.02,57,59,14,500
2021-10-15,1.7940779937781348,0.0001411054300471118,5.879392918629659,1.759577618141734,0.9214752936344242,G1M1_new,g1m1_mid_load,1.0,58.0,100.0,0.98,1.02,57,59,14,500
2021-10-16,1.794219099208182,0.0001411054300471118,5.879392918629659,1.759577618141734,0.9214752936344242,G1M1_new,g1m1_mid_load,1.0,58.0,100.0,0.98,1.02,57,59,14,500
2021-10-17,1.794360204638229,0.0001411054300471118,5.879392918629659,1.759577618141734,0.9214752936344242,G1M1_new,g1m1_mid_load,1.0,58.0,100.0,0.98,1.02,57,59,14,500
2021-10-18,1.794501310068276,0.0001411054300471118,5.879392918629659,1.759577618141734,0.9214752936344242,G1M1_new,g1m1_mid_load,1.0,58.0,100.0,0.98,1.02,57,59,14,500
2021-10-19,1.7946424154983232,0.0001411054300471118,5.879392918629659,1.759577618141734,0.9214752936344242,G1M1_new,g1m1_mid_load,1.0,58.0,100.0,0.98,1.02,57,59,14,500
2021-10-20,1.7947835209283702,0.0001411054300471118,5.879392918629659,1.759577618141734,0.9214752936344242,G1M1_new,g1m1_mid_load,1.0,58.0,100.0,0.98,1.02,57,59,14,500
2021-10-21,1.7949246263584175,0.0001411054300471118,5.879392918629659,1.759577618141734,0.9214752936344242,G1M1_new,g1m1_mid_load,1.0,58.0,100.0,0.98,1.02,57,59,14,500
2021-10-22,1.7950657317884646,0.0001411054300471118,5.879392918629659,1.759577618141734,0.9214752936344242,G1M1_new,g1m1_mid_load,1.0,58.0,100.0,0.98,1.02,57,59,14,500
2021-10-23,1.7952068372185117,0.0001411054300471118,5.879392918629659,1.759577618141734,0.9214752936344242,G1M1_new,g1m1_mid_load,1.0,58.0,100.0,0.98,1.02,57,59,14,500
2021-10-24,1.7953479426485588,0.0001411054300471118,5.879392918629659,1.759577618141734,0.9214752936344242,G1M1_new,g1m1_mid_load,1.0,58.0,100.0,0.98,1.02,57,59,14,500
2021-10-25,1.7954890480786059,0.0001411054300471118,5.879392918629659,1.759577618141734,0.9214752936344242,G1M1_new,g1m1_mid_load,1.0,58.0,100.0,0.98,1.02,57,59,14,500
2021-10-26,1.795630153508653,0.0001411054300471118,5.879392918629659,1.759577618141734,0.9214752936344242,G1M1_new,g1m1_mid_load,1.0,58.0,100.0,0.98,1.02,57,59,14,500
2021-10-27,1.7957712589387,0.0001411054300471118,5.879392918629659,1.759577618141734,0.9214752936344242,G1M1_new,g1m1_mid_load,1.0,58.0,100.0,0.98,1.02,57,59,14,500
2021-10-28,1.7959123643687471,0.0001411054300471118,5.879392918629659,1.759577618141734,0.9214752936344242,G1M1_new,g1m1_mid_load,1.0,58.0,100.0,0.98,1.02,57,59,14,500
2021-10-29,1.7960534697987944,0.0001411054300471118,5.879392918629659,1.759577618141734,0.9214752936344242,G1M1_new,g1m1_mid_load,1.0,58.0,100.0,0.98,1.02,57,59,14,500
2021-10-30,1.7961945752288415,0.0001411054300471118,5.879392918629659,1.759577618141734,0.9214752936344242,G1M1_new,g1m1_mid_load,1.0,58.0,100.0,0.98,1.02,57,59,14,500
2021-10-31,1.7963356806588886,0.0001411054300471118,5.879392918629659,1.759577618141734,0.9214752936344242,G1M1_new,g1m1_mid_load,1.0,58.0,100.0,0.98,1.02,57,59,14,500
2021-11-01,1.7964767860889357,0.0001411054300471118,5.879392918629659,1.759577618141734,0.9214752936344242,G1M1_new,g1m1_mid_load,1.0,58.0,100.0,0.98,1.02,57,59,14,500
2021-11-02,1.7966178915189828,0.0001411054300471118,5.879392918629659,1.759577618141734,0.9214752936344242,G1M1_new,g1m1_mid_load,1.0,58.0,100.0,0.98,1.02,57,59,14,500
2021-11-03,1.7967589969490299,0.0001411054300471118,5.879392918629659,1.759577618141734,0.9214752936344242,G1M1_new,g1m1_mid_load,1.0,58.0,100.0,0.98,1.02,57,59,14,500
2021-11-04,1.796900102379077,0.0001411054300471118,5.879392918629659,1.759577618141734,0.9214752936344242,G1M1_new,g1m1_mid_load,1.0,58.0,100.0,0.98,1.02,57,59,14,500
2021-11-05,1.7970412078091242,0.0001411054300471118,5.879392918629659,1.759577618141734,0.9214752936344242,G1M1_new,g1m1_mid_load,1.0,58.0,100.0,0.98,1.02,57,59,14,500
2021-11-06,1.7971823132391713,0.0001411054300471118,5.879392918629659,1.759577618141734,0.9214752936344242,G1M1_new,g1m1_mid_load,1.0,58.0,100.0,0.98,1.02,57,59,14,500
2021-11-07,1.7973234186692184,0.0001411054300471118,5.879392918629659,1.759577618141734,0.9214752936344242,G1M1_new,g1m1_mid_load,1.0,58.0,100.0,0.98,1.02,57,59,14,500
2021-11-08,1.7974645240992655,0.0001411054300471118,5.879392918629659,1.759577618141734,0.9214752936344242,G1M1_new,g1m1_mid_load,1.0,58.0,100.0,0.98,1.02,57,59,14,500
2021-11-09,1.7976056295293126,0.0001411054300471118,5.879392918629659,1.759577618141734,0.9214752936344242,G1M1_new,g1m1_mid_load,1.0,58.0,100.0,0.98,1.02,57,59,14,500
2021-11-10,1.7977467349593597,0.0001411054300471118,5.879392918629659,1.759577618141734,0.9214752936344242,G1M1_new,g1m1_mid_load,1.0,58.0,100.0,0.98,1.02,57,59,14,500
2021-11-11,1.7978878403894067,0.0001411054300471118,5.879392918629659,1.759577618141734,0.9214752936344242,G1M1_new,g1m1_mid_load,1.0,58.0,100.0,0.98,1.02,57,59,14,500
2021-11-12,1.7980289458194538,0.0001411054300471118,5.879392918629659,1.759577618141734,0.9214752936344242,G1M1_new,g1m1_mid_load,1.0,58.0,100.0,0.98,1.02,57,59,14,500
2021-11-13,1.798170051249501,0.0001411054300471118,5.879392918629659,1.759577618141734,0.9214752936344242,G1M1_new,g1m1_mid_load,1.0,58.0,100.0,0.98,1.02,57,59,14,500
2021-11-14,1.7983111566795482,0.0001411054300471118,5.879392918629659,1.759577618141734,0.9214752936344242,G1M1_new,g1m1_mid_load,1.0,58.0,100.0,0.98,1.02,57,59,14,500
2021-11-15,1.7984522621095953,0.0001411054300471118,5.879392918629659,1.759577618141734,0.9214752936344242,G1M1_new,g1m1_mid_load,1.0,58.0,100.0,0.98,1.02,57,59,14,500
2021-11-16,1.7985933675396424,0.0001411054300471118,5.879392918629659,1.759577618141734,0.9214752936344242,G1M1_new,g1m1_mid_load,1.0,58.0,100.0,0.98,1.02,57,59,14,500
2021-11-17,1.7987344729696895,0.0001411054300471118,5.879392918629659,1.759577618141734,0.9214752936344242,G1M1_new,g1m1_mid_load,1.0,58.0,100.0,0.98,1.02,57,59,14,500
2021-11-18,1.7988755783997366,0.0001411054300471118,5.879392918629659,1.759577618141734,0.9214752936344242,G1M1_new,g1m1_mid_load,1.0,58.0,100.0,0.98,1.02,57,59,14,500
2021-11-19,1.7990166838297836,0.0001411054300471118,5.879392918629659,1.759577618141734,0.9214752936344242,G1M1_new,g1m1_mid_load,1.0,58.0,100.0,0.98,1.02,57,59,14,500
2021-11-20,1.7991577892598307,0.0001411054300471118,5.879392918629659,1.759577618141734,0.9214752936344242,G1M1_new,g1m1_mid_load,1.0,58.0,100.0,0.98,1.02,57,59,14,500
2021-11-21,1.799298894689878,0.0001411054300471118,5.879392918629659,1.759577618141734,0.9214752936344242,G1M1_new,g1m1_mid_load,1.0,58.0,100.0,0.98,1.02,57,59,14,500
2021-11-22,1.799440000119925,0.0001411054300471118,5.879392918629659,1.759577618141734,0.9214752936344242,G1M1_new,g1m1_mid_load,1.0,58.0,100.0,0.98,1.02,57,59,14,500
2021-11-23,1.7995811055499722,0.0001411054300471118,5.879392918629659,1.759577618141734,0.9214752936344242,G1M1_new,g1m1_mid_load,1.0,58.0,100.0,0.98,1.02,57,59,14,500
2021-11-24,1.7997222109800193,0.0001411054300471118,5.879392918629659,1.759577618141734,0.9214752936344242,G1M1_new,g1m1_mid_load,1.0,58.0,100.0,0.98,1.02,57,59,14,500
2021-11-25,1.7998633164100664,0.0001411054300471118,5.879392918629659,1.759577618141734,0.9214752936344242,G1M1_new,g1m1_mid_load,1.0,58.0,100.0,0.98,1.02,57,59,14,500
2021-11-26,1.8000044218401134,0.0001411054300471118,5.879392918629659,1.759577618141734,0.9214752936344242,G1M1_new,g1m1_mid_load,1.0,58.0,100.0,0.98,1.02,57,59,14,500
2021-11-27,1.8001455272701605,0.0001411054300471118,5.879392918629659,1.759577618141734,0.9214752936344242,G1M1_new,g1m1_mid_load,1.0,58.0,100.0,0.98,1.02,57,59,14,500
2021-11-28,1.8002866327002076,0.0001411054300471118,5.879392918629659,1.759577618141734,0.9214752936344242,G1M1_new,g1m1_mid_load,1.0,58.0,100.0,0.98,1.02,57,59,14,500
2021-11-29,1.800427738130255,0.0001411054300471118,5.879392918629659,1.759577618141734,0.9214752936344242,G1M1_new,g1m1_mid_load,1.0,58.0,100.0,0.98,1.02,57,59,14,500
2021-11-30,1.800568843560302,0.0001411054300471118,5.879392918629659,1.759577618141734,0.9214752936344242,G1M1_new,g1m1_mid_load,1.0,58.0,100.0,0.98,1.02,57,59,14,500
2021-12-01,1.800709948990349,0.0001411054300471118,5.879392918629659,1.759577618141734,0.9214752936344242,G1M1_new,g1m1_mid_load,1.0,58.0,100.0,0.98,1.02,57,59,14,500
2021-12-02,1.8008510544203962,0.0001411054300471118,5.879392918629659,1.759577618141734,0.9214752936344242,G1M1_new,g1m1_mid_load,1.0,58.0,100.0,0.98,1.02,57,59,14,500
2021-12-03,1.8009921598504433,0.0001411054300471118,5.879392918629659,1.759577618141734,0.9214752936344242,G1M1_new,g1m1_mid_load,1.0,58.0,100.0,0.98,1.02,57,59,14,500
2021-12-04,1.8011332652804903,0.0001411054300471118,5.879392918629659,1.759577618141734,0.9214752936344242,G1M1_new,g1m1_mid_load,1.0,58.0,100.0,0.98,1.02,57,59,14,500
2021-12-05,1.8012743707105374,0.0001411054300471118,5.879392918629659,1.759577618141734,0.9214752936344242,G1M1_new,g1m1_mid_load,1.0,58.0,100.0,0.98,1.02,57,59,14,500
2021-12-06,1.8014154761405845,0.0001411054300471118,5.879392918629659,1.759577618141734,0.9214752936344242,G1M1_new,g1m1_mid_load,1.0,58.0,100.0,0.98,1.02,57,59,14,500
2021-12-07,1.8015565815706318,0.0001411054300471118,5.879392918629659,1.759577618141734,0.9214752936344242,G1M1_new,g1m1_mid_load,1.0,58.0,100.0,0.98,1.02,57,59,14,500
2021-12-08,1.801697687000679,0.0001411054300471118,5.879392918629659,1.759577618141734,0.9214752936344242,G1M1_new,g1m1_mid_load,1.0,58.0,100.0,0.98,1.02,57,59,14,500
2021-12-09,1.801838792430726,0.0001411054300471118,5.879392918629659,1.759577618141734,0.9214752936344242,G1M1_new,g1m1_mid_load,1.0,58.0,100.0,0.98,1.02,57,59,14,500
2021-12-10,1.801979897860773,0.0001411054300471118,5.879392918629659,1.759577618141734,0.9214752936344242,G1M1_new,g1m1_mid_load,1.0,58.0,100.0,0.98,1.02,57,59,14,500
2021-12-11,1.8021210032908201,0.0001411054300471118,5.879392918629659,1.759577618141734,0.9214752936344242,G1M1_new,g1m1_mid_load,1.0,58.0,100.0,0.98,1.02,57,59,14,500
2021-12-12,1.8022621087208672,0.0001411054300471118,5.879392918629659,1.759577618141734,0.9214752936344242,G1M1_new,g1m1_mid_load,1.0,58.0,100.0,0.98,1.02,57,59,14,500
2021-12-13,1.8024032141509143,0.0001411054300471118,5.879392918629659,1.759577618141734,0.9214752936344242,G1M1_new,g1m1_mid_load,1.0,58.0,100.0,0.98,1.02,57,59,14,500
2021-12-14,1.8025443195809614,0.0001411054300471118,5.879392918629659,1.759577618141734,0.9214752936344242,G1M1_new,g1m1_mid_load,1.0,58.0,100.0,0.98,1.02,57,59,14,500
2021-12-15,1.8026854250110087,0.0001411054300471118,5.879392918629659,1.759577618141734,0.9214752936344242,G1M1_new,g1m1_mid_load,1.0,58.0,100.0,0.98,1.02,57,59,14,500
2021-12-16,1.8028265304410558,0.0001411054300471118,5.879392918629659,1.759577618141734,0.9214752936344242,G1M1_new,g1m1_mid_load,1.0,58.0,100.0,0.98,1.02,57,59,14,500
2021-12-17,1.8029676358711029,0.0001411054300471118,5.879392918629659,1.759577618141734,0.9214752936344242,G1M1_new,g1m1_mid_load,1.0,58.0,100.0,0.98,1.02,57,59,14,500
2021-12-18,1.80310874130115,0.0001411054300471118,5.879392918629659,1.759577618141734,0.9214752936344242,G1M1_new,g1m1_mid_load,1.0,58.0,100.0,0.98,1.02,57,59,14,500
2021-12-19,1.803249846731197,0.0001411054300471118,5.879392918629659,1.759577618141734,0.9214752936344242,G1M1_new,g1m1_mid_load,1.0,58.0,100.0,0.98,1.02,57,59,14,500
2021-12-20,1.8033909521612441,0.0001411054300471118,5.879392918629659,1.759577618141734,0.9214752936344242,G1M1_new,g1m1_mid_load,1.0,58.0,100.0,0.98,1.02,57,59,14,500
2021-12-21,1.8035320575912912,0.0001411054300471118,5.879392918629659,1.759577618141734,0.9214752936344242,G1M1_new,g1m1_mid_load,1.0,58.0,100.0,0.98,1.02,57,59,14,500
2021-12-22,1.8036731630213383,0.0001411054300471118,5.879392918629659,1.759577618141734,0.9214752936344242,G1M1_new,g1m1_mid_load,1.0,58.0,100.0,0.98,1.02,57,59,14,500
2021-12-23,1.8038142684513856,0.0001411054300471118,5.879392918629659,1.759577618141734,0.9214752936344242,G1M1_new,g1m1_mid_load,1.0,58.0,100.0,0.98,1.02,57,59,14,500
2021-12-24,1.8039553738814327,0.0001411054300471118,5.879392918629659,1.759577618141734,0.9214752936344242,G1M1_new,g1m1_mid_load,1.0,58.0,100.0,0.98,1.02,57,59,14,500
2021-12-25,1.8040964793114798,0.0001411054300471118,5.879392918629659,1.759577618141734,0.9214752936344242,G1M1_new,g1m1_mid_load,1.0,58.0,100.0,0.98,1.02,57,59,14,500
2021-12-26,1.8042375847415268,0.0001411054300471118,5.879392918629659,1.759577618141734,0.9214752936344242,G1M1_new,g1m1_mid_load,1.0,58.0,100.0,0.98,1.02,57,59,14,500
2021-12-27,1.804378690171574,0.0001411054300471118,5.879392918629659,1.759577618141734,0.9214752936344242,G1M1_new,g1m1_mid_load,1.0,58.0,100.0,0.98,1.02,57,59,14,500
2021-12-28,1.804519795601621,0.0001411054300471118,5.879392918629659,1.759577618141734,0.9214752936344242,G1M1_new,g1m1_mid_load,1.0,58.0,100.0,0.98,1.02,57,59,14,500
2021-12-29,1.804660901031668,0.0001411054300471118,5.879392918629659,1.759577618141734,0.9214752936344242,G1M1_new,g1m1_mid_load,1.0,58.0,100.0,0.98,1.02,57,59,14,500
2021-12-30,1.8048020064617152,0.0001411054300471118,5.879392918629659,1.759577618141734,0.9214752936344242,G1M1_new,g1m1_mid_load,1.0,58.0,100.0,0.98,1.02,57,59,14,500
2021-12-31,1.8049431118917625,0.0001411054300471118,5.879392918629659,1.759577618141734,0.9214752936344242,G1M1_new,g1m1_mid_load,1.0,58.0,100.0,0.98,1.02,57,59,14,500
2022-01-01,1.8050842173218096,0.0001411054300471118,5.879392918629659,1.759577618141734,0.9214752936344242,G1M1_new,g1m1_mid_load,1.0,58.0,100.0,0.98,1.02,57,59,14,500
2022-01-02,1.8052253227518567,0.0001411054300471118,5.879392918629659,1.759577618141734,0.9214752936344242,G1M1_new,g1m1_mid_load,1.0,58.0,100.0,0.98,1.02,57,59,14,500
2022-01-03,1.8053664281819037,0.0001411054300471118,5.879392918629659,1.759577618141734,0.9214752936344242,G1M1_new,g1m1_mid_load,1.0,58.0,100.0,0.98,1.02,57,59,14,500
2022-01-04,1.8055075336119508,0.0001411054300471118,5.879392918629659,1.759577618141734,0.9214752936344242,G1M1_new,g1m1_mid_load,1.0,58.0,100.0,0.98,1.02,57,59,14,500
2022-01-05,1.805648639041998,0.0001411054300471118,5.879392918629659,1.759577618141734,0.9214752936344242,G1M1_new,g1m1_mid_load,1.0,58.0,100.0,0.98,1.02,57,59,14,500
2022-01-06,1.805789744472045,0.0001411054300471118,5.879392918629659,1.759577618141734,0.9214752936344242,G1M1_new,g1m1_mid_load,1.0,58.0,100.0,0.98,1.02,57,59,14,500
2022-01-07,1.805930849902092,0.0001411054300471118,5.879392918629659,1.759577618141734,0.9214752936344242,G1M1_new,g1m1_mid_load,1.0,58.0,100.0,0.98,1.02,57,59,14,500
2022-01-08,1.8060719553321394,0.0001411054300471118,5.879392918629659,1.759577618141734,0.9214752936344242,G1M1_new,g1m1_mid_load,1.0,58.0,100.0,0.98,1.02,57,59,14,500
2022-01-09,1.8062130607621865,0.0001411054300471118,5.879392918629659,1.759577618141734,0.9214752936344242,G1M1_new,g1m1_mid_load,1.0,58.0,100.0,0.98,1.02,57,59,14,500
2022-01-10,1.8063541661922335,0.0001411054300471118,5.879392918629659,1.759577618141734,0.9214752936344242,G1M1_new,g1m1_mid_load,1.0,58.0,100.0,0.98,1.02,57,59,14,500
2022-01-11,1.8064952716222806,0.0001411054300471118,5.879392918629659,1.759577618141734,0.9214752936344242,G1M1_new,g1m1_mid_load,1.0,58.0,100.0,0.98,1.02,57,59,14,500
2022-01-12,1.8066363770523277,0.0001411054300471118,5.879392918629659,1.759577618141734,0.9214752936344242,G1M1_new,g1m1_mid_load,1.0,58.0,100.0,0.98,1.02,57,59,14,500
2022-01-13,1.8067774824823748,0.0001411054300471118,5.879392918629659,1.759577618141734,0.9214752936344242,G1M1_new,g1m1_mid_load,1.0,58.0,100.0,0.98,1.02,57,59,14,500
2022-01-14,1.8069185879124219,0.0001411054300471118,5.879392918629659,1.759577618141734,0.9214752936344242,G1M1_new,g1m1_mid_load,1.0,58.0,100.0,0.98,1.02,57,59,14,500
2022-01-15,1.807059693342469,0.0001411054300471118,5.879392918629659,1.759577618141734,0.9214752936344242,G1M1_new,g1m1_mid_load,1.0,58.0,100.0,0.98,1.02,57,59,14,500
2022-01-16,1.8072007987725163,0.0001411054300471118,5.879392918629659,1.759577618141734,0.9214752936344242,G1M1_new,g1m1_mid_load,1.0,58.0,100.0,0.98,1.02,57,59,14,500
2022-01-17,1.8073419042025634,0.0001411054300471118,5.879392918629659,1.759577618141734,0.9214752936344242,G1M1_new,g1m1_mid_load,1.0,58.0,100.0,0.98,1.02,57,59,14,500
2022-01-18,1.8074830096326104,0.0001411054300471118,5.879392918629659,1.759577618141734,0.9214752936344242,G1M1_new,g1m1_mid_load,1.0,58.0,100.0,0.98,1.02,57,59,14,500
2022-01-19,1.8076241150626575,0.0001411054300471118,5.879392918629659,1.759577618141734,0.9214752936344242,G1M1_new,g1m1_mid_load,1.0,58.0,100.0,0.98,1.02,57,59,14,500
2022-01-20,1.8077652204927046,0.0001411054300471118,5.879392918629659,1.759577618141734,0.9214752936344242,G1M1_new,g1m1_mid_load,1.0,58.0,100.0,0.98,1.02,57,59,14,500
2022-01-21,1.8079063259227517,0.0001411054300471118,5.879392918629659,1.759577618141734,0.9214752936344242,G1M1_new,g1m1_mid_load,1.0,58.0,100.0,0.98,1.02,57,59,14,500
2022-01-22,1.8080474313527988,0.0001411054300471118,5.879392918629659,1.759577618141734,0.9214752936344242,G1M1_new,g1m1_mid_load,1.0,58.0,100.0,0.98,1.02,57,59,14,500
2022-01-23,1.8081885367828459,0.0001411054300471118,5.879392918629659,1.759577618141734,0.9214752936344242,G1M1_new,g1m1_mid_load,1.0,58.0,100.0,0.98,1.02,57,59,14,500
2022-01-24,1.8083296422128932,0.0001411054300471118,5.879392918629659,1.759577618141734,0.9214752936344242,G1M1_new,g1m1_mid_load,1.0,58.0,100.0,0.98,1.02,57,59,14,500
2022-01-25,1.8084707476429402,0.0001411054300471118,5.879392918629659,1.759577618141734,0.9214752936344242,G1M1_new,g1m1_mid_load,1.0,58.0,100.0,0.98,1.02,57,59,14,500
2022-01-26,1.8086118530729873,0.0001411054300471118,5.879392918629659,1.759577618141734,0.9214752936344242,G1M1_new,g1m1_mid_load,1.0,58.0,100.0,0.98,1.02,57,59,14,500
2022-01-27,1.8087529585030344,0.0001411054300471118,5.879392918629659,1.759577618141734,0.9214752936344242,G1M1_new,g1m1_mid_load,1.0,58.0,100.0,0.98,1.02,57,59,14,500
2022-01-28,1.8088940639330815,0.0001411054300471118,5.879392918629659,1.759577618141734,0.9214752936344242,G1M1_new,g1m1_mid_load,1.0,58.0,100.0,0.98,1.02,57,59,14,500
2022-01-29,1.8090351693631286,0.0001411054300471118,5.879392918629659,1.759577618141734,0.9214752936344242,G1M1_new,g1m1_mid_load,1.0,58.0,100.0,0.98,1.02,57,59,14,500
2022-01-30,1.8091762747931757,0.0001411054300471118,5.879392918629659,1.759577618141734,0.9214752936344242,G1M1_new,g1m1_mid_load,1.0,58.0,100.0,0.98,1.02,57,59,14,500
2022-01-31,1.8093173802232227,0.0001411054300471118,5.879392918629659,1.759577618141734,0.9214752936344242,G1M1_new,g1m1_mid_load,1.0,58.0,100.0,0.98,1.02,57,59,14,500
2022-02-01,1.80945848565327,0.0001411054300471118,5.879392918629659,1.759577618141734,0.9214752936344242,G1M1_new,g1m1_mid_load,1.0,58.0,100.0,0.98,1.02,57,59,14,500
2022-02-02,1.8095995910833171,0.0001411054300471118,5.879392918629659,1.759577618141734,0.9214752936344242,G1M1_new,g1m1_mid_load,1.0,58.0,100.0,0.98,1.02,57,59,14,500
2022-02-03,1.8097406965133642,0.0001411054300471118,5.879392918629659,1.759577618141734,0.9214752936344242,G1M1_new,g1m1_mid_load,1.0,58.0,100.0,0.98,1.02,57,59,14,500
2022-02-04,1.8098818019434113,0.0001411054300471118,5.879392918629659,1.759577618141734,0.9214752936344242,G1M1_new,g1m1_mid_load,1.0,58.0,100.0,0.98,1.02,57,59,14,500
2022-02-05,1.8100229073734584,0.0001411054300471118,5.879392918629659,1.759577618141734,0.9214752936344242,G1M1_new,g1m1_mid_load,1.0,58.0,100.0,0.98,1.02,57,59,14,500
2022-02-06,1.8101640128035055,0.0001411054300471118,5.879392918629659,1.759577618141734,0.9214752936344242,G1M1_new,g1m1_mid_load,1.0,58.0,100.0,0.98,1.02,57,59,14,500
2022-02-07,1.8103051182335526,0.0001411054300471118,5.879392918629659,1.759577618141734,0.9214752936344242,G1M1_new,g1m1_mid_load,1.0,58.0,100.0,0.98,1.02,57,59,14,500
2022-02-08,1.8104462236635999,0.0001411054300471118,5.879392918629659,1.759577618141734,0.9214752936344242,G1M1_new,g1m1_mid_load,1.0,58.0,100.0,0.98,1.02,57,59,14,500
2022-02-09,1.810587329093647,0.0001411054300471118,5.879392918629659,1.759577618141734,0.9214752936344242,G1M1_new,g1m1_mid_load,1.0,58.0,100.0,0.98,1.02,57,59,14,500
2022-02-10,1.810728434523694,0.0001411054300471118,5.879392918629659,1.759577618141734,0.9214752936344242,G1M1_new,g1m1_mid_load,1.0,58.0,100.0,0.98,1.02,57,59,14,500
2022-02-11,1.8108695399537411,0.0001411054300471118,5.879392918629659,1.759577618141734,0.9214752936344242,G1M1_new,g1m1_mid_load,1.0,58.0,100.0,0.98,1.02,57,59,14,500
2022-02-12,1.8110106453837882,0.0001411054300471118,5.879392918629659,1.759577618141734,0.9214752936344242,G1M1_new,g1m1_mid_load,1.0,58.0,100.0,0.98,1.02,57,59,14,500
2022-02-13,1.8111517508138353,0.0001411054300471118,5.879392918629659,1.759577618141734,0.9214752936344242,G1M1_new,g1m1_mid_load,1.0,58.0,100.0,0.98,1.02,57,59,14,500
2022-02-14,1.8112928562438824,0.0001411054300471118,5.879392918629659,1.759577618141734,0.9214752936344242,G1M1_new,g1m1_mid_load,1.0,58.0,100.0,0.98,1.02,57,59,14,500
2022-02-15,1.8114339616739294,0.0001411054300471118,5.879392918629659,1.759577618141734,0.9214752936344242,G1M1_new,g1m1_mid_load,1.0,58.0,100.0,0.98,1.02,57,59,14,500
2022-02-16,1.8115750671039765,0.0001411054300471118,5.879392918629659,1.759577618141734,0.9214752936344242,G1M1_new,g1m1_mid_load,1.0,58.0,100.0,0.98,1.02,57,59,14,500
2022-02-17,1.8117161725340238,0.0001411054300471118,5.879392918629659,1.759577618141734,0.9214752936344242,G1M1_new,g1m1_mid_load,1.0,58.0,100.0,0.98,1.02,57,59,14,500
2022-02-18,1.811857277964071,0.0001411054300471118,5.879392918629659,1.759577618141734,0.9214752936344242,G1M1_new,g1m1_mid_load,1.0,58.0,100.0,0.98,1.02,57,59,14,500
2022-02-19,1.811998383394118,0.0001411054300471118,5.879392918629659,1.759577618141734,0.9214752936344242,G1M1_new,g1m1_mid_load,1.0,58.0,100.0,0.98,1.02,57,59,14,500
2022-02-20,1.812139488824165,0.0001411054300471118,5.879392918629659,1.759577618141734,0.9214752936344242,G1M1_new,g1m1_mid_load,1.0,58.0,100.0,0.98,1.02,57,59,14,500
2022-02-21,1.8122805942542122,0.0001411054300471118,5.879392918629659,1.759577618141734,0.9214752936344242,G1M1_new,g1m1_mid_load,1.0,58.0,100.0,0.98,1.02,57,59,14,500
2022-02-22,1.8124216996842593,0.0001411054300471118,5.879392918629659,1.759577618141734,0.9214752936344242,G1M1_new,g1m1_mid_load,1.0,58.0,100.0,0.98,1.02,57,59,14,500
2022-02-23,1.8125628051143063,0.0001411054300471118,5.879392918629659,1.759577618141734,0.9214752936344242,G1M1_new,g1m1_mid_load,1.0,58.0,100.0,0.98,1.02,57,59,14,500
2022-02-24,1.8127039105443536,0.0001411054300471118,5.879392918629659,1.759577618141734,0.9214752936344242,G1M1_new,g1m1_mid_load,1.0,58.0,100.0,0.98,1.02,57,59,14,500
2022-02-25,1.8128450159744007,0.0001411054300471118,5.879392918629659,1.759577618141734,0.9214752936344242,G1M1_new,g1m1_mid_load,1.0,58.0,100.0,0.98,1.02,57,59,14,500
2022-02-26,1.8129861214044478,0.0001411054300471118,5.879392918629659,1.759577618141734,0.9214752936344242,G1M1_new,g1m1_mid_load,1.0,58.0,100.0,0.98,1.02,57,59,14,500
2022-02-27,1.813127226834495,0.0001411054300471118,5.879392918629659,1.759577618141734,0.9214752936344242,G1M1_new,g1m1_mid_load,1.0,58.0,100.0,0.98,1.02,57,59,14,500
2022-02-28,1.813268332264542,0.0001411054300471118,5.879392918629659,1.759577618141734,0.9214752936344242,G1M1_new,g1m1_mid_load,1.0,58.0,100.0,0.98,1.02,57,59,14,500
2022-03-01,1.813409437694589,0.0001411054300471118,5.879392918629659,1.759577618141734,0.9214752936344242,G1M1_new,g1m1_mid_load,1.0,58.0,100.0,0.98,1.02,57,59,14,500
2022-03-02,1.8135505431246361,0.0001411054300471118,5.879392918629659,1.759577618141734,0.9214752936344242,G1M1_new,g1m1_mid_load,1.0,58.0,100.0,0.98,1.02,57,59,14,500
2022-03-03,1.8136916485546832,0.0001411054300471118,5.879392918629659,1.759577618141734,0.9214752936344242,G1M1_new,g1m1_mid_load,1.0,58.0,100.0,0.98,1.02,57,59,14,500
2022-03-04,1.8138327539847305,0.0001411054300471118,5.879392918629659,1.759577618141734,0.9214752936344242,G1M1_new,g1m1_mid_load,1.0,58.0,100.0,0.98,1.02,57,59,14,500
2022-03-05,1.8139738594147776,0.0001411054300471118,5.879392918629659,1.759577618141734,0.9214752936344242,G1M1_new,g1m1_mid_load,1.0,58.0,100.0,0.98,1.02,57,59,14,500
2022-03-06,1.8141149648448247,0.0001411054300471118,5.879392918629659,1.759577618141734,0.9214752936344242,G1M1_new,g1m1_mid_load,1.0,58.0,100.0,0.98,1.02,57,59,14,500
2022-03-07,1.8142560702748718,0.0001411054300471118,5.879392918629659,1.759577618141734,0.9214752936344242,G1M1_new,g1m1_mid_load,1.0,58.0,100.0,0.98,1.02,57,59,14,500
2022-03-08,1.8143971757049189,0.0001411054300471118,5.879392918629659,1.759577618141734,0.9214752936344242,G1M1_new,g1m1_mid_load,1.0,58.0,100.0,0.98,1.02,57,59,14,500
2022-03-09,1.814538281134966,0.0001411054300471118,5.879392918629659,1.759577618141734,0.9214752936344242,G1M1_new,g1m1_mid_load,1.0,58.0,100.0,0.98,1.02,57,59,14,500
2022-03-10,1.814679386565013,0.0001411054300471118,5.879392918629659,1.759577618141734,0.9214752936344242,G1M1_new,g1m1_mid_load,1.0,58.0,100.0,0.98,1.02,57,59,14,500
2022-03-11,1.8148204919950601,0.0001411054300471118,5.879392918629659,1.759577618141734,0.9214752936344242,G1M1_new,g1m1_mid_load,1.0,58.0,100.0,0.98,1.02,57,59,14,500
2022-03-12,1.8149615974251074,0.0001411054300471118,5.879392918629659,1.759577618141734,0.9214752936344242,G1M1_new,g1m1_mid_load,1.0,58.0,100.0,0.98,1.02,57,59,14,500
2022-03-13,1.8151027028551545,0.0001411054300471118,5.879392918629659,1.759577618141734,0.9214752936344242,G1M1_new,g1m1_mid_load,1.0,58.0,100.0,0.98,1.02,57,59,14,500
2022-03-14,1.8152438082852016,0.0001411054300471118,5.879392918629659,1.759577618141734,0.9214752936344242,G1M1_new,g1m1_mid_load,1.0,58.0,100.0,0.98,1.02,57,59,14,500
2022-03-15,1.8153849137152487,0.0001411054300471118,5.879392918629659,1.759577618141734,0.9214752936344242,G1M1_new,g1m1_mid_load,1.0,58.0,100.0,0.98,1.02,57,59,14,500
2022-03-16,1.8155260191452958,0.0001411054300471118,5.879392918629659,1.759577618141734,0.9214752936344242,G1M1_new,g1m1_mid_load,1.0,58.0,100.0,0.98,1.02,57,59,14,500
2022-03-17,1.8156671245753429,0.0001411054300471118,5.879392918629659,1.759577618141734,0.9214752936344242,G1M1_new,g1m1_mid_load,1.0,58.0,100.0,0.98,1.02,57,59,14,500
2022-03-18,1.81580823000539,0.0001411054300471118,5.879392918629659,1.759577618141734,0.9214752936344242,G1M1_new,g1m1_mid_load,1.0,58.0,100.0,0.98,1.02,57,59,14,500
2022-03-19,1.815949335435437,0.0001411054300471118,5.879392918629659,1.759577618141734,0.9214752936344242,G1M1_new,g1m1_mid_load,1.0,58.0,100.0,0.98,1.02,57,59,14,500
2022-03-20,1.8160904408654843,0.0001411054300471118,5.879392918629659,1.759577618141734,0.9214752936344242,G1M1_new,g1m1_mid_load,1.0,58.0,100.0,0.98,1.02,57,59,14,500
2022-03-21,1.8162315462955314,0.0001411054300471118,5.879392918629659,1.759577618141734,0.9214752936344242,G1M1_new,g1m1_mid_load,1.0,58.0,100.0,0.98,1.02,57,59,14,500
2022-03-22,1.8163726517255785,0.0001411054300471118,5.879392918629659,1.759577618141734,0.9214752936344242,G1M1_new,g1m1_mid_load,1.0,58.0,100.0,0.98,1.02,57,59,14,500
2022-03-23,1.8165137571556256,0.0001411054300471118,5.879392918629659,1.759577618141734,0.9214752936344242,G1M1_new,g1m1_mid_load,1.0,58.0,100.0,0.98,1.02,57,59,14,500
2022-03-24,1.8166548625856727,0.0001411054300471118,5.879392918629659,1.759577618141734,0.9214752936344242,G1M1_new,g1m1_mid_load,1.0,58.0,100.0,0.98,1.02,57,59,14,500
2022-03-25,1.8167959680157197,0.0001411054300471118,5.879392918629659,1.759577618141734,0.9214752936344242,G1M1_new,g1m1_mid_load,1.0,58.0,100.0,0.98,1.02,57,59,14,500
2022-03-26,1.8169370734457668,0.0001411054300471118,5.879392918629659,1.759577618141734,0.9214752936344242,G1M1_new,g1m1_mid_load,1.0,58.0,100.0,0.98,1.02,57,59,14,500
2022-03-27,1.817078178875814,0.0001411054300471118,5.879392918629659,1.759577618141734,0.9214752936344242,G1M1_new,g1m1_mid_load,1.0,58.0,100.0,0.98,1.02,57,59,14,500
2022-03-28,1.8172192843058612,0.0001411054300471118,5.879392918629659,1.759577618141734,0.9214752936344242,G1M1_new,g1m1_mid_load,1.0,58.0,100.0,0.98,1.02,57,59,14,500
2022-03-29,1.8173603897359083,0.0001411054300471118,5.879392918629659,1.759577618141734,0.9214752936344242,G1M1_new,g1m1_mid_load,1.0,58.0,100.0,0.98,1.02,57,59,14,500
2022-03-30,1.8175014951659554,0.0001411054300471118,5.879392918629659,1.759577618141734,0.9214752936344242,G1M1_new,g1m1_mid_load,1.0,58.0,100.0,0.98,1.02,57,59,14,500
2022-03-31,1.8176426005960025,0.0001411054300471118,5.879392918629659,1.759577618141734,0.9214752936344242,G1M1_new,g1m1_mid_load,1.0,58.0,100.0,0.98,1.02,57,59,14,500
2022-04-01,1.8177837060260496,0.0001411054300471118,5.879392918629659,1.759577618141734,0.9214752936344242,G1M1_new,g1m1_mid_load,1.0,58.0,100.0,0.98,1.02,57,59,14,500
2022-04-02,1.8179248114560966,0.0001411054300471118,5.879392918629659,1.759577618141734,0.9214752936344242,G1M1_new,g1m1_mid_load,1.0,58.0,100.0,0.98,1.02,57,59,14,500
2022-04-03,1.8180659168861437,0.0001411054300471118,5.879392918629659,1.759577618141734,0.9214752936344242,G1M1_new,g1m1_mid_load,1.0,58.0,100.0,0.98,1.02,57,59,14,500
2022-04-04,1.8182070223161908,0.0001411054300471118,5.879392918629659,1.759577618141734,0.9214752936344242,G1M1_new,g1m1_mid_load,1.0,58.0,100.0,0.98,1.02,57,59,14,500
2022-04-05,1.818348127746238,0.0001411054300471118,5.879392918629659,1.759577618141734,0.9214752936344242,G1M1_new,g1m1_mid_load,1.0,58.0,100.0,0.98,1.02,57,59,14,500
2022-04-06,1.8184892331762852,0.0001411054300471118,5.879392918629659,1.759577618141734,0.9214752936344242,G1M1_new,g1m1_mid_load,1.0,58.0,100.0,0.98,1.02,57,59,14,500
2022-04-07,1.8186303386063323,0.0001411054300471118,5.879392918629659,1.759577618141734,0.9214752936344242,G1M1_new,g1m1_mid_load,1.0,58.0,100.0,0.98,1.02,57,59,14,500
2022-04-08,1.8187714440363794,0.0001411054300471118,5.879392918629659,1.759577618141734,0.9214752936344242,G1M1_new,g1m1_mid_load,1.0,58.0,100.0,0.98,1.02,57,59,14,500
2022-04-09,1.8189125494664264,0.0001411054300471118,5.879392918629659,1.759577618141734,0.9214752936344242,G1M1_new,g1m1_mid_load,1.0,58.0,100.0,0.98,1.02,57,59,14,500
2022-04-10,1.8190536548964735,0.0001411054300471118,5.879392918629659,1.759577618141734,0.9214752936344242,G1M1_new,g1m1_mid_load,1.0,58.0,100.0,0.98,1.02,57,59,14,500
2022-04-11,1.8191947603265206,0.0001411054300471118,5.879392918629659,1.759577618141734,0.9214752936344242,G1M1_new,g1m1_mid_load,1.0,58.0,100.0,0.98,1.02,57,59,14,500
2022-04-12,1.8193358657565677,0.0001411054300471118,5.879392918629659,1.759577618141734,0.9214752936344242,G1M1_new,g1m1_mid_load,1.0,58.0,100.0,0.98,1.02,57,59,14,500
2022-04-13,1.819476971186615,0.0001411054300471118,5.879392918629659,1.759577618141734,0.9214752936344242,G1M1_new,g1m1_mid_load,1.0,58.0,100.0,0.98,1.02,57,59,14,500
2022-04-14,1.819618076616662,0.0001411054300471118,5.879392918629659,1.759577618141734,0.9214752936344242,G1M1_new,g1m1_mid_load,1.0,58.0,100.0,0.98,1.02,57,59,14,500
2022-04-15,1.8197591820467092,0.0001411054300471118,5.879392918629659,1.759577618141734,0.9214752936344242,G1M1_new,g1m1_mid_load,1.0,58.0,100.0,0.98,1.02,57,59,14,500
2022-04-16,1.8199002874767563,0.0001411054300471118,5.879392918629659,1.759577618141734,0.9214752936344242,G1M1_new,g1m1_mid_load,1.0,58.0,100.0,0.98,1.02,57,59,14,500
2022-04-17,1.8200413929068033,0.0001411054300471118,5.879392918629659,1.759577618141734,0.9214752936344242,G1M1_new,g1m1_mid_load,1.0,58.0,100.0,0.98,1.02,57,59,14,500
2022-04-18,1.8201824983368504,0.0001411054300471118,5.879392918629659,1.759577618141734,0.9214752936344242,G1M1_new,g1m1_mid_load,1.0,58.0,100.0,0.98,1.02,57,59,14,500
2022-04-19,1.8203236037668975,0.0001411054300471118,5.879392918629659,1.759577618141734,0.9214752936344242,G1M1_new,g1m1_mid_load,1.0,58.0,100.0,0.98,1.02,57,59,14,500
2022-04-20,1.8204647091969446,0.0001411054300471118,5.879392918629659,1.759577618141734,0.9214752936344242,G1M1_new,g1m1_mid_load,1.0,58.0,100.0,0.98,1.02,57,59,14,500
2022-04-21,1.820605814626992,0.0001411054300471118,5.879392918629659,1.759577618141734,0.9214752936344242,G1M1_new,g1m1_mid_load,1.0,58.0,100.0,0.98,1.02,57,59,14,500
2022-04-22,1.820746920057039,0.0001411054300471118,5.879392918629659,1.759577618141734,0.9214752936344242,G1M1_new,g1m1_mid_load,1.0,58.0,100.0,0.98,1.02,57,59,14,500
2022-04-23,1.820888025487086,0.0001411054300471118,5.879392918629659,1.759577618141734,0.9214752936344242,G1M1_new,g1m1_mid_load,1.0,58.0,100.0,0.98,1.02,57,59,14,500
2022-04-24,1.8210291309171331,0.0001411054300471118,5.879392918629659,1.759577618141734,0.9214752936344242,G1M1_new,g1m1_mid_load,1.0,58.0,100.0,0.98,1.02,57,59,14,500
2022-04-25,1.8211702363471802,0.0001411054300471118,5.879392918629659,1.759577618141734,0.9214752936344242,G1M1_new,g1m1_mid_load,1.0,58.0,100.0,0.98,1.02,57,59,14,500
2022-04-26,1.8213113417772273,0.0001411054300471118,5.879392918629659,1.759577618141734,0.9214752936344242,G1M1_new,g1m1_mid_load,1.0,58.0,100.0,0.98,1.02,57,59,14,500
2022-04-27,1.8214524472072744,0.0001411054300471118,5.879392918629659,1.759577618141734,0.9214752936344242,G1M1_new,g1m1_mid_load,1.0,58.0,100.0,0.98,1.02,57,59,14,500
2022-04-28,1.8215935526373215,0.0001411054300471118,5.879392918629659,1.759577618141734,0.9214752936344242,G1M1_new,g1m1_mid_load,1.0,58.0,100.0,0.98,1.02,57,59,14,500
2022-04-29,1.8217346580673688,0.0001411054300471118,5.879392918629659,1.759577618141734,0.9214752936344242,G1M1_new,g1m1_mid_load,1.0,58.0,100.0,0.98,1.02,57,59,14,500
2022-04-30,1.8218757634974159,0.0001411054300471118,5.879392918629659,1.759577618141734,0.9214752936344242,G1M1_new,g1m1_mid_load,1.0,58.0,100.0,0.98,1.02,57,59,14,500
2022-05-01,1.822016868927463,0.0001411054300471118,5.879392918629659,1.759577618141734,0.9214752936344242,G1M1_new,g1m1_mid_load,1.0,58.0,100.0,0.98,1.02,57,59,14,500
2022-05-02,1.82215797435751,0.0001411054300471118,5.879392918629659,1.759577618141734,0.9214752936344242,G1M1_new,g1m1_mid_load,1.0,58.0,100.0,0.98,1.02,57,59,14,500
2022-05-03,1.8222990797875571,0.0001411054300471118,5.879392918629659,1.759577618141734,0.9214752936344242,G1M1_new,g1m1_mid_load,1.0,58.0,100.0,0.98,1.02,57,59,14,500
2022-05-04,1.8224401852176042,0.0001411054300471118,5.879392918629659,1.759577618141734,0.9214752936344242,G1M1_new,g1m1_mid_load,1.0,58.0,100.0,0.98,1.02,57,59,14,500
2022-05-05,1.8225812906476513,0.0001411054300471118,5.879392918629659,1.759577618141734,0.9214752936344242,G1M1_new,g1m1_mid_load,1.0,58.0,100.0,0.98,1.02,57,59,14,500
2022-05-06,1.8227223960776984,0.0001411054300471118,5.879392918629659,1.759577618141734,0.9214752936344242,G1M1_new,g1m1_mid_load,1.0,58.0,100.0,0.98,1.02,57,59,14,500
2022-05-07,1.8228635015077457,0.0001411054300471118,5.879392918629659,1.759577618141734,0.9214752936344242,G1M1_new,g1m1_mid_load,1.0,58.0,100.0,0.98,1.02,57,59,14,500
2022-05-08,1.8230046069377928,0.0001411054300471118,5.879392918629659,1.759577618141734,0.9214752936344242,G1M1_new,g1m1_mid_load,1.0,58.0,100.0,0.98,1.02,57,59,14,500
2022-05-09,1.8231457123678398,0.0001411054300471118,5.879392918629659,1.759577618141734,0.9214752936344242,G1M1_new,g1m1_mid_load,1.0,58.0,100.0,0.98,1.02,57,59,14,500
2022-05-10,1.823286817797887,0.0001411054300471118,5.879392918629659,1.759577618141734,0.9214752936344242,G1M1_new,g1m1_mid_load,1.0,58.0,100.0,0.98,1.02,57,59,14,500
2022-05-11,1.823427923227934,0.0001411054300471118,5.879392918629659,1.759577618141734,0.9214752936344242,G1M1_new,g1m1_mid_load,1.0,58.0,100.0,0.98,1.02,57,59,14,500
2022-05-12,1.823569028657981,0.0001411054300471118,5.879392918629659,1.759577618141734,0.9214752936344242,G1M1_new,g1m1_mid_load,1.0,58.0,100.0,0.98,1.02,57,59,14,500
2022-05-13,1.8237101340880282,0.0001411054300471118,5.879392918629659,1.759577618141734,0.9214752936344242,G1M1_new,g1m1_mid_load,1.0,58.0,100.0,0.98,1.02,57,59,14,500
2022-05-14,1.8238512395180755,0.0001411054300471118,5.879392918629659,1.759577618141734,0.9214752936344242,G1M1_new,g1m1_mid_load,1.0,58.0,100.0,0.98,1.02,57,59,14,500
2022-05-15,1.8239923449481226,0.0001411054300471118,5.879392918629659,1.759577618141734,0.9214752936344242,G1M1_new,g1m1_mid_load,1.0,58.0,100.0,0.98,1.02,57,59,14,500
2022-05-16,1.8241334503781697,0.0001411054300471118,5.879392918629659,1.759577618141734,0.9214752936344242,G1M1_new,g1m1_mid_load,1.0,58.0,100.0,0.98,1.02,57,59,14,500
2022-05-17,1.8242745558082167,0.0001411054300471118,5.879392918629659,1.759577618141734,0.9214752936344242,G1M1_new,g1m1_mid_load,1.0,58.0,100.0,0.98,1.02,57,59,14,500
2022-05-18,1.8244156612382638,0.0001411054300471118,5.879392918629659,1.759577618141734,0.9214752936344242,G1M1_new,g1m1_mid_load,1.0,58.0,100.0,0.98,1.02,57,59,14,500
2022-05-19,1.824556766668311,0.0001411054300471118,5.879392918629659,1.759577618141734,0.9214752936344242,G1M1_new,g1m1_mid_load,1.0,58.0,100.0,0.98,1.02,57,59,14,500
2022-05-20,1.824697872098358,0.0001411054300471118,5.879392918629659,1.759577618141734,0.9214752936344242,G1M1_new,g1m1_mid_load,1.0,58.0,100.0,0.98,1.02,57,59,14,500
2022-05-21,1.824838977528405,0.0001411054300471118,5.879392918629659,1.759577618141734,0.9214752936344242,G1M1_new,g1m1_mid_load,1.0,58.0,100.0,0.98,1.02,57,59,14,500
2022-05-22,1.8249800829584522,0.0001411054300471118,5.879392918629659,1.759577618141734,0.9214752936344242,G1M1_new,g1m1_mid_load,1.0,58.0,100.0,0.98,1.02,57,59,14,500
2022-05-23,1.8251211883884995,0.0001411054300471118,5.879392918629659,1.759577618141734,0.9214752936344242,G1M1_new,g1m1_mid_load,1.0,58.0,100.0,0.98,1.02,57,59,14,500
2022-05-24,1.8252622938185465,0.0001411054300471118,5.879392918629659,1.759577618141734,0.9214752936344242,G1M1_new,g1m1_mid_load,1.0,58.0,100.0,0.98,1.02,57,59,14,500
2022-05-25,1.8254033992485936,0.0001411054300471118,5.879392918629659,1.759577618141734,0.9214752936344242,G1M1_new,g1m1_mid_load,1.0,58.0,100.0,0.98,1.02,57,59,14,500
2022-05-26,1.8255445046786407,0.0001411054300471118,5.879392918629659,1.759577618141734,0.9214752936344242,G1M1_new,g1m1_mid_load,1.0,58.0,100.0,0.98,1.02,57,59,14,500
2022-05-27,1.8256856101086878,0.0001411054300471118,5.879392918629659,1.759577618141734,0.9214752936344242,G1M1_new,g1m1_mid_load,1.0,58.0,100.0,0.98,1.02,57,59,14,500
2022-05-28,1.8258267155387349,0.0001411054300471118,5.879392918629659,1.759577618141734,0.9214752936344242,G1M1_new,g1m1_mid_load,1.0,58.0,100.0,0.98,1.02,57,59,14,500
2022-05-29,1.825967820968782,0.0001411054300471118,5.879392918629659,1.759577618141734,0.9214752936344242,G1M1_new,g1m1_mid_load,1.0,58.0,100.0,0.98,1.02,57,59,14,500
2022-05-30,1.8261089263988293,0.0001411054300471118,5.879392918629659,1.759577618141734,0.9214752936344242,G1M1_new,g1m1_mid_load,1.0,58.0,100.0,0.98,1.02,57,59,14,500
2022-05-31,1.8262500318288764,0.0001411054300471118,5.879392918629659,1.759577618141734,0.9214752936344242,G1M1_new,g1m1_mid_load,1.0,58.0,100.0,0.98,1.02,57,59,14,500
2022-06-01,1.8263911372589234,0.0001411054300471118,5.879392918629659,1.759577618141734,0.9214752936344242,G1M1_new,g1m1_mid_load,1.0,58.0,100.0,0.98,1.02,57,59,14,500
2022-06-02,1.8265322426889705,0.0001411054300471118,5.879392918629659,1.759577618141734,0.9214752936344242,G1M1_new,g1m1_mid_load,1.0,58.0,100.0,0.98,1.02,57,59,14,500
2022-06-03,1.8266733481190176,0.0001411054300471118,5.879392918629659,1.759577618141734,0.9214752936344242,G1M1_new,g1m1_mid_load,1.0,58.0,100.0,0.98,1.02,57,59,14,500
2022-06-04,1.8268144535490647,0.0001411054300471118,5.879392918629659,1.759577618141734,0.9214752936344242,G1M1_new,g1m1_mid_load,1.0,58.0,100.0,0.98,1.02,57,59,14,500
2022-06-05,1.8269555589791118,0.0001411054300471118,5.879392918629659,1.759577618141734,0.9214752936344242,G1M1_new,g1m1_mid_load,1.0,58.0,100.0,0.98,1.02,57,59,14,500
2022-06-06,1.8270966644091589,0.0001411054300471118,5.879392918629659,1.759577618141734,0.9214752936344242,G1M1_new,g1m1_mid_load,1.0,58.0,100.0,0.98,1.02,57,59,14,500
2022-06-07,1.8272377698392062,0.0001411054300471118,5.879392918629659,1.759577618141734,0.9214752936344242,G1M1_new,g1m1_mid_load,1.0,58.0,100.0,0.98,1.02,57,59,14,500
2022-06-08,1.8273788752692532,0.0001411054300471118,5.879392918629659,1.759577618141734,0.9214752936344242,G1M1_new,g1m1_mid_load,1.0,58.0,100.0,0.98,1.02,57,59,14,500
2022-06-09,1.8275199806993003,0.0001411054300471118,5.879392918629659,1.759577618141734,0.9214752936344242,G1M1_new,g1m1_mid_load,1.0,58.0,100.0,0.98,1.02,57,59,14,500
2022-06-10,1.8276610861293474,0.0001411054300471118,5.879392918629659,1.759577618141734,0.9214752936344242,G1M1_new,g1m1_mid_load,1.0,58.0,100.0,0.98,1.02,57,59,14,500
2022-06-11,1.8278021915593945,0.0001411054300471118,5.879392918629659,1.759577618141734,0.9214752936344242,G1M1_new,g1m1_mid_load,1.0,58.0,100.0,0.98,1.02,57,59,14,500
2022-06-12,1.8279432969894416,0.0001411054300471118,5.879392918629659,1.759577618141734,0.9214752936344242,G1M1_new,g1m1_mid_load,1.0,58.0,100.0,0.98,1.02,57,59,14,500
2022-06-13,1.8280844024194887,0.0001411054300471118,5.879392918629659,1.759577618141734,0.9214752936344242,G1M1_new,g1m1_mid_load,1.0,58.0,100.0,0.98,1.02,57,59,14,500
2022-06-14,1.8282255078495357,0.0001411054300471118,5.879392918629659,1.759577618141734,0.9214752936344242,G1M1_new,g1m1_mid_load,1.0,58.0,100.0,0.98,1.02,57,59,14,500
2022-06-15,1.828366613279583,0.0001411054300471118,5.879392918629659,1.759577618141734,0.9214752936344242,G1M1_new,g1m1_mid_load,1.0,58.0,100.0,0.98,1.02,57,59,14,500
2022-06-16,1.8285077187096301,0.0001411054300471118,5.879392918629659,1.759577618141734,0.9214752936344242,G1M1_new,g1m1_mid_load,1.0,58.0,100.0,0.98,1.02,57,59,14,500
2022-06-17,1.8286488241396772,0.0001411054300471118,5.879392918629659,1.759577618141734,0.9214752936344242,G1M1_new,g1m1_mid_load,1.0,58.0,100.0,0.98,1.02,57,59,14,500
2022-06-18,1.8287899295697243,0.0001411054300471118,5.879392918629659,1.759577618141734,0.9214752936344242,G1M1_new,g1m1_mid_load,1.0,58.0,100.0,0.98,1.02,57,59,14,500
2022-06-19,1.8289310349997714,0.0001411054300471118,5.879392918629659,1.759577618141734,0.9214752936344242,G1M1_new,g1m1_mid_load,1.0,58.0,100.0,0.98,1.02,57,59,14,500
2022-06-20,1.8290721404298185,0.0001411054300471118,5.879392918629659,1.759577618141734,0.9214752936344242,G1M1_new,g1m1_mid_load,1.0,58.0,100.0,0.98,1.02,57,59,14,500
2022-06-21,1.8292132458598656,0.0001411054300471118,5.879392918629659,1.759577618141734,0.9214752936344242,G1M1_new,g1m1_mid_load,1.0,58.0,100.0,0.98,1.02,57,59,14,500
2022-06-22,1.8293543512899126,0.0001411054300471118,5.879392918629659,1.759577618141734,0.9214752936344242,G1M1_new,g1m1_mid_load,1.0,58.0,100.0,0.98,1.02,57,59,14,500
2022-06-23,1.82949545671996,0.0001411054300471118,5.879392918629659,1.759577618141734,0.9214752936344242,G1M1_new,g1m1_mid_load,1.0,58.0,100.0,0.98,1.02,57,59,14,500
2022-06-24,1.829636562150007,0.0001411054300471118,5.879392918629659,1.759577618141734,0.9214752936344242,G1M1_new,g1m1_mid_load,1.0,58.0,100.0,0.98,1.02,57,59,14,500
2022-06-25,1.8297776675800541,0.0001411054300471118,5.879392918629659,1.759577618141734,0.9214752936344242,G1M1_new,g1m1_mid_load,1.0,58.0,100.0,0.98,1.02,57,59,14,500
2022-06-26,1.8299187730101012,0.0001411054300471118,5.879392918629659,1.759577618141734,0.9214752936344242,G1M1_new,g1m1_mid_load,1.0,58.0,100.0,0.98,1.02,57,59,14,500
2022-06-27,1.8300598784401483,0.0001411054300471118,5.879392918629659,1.759577618141734,0.9214752936344242,G1M1_new,g1m1_mid_load,1.0,58.0,100.0,0.98,1.02,57,59,14,500
2022-06-28,1.8302009838701954,0.0001411054300471118,5.879392918629659,1.759577618141734,0.9214752936344242,G1M1_new,g1m1_mid_load,1.0,58.0,100.0,0.98,1.02,57,59,14,500
2022-06-29,1.8303420893002424,0.0001411054300471118,5.879392918629659,1.759577618141734,0.9214752936344242,G1M1_new,g1m1_mid_load,1.0,58.0,100.0,0.98,1.02,57,59,14,500
2022-06-30,1.8304831947302895,0.0001411054300471118,5.879392918629659,1.759577618141734,0.9214752936344242,G1M1_new,g1m1_mid_load,1.0,58.0,100.0,0.98,1.02,57,59,14,500
2022-07-01,1.8306243001603368,0.0001411054300471118,5.879392918629659,1.759577618141734,0.9214752936344242,G1M1_new,g1m1_mid_load,1.0,58.0,100.0,0.98,1.02,57,59,14,500
2022-07-02,1.830765405590384,0.0001411054300471118,5.879392918629659,1.759577618141734,0.9214752936344242,G1M1_new,g1m1_mid_load,1.0,58.0,100.0,0.98,1.02,57,59,14,500
2022-07-03,1.830906511020431,0.0001411054300471118,5.879392918629659,1.759577618141734,0.9214752936344242,G1M1_new,g1m1_mid_load,1.0,58.0,100.0,0.98,1.02,57,59,14,500
2022-07-04,1.831047616450478,0.0001411054300471118,5.879392918629659,1.759577618141734,0.9214752936344242,G1M1_new,g1m1_mid_load,1.0,58.0,100.0,0.98,1.02,57,59,14,500
2022-07-05,1.8311887218805252,0.0001411054300471118,5.879392918629659,1.759577618141734,0.9214752936344242,G1M1_new,g1m1_mid_load,1.0,58.0,100.0,0.98,1.02,57,59,14,500
2022-07-06,1.8313298273105723,0.0001411054300471118,5.879392918629659,1.759577618141734,0.9214752936344242,G1M1_new,g1m1_mid_load,1.0,58.0,100.0,0.98,1.02,57,59,14,500
2022-07-07,1.8314709327406193,0.0001411054300471118,5.879392918629659,1.759577618141734,0.9214752936344242,G1M1_new,g1m1_mid_load,1.0,58.0,100.0,0.98,1.02,57,59,14,500
2022-07-08,1.8316120381706664,0.0001411054300471118,5.879392918629659,1.759577618141734,0.9214752936344242,G1M1_new,g1m1_mid_load,1.0,58.0,100.0,0.98,1.02,57,59,14,500
2022-07-09,1.8317531436007137,0.0001411054300471118,5.879392918629659,1.759577618141734,0.9214752936344242,G1M1_new,g1m1_mid_load,1.0,58.0,100.0,0.98,1.02,57,59,14,500
2022-07-10,1.8318942490307608,0.0001411054300471118,5.879392918629659,1.759577618141734,0.9214752936344242,G1M1_new,g1m1_mid_load,1.0,58.0,100.0,0.98,1.02,57,59,14,500
2022-07-11,1.832035354460808,0.0001411054300471118,5.879392918629659,1.759577618141734,0.9214752936344242,G1M1_new,g1m1_mid_load,1.0,58.0,100.0,0.98,1.02,57,59,14,500
2022-07-12,1.832176459890855,0.0001411054300471118,5.879392918629659,1.759577618141734,0.9214752936344242,G1M1_new,g1m1_mid_load,1.0,58.0,100.0,0.98,1.02,57,59,14,500
2022-07-13,1.832317565320902,0.0001411054300471118,5.879392918629659,1.759577618141734,0.9214752936344242,G1M1_new,g1m1_mid_load,1.0,58.0,100.0,0.98,1.02,57,59,14,500
2022-07-14,1.8324586707509491,0.0001411054300471118,5.879392918629659,1.759577618141734,0.9214752936344242,G1M1_new,g1m1_mid_load,1.0,58.0,100.0,0.98,1.02,57,59,14,500
2022-07-15,1.8325997761809962,0.0001411054300471118,5.879392918629659,1.759577618141734,0.9214752936344242,G1M1_new,g1m1_mid_load,1.0,58.0,100.0,0.98,1.02,57,59,14,500
2022-07-16,1.8327408816110433,0.0001411054300471118,5.879392918629659,1.759577618141734,0.9214752936344242,G1M1_new,g1m1_mid_load,1.0,58.0,100.0,0.98,1.02,57,59,14,500
2022-07-17,1.8328819870410906,0.0001411054300471118,5.879392918629659,1.759577618141734,0.9214752936344242,G1M1_new,g1m1_mid_load,1.0,58.0,100.0,0.98,1.02,57,59,14,500
2022-07-18,1.8330230924711377,0.0001411054300471118,5.879392918629659,1.759577618141734,0.9214752936344242,G1M1_new,g1m1_mid_load,1.0,58.0,100.0,0.98,1.02,57,59,14,500
2022-07-19,1.8331641979011848,0.0001411054300471118,5.879392918629659,1.759577618141734,0.9214752936344242,G1M1_new,g1m1_mid_load,1.0,58.0,100.0,0.98,1.02,57,59,14,500
2022-07-20,1.8333053033312319,0.0001411054300471118,5.879392918629659,1.759577618141734,0.9214752936344242,G1M1_new,g1m1_mid_load,1.0,58.0,100.0,0.98,1.02,57,59,14,500
2022-07-21,1.833446408761279,0.0001411054300471118,5.879392918629659,1.759577618141734,0.9214752936344242,G1M1_new,g1m1_mid_load,1.0,58.0,100.0,0.98,1.02,57,59,14,500
2022-07-22,1.833587514191326,0.0001411054300471118,5.879392918629659,1.759577618141734,0.9214752936344242,G1M1_new,g1m1_mid_load,1.0,58.0,100.0,0.98,1.02,57,59,14,500
2022-07-23,1.8337286196213731,0.0001411054300471118,5.879392918629659,1.759577618141734,0.9214752936344242,G1M1_new,g1m1_mid_load,1.0,58.0,100.0,0.98,1.02,57,59,14,500
2022-07-24,1.8338697250514202,0.0001411054300471118,5.879392918629659,1.759577618141734,0.9214752936344242,G1M1_new,g1m1_mid_load,1.0,58.0,100.0,0.98,1.02,57,59,14,500
2022-07-25,1.8340108304814675,0.0001411054300471118,5.879392918629659,1.759577618141734,0.9214752936344242,G1M1_new,g1m1_mid_load,1.0,58.0,100.0,0.98,1.02,57,59,14,500
2022-07-26,1.8341519359115146,0.0001411054300471118,5.879392918629659,1.759577618141734,0.9214752936344242,G1M1_new,g1m1_mid_load,1.0,58.0,100.0,0.98,1.02,57,59,14,500
2022-07-27,1.8342930413415617,0.0001411054300471118,5.879392918629659,1.759577618141734,0.9214752936344242,G1M1_new,g1m1_mid_load,1.0,58.0,100.0,0.98,1.02,57,59,14,500
2022-07-28,1.8344341467716088,0.0001411054300471118,5.879392918629659,1.759577618141734,0.9214752936344242,G1M1_new,g1m1_mid_load,1.0,58.0,100.0,0.98,1.02,57,59,14,500
2022-07-29,1.8345752522016558,0.0001411054300471118,5.879392918629659,1.759577618141734,0.9214752936344242,G1M1_new,g1m1_mid_load,1.0,58.0,100.0,0.98,1.02,57,59,14,500
2022-07-30,1.834716357631703,0.0001411054300471118,5.879392918629659,1.759577618141734,0.9214752936344242,G1M1_new,g1m1_mid_load,1.0,58.0,100.0,0.98,1.02,57,59,14,500
2022-07-31,1.83485746306175,0.0001411054300471118,5.879392918629659,1.759577618141734,0.9214752936344242,G1M1_new,g1m1_mid_load,1.0,58.0,100.0,0.98,1.02,57,59,14,500
2022-08-01,1.8349985684917973,0.0001411054300471118,5.879392918629659,1.759577618141734,0.9214752936344242,G1M1_new,g1m1_mid_load,1.0,58.0,100.0,0.98,1.02,57,59,14,500
2022-08-02,1.8351396739218444,0.0001411054300471118,5.879392918629659,1.759577618141734,0.9214752936344242,G1M1_new,g1m1_mid_load,1.0,58.0,100.0,0.98,1.02,57,59,14,500
2022-08-03,1.8352807793518915,0.0001411054300471118,5.879392918629659,1.759577618141734,0.9214752936344242,G1M1_new,g1m1_mid_load,1.0,58.0,100.0,0.98,1.02,57,59,14,500
2022-08-04,1.8354218847819386,0.0001411054300471118,5.879392918629659,1.759577618141734,0.9214752936344242,G1M1_new,g1m1_mid_load,1.0,58.0,100.0,0.98,1.02,57,59,14,500
2022-08-05,1.8355629902119857,0.0001411054300471118,5.879392918629659,1.759577618141734,0.9214752936344242,G1M1_new,g1m1_mid_load,1.0,58.0,100.0,0.98,1.02,57,59,14,500
2022-08-06,1.8357040956420327,0.0001411054300471118,5.879392918629659,1.759577618141734,0.9214752936344242,G1M1_new,g1m1_mid_load,1.0,58.0,100.0,0.98,1.02,57,59,14,500
2022-08-07,1.8358452010720798,0.0001411054300471118,5.879392918629659,1.759577618141734,0.9214752936344242,G1M1_new,g1m1_mid_load,1.0,58.0,100.0,0.98,1.02,57,59,14,500
2022-08-08,1.835986306502127,0.0001411054300471118,5.879392918629659,1.759577618141734,0.9214752936344242,G1M1_new,g1m1_mid_load,1.0,58.0,100.0,0.98,1.02,57,59,14,500
2022-08-09,1.836127411932174,0.0001411054300471118,5.879392918629659,1.759577618141734,0.9214752936344242,G1M1_new,g1m1_mid_load,1.0,58.0,100.0,0.98,1.02,57,59,14,500
2022-08-10,1.8362685173622213,0.0001411054300471118,5.879392918629659,1.759577618141734,0.9214752936344242,G1M1_new,g1m1_mid_load,1.0,58.0,100.0,0.98,1.02,57,59,14,500
2022-08-11,1.8364096227922684,0.0001411054300471118,5.879392918629659,1.759577618141734,0.9214752936344242,G1M1_new,g1m1_mid_load,1.0,58.0,100.0,0.98,1.02,57,59,14,500
2022-08-12,1.8365507282223155,0.0001411054300471118,5.879392918629659,1.759577618141734,0.9214752936344242,G1M1_new,g1m1_mid_load,1.0,58.0,100.0,0.98,1.02,57,59,14,500
2022-08-13,1.8366918336523625,0.0001411054300471118,5.879392918629659,1.759577618141734,0.9214752936344242,G1M1_new,g1m1_mid_load,1.0,58.0,100.0,0.98,1.02,57,59,14,500
2022-08-14,1.8368329390824096,0.0001411054300471118,5.879392918629659,1.759577618141734,0.9214752936344242,G1M1_new,g1m1_mid_load,1.0,58.0,100.0,0.98,1.02,57,59,14,500
2022-08-15,1.8369740445124567,0.0001411054300471118,5.879392918629659,1.759577618141734,0.9214752936344242,G1M1_new,g1m1_mid_load,1.0,58.0,100.0,0.98,1.02,57,59,14,500
2022-08-16,1.8371151499425038,0.0001411054300471118,5.879392918629659,1.759577618141734,0.9214752936344242,G1M1_new,g1m1_mid_load,1.0,58.0,100.0,0.98,1.02,57,59,14,500
2022-08-17,1.837256255372551,0.0001411054300471118,5.879392918629659,1.759577618141734,0.9214752936344242,G1M1_new,g1m1_mid_load,1.0,58.0,100.0,0.98,1.02,57,59,14,500
2022-08-18,1.8373973608025982,0.0001411054300471118,5.879392918629659,1.759577618141734,0.9214752936344242,G1M1_new,g1m1_mid_load,1.0,58.0,100.0,0.98,1.02,57,59,14,500
2022-08-19,1.8375384662326453,0.0001411054300471118,5.879392918629659,1.759577618141734,0.9214752936344242,G1M1_new,g1m1_mid_load,1.0,58.0,100.0,0.98,1.02,57,59,14,500
2022-08-20,1.8376795716626924,0.0001411054300471118,5.879392918629659,1.759577618141734,0.9214752936344242,G1M1_new,g1m1_mid_load,1.0,58.0,100.0,0.98,1.02,57,59,14,500
2022-08-21,1.8378206770927394,0.0001411054300471118,5.879392918629659,1.759577618141734,0.9214752936344242,G1M1_new,g1m1_mid_load,1.0,58.0,100.0,0.98,1.02,57,59,14,500
2022-08-22,1.8379617825227865,0.0001411054300471118,5.879392918629659,1.759577618141734,0.9214752936344242,G1M1_new,g1m1_mid_load,1.0,58.0,100.0,0.98,1.02,57,59,14,500
2022-08-23,1.8381028879528336,0.0001411054300471118,5.879392918629659,1.759577618141734,0.9214752936344242,G1M1_new,g1m1_mid_load,1.0,58.0,100.0,0.98,1.02,57,59,14,500
2022-08-24,1.8382439933828807,0.0001411054300471118,5.879392918629659,1.759577618141734,0.9214752936344242,G1M1_new,g1m1_mid_load,1.0,58.0,100.0,0.98,1.02,57,59,14,500
2022-08-25,1.8383850988129278,0.0001411054300471118,5.879392918629659,1.759577618141734,0.9214752936344242,G1M1_new,g1m1_mid_load,1.0,58.0,100.0,0.98,1.02,57,59,14,500
2022-08-26,1.838526204242975,0.0001411054300471118,5.879392918629659,1.759577618141734,0.9214752936344242,G1M1_new,g1m1_mid_load,1.0,58.0,100.0,0.98,1.02,57,59,14,500
2022-08-27,1.8386673096730222,0.0001411054300471118,5.879392918629659,1.759577618141734,0.9214752936344242,G1M1_new,g1m1_mid_load,1.0,58.0,100.0,0.98,1.02,57,59,14,500
2022-08-28,1.8388084151030692,0.0001411054300471118,5.879392918629659,1.759577618141734,0.9214752936344242,G1M1_new,g1m1_mid_load,1.0,58.0,100.0,0.98,1.02,57,59,14,500
2022-08-29,1.8389495205331163,0.0001411054300471118,5.879392918629659,1.759577618141734,0.9214752936344242,G1M1_new,g1m1_mid_load,1.0,58.0,100.0,0.98,1.02,57,59,14,500
2022-08-30,1.8390906259631634,0.0001411054300471118,5.879392918629659,1.759577618141734,0.9214752936344242,G1M1_new,g1m1_mid_load,1.0,58.0,100.0,0.98,1.02,57,59,14,500
2022-08-31,1.8392317313932105,0.0001411054300471118,5.879392918629659,1.759577618141734,0.9214752936344242,G1M1_new,g1m1_mid_load,1.0,58.0,100.0,0.98,1.02,57,59,14,500
2022-09-01,1.8393728368232576,0.0001411054300471118,5.879392918629659,1.759577618141734,0.9214752936344242,G1M1_new,g1m1_mid_load,1.0,58.0,100.0,0.98,1.02,57,59,14,500
2022-09-02,1.839513942253305,0.0001411054300471118,5.879392918629659,1.759577618141734,0.9214752936344242,G1M1_new,g1m1_mid_load,1.0,58.0,100.0,0.98,1.02,57,59,14,500
2022-09-03,1.839655047683352,0.0001411054300471118,5.879392918629659,1.759577618141734,0.9214752936344242,G1M1_new,g1m1_mid_load,1.0,58.0,100.0,0.98,1.02,57,59,14,500
2022-09-04,1.839796153113399,0.0001411054300471118,5.879392918629659,1.759577618141734,0.9214752936344242,G1M1_new,g1m1_mid_load,1.0,58.0,100.0,0.98,1.02,57,59,14,500
2022-09-05,1.8399372585434461,0.0001411054300471118,5.879392918629659,1.759577618141734,0.9214752936344242,G1M1_new,g1m1_mid_load,1.0,58.0,100.0,0.98,1.02,57,59,14,500
2022-09-06,1.8400783639734932,0.0001411054300471118,5.879392918629659,1.759577618141734,0.9214752936344242,G1M1_new,g1m1_mid_load,1.0,58.0,100.0,0.98,1.02,57,59,14,500
2022-09-07,1.8402194694035403,0.0001411054300471118,5.879392918629659,1.759577618141734,0.9214752936344242,G1M1_new,g1m1_mid_load,1.0,58.0,100.0,0.98,1.02,57,59,14,500
2022-09-08,1.8403605748335874,0.0001411054300471118,5.879392918629659,1.759577618141734,0.9214752936344242,G1M1_new,g1m1_mid_load,1.0,58.0,100.0,0.98,1.02,57,59,14,500
2022-09-09,1.8405016802636345,0.0001411054300471118,5.879392918629659,1.759577618141734,0.9214752936344242,G1M1_new,g1m1_mid_load,1.0,58.0,100.0,0.98,1.02,57,59,14,500
2022-09-10,1.8406427856936818,0.0001411054300471118,5.879392918629659,1.759577618141734,0.9214752936344242,G1M1_new,g1m1_mid_load,1.0,58.0,100.0,0.98,1.02,57,59,14,500
2022-09-11,1.8407838911237289,0.0001411054300471118,5.879392918629659,1.759577618141734,0.9214752936344242,G1M1_new,g1m1_mid_load,1.0,58.0,100.0,0.98,1.02,57,59,14,500
2022-09-12,1.840924996553776,0.0001411054300471118,5.879392918629659,1.759577618141734,0.9214752936344242,G1M1_new,g1m1_mid_load,1.0,58.0,100.0,0.98,1.02,57,59,14,500
2022-09-13,1.841066101983823,0.0001411054300471118,5.879392918629659,1.759577618141734,0.9214752936344242,G1M1_new,g1m1_mid_load,1.0,58.0,100.0,0.98,1.02,57,59,14,500
2022-09-14,1.8412072074138701,0.0001411054300471118,5.879392918629659,1.759577618141734,0.9214752936344242,G1M1_new,g1m1_mid_load,1.0,58.0,100.0,0.98,1.02,57,59,14,500
2022-09-15,1.8413483128439172,0.0001411054300471118,5.879392918629659,1.759577618141734,0.9214752936344242,G1M1_new,g1m1_mid_load,1.0,58.0,100.0,0.98,1.02,57,59,14,500
2022-09-16,1.8414894182739643,0.0001411054300471118,5.879392918629659,1.759577618141734,0.9214752936344242,G1M1_new,g1m1_mid_load,1.0,58.0,100.0,0.98,1.02,57,59,14,500
2022-09-17,1.8416305237040114,0.0001411054300471118,5.879392918629659,1.759577618141734,0.9214752936344242,G1M1_new,g1m1_mid_load,1.0,58.0,100.0,0.98,1.02,57,59,14,500
2022-09-18,1.8417716291340587,0.0001411054300471118,5.879392918629659,1.759577618141734,0.9214752936344242,G1M1_new,g1m1_mid_load,1.0,58.0,100.0,0.98,1.02,57,59,14,500
2022-09-19,1.8419127345641058,0.0001411054300471118,5.879392918629659,1.759577618141734,0.9214752936344242,G1M1_new,g1m1_mid_load,1.0,58.0,100.0,0.98,1.02,57,59,14,500
2022-09-20,1.8420538399941528,0.0001411054300471118,5.879392918629659,1.759577618141734,0.9214752936344242,G1M1_new,g1m1_mid_load,1.0,58.0,100.0,0.98,1.02,57,59,14,500
2022-09-21,1.8421949454242,0.0001411054300471118,5.879392918629659,1.759577618141734,0.9214752936344242,G1M1_new,g1m1_mid_load,1.0,58.0,100.0,0.98,1.02,57,59,14,500
2022-09-22,1.842336050854247,0.0001411054300471118,5.879392918629659,1.759577618141734,0.9214752936344242,G1M1_new,g1m1_mid_load,1.0,58.0,100.0,0.98,1.02,57,59,14,500
2022-09-23,1.842477156284294,0.0001411054300471118,5.879392918629659,1.759577618141734,0.9214752936344242,G1M1_new,g1m1_mid_load,1.0,58.0,100.0,0.98,1.02,57,59,14,500
2022-09-24,1.8426182617143412,0.0001411054300471118,5.879392918629659,1.759577618141734,0.9214752936344242,G1M1_new,g1m1_mid_load,1.0,58.0,100.0,0.98,1.02,57,59,14,500
2022-09-25,1.8427593671443883,0.0001411054300471118,5.879392918629659,1.759577618141734,0.9214752936344242,G1M1_new,g1m1_mid_load,1.0,58.0,100.0,0.98,1.02,57,59,14,500
2022-09-26,1.8429004725744356,0.0001411054300471118,5.879392918629659,1.759577618141734,0.9214752936344242,G1M1_new,g1m1_mid_load,1.0,58.0,100.0,0.98,1.02,57,59,14,500
2022-09-27,1.8430415780044827,0.0001411054300471118,5.879392918629659,1.759577618141734,0.9214752936344242,G1M1_new,g1m1_mid_load,1.0,58.0,100.0,0.98,1.02,57,59,14,500
2022-09-28,1.8431826834345297,0.0001411054300471118,5.879392918629659,1.759577618141734,0.9214752936344242,G1M1_new,g1m1_mid_load,1.0,58.0,100.0,0.98,1.02,57,59,14,500
2022-09-29,1.8433237888645768,0.0001411054300471118,5.879392918629659,1.759577618141734,0.9214752936344242,G1M1_new,g1m1_mid_load,1.0,58.0,100.0,0.98,1.02,57,59,14,500
2022-09-30,1.843464894294624,0.0001411054300471118,5.879392918629659,1.759577618141734,0.9214752936344242,G1M1_new,g1m1_mid_load,1.0,58.0,100.0,0.98,1.02,57,59,14,500
2022-10-01,1.843605999724671,0.0001411054300471118,5.879392918629659,1.759577618141734,0.9214752936344242,G1M1_new,g1m1_mid_load,1.0,58.0,100.0,0.98,1.02,57,59,14,500
2022-10-02,1.843747105154718,0.0001411054300471118,5.879392918629659,1.759577618141734,0.9214752936344242,G1M1_new,g1m1_mid_load,1.0,58.0,100.0,0.98,1.02,57,59,14,500
2022-10-03,1.8438882105847652,0.0001411054300471118,5.879392918629659,1.759577618141734,0.9214752936344242,G1M1_new,g1m1_mid_load,1.0,58.0,100.0,0.98,1.02,57,59,14,500
2022-10-04,1.8440293160148125,0.0001411054300471118,5.879392918629659,1.759577618141734,0.9214752936344242,G1M1_new,g1m1_mid_load,1.0,58.0,100.0,0.98,1.02,57,59,14,500
2022-10-05,1.8441704214448595,0.0001411054300471118,5.879392918629659,1.759577618141734,0.9214752936344242,G1M1_new,g1m1_mid_load,1.0,58.0,100.0,0.98,1.02,57,59,14,500
2022-10-06,1.8443115268749066,0.0001411054300471118,5.879392918629659,1.759577618141734,0.9214752936344242,G1M1_new,g1m1_mid_load,1.0,58.0,100.0,0.98,1.02,57,59,14,500
2022-10-07,1.8444526323049537,0.0001411054300471118,5.879392918629659,1.759577618141734,0.9214752936344242,G1M1_new,g1m1_mid_load,1.0,58.0,100.0,0.98,1.02,57,59,14,500
2022-10-08,1.8445937377350008,0.0001411054300471118,5.879392918629659,1.759577618141734,0.9214752936344242,G1M1_new,g1m1_mid_load,1.0,58.0,100.0,0.98,1.02,57,59,14,500
2022-10-09,1.8447348431650479,0.0001411054300471118,5.879392918629659,1.759577618141734,0.9214752936344242,G1M1_new,g1m1_mid_load,1.0,58.0,100.0,0.98,1.02,57,59,14,500
2022-10-10,1.844875948595095,0.0001411054300471118,5.879392918629659,1.759577618141734,0.9214752936344242,G1M1_new,g1m1_mid_load,1.0,58.0,100.0,0.98,1.02,57,59,14,500
2022-10-11,1.845017054025142,0.0001411054300471118,5.879392918629659,1.759577618141734,0.9214752936344242,G1M1_new,g1m1_mid_load,1.0,58.0,100.0,0.98,1.02,57,59,14,500
2022-10-12,1.8451581594551894,0.0001411054300471118,5.879392918629659,1.759577618141734,0.9214752936344242,G1M1_new,g1m1_mid_load,1.0,58.0,100.0,0.98,1.02,57,59,14,500
2022-10-13,1.8452992648852364,0.0001411054300471118,5.879392918629659,1.759577618141734,0.9214752936344242,G1M1_new,g1m1_mid_load,1.0,58.0,100.0,0.98,1.02,57,59,14,500
2022-10-14,1.8454403703152835,0.0001411054300471118,5.879392918629659,1.759577618141734,0.9214752936344242,G1M1_new,g1m1_mid_load,1.0,58.0,100.0,0.98,1.02,57,59,14,500
2022-10-15,1.8455814757453306,0.0001411054300471118,5.879392918629659,1.759577618141734,0.9214752936344242,G1M1_new,g1m1_mid_load,1.0,58.0,100.0,0.98,1.02,57,59,14,500
2022-10-16,1.8457225811753777,0.0001411054300471118,5.879392918629659,1.759577618141734,0.9214752936344242,G1M1_new,g1m1_mid_load,1.0,58.0,100.0,0.98,1.02,57,59,14,500
2022-10-17,1.8458636866054248,0.0001411054300471118,5.879392918629659,1.759577618141734,0.9214752936344242,G1M1_new,g1m1_mid_load,1.0,58.0,100.0,0.98,1.02,57,59,14,500
2022-10-18,1.8460047920354719,0.0001411054300471118,5.879392918629659,1.759577618141734,0.9214752936344242,G1M1_new,g1m1_mid_load,1.0,58.0,100.0,0.98,1.02,57,59,14,500
2022-10-19,1.846145897465519,0.0001411054300471118,5.879392918629659,1.759577618141734,0.9214752936344242,G1M1_new,g1m1_mid_load,1.0,58.0,100.0,0.98,1.02,57,59,14,500
2022-10-20,1.8462870028955662,0.0001411054300471118,5.879392918629659,1.759577618141734,0.9214752936344242,G1M1_new,g1m1_mid_load,1.0,58.0,100.0,0.98,1.02,57,59,14,500
2022-10-21,1.8464281083256133,0.0001411054300471118,5.879392918629659,1.759577618141734,0.9214752936344242,G1M1_new,g1m1_mid_load,1.0,58.0,100.0,0.98,1.02,57,59,14,500
2022-10-22,1.8465692137556604,0.0001411054300471118,5.879392918629659,1.759577618141734,0.9214752936344242,G1M1_new,g1m1_mid_load,1.0,58.0,100.0,0.98,1.02,57,59,14,500
2022-10-23,1.8467103191857075,0.0001411054300471118,5.879392918629659,1.759577618141734,0.9214752936344242,G1M1_new,g1m1_mid_load,1.0,58.0,100.0,0.98,1.02,57,59,14,500
2022-10-24,1.8468514246157546,0.0001411054300471118,5.879392918629659,1.759577618141734,0.9214752936344242,G1M1_new,g1m1_mid_load,1.0,58.0,100.0,0.98,1.02,57,59,14,500
2022-10-25,1.8469925300458017,0.0001411054300471118,5.879392918629659,1.759577618141734,0.9214752936344242,G1M1_new,g1m1_mid_load,1.0,58.0,100.0,0.98,1.02,57,59,14,500
2022-10-26,1.8471336354758487,0.0001411054300471118,5.879392918629659,1.759577618141734,0.9214752936344242,G1M1_new,g1m1_mid_load,1.0,58.0,100.0,0.98,1.02,57,59,14,500
2022-10-27,1.8472747409058958,0.0001411054300471118,5.879392918629659,1.759577618141734,0.9214752936344242,G1M1_new,g1m1_mid_load,1.0,58.0,100.0,0.98,1.02,57,59,14,500
2022-10-28,1.8474158463359431,0.0001411054300471118,5.879392918629659,1.759577618141734,0.9214752936344242,G1M1_new,g1m1_mid_load,1.0,58.0,100.0,0.98,1.02,57,59,14,500
2022-10-29,1.8475569517659902,0.0001411054300471118,5.879392918629659,1.759577618141734,0.9214752936344242,G1M1_new,g1m1_mid_load,1.0,58.0,100.0,0.98,1.02,57,59,14,500
2022-10-30,1.8476980571960373,0.0001411054300471118,5.879392918629659,1.759577618141734,0.9214752936344242,G1M1_new,g1m1_mid_load,1.0,58.0,100.0,0.98,1.02,57,59,14,500
2022-10-31,1.8478391626260844,0.0001411054300471118,5.879392918629659,1.759577618141734,0.9214752936344242,G1M1_new,g1m1_mid_load,1.0,58.0,100.0,0.98,1.02,57,59,14,500
2022-11-01,1.8479802680561315,0.0001411054300471118,5.879392918629659,1.759577618141734,0.9214752936344242,G1M1_new,g1m1_mid_load,1.0,58.0,100.0,0.98,1.02,57,59,14,500
2022-11-02,1.8481213734861786,0.0001411054300471118,5.879392918629659,1.759577618141734,0.9214752936344242,G1M1_new,g1m1_mid_load,1.0,58.0,100.0,0.98,1.02,57,59,14,500
2022-11-03,1.8482624789162256,0.0001411054300471118,5.879392918629659,1.759577618141734,0.9214752936344242,G1M1_new,g1m1_mid_load,1.0,58.0,100.0,0.98,1.02,57,59,14,500
2022-11-04,1.848403584346273,0.0001411054300471118,5.879392918629659,1.759577618141734,0.9214752936344242,G1M1_new,g1m1_mid_load,1.0,58.0,100.0,0.98,1.02,57,59,14,500
2022-11-05,1.84854468977632,0.0001411054300471118,5.879392918629659,1.759577618141734,0.9214752936344242,G1M1_new,g1m1_mid_load,1.0,58.0,100.0,0.98,1.02,57,59,14,500
2022-11-06,1.848685795206367,0.0001411054300471118,5.879392918629659,1.759577618141734,0.9214752936344242,G1M1_new,g1m1_mid_load,1.0,58.0,100.0,0.98,1.02,57,59,14,500
2022-11-07,1.8488269006364142,0.0001411054300471118,5.879392918629659,1.759577618141734,0.9214752936344242,G1M1_new,g1m1_mid_load,1.0,58.0,100.0,0.98,1.02,57,59,14,500
2022-11-08,1.8489680060664613,0.0001411054300471118,5.879392918629659,1.759577618141734,0.9214752936344242,G1M1_new,g1m1_mid_load,1.0,58.0,100.0,0.98,1.02,57,59,14,500
2022-11-09,1.8491091114965084,0.0001411054300471118,5.879392918629659,1.759577618141734,0.9214752936344242,G1M1_new,g1m1_mid_load,1.0,58.0,100.0,0.98,1.02,57,59,14,500
2022-11-10,1.8492502169265554,0.0001411054300471118,5.879392918629659,1.759577618141734,0.9214752936344242,G1M1_new,g1m1_mid_load,1.0,58.0,100.0,0.98,1.02,57,59,14,500
2022-11-11,1.8493913223566025,0.0001411054300471118,5.879392918629659,1.759577618141734,0.9214752936344242,G1M1_new,g1m1_mid_load,1.0,58.0,100.0,0.98,1.02,57,59,14,500
2022-11-12,1.8495324277866496,0.0001411054300471118,5.879392918629659,1.759577618141734,0.9214752936344242,G1M1_new,g1m1_mid_load,1.0,58.0,100.0,0.98,1.02,57,59,14,500
2022-11-13,1.849673533216697,0.0001411054300471118,5.879392918629659,1.759577618141734,0.9214752936344242,G1M1_new,g1m1_mid_load,1.0,58.0,100.0,0.98,1.02,57,59,14,500
2022-11-14,1.849814638646744,0.0001411054300471118,5.879392918629659,1.759577618141734,0.9214752936344242,G1M1_new,g1m1_mid_load,1.0,58.0,100.0,0.98,1.02,57,59,14,500
2022-11-15,1.849955744076791,0.0001411054300471118,5.879392918629659,1.759577618141734,0.9214752936344242,G1M1_new,g1m1_mid_load,1.0,58.0,100.0,0.98,1.02,57,59,14,500
2022-11-16,1.8500968495068382,0.0001411054300471118,5.879392918629659,1.759577618141734,0.9214752936344242,G1M1_new,g1m1_mid_load,1.0,58.0,100.0,0.98,1.02,57,59,14,500
2022-11-17,1.8502379549368853,0.0001411054300471118,5.879392918629659,1.759577618141734,0.9214752936344242,G1M1_new,g1m1_mid_load,1.0,58.0,100.0,0.98,1.02,57,59,14,500
2022-11-18,1.8503790603669323,0.0001411054300471118,5.879392918629659,1.759577618141734,0.9214752936344242,G1M1_new,g1m1_mid_load,1.0,58.0,100.0,0.98,1.02,57,59,14,500
2022-11-19,1.8505201657969794,0.0001411054300471118,5.879392918629659,1.759577618141734,0.9214752936344242,G1M1_new,g1m1_mid_load,1.0,58.0,100.0,0.98,1.02,57,59,14,500
2022-11-20,1.8506612712270267,0.0001411054300471118,5.879392918629659,1.759577618141734,0.9214752936344242,G1M1_new,g1m1_mid_load,1.0,58.0,100.0,0.98,1.02,57,59,14,500
2022-11-21,1.8508023766570738,0.0001411054300471118,5.879392918629659,1.759577618141734,0.9214752936344242,G1M1_new,g1m1_mid_load,1.0,58.0,100.0,0.98,1.02,57,59,14,500
2022-11-22,1.850943482087121,0.0001411054300471118,5.879392918629659,1.759577618141734,0.9214752936344242,G1M1_new,g1m1_mid_load,1.0,58.0,100.0,0.98,1.02,57,59,14,500
2022-11-23,1.851084587517168,0.0001411054300471118,5.879392918629659,1.759577618141734,0.9214752936344242,G1M1_new,g1m1_mid_load,1.0,58.0,100.0,0.98,1.02,57,59,14,500
2022-11-24,1.851225692947215,0.0001411054300471118,5.879392918629659,1.759577618141734,0.9214752936344242,G1M1_new,g1m1_mid_load,1.0,58.0,100.0,0.98,1.02,57,59,14,500
2022-11-25,1.8513667983772621,0.0001411054300471118,5.879392918629659,1.759577618141734,0.9214752936344242,G1M1_new,g1m1_mid_load,1.0,58.0,100.0,0.98,1.02,57,59,14,500
2022-11-26,1.8515079038073092,0.0001411054300471118,5.879392918629659,1.759577618141734,0.9214752936344242,G1M1_new,g1m1_mid_load,1.0,58.0,100.0,0.98,1.02,57,59,14,500
2022-11-27,1.8516490092373563,0.0001411054300471118,5.879392918629659,1.759577618141734,0.9214752936344242,G1M1_new,g1m1_mid_load,1.0,58.0,100.0,0.98,1.02,57,59,14,500
2022-11-28,1.8517901146674034,0.0001411054300471118,5.879392918629659,1.759577618141734,0.9214752936344242,G1M1_new,g1m1_mid_load,1.0,58.0,100.0,0.98,1.02,57,59,14,500
2022-11-29,1.8519312200974507,0.0001411054300471118,5.879392918629659,1.759577618141734,0.9214752936344242,G1M1_new,g1m1_mid_load,1.0,58.0,100.0,0.98,1.02,57,59,14,500
2022-11-30,1.8520723255274978,0.0001411054300471118,5.879392918629659,1.759577618141734,0.9214752936344242,G1M1_new,g1m1_mid_load,1.0,58.0,100.0,0.98,1.02,57,59,14,500
2022-12-01,1.8522134309575449,0.0001411054300471118,5.879392918629659,1.759577618141734,0.9214752936344242,G1M1_new,g1m1_mid_load,1.0,58.0,100.0,0.98,1.02,57,59,14,500
2022-12-02,1.852354536387592,0.0001411054300471118,5.879392918629659,1.759577618141734,0.9214752936344242,G1M1_new,g1m1_mid_load,1.0,58.0,100.0,0.98,1.02,57,59,14,500
2022-12-03,1.852495641817639,0.0001411054300471118,5.879392918629659,1.759577618141734,0.9214752936344242,G1M1_new,g1m1_mid_load,1.0,58.0,100.0,0.98,1.02,57,59,14,500
2022-12-04,1.8526367472476861,0.0001411054300471118,5.879392918629659,1.759577618141734,0.9214752936344242,G1M1_new,g1m1_mid_load,1.0,58.0,100.0,0.98,1.02,57,59,14,500
2022-12-05,1.8527778526777332,0.0001411054300471118,5.879392918629659,1.759577618141734,0.9214752936344242,G1M1_new,g1m1_mid_load,1.0,58.0,100.0,0.98,1.02,57,59,14,500
2022-12-06,1.8529189581077805,0.0001411054300471118,5.879392918629659,1.759577618141734,0.9214752936344242,G1M1_new,g1m1_mid_load,1.0,58.0,100.0,0.98,1.02,57,59,14,500
2022-12-07,1.8530600635378276,0.0001411054300471118,5.879392918629659,1.759577618141734,0.9214752936344242,G1M1_new,g1m1_mid_load,1.0,58.0,100.0,0.98,1.02,57,59,14,500
2022-12-08,1.8532011689678747,0.0001411054300471118,5.879392918629659,1.759577618141734,0.9214752936344242,G1M1_new,g1m1_mid_load,1.0,58.0,100.0,0.98,1.02,57,59,14,500
2022-12-09,1.8533422743979218,0.0001411054300471118,5.879392918629659,1.759577618141734,0.9214752936344242,G1M1_new,g1m1_mid_load,1.0,58.0,100.0,0.98,1.02,57,59,14,500
2022-12-10,1.8534833798279688,0.0001411054300471118,5.879392918629659,1.759577618141734,0.9214752936344242,G1M1_new,g1m1_mid_load,1.0,58.0,100.0,0.98,1.02,57,59,14,500
2022-12-11,1.853624485258016,0.0001411054300471118,5.879392918629659,1.759577618141734,0.9214752936344242,G1M1_new,g1m1_mid_load,1.0,58.0,100.0,0.98,1.02,57,59,14,500
2022-12-12,1.853765590688063,0.0001411054300471118,5.879392918629659,1.759577618141734,0.9214752936344242,G1M1_new,g1m1_mid_load,1.0,58.0,100.0,0.98,1.02,57,59,14,500
2022-12-13,1.85390669611811,0.0001411054300471118,5.879392918629659,1.759577618141734,0.9214752936344242,G1M1_new,g1m1_mid_load,1.0,58.0,100.0,0.98,1.02,57,59,14,500
2022-12-14,1.8540478015481574,0.0001411054300471118,5.879392918629659,1.759577618141734,0.9214752936344242,G1M1_new,g1m1_mid_load,1.0,58.0,100.0,0.98,1.02,57,59,14,500
2022-12-15,1.8541889069782045,0.0001411054300471118,5.879392918629659,1.759577618141734,0.9214752936344242,G1M1_new,g1m1_mid_load,1.0,58.0,100.0,0.98,1.02,57,59,14,500
2022-12-16,1.8543300124082516,0.0001411054300471118,5.879392918629659,1.759577618141734,0.9214752936344242,G1M1_new,g1m1_mid_load,1.0,58.0,100.0,0.98,1.02,57,59,14,500
2022-12-17,1.8544711178382987,0.0001411054300471118,5.879392918629659,1.759577618141734,0.9214752936344242,G1M1_new,g1m1_mid_load,1.0,58.0,100.0,0.98,1.02,57,59,14,500
2022-12-18,1.8546122232683457,0.0001411054300471118,5.879392918629659,1.759577618141734,0.9214752936344242,G1M1_new,g1m1_mid_load,1.0,58.0,100.0,0.98,1.02,57,59,14,500
2022-12-19,1.8547533286983928,0.0001411054300471118,5.879392918629659,1.759577618141734,0.9214752936344242,G1M1_new,g1m1_mid_load,1.0,58.0,100.0,0.98,1.02,57,59,14,500
2022-12-20,1.85489443412844,0.0001411054300471118,5.879392918629659,1.759577618141734,0.9214752936344242,G1M1_new,g1m1_mid_load,1.0,58.0,100.0,0.98,1.02,57,59,14,500
2022-12-21,1.855035539558487,0.0001411054300471118,5.879392918629659,1.759577618141734,0.9214752936344242,G1M1_new,g1m1_mid_load,1.0,58.0,100.0,0.98,1.02,57,59,14,500
2022-12-22,1.8551766449885343,0.0001411054300471118,5.879392918629659,1.759577618141734,0.9214752936344242,G1M1_new,g1m1_mid_load,1.0,58.0,100.0,0.98,1.02,57,59,14,500
2022-12-23,1.8553177504185814,0.0001411054300471118,5.879392918629659,1.759577618141734,0.9214752936344242,G1M1_new,g1m1_mid_load,1.0,58.0,100.0,0.98,1.02,57,59,14,500
2022-12-24,1.8554588558486285,0.0001411054300471118,5.879392918629659,1.759577618141734,0.9214752936344242,G1M1_new,g1m1_mid_load,1.0,58.0,100.0,0.98,1.02,57,59,14,500
2022-12-25,1.8555999612786755,0.0001411054300471118,5.879392918629659,1.759577618141734,0.9214752936344242,G1M1_new,g1m1_mid_load,1.0,58.0,100.0,0.98,1.02,57,59,14,500
2022-12-26,1.8557410667087226,0.0001411054300471118,5.879392918629659,1.759577618141734,0.9214752936344242,G1M1_new,g1m1_mid_load,1.0,58.0,100.0,0.98,1.02,57,59,14,500
2022-12-27,1.8558821721387697,0.0001411054300471118,5.879392918629659,1.759577618141734,0.9214752936344242,G1M1_new,g1m1_mid_load,1.0,58.0,100.0,0.98,1.02,57,59,14,500
2022-12-28,1.8560232775688168,0.0001411054300471118,5.879392918629659,1.759577618141734,0.9214752936344242,G1M1_new,g1m1_mid_load,1.0,58.0,100.0,0.98,1.02,57,59,14,500
2022-12-29,1.8561643829988639,0.0001411054300471118,5.879392918629659,1.759577618141734,0.9214752936344242,G1M1_new,g1m1_mid_load,1.0,58.0,100.0,0.98,1.02,57,59,14,500
2022-12-30,1.8563054884289112,0.0001411054300471118,5.879392918629659,1.759577618141734,0.9214752936344242,G1M1_new,g1m1_mid_load,1.0,58.0,100.0,0.98,1.02,57,59,14,500
2022-12-31,1.8564465938589583,0.0001411054300471118,5.879392918629659,1.759577618141734,0.9214752936344242,G1M1_new,g1m1_mid_load,1.0,58.0,100.0,0.98,1.02,57,59,14,500
2023-01-01,1.8565876992890054,0.0001411054300471118,5.879392918629659,1.759577618141734,0.9214752936344242,G1M1_new,g1m1_mid_load,1.0,58.0,100.0,0.98,1.02,57,59,14,500
2023-01-02,1.8567288047190524,0.0001411054300471118,5.879392918629659,1.759577618141734,0.9214752936344242,G1M1_new,g1m1_mid_load,1.0,58.0,100.0,0.98,1.02,57,59,14,500
2023-01-03,1.8568699101490995,0.0001411054300471118,5.879392918629659,1.759577618141734,0.9214752936344242,G1M1_new,g1m1_mid_load,1.0,58.0,100.0,0.98,1.02,57,59,14,500
2023-01-04,1.8570110155791466,0.0001411054300471118,5.879392918629659,1.759577618141734,0.9214752936344242,G1M1_new,g1m1_mid_load,1.0,58.0,100.0,0.98,1.02,57,59,14,500
2023-01-05,1.8571521210091937,0.0001411054300471118,5.879392918629659,1.759577618141734,0.9214752936344242,G1M1_new,g1m1_mid_load,1.0,58.0,100.0,0.98,1.02,57,59,14,500
2023-01-06,1.8572932264392408,0.0001411054300471118,5.879392918629659,1.759577618141734,0.9214752936344242,G1M1_new,g1m1_mid_load,1.0,58.0,100.0,0.98,1.02,57,59,14,500
2023-01-07,1.857434331869288,0.0001411054300471118,5.879392918629659,1.759577618141734,0.9214752936344242,G1M1_new,g1m1_mid_load,1.0,58.0,100.0,0.98,1.02,57,59,14,500
2023-01-08,1.8575754372993352,0.0001411054300471118,5.879392918629659,1.759577618141734,0.9214752936344242,G1M1_new,g1m1_mid_load,1.0,58.0,100.0,0.98,1.02,57,59,14,500
2023-01-09,1.8577165427293822,0.0001411054300471118,5.879392918629659,1.759577618141734,0.9214752936344242,G1M1_new,g1m1_mid_load,1.0,58.0,100.0,0.98,1.02,57,59,14,500
2023-01-10,1.8578576481594293,0.0001411054300471118,5.879392918629659,1.759577618141734,0.9214752936344242,G1M1_new,g1m1_mid_load,1.0,58.0,100.0,0.98,1.02,57,59,14,500
2023-01-11,1.8579987535894764,0.0001411054300471118,5.879392918629659,1.759577618141734,0.9214752936344242,G1M1_new,g1m1_mid_load,1.0,58.0,100.0,0.98,1.02,57,59,14,500
2023-01-12,1.8581398590195235,0.0001411054300471118,5.879392918629659,1.759577618141734,0.9214752936344242,G1M1_new,g1m1_mid_load,1.0,58.0,100.0,0.98,1.02,57,59,14,500
2023-01-13,1.8582809644495706,0.0001411054300471118,5.879392918629659,1.759577618141734,0.9214752936344242,G1M1_new,g1m1_mid_load,1.0,58.0,100.0,0.98,1.02,57,59,14,500
2023-01-14,1.8584220698796177,0.0001411054300471118,5.879392918629659,1.759577618141734,0.9214752936344242,G1M1_new,g1m1_mid_load,1.0,58.0,100.0,0.98,1.02,57,59,14,500
2023-01-15,1.858563175309665,0.0001411054300471118,5.879392918629659,1.759577618141734,0.9214752936344242,G1M1_new,g1m1_mid_load,1.0,58.0,100.0,0.98,1.02,57,59,14,500
2023-01-16,1.858704280739712,0.0001411054300471118,5.879392918629659,1.759577618141734,0.9214752936344242,G1M1_new,g1m1_mid_load,1.0,58.0,100.0,0.98,1.02,57,59,14,500
2023-01-17,1.8588453861697591,0.0001411054300471118,5.879392918629659,1.759577618141734,0.9214752936344242,G1M1_new,g1m1_mid_load,1.0,58.0,100.0,0.98,1.02,57,59,14,500
2023-01-18,1.8589864915998062,0.0001411054300471118,5.879392918629659,1.759577618141734,0.9214752936344242,G1M1_new,g1m1_mid_load,1.0,58.0,100.0,0.98,1.02,57,59,14,500
2023-01-19,1.8591275970298533,0.0001411054300471118,5.879392918629659,1.759577618141734,0.9214752936344242,G1M1_new,g1m1_mid_load,1.0,58.0,100.0,0.98,1.02,57,59,14,500
2023-01-20,1.8592687024599004,0.0001411054300471118,5.879392918629659,1.759577618141734,0.9214752936344242,G1M1_new,g1m1_mid_load,1.0,58.0,100.0,0.98,1.02,57,59,14,500
2023-01-21,1.8594098078899475,0.0001411054300471118,5.879392918629659,1.759577618141734,0.9214752936344242,G1M1_new,g1m1_mid_load,1.0,58.0,100.0,0.98,1.02,57,59,14,500
2023-01-22,1.8595509133199946,0.0001411054300471118,5.879392918629659,1.759577618141734,0.9214752936344242,G1M1_new,g1m1_mid_load,1.0,58.0,100.0,0.98,1.02,57,59,14,500
2023-01-23,1.8596920187500419,0.0001411054300471118,5.879392918629659,1.759577618141734,0.9214752936344242,G1M1_new,g1m1_mid_load,1.0,58.0,100.0,0.98,1.02,57,59,14,500
2023-01-24,1.859833124180089,0.0001411054300471118,5.879392918629659,1.759577618141734,0.9214752936344242,G1M1_new,g1m1_mid_load,1.0,58.0,100.0,0.98,1.02,57,59,14,500
2023-01-25,1.859974229610136,0.0001411054300471118,5.879392918629659,1.759577618141734,0.9214752936344242,G1M1_new,g1m1_mid_load,1.0,58.0,100.0,0.98,1.02,57,59,14,500
2023-01-26,1.8601153350401831,0.0001411054300471118,5.879392918629659,1.759577618141734,0.9214752936344242,G1M1_new,g1m1_mid_load,1.0,58.0,100.0,0.98,1.02,57,59,14,500
2023-01-27,1.8602564404702302,0.0001411054300471118,5.879392918629659,1.759577618141734,0.9214752936344242,G1M1_new,g1m1_mid_load,1.0,58.0,100.0,0.98,1.02,57,59,14,500
2023-01-28,1.8603975459002773,0.0001411054300471118,5.879392918629659,1.759577618141734,0.9214752936344242,G1M1_new,g1m1_mid_load,1.0,58.0,100.0,0.98,1.02,57,59,14,500
2023-01-29,1.8605386513303244,0.0001411054300471118,5.879392918629659,1.759577618141734,0.9214752936344242,G1M1_new,g1m1_mid_load,1.0,58.0,100.0,0.98,1.02,57,59,14,500
2023-01-30,1.8606797567603715,0.0001411054300471118,5.879392918629659,1.759577618141734,0.9214752936344242,G1M1_new,g1m1_mid_load,1.0,58.0,100.0,0.98,1.02,57,59,14,500
2023-01-31,1.8608208621904188,0.0001411054300471118,5.879392918629659,1.759577618141734,0.9214752936344242,G1M1_new,g1m1_mid_load,1.0,58.0,100.0,0.98,1.02,57,59,14,500
2023-02-01,1.8609619676204658,0.0001411054300471118,5.879392918629659,1.759577618141734,0.9214752936344242,G1M1_new,g1m1_mid_load,1.0,58.0,100.0,0.98,1.02,57,59,14,500
2023-02-02,1.861103073050513,0.0001411054300471118,5.879392918629659,1.759577618141734,0.9214752936344242,G1M1_new,g1m1_mid_load,1.0,58.0,100.0,0.98,1.02,57,59,14,500
2023-02-03,1.86124417848056,0.0001411054300471118,5.879392918629659,1.759577618141734,0.9214752936344242,G1M1_new,g1m1_mid_load,1.0,58.0,100.0,0.98,1.02,57,59,14,500
2023-02-04,1.861385283910607,0.0001411054300471118,5.879392918629659,1.759577618141734,0.9214752936344242,G1M1_new,g1m1_mid_load,1.0,58.0,100.0,0.98,1.02,57,59,14,500
2023-02-05,1.8615263893406542,0.0001411054300471118,5.879392918629659,1.759577618141734,0.9214752936344242,G1M1_new,g1m1_mid_load,1.0,58.0,100.0,0.98,1.02,57,59,14,500
2023-02-06,1.8616674947707013,0.0001411054300471118,5.879392918629659,1.759577618141734,0.9214752936344242,G1M1_new,g1m1_mid_load,1.0,58.0,100.0,0.98,1.02,57,59,14,500
2023-02-07,1.8618086002007486,0.0001411054300471118,5.879392918629659,1.759577618141734,0.9214752936344242,G1M1_new,g1m1_mid_load,1.0,58.0,100.0,0.98,1.02,57,59,14,500
2023-02-08,1.8619497056307956,0.0001411054300471118,5.879392918629659,1.759577618141734,0.9214752936344242,G1M1_new,g1m1_mid_load,1.0,58.0,100.0,0.98,1.02,57,59,14,500
2023-02-09,1.8620908110608427,0.0001411054300471118,5.879392918629659,1.759577618141734,0.9214752936344242,G1M1_new,g1m1_mid_load,1.0,58.0,100.0,0.98,1.02,57,59,14,500
2023-02-10,1.8622319164908898,0.0001411054300471118,5.879392918629659,1.759577618141734,0.9214752936344242,G1M1_new,g1m1_mid_load,1.0,58.0,100.0,0.98,1.02,57,59,14,500
2023-02-11,1.862373021920937,0.0001411054300471118,5.879392918629659,1.759577618141734,0.9214752936344242,G1M1_new,g1m1_mid_load,1.0,58.0,100.0,0.98,1.02,57,59,14,500
2023-02-12,1.862514127350984,0.0001411054300471118,5.879392918629659,1.759577618141734,0.9214752936344242,G1M1_new,g1m1_mid_load,1.0,58.0,100.0,0.98,1.02,57,59,14,500
2023-02-13,1.862655232781031,0.0001411054300471118,5.879392918629659,1.759577618141734,0.9214752936344242,G1M1_new,g1m1_mid_load,1.0,58.0,100.0,0.98,1.02,57,59,14,500
2023-02-14,1.8627963382110782,0.0001411054300471118,5.879392918629659,1.759577618141734,0.9214752936344242,G1M1_new,g1m1_mid_load,1.0,58.0,100.0,0.98,1.02,57,59,14,500
2023-02-15,1.8629374436411252,0.0001411054300471118,5.879392918629659,1.759577618141734,0.9214752936344242,G1M1_new,g1m1_mid_load,1.0,58.0,100.0,0.98,1.02,57,59,14,500
2023-02-16,1.8630785490711725,0.0001411054300471118,5.879392918629659,1.759577618141734,0.9214752936344242,G1M1_new,g1m1_mid_load,1.0,58.0,100.0,0.98,1.02,57,59,14,500
2023-02-17,1.8632196545012196,0.0001411054300471118,5.879392918629659,1.759577618141734,0.9214752936344242,G1M1_new,g1m1_mid_load,1.0,58.0,100.0,0.98,1.02,57,59,14,500
2023-02-18,1.8633607599312667,0.0001411054300471118,5.879392918629659,1.759577618141734,0.9214752936344242,G1M1_new,g1m1_mid_load,1.0,58.0,100.0,0.98,1.02,57,59,14,500
2023-02-19,1.8635018653613138,0.0001411054300471118,5.879392918629659,1.759577618141734,0.9214752936344242,G1M1_new,g1m1_mid_load,1.0,58.0,100.0,0.98,1.02,57,59,14,500
2023-02-20,1.8636429707913609,0.0001411054300471118,5.879392918629659,1.759577618141734,0.9214752936344242,G1M1_new,g1m1_mid_load,1.0,58.0,100.0,0.98,1.02,57,59,14,500
2023-02-21,1.863784076221408,0.0001411054300471118,5.879392918629659,1.759577618141734,0.9214752936344242,G1M1_new,g1m1_mid_load,1.0,58.0,100.0,0.98,1.02,57,59,14,500
2023-02-22,1.863925181651455,0.0001411054300471118,5.879392918629659,1.759577618141734,0.9214752936344242,G1M1_new,g1m1_mid_load,1.0,58.0,100.0,0.98,1.02,57,59,14,500
2023-02-23,1.8640662870815023,0.0001411054300471118,5.879392918629659,1.759577618141734,0.9214752936344242,G1M1_new,g1m1_mid_load,1.0,58.0,100.0,0.98,1.02,57,59,14,500
2023-02-24,1.8642073925115494,0.0001411054300471118,5.879392918629659,1.759577618141734,0.9214752936344242,G1M1_new,g1m1_mid_load,1.0,58.0,100.0,0.98,1.02,57,59,14,500
2023-02-25,1.8643484979415965,0.0001411054300471118,5.879392918629659,1.759577618141734,0.9214752936344242,G1M1_new,g1m1_mid_load,1.0,58.0,100.0,0.98,1.02,57,59,14,500
2023-02-26,1.8644896033716436,0.0001411054300471118,5.879392918629659,1.759577618141734,0.9214752936344242,G1M1_new,g1m1_mid_load,1.0,58.0,100.0,0.98,1.02,57,59,14,500
2023-02-27,1.8646307088016907,0.0001411054300471118,5.879392918629659,1.759577618141734,0.9214752936344242,G1M1_new,g1m1_mid_load,1.0,58.0,100.0,0.98,1.02,57,59,14,500
2023-02-28,1.8647718142317378,0.0001411054300471118,5.879392918629659,1.759577618141734,0.9214752936344242,G1M1_new,g1m1_mid_load,1.0,58.0,100.0,0.98,1.02,57,59,14,500
2023-03-01,1.8649129196617849,0.0001411054300471118,5.879392918629659,1.759577618141734,0.9214752936344242,G1M1_new,g1m1_mid_load,1.0,58.0,100.0,0.98,1.02,57,59,14,500
2023-03-02,1.865054025091832,0.0001411054300471118,5.879392918629659,1.759577618141734,0.9214752936344242,G1M1_new,g1m1_mid_load,1.0,58.0,100.0,0.98,1.02,57,59,14,500
2023-03-03,1.865195130521879,0.0001411054300471118,5.879392918629659,1.759577618141734,0.9214752936344242,G1M1_new,g1m1_mid_load,1.0,58.0,100.0,0.98,1.02,57,59,14,500
2023-03-04,1.8653362359519263,0.0001411054300471118,5.879392918629659,1.759577618141734,0.9214752936344242,G1M1_new,g1m1_mid_load,1.0,58.0,100.0,0.98,1.02,57,59,14,500
2023-03-05,1.8654773413819734,0.0001411054300471118,5.879392918629659,1.759577618141734,0.9214752936344242,G1M1_new,g1m1_mid_load,1.0,58.0,100.0,0.98,1.02,57,59,14,500
2023-03-06,1.8656184468120205,0.0001411054300471118,5.879392918629659,1.759577618141734,0.9214752936344242,G1M1_new,g1m1_mid_load,1.0,58.0,100.0,0.98,1.02,57,59,14,500
2023-03-07,1.8657595522420676,0.0001411054300471118,5.879392918629659,1.759577618141734,0.9214752936344242,G1M1_new,g1m1_mid_load,1.0,58.0,100.0,0.98,1.02,57,59,14,500
2023-03-08,1.8659006576721147,0.0001411054300471118,5.879392918629659,1.759577618141734,0.9214752936344242,G1M1_new,g1m1_mid_load,1.0,58.0,100.0,0.98,1.02,57,59,14,500
2023-03-09,1.8660417631021617,0.0001411054300471118,5.879392918629659,1.759577618141734,0.9214752936344242,G1M1_new,g1m1_mid_load,1.0,58.0,100.0,0.98,1.02,57,59,14,500
2023-03-10,1.8661828685322088,0.0001411054300471118,5.879392918629659,1.759577618141734,0.9214752936344242,G1M1_new,g1m1_mid_load,1.0,58.0,100.0,0.98,1.02,57,59,14,500
2023-03-11,1.8663239739622561,0.0001411054300471118,5.879392918629659,1.759577618141734,0.9214752936344242,G1M1_new,g1m1_mid_load,1.0,58.0,100.0,0.98,1.02,57,59,14,500
2023-03-12,1.8664650793923032,0.0001411054300471118,5.879392918629659,1.759577618141734,0.9214752936344242,G1M1_new,g1m1_mid_load,1.0,58.0,100.0,0.98,1.02,57,59,14,500
2023-03-13,1.8666061848223503,0.0001411054300471118,5.879392918629659,1.759577618141734,0.9214752936344242,G1M1_new,g1m1_mid_load,1.0,58.0,100.0,0.98,1.02,57,59,14,500
2023-03-14,1.8667472902523974,0.0001411054300471118,5.879392918629659,1.759577618141734,0.9214752936344242,G1M1_new,g1m1_mid_load,1.0,58.0,100.0,0.98,1.02,57,59,14,500
2023-03-15,1.8668883956824445,0.0001411054300471118,5.879392918629659,1.759577618141734,0.9214752936344242,G1M1_new,g1m1_mid_load,1.0,58.0,100.0,0.98,1.02,57,59,14,500
2023-03-16,1.8670295011124916,0.0001411054300471118,5.879392918629659,1.759577618141734,0.9214752936344242,G1M1_new,g1m1_mid_load,1.0,58.0,100.0,0.98,1.02,57,59,14,500
2023-03-17,1.8671706065425386,0.0001411054300471118,5.879392918629659,1.759577618141734,0.9214752936344242,G1M1_new,g1m1_mid_load,1.0,58.0,100.0,0.98,1.02,57,59,14,500
2023-03-18,1.8673117119725857,0.0001411054300471118,5.879392918629659,1.759577618141734,0.9214752936344242,G1M1_new,g1m1_mid_load,1.0,58.0,100.0,0.98,1.02,57,59,14,500
2023-03-19,1.867452817402633,0.0001411054300471118,5.879392918629659,1.759577618141734,0.9214752936344242,G1M1_new,g1m1_mid_load,1.0,58.0,100.0,0.98,1.02,57,59,14,500
2023-03-20,1.86759392283268,0.0001411054300471118,5.879392918629659,1.759577618141734,0.9214752936344242,G1M1_new,g1m1_mid_load,1.0,58.0,100.0,0.98,1.02,57,59,14,500
2023-03-21,1.8677350282627272,0.0001411054300471118,5.879392918629659,1.759577618141734,0.9214752936344242,G1M1_new,g1m1_mid_load,1.0,58.0,100.0,0.98,1.02,57,59,14,500
2023-03-22,1.8678761336927743,0.0001411054300471118,5.879392918629659,1.759577618141734,0.9214752936344242,G1M1_new,g1m1_mid_load,1.0,58.0,100.0,0.98,1.02,57,59,14,500
2023-03-23,1.8680172391228214,0.0001411054300471118,5.879392918629659,1.759577618141734,0.9214752936344242,G1M1_new,g1m1_mid_load,1.0,58.0,100.0,0.98,1.02,57,59,14,500
2023-03-24,1.8681583445528684,0.0001411054300471118,5.879392918629659,1.759577618141734,0.9214752936344242,G1M1_new,g1m1_mid_load,1.0,58.0,100.0,0.98,1.02,57,59,14,500
2023-03-25,1.8682994499829155,0.0001411054300471118,5.879392918629659,1.759577618141734,0.9214752936344242,G1M1_new,g1m1_mid_load,1.0,58.0,100.0,0.98,1.02,57,59,14,500
2023-03-26,1.8684405554129626,0.0001411054300471118,5.879392918629659,1.759577618141734,0.9214752936344242,G1M1_new,g1m1_mid_load,1.0,58.0,100.0,0.98,1.02,57,59,14,500
2023-03-27,1.86858166084301,0.0001411054300471118,5.879392918629659,1.759577618141734,0.9214752936344242,G1M1_new,g1m1_mid_load,1.0,58.0,100.0,0.98,1.02,57,59,14,500
2023-03-28,1.868722766273057,0.0001411054300471118,5.879392918629659,1.759577618141734,0.9214752936344242,G1M1_new,g1m1_mid_load,1.0,58.0,100.0,0.98,1.02,57,59,14,500
2023-03-29,1.868863871703104,0.0001411054300471118,5.879392918629659,1.759577618141734,0.9214752936344242,G1M1_new,g1m1_mid_load,1.0,58.0,100.0,0.98,1.02,57,59,14,500
2023-03-30,1.8690049771331512,0.0001411054300471118,5.879392918629659,1.759577618141734,0.9214752936344242,G1M1_new,g1m1_mid_load,1.0,58.0,100.0,0.98,1.02,57,59,14,500
2023-03-31,1.8691460825631983,0.0001411054300471118,5.879392918629659,1.759577618141734,0.9214752936344242,G1M1_new,g1m1_mid_load,1.0,58.0,100.0,0.98,1.02,57,59,14,500
2023-04-01,1.8692871879932453,0.0001411054300471118,5.879392918629659,1.759577618141734,0.9214752936344242,G1M1_new,g1m1_mid_load,1.0,58.0,100.0,0.98,1.02,57,59,14,500
2023-04-02,1.8694282934232924,0.0001411054300471118,5.879392918629659,1.759577618141734,0.9214752936344242,G1M1_new,g1m1_mid_load,1.0,58.0,100.0,0.98,1.02,57,59,14,500
2023-04-03,1.8695693988533395,0.0001411054300471118,5.879392918629659,1.759577618141734,0.9214752936344242,G1M1_new,g1m1_mid_load,1.0,58.0,100.0,0.98,1.02,57,59,14,500
2023-04-04,1.8697105042833868,0.0001411054300471118,5.879392918629659,1.759577618141734,0.9214752936344242,G1M1_new,g1m1_mid_load,1.0,58.0,100.0,0.98,1.02,57,59,14,500
2023-04-05,1.869851609713434,0.0001411054300471118,5.879392918629659,1.759577618141734,0.9214752936344242,G1M1_new,g1m1_mid_load,1.0,58.0,100.0,0.98,1.02,57,59,14,500
2023-04-06,1.869992715143481,0.0001411054300471118,5.879392918629659,1.759577618141734,0.9214752936344242,G1M1_new,g1m1_mid_load,1.0,58.0,100.0,0.98,1.02,57,59,14,500
2023-04-07,1.870133820573528,0.0001411054300471118,5.879392918629659,1.759577618141734,0.9214752936344242,G1M1_new,g1m1_mid_load,1.0,58.0,100.0,0.98,1.02,57,59,14,500
2023-04-08,1.8702749260035751,0.0001411054300471118,5.879392918629659,1.759577618141734,0.9214752936344242,G1M1_new,g1m1_mid_load,1.0,58.0,100.0,0.98,1.02,57,59,14,500
2023-04-09,1.8704160314336222,0.0001411054300471118,5.879392918629659,1.759577618141734,0.9214752936344242,G1M1_new,g1m1_mid_load,1.0,58.0,100.0,0.98,1.02,57,59,14,500
2023-04-10,1.8705571368636693,0.0001411054300471118,5.879392918629659,1.759577618141734,0.9214752936344242,G1M1_new,g1m1_mid_load,1.0,58.0,100.0,0.98,1.02,57,59,14,500
2023-04-11,1.8706982422937164,0.0001411054300471118,5.879392918629659,1.759577618141734,0.9214752936344242,G1M1_new,g1m1_mid_load,1.0,58.0,100.0,0.98,1.02,57,59,14,500
2023-04-12,1.8708393477237637,0.0001411054300471118,5.879392918629659,1.759577618141734,0.9214752936344242,G1M1_new,g1m1_mid_load,1.0,58.0,100.0,0.98,1.02,57,59,14,500
2023-04-13,1.8709804531538108,0.0001411054300471118,5.879392918629659,1.759577618141734,0.9214752936344242,G1M1_new,g1m1_mid_load,1.0,58.0,100.0,0.98,1.02,57,59,14,500
2023-04-14,1.8711215585838579,0.0001411054300471118,5.879392918629659,1.759577618141734,0.9214752936344242,G1M1_new,g1m1_mid_load,1.0,58.0,100.0,0.98,1.02,57,59,14,500
2023-04-15,1.871262664013905,0.0001411054300471118,5.879392918629659,1.759577618141734,0.9214752936344242,G1M1_new,g1m1_mid_load,1.0,58.0,100.0,0.98,1.02,57,59,14,500
2023-04-16,1.871403769443952,0.0001411054300471118,5.879392918629659,1.759577618141734,0.9214752936344242,G1M1_new,g1m1_mid_load,1.0,58.0,100.0,0.98,1.02,57,59,14,500
2023-04-17,1.8715448748739991,0.0001411054300471118,5.879392918629659,1.759577618141734,0.9214752936344242,G1M1_new,g1m1_mid_load,1.0,58.0,100.0,0.98,1.02,57,59,14,500
2023-04-18,1.8716859803040462,0.0001411054300471118,5.879392918629659,1.759577618141734,0.9214752936344242,G1M1_new,g1m1_mid_load,1.0,58.0,100.0,0.98,1.02,57,59,14,500
2023-04-19,1.8718270857340933,0.0001411054300471118,5.879392918629659,1.759577618141734,0.9214752936344242,G1M1_new,g1m1_mid_load,1.0,58.0,100.0,0.98,1.02,57,59,14,500
2023-04-20,1.8719681911641406,0.0001411054300471118,5.879392918629659,1.759577618141734,0.9214752936344242,G1M1_new,g1m1_mid_load,1.0,58.0,100.0,0.98,1.02,57,59,14,500
2023-04-21,1.8721092965941877,0.0001411054300471118,5.879392918629659,1.759577618141734,0.9214752936344242,G1M1_new,g1m1_mid_load,1.0,58.0,100.0,0.98,1.02,57,59,14,500
2023-04-22,1.8722504020242348,0.0001411054300471118,5.879392918629659,1.759577618141734,0.9214752936344242,G1M1_new,g1m1_mid_load,1.0,58.0,100.0,0.98,1.02,57,59,14,500
2023-04-23,1.8723915074542818,0.0001411054300471118,5.879392918629659,1.759577618141734,0.9214752936344242,G1M1_new,g1m1_mid_load,1.0,58.0,100.0,0.98,1.02,57,59,14,500
2023-04-24,1.872532612884329,0.0001411054300471118,5.879392918629659,1.759577618141734,0.9214752936344242,G1M1_new,g1m1_mid_load,1.0,58.0,100.0,0.98,1.02,57,59,14,500
2023-04-25,1.872673718314376,0.0001411054300471118,5.879392918629659,1.759577618141734,0.9214752936344242,G1M1_new,g1m1_mid_load,1.0,58.0,100.0,0.98,1.02,57,59,14,500
2023-04-26,1.872814823744423,0.0001411054300471118,5.879392918629659,1.759577618141734,0.9214752936344242,G1M1_new,g1m1_mid_load,1.0,58.0,100.0,0.98,1.02,57,59,14,500
2023-04-27,1.8729559291744702,0.0001411054300471118,5.879392918629659,1.759577618141734,0.9214752936344242,G1M1_new,g1m1_mid_load,1.0,58.0,100.0,0.98,1.02,57,59,14,500
2023-04-28,1.8730970346045175,0.0001411054300471118,5.879392918629659,1.759577618141734,0.9214752936344242,G1M1_new,g1m1_mid_load,1.0,58.0,100.0,0.98,1.02,57,59,14,500
2023-04-29,1.8732381400345646,0.0001411054300471118,5.879392918629659,1.759577618141734,0.9214752936344242,G1M1_new,g1m1_mid_load,1.0,58.0,100.0,0.98,1.02,57,59,14,500
2023-04-30,1.8733792454646117,0.0001411054300471118,5.879392918629659,1.759577618141734,0.9214752936344242,G1M1_new,g1m1_mid_load,1.0,58.0,100.0,0.98,1.02,57,59,14,500
2023-05-01,1.8735203508946587,0.0001411054300471118,5.879392918629659,1.759577618141734,0.9214752936344242,G1M1_new,g1m1_mid_load,1.0,58.0,100.0,0.98,1.02,57,59,14,500
2023-05-02,1.8736614563247058,0.0001411054300471118,5.879392918629659,1.759577618141734,0.9214752936344242,G1M1_new,g1m1_mid_load,1.0,58.0,100.0,0.98,1.02,57,59,14,500
2023-05-03,1.873802561754753,0.0001411054300471118,5.879392918629659,1.759577618141734,0.9214752936344242,G1M1_new,g1m1_mid_load,1.0,58.0,100.0,0.98,1.02,57,59,14,500
2023-05-04,1.8739436671848,0.0001411054300471118,5.879392918629659,1.759577618141734,0.9214752936344242,G1M1_new,g1m1_mid_load,1.0,58.0,100.0,0.98,1.02,57,59,14,500
2023-05-05,1.874084772614847,0.0001411054300471118,5.879392918629659,1.759577618141734,0.9214752936344242,G1M1_new,g1m1_mid_load,1.0,58.0,100.0,0.98,1.02,57,59,14,500
2023-05-06,1.8742258780448944,0.0001411054300471118,5.879392918629659,1.759577618141734,0.9214752936344242,G1M1_new,g1m1_mid_load,1.0,58.0,100.0,0.98,1.02,57,59,14,500
2023-05-07,1.8743669834749415,0.0001411054300471118,5.879392918629659,1.759577618141734,0.9214752936344242,G1M1_new,g1m1_mid_load,1.0,58.0,100.0,0.98,1.02,57,59,14,500
2023-05-08,1.8745080889049885,0.0001411054300471118,5.879392918629659,1.759577618141734,0.9214752936344242,G1M1_new,g1m1_mid_load,1.0,58.0,100.0,0.98,1.02,57,59,14,500
2023-05-09,1.8746491943350356,0.0001411054300471118,5.879392918629659,1.759577618141734,0.9214752936344242,G1M1_new,g1m1_mid_load,1.0,58.0,100.0,0.98,1.02,57,59,14,500
2023-05-10,1.8747902997650827,0.0001411054300471118,5.879392918629659,1.759577618141734,0.9214752936344242,G1M1_new,g1m1_mid_load,1.0,58.0,100.0,0.98,1.02,57,59,14,500
2023-05-11,1.8749314051951298,0.0001411054300471118,5.879392918629659,1.759577618141734,0.9214752936344242,G1M1_new,g1m1_mid_load,1.0,58.0,100.0,0.98,1.02,57,59,14,500
2023-05-12,1.8750725106251769,0.0001411054300471118,5.879392918629659,1.759577618141734,0.9214752936344242,G1M1_new,g1m1_mid_load,1.0,58.0,100.0,0.98,1.02,57,59,14,500
2023-05-13,1.8752136160552242,0.0001411054300471118,5.879392918629659,1.759577618141734,0.9214752936344242,G1M1_new,g1m1_mid_load,1.0,58.0,100.0,0.98,1.02,57,59,14,500
2023-05-14,1.8753547214852713,0.0001411054300471118,5.879392918629659,1.759577618141734,0.9214752936344242,G1M1_new,g1m1_mid_load,1.0,58.0,100.0,0.98,1.02,57,59,14,500
2023-05-15,1.8754958269153184,0.0001411054300471118,5.879392918629659,1.759577618141734,0.9214752936344242,G1M1_new,g1m1_mid_load,1.0,58.0,100.0,0.98,1.02,57,59,14,500
2023-05-16,1.8756369323453654,0.0001411054300471118,5.879392918629659,1.759577618141734,0.9214752936344242,G1M1_new,g1m1_mid_load,1.0,58.0,100.0,0.98,1.02,57,59,14,500
2023-05-17,1.8757780377754125,0.0001411054300471118,5.879392918629659,1.759577618141734,0.9214752936344242,G1M1_new,g1m1_mid_load,1.0,58.0,100.0,0.98,1.02,57,59,14,500
2023-05-18,1.8759191432054596,0.0001411054300471118,5.879392918629659,1.759577618141734,0.9214752936344242,G1M1_new,g1m1_mid_load,1.0,58.0,100.0,0.98,1.02,57,59,14,500
2023-05-19,1.8760602486355067,0.0001411054300471118,5.879392918629659,1.759577618141734,0.9214752936344242,G1M1_new,g1m1_mid_load,1.0,58.0,100.0,0.98,1.02,57,59,14,500
2023-05-20,1.8762013540655538,0.0001411054300471118,5.879392918629659,1.759577618141734,0.9214752936344242,G1M1_new,g1m1_mid_load,1.0,58.0,100.0,0.98,1.02,57,59,14,500
2023-05-21,1.8763424594956009,0.0001411054300471118,5.879392918629659,1.759577618141734,0.9214752936344242,G1M1_new,g1m1_mid_load,1.0,58.0,100.0,0.98,1.02,57,59,14,500
2023-05-22,1.8764835649256482,0.0001411054300471118,5.879392918629659,1.759577618141734,0.9214752936344242,G1M1_new,g1m1_mid_load,1.0,58.0,100.0,0.98,1.02,57,59,14,500
2023-05-23,1.8766246703556952,0.0001411054300471118,5.879392918629659,1.759577618141734,0.9214752936344242,G1M1_new,g1m1_mid_load,1.0,58.0,100.0,0.98,1.02,57,59,14,500
2023-05-24,1.8767657757857423,0.0001411054300471118,5.879392918629659,1.759577618141734,0.9214752936344242,G1M1_new,g1m1_mid_load,1.0,58.0,100.0,0.98,1.02,57,59,14,500
2023-05-25,1.8769068812157894,0.0001411054300471118,5.879392918629659,1.759577618141734,0.9214752936344242,G1M1_new,g1m1_mid_load,1.0,58.0,100.0,0.98,1.02,57,59,14,500
2023-05-26,1.8770479866458365,0.0001411054300471118,5.879392918629659,1.759577618141734,0.9214752936344242,G1M1_new,g1m1_mid_load,1.0,58.0,100.0,0.98,1.02,57,59,14,500
2023-05-27,1.8771890920758836,0.0001411054300471118,5.879392918629659,1.759577618141734,0.9214752936344242,G1M1_new,g1m1_mid_load,1.0,58.0,100.0,0.98,1.02,57,59,14,500
2023-05-28,1.8773301975059307,0.0001411054300471118,5.879392918629659,1.759577618141734,0.9214752936344242,G1M1_new,g1m1_mid_load,1.0,58.0,100.0,0.98,1.02,57,59,14,500
2023-05-29,1.877471302935978,0.0001411054300471118,5.879392918629659,1.759577618141734,0.9214752936344242,G1M1_new,g1m1_mid_load,1.0,58.0,100.0,0.98,1.02,57,59,14,500
2023-05-30,1.877612408366025,0.0001411054300471118,5.879392918629659,1.759577618141734,0.9214752936344242,G1M1_new,g1m1_mid_load,1.0,58.0,100.0,0.98,1.02,57,59,14,500
2023-05-31,1.8777535137960721,0.0001411054300471118,5.879392918629659,1.759577618141734,0.9214752936344242,G1M1_new,g1m1_mid_load,1.0,58.0,100.0,0.98,1.02,57,59,14,500
2023-06-01,1.8778946192261192,0.0001411054300471118,5.879392918629659,1.759577618141734,0.9214752936344242,G1M1_new,g1m1_mid_load,1.0,58.0,100.0,0.98,1.02,57,59,14,500
2023-06-02,1.8780357246561663,0.0001411054300471118,5.879392918629659,1.759577618141734,0.9214752936344242,G1M1_new,g1m1_mid_load,1.0,58.0,100.0,0.98,1.02,57,59,14,500
2023-06-03,1.8781768300862134,0.0001411054300471118,5.879392918629659,1.759577618141734,0.9214752936344242,G1M1_new,g1m1_mid_load,1.0,58.0,100.0,0.98,1.02,57,59,14,500
2023-06-04,1.8783179355162605,0.0001411054300471118,5.879392918629659,1.759577618141734,0.9214752936344242,G1M1_new,g1m1_mid_load,1.0,58.0,100.0,0.98,1.02,57,59,14,500
2023-06-05,1.8784590409463076,0.0001411054300471118,5.879392918629659,1.759577618141734,0.9214752936344242,G1M1_new,g1m1_mid_load,1.0,58.0,100.0,0.98,1.02,57,59,14,500
2023-06-06,1.8786001463763546,0.0001411054300471118,5.879392918629659,1.759577618141734,0.9214752936344242,G1M1_new,g1m1_mid_load,1.0,58.0,100.0,0.98,1.02,57,59,14,500
2023-06-07,1.878741251806402,0.0001411054300471118,5.879392918629659,1.759577618141734,0.9214752936344242,G1M1_new,g1m1_mid_load,1.0,58.0,100.0,0.98,1.02,57,59,14,500
2023-06-08,1.878882357236449,0.0001411054300471118,5.879392918629659,1.759577618141734,0.9214752936344242,G1M1_new,g1m1_mid_load,1.0,58.0,100.0,0.98,1.02,57,59,14,500
2023-06-09,1.8790234626664961,0.0001411054300471118,5.879392918629659,1.759577618141734,0.9214752936344242,G1M1_new,g1m1_mid_load,1.0,58.0,100.0,0.98,1.02,57,59,14,500
2023-06-10,1.8791645680965432,0.0001411054300471118,5.879392918629659,1.759577618141734,0.9214752936344242,G1M1_new,g1m1_mid_load,1.0,58.0,100.0,0.98,1.02,57,59,14,500
2023-06-11,1.8793056735265903,0.0001411054300471118,5.879392918629659,1.759577618141734,0.9214752936344242,G1M1_new,g1m1_mid_load,1.0,58.0,100.0,0.98,1.02,57,59,14,500
2023-06-12,1.8794467789566374,0.0001411054300471118,5.879392918629659,1.759577618141734,0.9214752936344242,G1M1_new,g1m1_mid_load,1.0,58.0,100.0,0.98,1.02,57,59,14,500
2023-06-13,1.8795878843866844,0.0001411054300471118,5.879392918629659,1.759577618141734,0.9214752936344242,G1M1_new,g1m1_mid_load,1.0,58.0,100.0,0.98,1.02,57,59,14,500
2023-06-14,1.8797289898167318,0.0001411054300471118,5.879392918629659,1.759577618141734,0.9214752936344242,G1M1_new,g1m1_mid_load,1.0,58.0,100.0,0.98,1.02,57,59,14,500
2023-06-15,1.8798700952467788,0.0001411054300471118,5.879392918629659,1.759577618141734,0.9214752936344242,G1M1_new,g1m1_mid_load,1.0,58.0,100.0,0.98,1.02,57,59,14,500
2023-06-16,1.880011200676826,0.0001411054300471118,5.879392918629659,1.759577618141734,0.9214752936344242,G1M1_new,g1m1_mid_load,1.0,58.0,100.0,0.98,1.02,57,59,14,500
2023-06-17,1.880152306106873,0.0001411054300471118,5.879392918629659,1.759577618141734,0.9214752936344242,G1M1_new,g1m1_mid_load,1.0,58.0,100.0,0.98,1.02,57,59,14,500
2023-06-18,1.88029341153692,0.0001411054300471118,5.879392918629659,1.759577618141734,0.9214752936344242,G1M1_new,g1m1_mid_load,1.0,58.0,100.0,0.98,1.02,57,59,14,500
2023-06-19,1.8804345169669672,0.0001411054300471118,5.879392918629659,1.759577618141734,0.9214752936344242,G1M1_new,g1m1_mid_load,1.0,58.0,100.0,0.98,1.02,57,59,14,500
2023-06-20,1.8805756223970143,0.0001411054300471118,5.879392918629659,1.759577618141734,0.9214752936344242,G1M1_new,g1m1_mid_load,1.0,58.0,100.0,0.98,1.02,57,59,14,500
2023-06-21,1.8807167278270613,0.0001411054300471118,5.879392918629659,1.759577618141734,0.9214752936344242,G1M1_new,g1m1_mid_load,1.0,58.0,100.0,0.98,1.02,57,59,14,500
2023-06-22,1.8808578332571086,0.0001411054300471118,5.879392918629659,1.759577618141734,0.9214752936344242,G1M1_new,g1m1_mid_load,1.0,58.0,100.0,0.98,1.02,57,59,14,500
2023-06-23,1.8809989386871557,0.0001411054300471118,5.879392918629659,1.759577618141734,0.9214752936344242,G1M1_new,g1m1_mid_load,1.0,58.0,100.0,0.98,1.02,57,59,14,500
2023-06-24,1.8811400441172028,0.0001411054300471118,5.879392918629659,1.759577618141734,0.9214752936344242,G1M1_new,g1m1_mid_load,1.0,58.0,100.0,0.98,1.02,57,59,14,500
2023-06-25,1.88128114954725,0.0001411054300471118,5.879392918629659,1.759577618141734,0.9214752936344242,G1M1_new,g1m1_mid_load,1.0,58.0,100.0,0.98,1.02,57,59,14,500
2023-06-26,1.881422254977297,0.0001411054300471118,5.879392918629659,1.759577618141734,0.9214752936344242,G1M1_new,g1m1_mid_load,1.0,58.0,100.0,0.98,1.02,57,59,14,500
2023-06-27,1.881563360407344,0.0001411054300471118,5.879392918629659,1.759577618141734,0.9214752936344242,G1M1_new,g1m1_mid_load,1.0,58.0,100.0,0.98,1.02,57,59,14,500
2023-06-28,1.8817044658373911,0.0001411054300471118,5.879392918629659,1.759577618141734,0.9214752936344242,G1M1_new,g1m1_mid_load,1.0,58.0,100.0,0.98,1.02,57,59,14,500
2023-06-29,1.8818455712674382,0.0001411054300471118,5.879392918629659,1.759577618141734,0.9214752936344242,G1M1_new,g1m1_mid_load,1.0,58.0,100.0,0.98,1.02,57,59,14,500
2023-06-30,1.8819866766974855,0.0001411054300471118,5.879392918629659,1.759577618141734,0.9214752936344242,G1M1_new,g1m1_mid_load,1.0,58.0,100.0,0.98,1.02,57,59,14,500
2023-07-01,1.8821277821275326,0.0001411054300471118,5.879392918629659,1.759577618141734,0.9214752936344242,G1M1_new,g1m1_mid_load,1.0,58.0,100.0,0.98,1.02,57,59,14,500
2023-07-02,1.8822688875575797,0.0001411054300471118,5.879392918629659,1.759577618141734,0.9214752936344242,G1M1_new,g1m1_mid_load,1.0,58.0,100.0,0.98,1.02,57,59,14,500
2023-07-03,1.8824099929876268,0.0001411054300471118,5.879392918629659,1.759577618141734,0.9214752936344242,G1M1_new,g1m1_mid_load,1.0,58.0,100.0,0.98,1.02,57,59,14,500
2023-07-04,1.8825510984176739,0.0001411054300471118,5.879392918629659,1.759577618141734,0.9214752936344242,G1M1_new,g1m1_mid_load,1.0,58.0,100.0,0.98,1.02,57,59,14,500
2023-07-05,1.882692203847721,0.0001411054300471118,5.879392918629659,1.759577618141734,0.9214752936344242,G1M1_new,g1m1_mid_load,1.0,58.0,100.0,0.98,1.02,57,59,14,500
2023-07-06,1.882833309277768,0.0001411054300471118,5.879392918629659,1.759577618141734,0.9214752936344242,G1M1_new,g1m1_mid_load,1.0,58.0,100.0,0.98,1.02,57,59,14,500
2023-07-07,1.8829744147078151,0.0001411054300471118,5.879392918629659,1.759577618141734,0.9214752936344242,G1M1_new,g1m1_mid_load,1.0,58.0,100.0,0.98,1.02,57,59,14,500
2023-07-08,1.8831155201378624,0.0001411054300471118,5.879392918629659,1.759577618141734,0.9214752936344242,G1M1_new,g1m1_mid_load,1.0,58.0,100.0,0.98,1.02,57,59,14,500
2023-07-09,1.8832566255679095,0.0001411054300471118,5.879392918629659,1.759577618141734,0.9214752936344242,G1M1_new,g1m1_mid_load,1.0,58.0,100.0,0.98,1.02,57,59,14,500
2023-07-10,1.8833977309979566,0.0001411054300471118,5.879392918629659,1.759577618141734,0.9214752936344242,G1M1_new,g1m1_mid_load,1.0,58.0,100.0,0.98,1.02,57,59,14,500
2023-07-11,1.8835388364280037,0.0001411054300471118,5.879392918629659,1.759577618141734,0.9214752936344242,G1M1_new,g1m1_mid_load,1.0,58.0,100.0,0.98,1.02,57,59,14,500
2023-07-12,1.8836799418580508,0.0001411054300471118,5.879392918629659,1.759577618141734,0.9214752936344242,G1M1_new,g1m1_mid_load,1.0,58.0,100.0,0.98,1.02,57,59,14,500
2023-07-13,1.8838210472880978,0.0001411054300471118,5.879392918629659,1.759577618141734,0.9214752936344242,G1M1_new,g1m1_mid_load,1.0,58.0,100.0,0.98,1.02,57,59,14,500
2023-07-14,1.883962152718145,0.0001411054300471118,5.879392918629659,1.759577618141734,0.9214752936344242,G1M1_new,g1m1_mid_load,1.0,58.0,100.0,0.98,1.02,57,59,14,500
2023-07-15,1.884103258148192,0.0001411054300471118,5.879392918629659,1.759577618141734,0.9214752936344242,G1M1_new,g1m1_mid_load,1.0,58.0,100.0,0.98,1.02,57,59,14,500
2023-07-16,1.8842443635782393,0.0001411054300471118,5.879392918629659,1.759577618141734,0.9214752936344242,G1M1_new,g1m1_mid_load,1.0,58.0,100.0,0.98,1.02,57,59,14,500
2023-07-17,1.8843854690082864,0.0001411054300471118,5.879392918629659,1.759577618141734,0.9214752936344242,G1M1_new,g1m1_mid_load,1.0,58.0,100.0,0.98,1.02,57,59,14,500
2023-07-18,1.8845265744383335,0.0001411054300471118,5.879392918629659,1.759577618141734,0.9214752936344242,G1M1_new,g1m1_mid_load,1.0,58.0,100.0,0.98,1.02,57,59,14,500
2023-07-19,1.8846676798683806,0.0001411054300471118,5.879392918629659,1.759577618141734,0.9214752936344242,G1M1_new,g1m1_mid_load,1.0,58.0,100.0,0.98,1.02,57,59,14,500
2023-07-20,1.8848087852984277,0.0001411054300471118,5.879392918629659,1.759577618141734,0.9214752936344242,G1M1_new,g1m1_mid_load,1.0,58.0,100.0,0.98,1.02,57,59,14,500
2023-07-21,1.8849498907284747,0.0001411054300471118,5.879392918629659,1.759577618141734,0.9214752936344242,G1M1_new,g1m1_mid_load,1.0,58.0,100.0,0.98,1.02,57,59,14,500
2023-07-22,1.8850909961585218,0.0001411054300471118,5.879392918629659,1.759577618141734,0.9214752936344242,G1M1_new,g1m1_mid_load,1.0,58.0,100.0,0.98,1.02,57,59,14,500
2023-07-23,1.885232101588569,0.0001411054300471118,5.879392918629659,1.759577618141734,0.9214752936344242,G1M1_new,g1m1_mid_load,1.0,58.0,100.0,0.98,1.02,57,59,14,500
2023-07-24,1.8853732070186162,0.0001411054300471118,5.879392918629659,1.759577618141734,0.9214752936344242,G1M1_new,g1m1_mid_load,1.0,58.0,100.0,0.98,1.02,57,59,14,500
2023-07-25,1.8855143124486633,0.0001411054300471118,5.879392918629659,1.759577618141734,0.9214752936344242,G1M1_new,g1m1_mid_load,1.0,58.0,100.0,0.98,1.02,57,59,14,500
2023-07-26,1.8856554178787104,0.0001411054300471118,5.879392918629659,1.759577618141734,0.9214752936344242,G1M1_new,g1m1_mid_load,1.0,58.0,100.0,0.98,1.02,57,59,14,500
2023-07-27,1.8857965233087575,0.0001411054300471118,5.879392918629659,1.759577618141734,0.9214752936344242,G1M1_new,g1m1_mid_load,1.0,58.0,100.0,0.98,1.02,57,59,14,500
2023-07-28,1.8859376287388046,0.0001411054300471118,5.879392918629659,1.759577618141734,0.9214752936344242,G1M1_new,g1m1_mid_load,1.0,58.0,100.0,0.98,1.02,57,59,14,500
2023-07-29,1.8860787341688516,0.0001411054300471118,5.879392918629659,1.759577618141734,0.9214752936344242,G1M1_new,g1m1_mid_load,1.0,58.0,100.0,0.98,1.02,57,59,14,500
2023-07-30,1.8862198395988987,0.0001411054300471118,5.879392918629659,1.759577618141734,0.9214752936344242,G1M1_new,g1m1_mid_load,1.0,58.0,100.0,0.98,1.02,57,59,14,500
2023-07-31,1.886360945028946,0.0001411054300471118,5.879392918629659,1.759577618141734,0.9214752936344242,G1M1_new,g1m1_mid_load,1.0,58.0,100.0,0.98,1.02,57,59,14,500
2023-08-01,1.886502050458993,0.0001411054300471118,5.879392918629659,1.759577618141734,0.9214752936344242,G1M1_new,g1m1_mid_load,1.0,58.0,100.0,0.98,1.02,57,59,14,500
2023-08-02,1.8866431558890402,0.0001411054300471118,5.879392918629659,1.759577618141734,0.9214752936344242,G1M1_new,g1m1_mid_load,1.0,58.0,100.0,0.98,1.02,57,59,14,500
2023-08-03,1.8867842613190873,0.0001411054300471118,5.879392918629659,1.759577618141734,0.9214752936344242,G1M1_new,g1m1_mid_load,1.0,58.0,100.0,0.98,1.02,57,59,14,500
2023-08-04,1.8869253667491344,0.0001411054300471118,5.879392918629659,1.759577618141734,0.9214752936344242,G1M1_new,g1m1_mid_load,1.0,58.0,100.0,0.98,1.02,57,59,14,500
2023-08-05,1.8870664721791814,0.0001411054300471118,5.879392918629659,1.759577618141734,0.9214752936344242,G1M1_new,g1m1_mid_load,1.0,58.0,100.0,0.98,1.02,57,59,14,500
2023-08-06,1.8872075776092285,0.0001411054300471118,5.879392918629659,1.759577618141734,0.9214752936344242,G1M1_new,g1m1_mid_load,1.0,58.0,100.0,0.98,1.02,57,59,14,500
2023-08-07,1.8873486830392756,0.0001411054300471118,5.879392918629659,1.759577618141734,0.9214752936344242,G1M1_new,g1m1_mid_load,1.0,58.0,100.0,0.98,1.02,57,59,14,500
2023-08-08,1.8874897884693227,0.0001411054300471118,5.879392918629659,1.759577618141734,0.9214752936344242,G1M1_new,g1m1_mid_load,1.0,58.0,100.0,0.98,1.02,57,59,14,500
2023-08-09,1.88763089389937,0.0001411054300471118,5.879392918629659,1.759577618141734,0.9214752936344242,G1M1_new,g1m1_mid_load,1.0,58.0,100.0,0.98,1.02,57,59,14,500
2023-08-10,1.887771999329417,0.0001411054300471118,5.879392918629659,1.759577618141734,0.9214752936344242,G1M1_new,g1m1_mid_load,1.0,58.0,100.0,0.98,1.02,57,59,14,500
2023-08-11,1.8879131047594642,0.0001411054300471118,5.879392918629659,1.759577618141734,0.9214752936344242,G1M1_new,g1m1_mid_load,1.0,58.0,100.0,0.98,1.02,57,59,14,500
2023-08-12,1.8880542101895113,0.0001411054300471118,5.879392918629659,1.759577618141734,0.9214752936344242,G1M1_new,g1m1_mid_load,1.0,58.0,100.0,0.98,1.02,57,59,14,500
2023-08-13,1.8881953156195583,0.0001411054300471118,5.879392918629659,1.759577618141734,0.9214752936344242,G1M1_new,g1m1_mid_load,1.0,58.0,100.0,0.98,1.02,57,59,14,500
2023-08-14,1.8883364210496054,0.0001411054300471118,5.879392918629659,1.759577618141734,0.9214752936344242,G1M1_new,g1m1_mid_load,1.0,58.0,100.0,0.98,1.02,57,59,14,500
2023-08-15,1.8884775264796525,0.0001411054300471118,5.879392918629659,1.759577618141734,0.9214752936344242,G1M1_new,g1m1_mid_load,1.0,58.0,100.0,0.98,1.02,57,59,14,500
2023-08-16,1.8886186319096998,0.0001411054300471118,5.879392918629659,1.759577618141734,0.9214752936344242,G1M1_new,g1m1_mid_load,1.0,58.0,100.0,0.98,1.02,57,59,14,500
2023-08-17,1.888759737339747,0.0001411054300471118,5.879392918629659,1.759577618141734,0.9214752936344242,G1M1_new,g1m1_mid_load,1.0,58.0,100.0,0.98,1.02,57,59,14,500
2023-08-18,1.888900842769794,0.0001411054300471118,5.879392918629659,1.759577618141734,0.9214752936344242,G1M1_new,g1m1_mid_load,1.0,58.0,100.0,0.98,1.02,57,59,14,500
2023-08-19,1.889041948199841,0.0001411054300471118,5.879392918629659,1.759577618141734,0.9214752936344242,G1M1_new,g1m1_mid_load,1.0,58.0,100.0,0.98,1.02,57,59,14,500
2023-08-20,1.8891830536298881,0.0001411054300471118,5.879392918629659,1.759577618141734,0.9214752936344242,G1M1_new,g1m1_mid_load,1.0,58.0,100.0,0.98,1.02,57,59,14,500
2023-08-21,1.8893241590599352,0.0001411054300471118,5.879392918629659,1.759577618141734,0.9214752936344242,G1M1_new,g1m1_mid_load,1.0,58.0,100.0,0.98,1.02,57,59,14,500
2023-08-22,1.8894652644899823,0.0001411054300471118,5.879392918629659,1.759577618141734,0.9214752936344242,G1M1_new,g1m1_mid_load,1.0,58.0,100.0,0.98,1.02,57,59,14,500
2023-08-23,1.8896063699200294,0.0001411054300471118,5.879392918629659,1.759577618141734,0.9214752936344242,G1M1_new,g1m1_mid_load,1.0,58.0,100.0,0.98,1.02,57,59,14,500
2023-08-24,1.8897474753500765,0.0001411054300471118,5.879392918629659,1.759577618141734,0.9214752936344242,G1M1_new,g1m1_mid_load,1.0,58.0,100.0,0.98,1.02,57,59,14,500
2023-08-25,1.8898885807801238,0.0001411054300471118,5.879392918629659,1.759577618141734,0.9214752936344242,G1M1_new,g1m1_mid_load,1.0,58.0,100.0,0.98,1.02,57,59,14,500
2023-08-26,1.8900296862101709,0.0001411054300471118,5.879392918629659,1.759577618141734,0.9214752936344242,G1M1_new,g1m1_mid_load,1.0,58.0,100.0,0.98,1.02,57,59,14,500
2023-08-27,1.890170791640218,0.0001411054300471118,5.879392918629659,1.759577618141734,0.9214752936344242,G1M1_new,g1m1_mid_load,1.0,58.0,100.0,0.98,1.02,57,59,14,500
2023-08-28,1.890311897070265,0.0001411054300471118,5.879392918629659,1.759577618141734,0.9214752936344242,G1M1_new,g1m1_mid_load,1.0,58.0,100.0,0.98,1.02,57,59,14,500
2023-08-29,1.8904530025003121,0.0001411054300471118,5.879392918629659,1.759577618141734,0.9214752936344242,G1M1_new,g1m1_mid_load,1.0,58.0,100.0,0.98,1.02,57,59,14,500
2023-08-30,1.8905941079303592,0.0001411054300471118,5.879392918629659,1.759577618141734,0.9214752936344242,G1M1_new,g1m1_mid_load,1.0,58.0,100.0,0.98,1.02,57,59,14,500
2023-08-31,1.8907352133604063,0.0001411054300471118,5.879392918629659,1.759577618141734,0.9214752936344242,G1M1_new,g1m1_mid_load,1.0,58.0,100.0,0.98,1.02,57,59,14,500
2023-09-01,1.8908763187904536,0.0001411054300471118,5.879392918629659,1.759577618141734,0.9214752936344242,G1M1_new,g1m1_mid_load,1.0,58.0,100.0,0.98,1.02,57,59,14,500
2023-09-02,1.8910174242205007,0.0001411054300471118,5.879392918629659,1.759577618141734,0.9214752936344242,G1M1_new,g1m1_mid_load,1.0,58.0,100.0,0.98,1.02,57,59,14,500
2023-09-03,1.8911585296505478,0.0001411054300471118,5.879392918629659,1.759577618141734,0.9214752936344242,G1M1_new,g1m1_mid_load,1.0,58.0,100.0,0.98,1.02,57,59,14,500
2023-09-04,1.8912996350805948,0.0001411054300471118,5.879392918629659,1.759577618141734,0.9214752936344242,G1M1_new,g1m1_mid_load,1.0,58.0,100.0,0.98,1.02,57,59,14,500
2023-09-05,1.891440740510642,0.0001411054300471118,5.879392918629659,1.759577618141734,0.9214752936344242,G1M1_new,g1m1_mid_load,1.0,58.0,100.0,0.98,1.02,57,59,14,500
2023-09-06,1.891581845940689,0.0001411054300471118,5.879392918629659,1.759577618141734,0.9214752936344242,G1M1_new,g1m1_mid_load,1.0,58.0,100.0,0.98,1.02,57,59,14,500
2023-09-07,1.891722951370736,0.0001411054300471118,5.879392918629659,1.759577618141734,0.9214752936344242,G1M1_new,g1m1_mid_load,1.0,58.0,100.0,0.98,1.02,57,59,14,500
2023-09-08,1.8918640568007832,0.0001411054300471118,5.879392918629659,1.759577618141734,0.9214752936344242,G1M1_new,g1m1_mid_load,1.0,58.0,100.0,0.98,1.02,57,59,14,500
2023-09-09,1.8920051622308303,0.0001411054300471118,5.879392918629659,1.759577618141734,0.9214752936344242,G1M1_new,g1m1_mid_load,1.0,58.0,100.0,0.98,1.02,57,59,14,500
2023-09-10,1.8921462676608776,0.0001411054300471118,5.879392918629659,1.759577618141734,0.9214752936344242,G1M1_new,g1m1_mid_load,1.0,58.0,100.0,0.98,1.02,57,59,14,500
2023-09-11,1.8922873730909247,0.0001411054300471118,5.879392918629659,1.759577618141734,0.9214752936344242,G1M1_new,g1m1_mid_load,1.0,58.0,100.0,0.98,1.02,57,59,14,500
2023-09-12,1.8924284785209717,0.0001411054300471118,5.879392918629659,1.759577618141734,0.9214752936344242,G1M1_new,g1m1_mid_load,1.0,58.0,100.0,0.98,1.02,57,59,14,500
2023-09-13,1.8925695839510188,0.0001411054300471118,5.879392918629659,1.759577618141734,0.9214752936344242,G1M1_new,g1m1_mid_load,1.0,58.0,100.0,0.98,1.02,57,59,14,500
2023-09-14,1.892710689381066,0.0001411054300471118,5.879392918629659,1.759577618141734,0.9214752936344242,G1M1_new,g1m1_mid_load,1.0,58.0,100.0,0.98,1.02,57,59,14,500
2023-09-15,1.892851794811113,0.0001411054300471118,5.879392918629659,1.759577618141734,0.9214752936344242,G1M1_new,g1m1_mid_load,1.0,58.0,100.0,0.98,1.02,57,59,14,500
2023-09-16,1.89299290024116,0.0001411054300471118,5.879392918629659,1.759577618141734,0.9214752936344242,G1M1_new,g1m1_mid_load,1.0,58.0,100.0,0.98,1.02,57,59,14,500
2023-09-17,1.8931340056712074,0.0001411054300471118,5.879392918629659,1.759577618141734,0.9214752936344242,G1M1_new,g1m1_mid_load,1.0,58.0,100.0,0.98,1.02,57,59,14,500
2023-09-18,1.8932751111012545,0.0001411054300471118,5.879392918629659,1.759577618141734,0.9214752936344242,G1M1_new,g1m1_mid_load,1.0,58.0,100.0,0.98,1.02,57,59,14,500
2023-09-19,1.8934162165313015,0.0001411054300471118,5.879392918629659,1.759577618141734,0.9214752936344242,G1M1_new,g1m1_mid_load,1.0,58.0,100.0,0.98,1.02,57,59,14,500
2023-09-20,1.8935573219613486,0.0001411054300471118,5.879392918629659,1.759577618141734,0.9214752936344242,G1M1_new,g1m1_mid_load,1.0,58.0,100.0,0.98,1.02,57,59,14,500
2023-09-21,1.8936984273913957,0.0001411054300471118,5.879392918629659,1.759577618141734,0.9214752936344242,G1M1_new,g1m1_mid_load,1.0,58.0,100.0,0.98,1.02,57,59,14,500
2023-09-22,1.8938395328214428,0.0001411054300471118,5.879392918629659,1.759577618141734,0.9214752936344242,G1M1_new,g1m1_mid_load,1.0,58.0,100.0,0.98,1.02,57,59,14,500
2023-09-23,1.8939806382514899,0.0001411054300471118,5.879392918629659,1.759577618141734,0.9214752936344242,G1M1_new,g1m1_mid_load,1.0,58.0,100.0,0.98,1.02,57,59,14,500
2023-09-24,1.894121743681537,0.0001411054300471118,5.879392918629659,1.759577618141734,0.9214752936344242,G1M1_new,g1m1_mid_load,1.0,58.0,100.0,0.98,1.02,57,59,14,500
2023-09-25,1.894262849111584,0.0001411054300471118,5.879392918629659,1.759577618141734,0.9214752936344242,G1M1_new,g1m1_mid_load,1.0,58.0,100.0,0.98,1.02,57,59,14,500
2023-09-26,1.8944039545416314,0.0001411054300471118,5.879392918629659,1.759577618141734,0.9214752936344242,G1M1_new,g1m1_mid_load,1.0,58.0,100.0,0.98,1.02,57,59,14,500
2023-09-27,1.8945450599716784,0.0001411054300471118,5.879392918629659,1.759577618141734,0.9214752936344242,G1M1_new,g1m1_mid_load,1.0,58.0,100.0,0.98,1.02,57,59,14,500
2023-09-28,1.8946861654017255,0.0001411054300471118,5.879392918629659,1.759577618141734,0.9214752936344242,G1M1_new,g1m1_mid_load,1.0,58.0,100.0,0.98,1.02,57,59,14,500
2023-09-29,1.8948272708317726,0.0001411054300471118,5.879392918629659,1.759577618141734,0.9214752936344242,G1M1_new,g1m1_mid_load,1.0,58.0,100.0,0.98,1.02,57,59,14,500
2023-09-30,1.8949683762618197,0.0001411054300471118,5.879392918629659,1.759577618141734,0.9214752936344242,G1M1_new,g1m1_mid_load,1.0,58.0,100.0,0.98,1.02,57,59,14,500
2023-10-01,1.8951094816918668,0.0001411054300471118,5.879392918629659,1.759577618141734,0.9214752936344242,G1M1_new,g1m1_mid_load,1.0,58.0,100.0,0.98,1.02,57,59,14,500
2023-10-02,1.8952505871219139,0.0001411054300471118,5.879392918629659,1.759577618141734,0.9214752936344242,G1M1_new,g1m1_mid_load,1.0,58.0,100.0,0.98,1.02,57,59,14,500
2023-10-03,1.8953916925519612,0.0001411054300471118,5.879392918629659,1.759577618141734,0.9214752936344242,G1M1_new,g1m1_mid_load,1.0,58.0,100.0,0.98,1.02,57,59,14,500
2023-10-04,1.8955327979820082,0.0001411054300471118,5.879392918629659,1.759577618141734,0.9214752936344242,G1M1_new,g1m1_mid_load,1.0,58.0,100.0,0.98,1.02,57,59,14,500
2023-10-05,1.8956739034120553,0.0001411054300471118,5.879392918629659,1.759577618141734,0.9214752936344242,G1M1_new,g1m1_mid_load,1.0,58.0,100.0,0.98,1.02,57,59,14,500
2023-10-06,1.8958150088421024,0.0001411054300471118,5.879392918629659,1.759577618141734,0.9214752936344242,G1M1_new,g1m1_mid_load,1.0,58.0,100.0,0.98,1.02,57,59,14,500
2023-10-07,1.8959561142721495,0.0001411054300471118,5.879392918629659,1.759577618141734,0.9214752936344242,G1M1_new,g1m1_mid_load,1.0,58.0,100.0,0.98,1.02,57,59,14,500
2023-10-08,1.8960972197021966,0.0001411054300471118,5.879392918629659,1.759577618141734,0.9214752936344242,G1M1_new,g1m1_mid_load,1.0,58.0,100.0,0.98,1.02,57,59,14,500
2023-10-09,1.8962383251322437,0.0001411054300471118,5.879392918629659,1.759577618141734,0.9214752936344242,G1M1_new,g1m1_mid_load,1.0,58.0,100.0,0.98,1.02,57,59,14,500
2023-10-10,1.8963794305622907,0.0001411054300471118,5.879392918629659,1.759577618141734,0.9214752936344242,G1M1_new,g1m1_mid_load,1.0,58.0,100.0,0.98,1.02,57,59,14,500
2023-10-11,1.896520535992338,0.0001411054300471118,5.879392918629659,1.759577618141734,0.9214752936344242,G1M1_new,g1m1_mid_load,1.0,58.0,100.0,0.98,1.02,57,59,14,500
2023-10-12,1.8966616414223851,0.0001411054300471118,5.879392918629659,1.759577618141734,0.9214752936344242,G1M1_new,g1m1_mid_load,1.0,58.0,100.0,0.98,1.02,57,59,14,500
2023-10-13,1.8968027468524322,0.0001411054300471118,5.879392918629659,1.759577618141734,0.9214752936344242,G1M1_new,g1m1_mid_load,1.0,58.0,100.0,0.98,1.02,57,59,14,500
2023-10-14,1.8969438522824793,0.0001411054300471118,5.879392918629659,1.759577618141734,0.9214752936344242,G1M1_new,g1m1_mid_load,1.0,58.0,100.0,0.98,1.02,57,59,14,500
2023-10-15,1.8970849577125264,0.0001411054300471118,5.879392918629659,1.759577618141734,0.9214752936344242,G1M1_new,g1m1_mid_load,1.0,58.0,100.0,0.98,1.02,57,59,14,500
2023-10-16,1.8972260631425735,0.0001411054300471118,5.879392918629659,1.759577618141734,0.9214752936344242,G1M1_new,g1m1_mid_load,1.0,58.0,100.0,0.98,1.02,57,59,14,500
2023-10-17,1.8973671685726206,0.0001411054300471118,5.879392918629659,1.759577618141734,0.9214752936344242,G1M1_new,g1m1_mid_load,1.0,58.0,100.0,0.98,1.02,57,59,14,500
2023-10-18,1.8975082740026679,0.0001411054300471118,5.879392918629659,1.759577618141734,0.9214752936344242,G1M1_new,g1m1_mid_load,1.0,58.0,100.0,0.98,1.02,57,59,14,500
2023-10-19,1.897649379432715,0.0001411054300471118,5.879392918629659,1.759577618141734,0.9214752936344242,G1M1_new,g1m1_mid_load,1.0,58.0,100.0,0.98,1.02,57,59,14,500
2023-10-20,1.897790484862762,0.0001411054300471118,5.879392918629659,1.759577618141734,0.9214752936344242,G1M1_new,g1m1_mid_load,1.0,58.0,100.0,0.98,1.02,57,59,14,500
2023-10-21,1.8979315902928091,0.0001411054300471118,5.879392918629659,1.759577618141734,0.9214752936344242,G1M1_new,g1m1_mid_load,1.0,58.0,100.0,0.98,1.02,57,59,14,500
2023-10-22,1.8980726957228562,0.0001411054300471118,5.879392918629659,1.759577618141734,0.9214752936344242,G1M1_new,g1m1_mid_load,1.0,58.0,100.0,0.98,1.02,57,59,14,500
2023-10-23,1.8982138011529033,0.0001411054300471118,5.879392918629659,1.759577618141734,0.9214752936344242,G1M1_new,g1m1_mid_load,1.0,58.0,100.0,0.98,1.02,57,59,14,500
2023-10-24,1.8983549065829504,0.0001411054300471118,5.879392918629659,1.759577618141734,0.9214752936344242,G1M1_new,g1m1_mid_load,1.0,58.0,100.0,0.98,1.02,57,59,14,500
2023-10-25,1.8984960120129974,0.0001411054300471118,5.879392918629659,1.759577618141734,0.9214752936344242,G1M1_new,g1m1_mid_load,1.0,58.0,100.0,0.98,1.02,57,59,14,500
2023-10-26,1.8986371174430445,0.0001411054300471118,5.879392918629659,1.759577618141734,0.9214752936344242,G1M1_new,g1m1_mid_load,1.0,58.0,100.0,0.98,1.02,57,59,14,500
2023-10-27,1.8987782228730918,0.0001411054300471118,5.879392918629659,1.759577618141734,0.9214752936344242,G1M1_new,g1m1_mid_load,1.0,58.0,100.0,0.98,1.02,57,59,14,500
2023-10-28,1.898919328303139,0.0001411054300471118,5.879392918629659,1.759577618141734,0.9214752936344242,G1M1_new,g1m1_mid_load,1.0,58.0,100.0,0.98,1.02,57,59,14,500
2023-10-29,1.899060433733186,0.0001411054300471118,5.879392918629659,1.759577618141734,0.9214752936344242,G1M1_new,g1m1_mid_load,1.0,58.0,100.0,0.98,1.02,57,59,14,500
2023-10-30,1.899201539163233,0.0001411054300471118,5.879392918629659,1.759577618141734,0.9214752936344242,G1M1_new,g1m1_mid_load,1.0,58.0,100.0,0.98,1.02,57,59,14,500
2023-10-31,1.8993426445932802,0.0001411054300471118,5.879392918629659,1.759577618141734,0.9214752936344242,G1M1_new,g1m1_mid_load,1.0,58.0,100.0,0.98,1.02,57,59,14,500
2023-11-01,1.8994837500233273,0.0001411054300471118,5.879392918629659,1.759577618141734,0.9214752936344242,G1M1_new,g1m1_mid_load,1.0,58.0,100.0,0.98,1.02,57,59,14,500
2023-11-02,1.8996248554533743,0.0001411054300471118,5.879392918629659,1.759577618141734,0.9214752936344242,G1M1_new,g1m1_mid_load,1.0,58.0,100.0,0.98,1.02,57,59,14,500
2023-11-03,1.8997659608834216,0.0001411054300471118,5.879392918629659,1.759577618141734,0.9214752936344242,G1M1_new,g1m1_mid_load,1.0,58.0,100.0,0.98,1.02,57,59,14,500
2023-11-04,1.8999070663134687,0.0001411054300471118,5.879392918629659,1.759577618141734,0.9214752936344242,G1M1_new,g1m1_mid_load,1.0,58.0,100.0,0.98,1.02,57,59,14,500
2023-11-05,1.9000481717435158,0.0001411054300471118,5.879392918629659,1.759577618141734,0.9214752936344242,G1M1_new,g1m1_mid_load,1.0,58.0,100.0,0.98,1.02,57,59,14,500
2023-11-06,1.900189277173563,0.0001411054300471118,5.879392918629659,1.759577618141734,0.9214752936344242,G1M1_new,g1m1_mid_load,1.0,58.0,100.0,0.98,1.02,57,59,14,500
2023-11-07,1.90033038260361,0.0001411054300471118,5.879392918629659,1.759577618141734,0.9214752936344242,G1M1_new,g1m1_mid_load,1.0,58.0,100.0,0.98,1.02,57,59,14,500
2023-11-08,1.900471488033657,0.0001411054300471118,5.879392918629659,1.759577618141734,0.9214752936344242,G1M1_new,g1m1_mid_load,1.0,58.0,100.0,0.98,1.02,57,59,14,500
2023-11-09,1.9006125934637041,0.0001411054300471118,5.879392918629659,1.759577618141734,0.9214752936344242,G1M1_new,g1m1_mid_load,1.0,58.0,100.0,0.98,1.02,57,59,14,500
2023-11-10,1.9007536988937512,0.0001411054300471118,5.879392918629659,1.759577618141734,0.9214752936344242,G1M1_new,g1m1_mid_load,1.0,58.0,100.0,0.98,1.02,57,59,14,500
2023-11-11,1.9008948043237983,0.0001411054300471118,5.879392918629659,1.759577618141734,0.9214752936344242,G1M1_new,g1m1_mid_load,1.0,58.0,100.0,0.98,1.02,57,59,14,500
2023-11-12,1.9010359097538456,0.0001411054300471118,5.879392918629659,1.759577618141734,0.9214752936344242,G1M1_new,g1m1_mid_load,1.0,58.0,100.0,0.98,1.02,57,59,14,500
2023-11-13,1.9011770151838927,0.0001411054300471118,5.879392918629659,1.759577618141734,0.9214752936344242,G1M1_new,g1m1_mid_load,1.0,58.0,100.0,0.98,1.02,57,59,14,500
2023-11-14,1.9013181206139398,0.0001411054300471118,5.879392918629659,1.759577618141734,0.9214752936344242,G1M1_new,g1m1_mid_load,1.0,58.0,100.0,0.98,1.02,57,59,14,500
2023-11-15,1.9014592260439869,0.0001411054300471118,5.879392918629659,1.759577618141734,0.9214752936344242,G1M1_new,g1m1_mid_load,1.0,58.0,100.0,0.98,1.02,57,59,14,500
2023-11-16,1.901600331474034,0.0001411054300471118,5.879392918629659,1.759577618141734,0.9214752936344242,G1M1_new,g1m1_mid_load,1.0,58.0,100.0,0.98,1.02,57,59,14,500
2023-11-17,1.901741436904081,0.0001411054300471118,5.879392918629659,1.759577618141734,0.9214752936344242,G1M1_new,g1m1_mid_load,1.0,58.0,100.0,0.98,1.02,57,59,14,500
2023-11-18,1.9018825423341281,0.0001411054300471118,5.879392918629659,1.759577618141734,0.9214752936344242,G1M1_new,g1m1_mid_load,1.0,58.0,100.0,0.98,1.02,57,59,14,500
2023-11-19,1.9020236477641754,0.0001411054300471118,5.879392918629659,1.759577618141734,0.9214752936344242,G1M1_new,g1m1_mid_load,1.0,58.0,100.0,0.98,1.02,57,59,14,500
2023-11-20,1.9021647531942225,0.0001411054300471118,5.879392918629659,1.759577618141734,0.9214752936344242,G1M1_new,g1m1_mid_load,1.0,58.0,100.0,0.98,1.02,57,59,14,500
2023-11-21,1.9023058586242696,0.0001411054300471118,5.879392918629659,1.759577618141734,0.9214752936344242,G1M1_new,g1m1_mid_load,1.0,58.0,100.0,0.98,1.02,57,59,14,500
2023-11-22,1.9024469640543167,0.0001411054300471118,5.879392918629659,1.759577618141734,0.9214752936344242,G1M1_new,g1m1_mid_load,1.0,58.0,100.0,0.98,1.02,57,59,14,500
2023-11-23,1.9025880694843638,0.0001411054300471118,5.879392918629659,1.759577618141734,0.9214752936344242,G1M1_new,g1m1_mid_load,1.0,58.0,100.0,0.98,1.02,57,59,14,500
2023-11-24,1.9027291749144108,0.0001411054300471118,5.879392918629659,1.759577618141734,0.9214752936344242,G1M1_new,g1m1_mid_load,1.0,58.0,100.0,0.98,1.02,57,59,14,500
2023-11-25,1.902870280344458,0.0001411054300471118,5.879392918629659,1.759577618141734,0.9214752936344242,G1M1_new,g1m1_mid_load,1.0,58.0,100.0,0.98,1.02,57,59,14,500
2023-11-26,1.903011385774505,0.0001411054300471118,5.879392918629659,1.759577618141734,0.9214752936344242,G1M1_new,g1m1_mid_load,1.0,58.0,100.0,0.98,1.02,57,59,14,500
2023-11-27,1.903152491204552,0.0001411054300471118,5.879392918629659,1.759577618141734,0.9214752936344242,G1M1_new,g1m1_mid_load,1.0,58.0,100.0,0.98,1.02,57,59,14,500
2023-11-28,1.9032935966345994,0.0001411054300471118,5.879392918629659,1.759577618141734,0.9214752936344242,G1M1_new,g1m1_mid_load,1.0,58.0,100.0,0.98,1.02,57,59,14,500
2023-11-29,1.9034347020646465,0.0001411054300471118,5.879392918629659,1.759577618141734,0.9214752936344242,G1M1_new,g1m1_mid_load,1.0,58.0,100.0,0.98,1.02,57,59,14,500
2023-11-30,1.9035758074946936,0.0001411054300471118,5.879392918629659,1.759577618141734,0.9214752936344242,G1M1_new,g1m1_mid_load,1.0,58.0,100.0,0.98,1.02,57,59,14,500
2023-12-01,1.9037169129247407,0.0001411054300471118,5.879392918629659,1.759577618141734,0.9214752936344242,G1M1_new,g1m1_mid_load,1.0,58.0,100.0,0.98,1.02,57,59,14,500
2023-12-02,1.9038580183547877,0.0001411054300471118,5.879392918629659,1.759577618141734,0.9214752936344242,G1M1_new,g1m1_mid_load,1.0,58.0,100.0,0.98,1.02,57,59,14,500
2023-12-03,1.9039991237848348,0.0001411054300471118,5.879392918629659,1.759577618141734,0.9214752936344242,G1M1_new,g1m1_mid_load,1.0,58.0,100.0,0.98,1.02,57,59,14,500
2023-12-04,1.904140229214882,0.0001411054300471118,5.879392918629659,1.759577618141734,0.9214752936344242,G1M1_new,g1m1_mid_load,1.0,58.0,100.0,0.98,1.02,57,59,14,500
2023-12-05,1.9042813346449292,0.0001411054300471118,5.879392918629659,1.759577618141734,0.9214752936344242,G1M1_new,g1m1_mid_load,1.0,58.0,100.0,0.98,1.02,57,59,14,500
2023-12-06,1.9044224400749763,0.0001411054300471118,5.879392918629659,1.759577618141734,0.9214752936344242,G1M1_new,g1m1_mid_load,1.0,58.0,100.0,0.98,1.02,57,59,14,500
2023-12-07,1.9045635455050234,0.0001411054300471118,5.879392918629659,1.759577618141734,0.9214752936344242,G1M1_new,g1m1_mid_load,1.0,58.0,100.0,0.98,1.02,57,59,14,500
2023-12-08,1.9047046509350705,0.0001411054300471118,5.879392918629659,1.759577618141734,0.9214752936344242,G1M1_new,g1m1_mid_load,1.0,58.0,100.0,0.98,1.02,57,59,14,500
2023-12-09,1.9048457563651175,0.0001411054300471118,5.879392918629659,1.759577618141734,0.9214752936344242,G1M1_new,g1m1_mid_load,1.0,58.0,100.0,0.98,1.02,57,59,14,500
2023-12-10,1.9049868617951646,0.0001411054300471118,5.879392918629659,1.759577618141734,0.9214752936344242,G1M1_new,g1m1_mid_load,1.0,58.0,100.0,0.98,1.02,57,59,14,500
2023-12-11,1.9051279672252117,0.0001411054300471118,5.879392918629659,1.759577618141734,0.9214752936344242,G1M1_new,g1m1_mid_load,1.0,58.0,100.0,0.98,1.02,57,59,14,500
2023-12-12,1.9052690726552588,0.0001411054300471118,5.879392918629659,1.759577618141734,0.9214752936344242,G1M1_new,g1m1_mid_load,1.0,58.0,100.0,0.98,1.02,57,59,14,500
2023-12-13,1.9054101780853059,0.0001411054300471118,5.879392918629659,1.759577618141734,0.9214752936344242,G1M1_new,g1m1_mid_load,1.0,58.0,100.0,0.98,1.02,57,59,14,500
2023-12-14,1.9055512835153532,0.0001411054300471118,5.879392918629659,1.759577618141734,0.9214752936344242,G1M1_new,g1m1_mid_load,1.0,58.0,100.0,0.98,1.02,57,59,14,500
2023-12-15,1.9056923889454003,0.0001411054300471118,5.879392918629659,1.759577618141734,0.9214752936344242,G1M1_new,g1m1_mid_load,1.0,58.0,100.0,0.98,1.02,57,59,14,500
2023-12-16,1.9058334943754474,0.0001411054300471118,5.879392918629659,1.759577618141734,0.9214752936344242,G1M1_new,g1m1_mid_load,1.0,58.0,100.0,0.98,1.02,57,59,14,500
2023-12-17,1.9059745998054944,0.0001411054300471118,5.879392918629659,1.759577618141734,0.9214752936344242,G1M1_new,g1m1_mid_load,1.0,58.0,100.0,0.98,1.02,57,59,14,500
2023-12-18,1.9061157052355415,0.0001411054300471118,5.879392918629659,1.759577618141734,0.9214752936344242,G1M1_new,g1m1_mid_load,1.0,58.0,100.0,0.98,1.02,57,59,14,500
2023-12-19,1.9062568106655886,0.0001411054300471118,5.879392918629659,1.759577618141734,0.9214752936344242,G1M1_new,g1m1_mid_load,1.0,58.0,100.0,0.98,1.02,57,59,14,500
2023-12-20,1.9063979160956357,0.0001411054300471118,5.879392918629659,1.759577618141734,0.9214752936344242,G1M1_new,g1m1_mid_load,1.0,58.0,100.0,0.98,1.02,57,59,14,500
2023-12-21,1.906539021525683,0.0001411054300471118,5.879392918629659,1.759577618141734,0.9214752936344242,G1M1_new,g1m1_mid_load,1.0,58.0,100.0,0.98,1.02,57,59,14,500
2023-12-22,1.90668012695573,0.0001411054300471118,5.879392918629659,1.759577618141734,0.9214752936344242,G1M1_new,g1m1_mid_load,1.0,58.0,100.0,0.98,1.02,57,59,14,500
2023-12-23,1.9068212323857772,0.0001411054300471118,5.879392918629659,1.759577618141734,0.9214752936344242,G1M1_new,g1m1_mid_load,1.0,58.0,100.0,0.98,1.02,57,59,14,500
2023-12-24,1.9069623378158242,0.0001411054300471118,5.879392918629659,1.759577618141734,0.9214752936344242,G1M1_new,g1m1_mid_load,1.0,58.0,100.0,0.98,1.02,57,59,14,500
2023-12-25,1.9071034432458713,0.0001411054300471118,5.879392918629659,1.759577618141734,0.9214752936344242,G1M1_new,g1m1_mid_load,1.0,58.0,100.0,0.98,1.02,57,59,14,500
2023-12-26,1.9072445486759184,0.0001411054300471118,5.879392918629659,1.759577618141734,0.9214752936344242,G1M1_new,g1m1_mid_load,1.0,58.0,100.0,0.98,1.02,57,59,14,500
2023-12-27,1.9073856541059655,0.0001411054300471118,5.879392918629659,1.759577618141734,0.9214752936344242,G1M1_new,g1m1_mid_load,1.0,58.0,100.0,0.98,1.02,57,59,14,500
2023-12-28,1.9075267595360126,0.0001411054300471118,5.879392918629659,1.759577618141734,0.9214752936344242,G1M1_new,g1m1_mid_load,1.0,58.0,100.0,0.98,1.02,57,59,14,500
2023-12-29,1.9076678649660597,0.0001411054300471118,5.879392918629659,1.759577618141734,0.9214752936344242,G1M1_new,g1m1_mid_load,1.0,58.0,100.0,0.98,1.02,57,59,14,500
2023-12-30,1.907808970396107,0.0001411054300471118,5.879392918629659,1.759577618141734,0.9214752936344242,G1M1_new,g1m1_mid_load,1.0,58.0,100.0,0.98,1.02,57,59,14,500
2023-12-31,1.907950075826154,0.0001411054300471118,5.879392918629659,1.759577618141734,0.9214752936344242,G1M1_new,g1m1_mid_load,1.0,58.0,100.0,0.98,1.02,57,59,14,500
2024-01-01,1.9080911812562011,0.0001411054300471118,5.879392918629659,1.759577618141734,0.9214752936344242,G1M1_new,g1m1_mid_load,1.0,58.0,100.0,0.98,1.02,57,59,14,500
2024-01-02,1.9082322866862482,0.0001411054300471118,5.879392918629659,1.759577618141734,0.9214752936344242,G1M1_new,g1m1_mid_load,1.0,58.0,100.0,0.98,1.02,57,59,14,500
2024-01-03,1.9083733921162953,0.0001411054300471118,5.879392918629659,1.759577618141734,0.9214752936344242,G1M1_new,g1m1_mid_load,1.0,58.0,100.0,0.98,1.02,57,59,14,500
2024-01-04,1.9085144975463424,0.0001411054300471118,5.879392918629659,1.759577618141734,0.9214752936344242,G1M1_new,g1m1_mid_load,1.0,58.0,100.0,0.98,1.02,57,59,14,500
2024-01-05,1.9086556029763895,0.0001411054300471118,5.879392918629659,1.759577618141734,0.9214752936344242,G1M1_new,g1m1_mid_load,1.0,58.0,100.0,0.98,1.02,57,59,14,500
2024-01-06,1.9087967084064368,0.0001411054300471118,5.879392918629659,1.759577618141734,0.9214752936344242,G1M1_new,g1m1_mid_load,1.0,58.0,100.0,0.98,1.02,57,59,14,500
2024-01-07,1.9089378138364839,0.0001411054300471118,5.879392918629659,1.759577618141734,0.9214752936344242,G1M1_new,g1m1_mid_load,1.0,58.0,100.0,0.98,1.02,57,59,14,500
2024-01-08,1.909078919266531,0.0001411054300471118,5.879392918629659,1.759577618141734,0.9214752936344242,G1M1_new,g1m1_mid_load,1.0,58.0,100.0,0.98,1.02,57,59,14,500
2024-01-09,1.909220024696578,0.0001411054300471118,5.879392918629659,1.759577618141734,0.9214752936344242,G1M1_new,g1m1_mid_load,1.0,58.0,100.0,0.98,1.02,57,59,14,500
2024-01-10,1.9093611301266251,0.0001411054300471118,5.879392918629659,1.759577618141734,0.9214752936344242,G1M1_new,g1m1_mid_load,1.0,58.0,100.0,0.98,1.02,57,59,14,500
2024-01-11,1.9095022355566722,0.0001411054300471118,5.879392918629659,1.759577618141734,0.9214752936344242,G1M1_new,g1m1_mid_load,1.0,58.0,100.0,0.98,1.02,57,59,14,500
2024-01-12,1.9096433409867193,0.0001411054300471118,5.879392918629659,1.759577618141734,0.9214752936344242,G1M1_new,g1m1_mid_load,1.0,58.0,100.0,0.98,1.02,57,59,14,500
2024-01-13,1.9097844464167664,0.0001411054300471118,5.879392918629659,1.759577618141734,0.9214752936344242,G1M1_new,g1m1_mid_load,1.0,58.0,100.0,0.98,1.02,57,59,14,500
2024-01-14,1.9099255518468137,0.0001411054300471118,5.879392918629659,1.759577618141734,0.9214752936344242,G1M1_new,g1m1_mid_load,1.0,58.0,100.0,0.98,1.02,57,59,14,500
2024-01-15,1.9100666572768608,0.0001411054300471118,5.879392918629659,1.759577618141734,0.9214752936344242,G1M1_new,g1m1_mid_load,1.0,58.0,100.0,0.98,1.02,57,59,14,500
2024-01-16,1.9102077627069078,0.0001411054300471118,5.879392918629659,1.759577618141734,0.9214752936344242,G1M1_new,g1m1_mid_load,1.0,58.0,100.0,0.98,1.02,57,59,14,500
2024-01-17,1.910348868136955,0.0001411054300471118,5.879392918629659,1.759577618141734,0.9214752936344242,G1M1_new,g1m1_mid_load,1.0,58.0,100.0,0.98,1.02,57,59,14,500
2024-01-18,1.910489973567002,0.0001411054300471118,5.879392918629659,1.759577618141734,0.9214752936344242,G1M1_new,g1m1_mid_load,1.0,58.0,100.0,0.98,1.02,57,59,14,500
2024-01-19,1.910631078997049,0.0001411054300471118,5.879392918629659,1.759577618141734,0.9214752936344242,G1M1_new,g1m1_mid_load,1.0,58.0,100.0,0.98,1.02,57,59,14,500
2024-01-20,1.9107721844270962,0.0001411054300471118,5.879392918629659,1.759577618141734,0.9214752936344242,G1M1_new,g1m1_mid_load,1.0,58.0,100.0,0.98,1.02,57,59,14,500
2024-01-21,1.9109132898571435,0.0001411054300471118,5.879392918629659,1.759577618141734,0.9214752936344242,G1M1_new,g1m1_mid_load,1.0,58.0,100.0,0.98,1.02,57,59,14,500
2024-01-22,1.9110543952871906,0.0001411054300471118,5.879392918629659,1.759577618141734,0.9214752936344242,G1M1_new,g1m1_mid_load,1.0,58.0,100.0,0.98,1.02,57,59,14,500
2024-01-23,1.9111955007172376,0.0001411054300471118,5.879392918629659,1.759577618141734,0.9214752936344242,G1M1_new,g1m1_mid_load,1.0,58.0,100.0,0.98,1.02,57,59,14,500
2024-01-24,1.9113366061472847,0.0001411054300471118,5.879392918629659,1.759577618141734,0.9214752936344242,G1M1_new,g1m1_mid_load,1.0,58.0,100.0,0.98,1.02,57,59,14,500
2024-01-25,1.9114777115773318,0.0001411054300471118,5.879392918629659,1.759577618141734,0.9214752936344242,G1M1_new,g1m1_mid_load,1.0,58.0,100.0,0.98,1.02,57,59,14,500
2024-01-26,1.911618817007379,0.0001411054300471118,5.879392918629659,1.759577618141734,0.9214752936344242,G1M1_new,g1m1_mid_load,1.0,58.0,100.0,0.98,1.02,57,59,14,500
2024-01-27,1.911759922437426,0.0001411054300471118,5.879392918629659,1.759577618141734,0.9214752936344242,G1M1_new,g1m1_mid_load,1.0,58.0,100.0,0.98,1.02,57,59,14,500
2024-01-28,1.911901027867473,0.0001411054300471118,5.879392918629659,1.759577618141734,0.9214752936344242,G1M1_new,g1m1_mid_load,1.0,58.0,100.0,0.98,1.02,57,59,14,500
2024-01-29,1.9120421332975202,0.0001411054300471118,5.879392918629659,1.759577618141734,0.9214752936344242,G1M1_new,g1m1_mid_load,1.0,58.0,100.0,0.98,1.02,57,59,14,500
2024-01-30,1.9121832387275675,0.0001411054300471118,5.879392918629659,1.759577618141734,0.9214752936344242,G1M1_new,g1m1_mid_load,1.0,58.0,100.0,0.98,1.02,57,59,14,500
2024-01-31,1.9123243441576145,0.0001411054300471118,5.879392918629659,1.759577618141734,0.9214752936344242,G1M1_new,g1m1_mid_load,1.0,58.0,100.0,0.98,1.02,57,59,14,500
2024-02-01,1.9124654495876616,0.0001411054300471118,5.879392918629659,1.759577618141734,0.9214752936344242,G1M1_new,g1m1_mid_load,1.0,58.0,100.0,0.98,1.02,57,59,14,500
2024-02-02,1.9126065550177087,0.0001411054300471118,5.879392918629659,1.759577618141734,0.9214752936344242,G1M1_new,g1m1_mid_load,1.0,58.0,100.0,0.98,1.02,57,59,14,500
2024-02-03,1.9127476604477558,0.0001411054300471118,5.879392918629659,1.759577618141734,0.9214752936344242,G1M1_new,g1m1_mid_load,1.0,58.0,100.0,0.98,1.02,57,59,14,500
2024-02-04,1.9128887658778029,0.0001411054300471118,5.879392918629659,1.759577618141734,0.9214752936344242,G1M1_new,g1m1_mid_load,1.0,58.0,100.0,0.98,1.02,57,59,14,500
2024-02-05,1.91302987130785,0.0001411054300471118,5.879392918629659,1.759577618141734,0.9214752936344242,G1M1_new,g1m1_mid_load,1.0,58.0,100.0,0.98,1.02,57,59,14,500
2024-02-06,1.9131709767378973,0.0001411054300471118,5.879392918629659,1.759577618141734,0.9214752936344242,G1M1_new,g1m1_mid_load,1.0,58.0,100.0,0.98,1.02,57,59,14,500
2024-02-07,1.9133120821679444,0.0001411054300471118,5.879392918629659,1.759577618141734,0.9214752936344242,G1M1_new,g1m1_mid_load,1.0,58.0,100.0,0.98,1.02,57,59,14,500
2024-02-08,1.9134531875979914,0.0001411054300471118,5.879392918629659,1.759577618141734,0.9214752936344242,G1M1_new,g1m1_mid_load,1.0,58.0,100.0,0.98,1.02,57,59,14,500
2024-02-09,1.9135942930280385,0.0001411054300471118,5.879392918629659,1.759577618141734,0.9214752936344242,G1M1_new,g1m1_mid_load,1.0,58.0,100.0,0.98,1.02,57,59,14,500
2024-02-10,1.9137353984580856,0.0001411054300471118,5.879392918629659,1.759577618141734,0.9214752936344242,G1M1_new,g1m1_mid_load,1.0,58.0,100.0,0.98,1.02,57,59,14,500
2024-02-11,1.9138765038881327,0.0001411054300471118,5.879392918629659,1.759577618141734,0.9214752936344242,G1M1_new,g1m1_mid_load,1.0,58.0,100.0,0.98,1.02,57,59,14,500
2024-02-12,1.9140176093181798,0.0001411054300471118,5.879392918629659,1.759577618141734,0.9214752936344242,G1M1_new,g1m1_mid_load,1.0,58.0,100.0,0.98,1.02,57,59,14,500
2024-02-13,1.9141587147482269,0.0001411054300471118,5.879392918629659,1.759577618141734,0.9214752936344242,G1M1_new,g1m1_mid_load,1.0,58.0,100.0,0.98,1.02,57,59,14,500
2024-02-14,1.914299820178274,0.0001411054300471118,5.879392918629659,1.759577618141734,0.9214752936344242,G1M1_new,g1m1_mid_load,1.0,58.0,100.0,0.98,1.02,57,59,14,500
2024-02-15,1.9144409256083212,0.0001411054300471118,5.879392918629659,1.759577618141734,0.9214752936344242,G1M1_new,g1m1_mid_load,1.0,58.0,100.0,0.98,1.02,57,59,14,500
2024-02-16,1.9145820310383683,0.0001411054300471118,5.879392918629659,1.759577618141734,0.9214752936344242,G1M1_new,g1m1_mid_load,1.0,58.0,100.0,0.98,1.02,57,59,14,500
2024-02-17,1.9147231364684154,0.0001411054300471118,5.879392918629659,1.759577618141734,0.9214752936344242,G1M1_new,g1m1_mid_load,1.0,58.0,100.0,0.98,1.02,57,59,14,500
2024-02-18,1.9148642418984625,0.0001411054300471118,5.879392918629659,1.759577618141734,0.9214752936344242,G1M1_new,g1m1_mid_load,1.0,58.0,100.0,0.98,1.02,57,59,14,500
2024-02-19,1.9150053473285096,0.0001411054300471118,5.879392918629659,1.759577618141734,0.9214752936344242,G1M1_new,g1m1_mid_load,1.0,58.0,100.0,0.98,1.02,57,59,14,500
2024-02-20,1.9151464527585567,0.0001411054300471118,5.879392918629659,1.759577618141734,0.9214752936344242,G1M1_new,g1m1_mid_load,1.0,58.0,100.0,0.98,1.02,57,59,14,500
2024-02-21,1.9152875581886037,0.0001411054300471118,5.879392918629659,1.759577618141734,0.9214752936344242,G1M1_new,g1m1_mid_load,1.0,58.0,100.0,0.98,1.02,57,59,14,500
2024-02-22,1.915428663618651,0.0001411054300471118,5.879392918629659,1.759577618141734,0.9214752936344242,G1M1_new,g1m1_mid_load,1.0,58.0,100.0,0.98,1.02,57,59,14,500
2024-02-23,1.9155697690486981,0.0001411054300471118,5.879392918629659,1.759577618141734,0.9214752936344242,G1M1_new,g1m1_mid_load,1.0,58.0,100.0,0.98,1.02,57,59,14,500
2024-02-24,1.9157108744787452,0.0001411054300471118,5.879392918629659,1.759577618141734,0.9214752936344242,G1M1_new,g1m1_mid_load,1.0,58.0,100.0,0.98,1.02,57,59,14,500
2024-02-25,1.9158519799087923,0.0001411054300471118,5.879392918629659,1.759577618141734,0.9214752936344242,G1M1_new,g1m1_mid_load,1.0,58.0,100.0,0.98,1.02,57,59,14,500
2024-02-26,1.9159930853388394,0.0001411054300471118,5.879392918629659,1.759577618141734,0.9214752936344242,G1M1_new,g1m1_mid_load,1.0,58.0,100.0,0.98,1.02,57,59,14,500
2024-02-27,1.9161341907688865,0.0001411054300471118,5.879392918629659,1.759577618141734,0.9214752936344242,G1M1_new,g1m1_mid_load,1.0,58.0,100.0,0.98,1.02,57,59,14,500
2024-02-28,1.9162752961989336,0.0001411054300471118,5.879392918629659,1.759577618141734,0.9214752936344242,G1M1_new,g1m1_mid_load,1.0,58.0,100.0,0.98,1.02,57,59,14,500
2024-02-29,1.9164164016289806,0.0001411054300471118,5.879392918629659,1.759577618141734,0.9214752936344242,G1M1_new,g1m1_mid_load,1.0,58.0,100.0,0.98,1.02,57,59,14,500
2024-03-01,1.9165575070590277,0.0001411054300471118,5.879392918629659,1.759577618141734,0.9214752936344242,G1M1_new,g1m1_mid_load,1.0,58.0,100.0,0.98,1.02,57,59,14,500
2024-03-02,1.916698612489075,0.0001411054300471118,5.879392918629659,1.759577618141734,0.9214752936344242,G1M1_new,g1m1_mid_load,1.0,58.0,100.0,0.98,1.02,57,59,14,500
2024-03-03,1.916839717919122,0.0001411054300471118,5.879392918629659,1.759577618141734,0.9214752936344242,G1M1_new,g1m1_mid_load,1.0,58.0,100.0,0.98,1.02,57,59,14,500
2024-03-04,1.9169808233491692,0.0001411054300471118,5.879392918629659,1.759577618141734,0.9214752936344242,G1M1_new,g1m1_mid_load,1.0,58.0,100.0,0.98,1.02,57,59,14,500
2024-03-05,1.9171219287792163,0.0001411054300471118,5.879392918629659,1.759577618141734,0.9214752936344242,G1M1_new,g1m1_mid_load,1.0,58.0,100.0,0.98,1.02,57,59,14,500
2024-03-06,1.9172630342092634,0.0001411054300471118,5.879392918629659,1.759577618141734,0.9214752936344242,G1M1_new,g1m1_mid_load,1.0,58.0,100.0,0.98,1.02,57,59,14,500
2024-03-07,1.9174041396393104,0.0001411054300471118,5.879392918629659,1.759577618141734,0.9214752936344242,G1M1_new,g1m1_mid_load,1.0,58.0,100.0,0.98,1.02,57,59,14,500
2024-03-08,1.9175452450693575,0.0001411054300471118,5.879392918629659,1.759577618141734,0.9214752936344242,G1M1_new,g1m1_mid_load,1.0,58.0,100.0,0.98,1.02,57,59,14,500
2024-03-09,1.9176863504994048,0.0001411054300471118,5.879392918629659,1.759577618141734,0.9214752936344242,G1M1_new,g1m1_mid_load,1.0,58.0,100.0,0.98,1.02,57,59,14,500
2024-03-10,1.917827455929452,0.0001411054300471118,5.879392918629659,1.759577618141734,0.9214752936344242,G1M1_new,g1m1_mid_load,1.0,58.0,100.0,0.98,1.02,57,59,14,500
2024-03-11,1.917968561359499,0.0001411054300471118,5.879392918629659,1.759577618141734,0.9214752936344242,G1M1_new,g1m1_mid_load,1.0,58.0,100.0,0.98,1.02,57,59,14,500
2024-03-12,1.918109666789546,0.0001411054300471118,5.879392918629659,1.759577618141734,0.9214752936344242,G1M1_new,g1m1_mid_load,1.0,58.0,100.0,0.98,1.02,57,59,14,500
2024-03-13,1.9182507722195932,0.0001411054300471118,5.879392918629659,1.759577618141734,0.9214752936344242,G1M1_new,g1m1_mid_load,1.0,58.0,100.0,0.98,1.02,57,59,14,500
2024-03-14,1.9183918776496403,0.0001411054300471118,5.879392918629659,1.759577618141734,0.9214752936344242,G1M1_new,g1m1_mid_load,1.0,58.0,100.0,0.98,1.02,57,59,14,500
2024-03-15,1.9185329830796873,0.0001411054300471118,5.879392918629659,1.759577618141734,0.9214752936344242,G1M1_new,g1m1_mid_load,1.0,58.0,100.0,0.98,1.02,57,59,14,500
2024-03-16,1.9186740885097344,0.0001411054300471118,5.879392918629659,1.759577618141734,0.9214752936344242,G1M1_new,g1m1_mid_load,1.0,58.0,100.0,0.98,1.02,57,59,14,500
2024-03-17,1.9188151939397815,0.0001411054300471118,5.879392918629659,1.759577618141734,0.9214752936344242,G1M1_new,g1m1_mid_load,1.0,58.0,100.0,0.98,1.02,57,59,14,500
2024-03-18,1.9189562993698288,0.0001411054300471118,5.879392918629659,1.759577618141734,0.9214752936344242,G1M1_new,g1m1_mid_load,1.0,58.0,100.0,0.98,1.02,57,59,14,500
2024-03-19,1.919097404799876,0.0001411054300471118,5.879392918629659,1.759577618141734,0.9214752936344242,G1M1_new,g1m1_mid_load,1.0,58.0,100.0,0.98,1.02,57,59,14,500
2024-03-20,1.919238510229923,0.0001411054300471118,5.879392918629659,1.759577618141734,0.9214752936344242,G1M1_new,g1m1_mid_load,1.0,58.0,100.0,0.98,1.02,57,59,14,500
2024-03-21,1.91937961565997,0.0001411054300471118,5.879392918629659,1.759577618141734,0.9214752936344242,G1M1_new,g1m1_mid_load,1.0,58.0,100.0,0.98,1.02,57,59,14,500
2024-03-22,1.9195207210900171,0.0001411054300471118,5.879392918629659,1.759577618141734,0.9214752936344242,G1M1_new,g1m1_mid_load,1.0,58.0,100.0,0.98,1.02,57,59,14,500
2024-03-23,1.9196618265200642,0.0001411054300471118,5.879392918629659,1.759577618141734,0.9214752936344242,G1M1_new,g1m1_mid_load,1.0,58.0,100.0,0.98,1.02,57,59,14,500
2024-03-24,1.9198029319501113,0.0001411054300471118,5.879392918629659,1.759577618141734,0.9214752936344242,G1M1_new,g1m1_mid_load,1.0,58.0,100.0,0.98,1.02,57,59,14,500
2024-03-25,1.9199440373801586,0.0001411054300471118,5.879392918629659,1.759577618141734,0.9214752936344242,G1M1_new,g1m1_mid_load,1.0,58.0,100.0,0.98,1.02,57,59,14,500
2024-03-26,1.9200851428102057,0.0001411054300471118,5.879392918629659,1.759577618141734,0.9214752936344242,G1M1_new,g1m1_mid_load,1.0,58.0,100.0,0.98,1.02,57,59,14,500
2024-03-27,1.9202262482402528,0.0001411054300471118,5.879392918629659,1.759577618141734,0.9214752936344242,G1M1_new,g1m1_mid_load,1.0,58.0,100.0,0.98,1.02,57,59,14,500
2024-03-28,1.9203673536702999,0.0001411054300471118,5.879392918629659,1.759577618141734,0.9214752936344242,G1M1_new,g1m1_mid_load,1.0,58.0,100.0,0.98,1.02,57,59,14,500
2024-03-29,1.920508459100347,0.0001411054300471118,5.879392918629659,1.759577618141734,0.9214752936344242,G1M1_new,g1m1_mid_load,1.0,58.0,100.0,0.98,1.02,57,59,14,500
2024-03-30,1.920649564530394,0.0001411054300471118,5.879392918629659,1.759577618141734,0.9214752936344242,G1M1_new,g1m1_mid_load,1.0,58.0,100.0,0.98,1.02,57,59,14,500
2024-03-31,1.9207906699604411,0.0001411054300471118,5.879392918629659,1.759577618141734,0.9214752936344242,G1M1_new,g1m1_mid_load,1.0,58.0,100.0,0.98,1.02,57,59,14,500
2024-04-01,1.9209317753904882,0.0001411054300471118,5.879392918629659,1.759577618141734,0.9214752936344242,G1M1_new,g1m1_mid_load,1.0,58.0,100.0,0.98,1.02,57,59,14,500
2024-04-02,1.9210728808205353,0.0001411054300471118,5.879392918629659,1.759577618141734,0.9214752936344242,G1M1_new,g1m1_mid_load,1.0,58.0,100.0,0.98,1.02,57,59,14,500
2024-04-03,1.9212139862505826,0.0001411054300471118,5.879392918629659,1.759577618141734,0.9214752936344242,G1M1_new,g1m1_mid_load,1.0,58.0,100.0,0.98,1.02,57,59,14,500
2024-04-04,1.9213550916806297,0.0001411054300471118,5.879392918629659,1.759577618141734,0.9214752936344242,G1M1_new,g1m1_mid_load,1.0,58.0,100.0,0.98,1.02,57,59,14,500
2024-04-05,1.9214961971106768,0.0001411054300471118,5.879392918629659,1.759577618141734,0.9214752936344242,G1M1_new,g1m1_mid_load,1.0,58.0,100.0,0.98,1.02,57,59,14,500
2024-04-06,1.9216373025407238,0.0001411054300471118,5.879392918629659,1.759577618141734,0.9214752936344242,G1M1_new,g1m1_mid_load,1.0,58.0,100.0,0.98,1.02,57,59,14,500
2024-04-07,1.921778407970771,0.0001411054300471118,5.879392918629659,1.759577618141734,0.9214752936344242,G1M1_new,g1m1_mid_load,1.0,58.0,100.0,0.98,1.02,57,59,14,500
2024-04-08,1.921919513400818,0.0001411054300471118,5.879392918629659,1.759577618141734,0.9214752936344242,G1M1_new,g1m1_mid_load,1.0,58.0,100.0,0.98,1.02,57,59,14,500
2024-04-09,1.922060618830865,0.0001411054300471118,5.879392918629659,1.759577618141734,0.9214752936344242,G1M1_new,g1m1_mid_load,1.0,58.0,100.0,0.98,1.02,57,59,14,500
2024-04-10,1.9222017242609124,0.0001411054300471118,5.879392918629659,1.759577618141734,0.9214752936344242,G1M1_new,g1m1_mid_load,1.0,58.0,100.0,0.98,1.02,57,59,14,500
2024-04-11,1.9223428296909595,0.0001411054300471118,5.879392918629659,1.759577618141734,0.9214752936344242,G1M1_new,g1m1_mid_load,1.0,58.0,100.0,0.98,1.02,57,59,14,500
2024-04-12,1.9224839351210066,0.0001411054300471118,5.879392918629659,1.759577618141734,0.9214752936344242,G1M1_new,g1m1_mid_load,1.0,58.0,100.0,0.98,1.02,57,59,14,500
2024-04-13,1.9226250405510537,0.0001411054300471118,5.879392918629659,1.759577618141734,0.9214752936344242,G1M1_new,g1m1_mid_load,1.0,58.0,100.0,0.98,1.02,57,59,14,500
2024-04-14,1.9227661459811007,0.0001411054300471118,5.879392918629659,1.759577618141734,0.9214752936344242,G1M1_new,g1m1_mid_load,1.0,58.0,100.0,0.98,1.02,57,59,14,500
2024-04-15,1.9229072514111478,0.0001411054300471118,5.879392918629659,1.759577618141734,0.9214752936344242,G1M1_new,g1m1_mid_load,1.0,58.0,100.0,0.98,1.02,57,59,14,500
2024-04-16,1.923048356841195,0.0001411054300471118,5.879392918629659,1.759577618141734,0.9214752936344242,G1M1_new,g1m1_mid_load,1.0,58.0,100.0,0.98,1.02,57,59,14,500
2024-04-17,1.923189462271242,0.0001411054300471118,5.879392918629659,1.759577618141734,0.9214752936344242,G1M1_new,g1m1_mid_load,1.0,58.0,100.0,0.98,1.02,57,59,14,500
2024-04-18,1.9233305677012893,0.0001411054300471118,5.879392918629659,1.759577618141734,0.9214752936344242,G1M1_new,g1m1_mid_load,1.0,58.0,100.0,0.98,1.02,57,59,14,500
2024-04-19,1.9234716731313364,0.0001411054300471118,5.879392918629659,1.759577618141734,0.9214752936344242,G1M1_new,g1m1_mid_load,1.0,58.0,100.0,0.98,1.02,57,59,14,500
2024-04-20,1.9236127785613835,0.0001411054300471118,5.879392918629659,1.759577618141734,0.9214752936344242,G1M1_new,g1m1_mid_load,1.0,58.0,100.0,0.98,1.02,57,59,14,500
2024-04-21,1.9237538839914305,0.0001411054300471118,5.879392918629659,1.759577618141734,0.9214752936344242,G1M1_new,g1m1_mid_load,1.0,58.0,100.0,0.98,1.02,57,59,14,500
2024-04-22,1.9238949894214776,0.0001411054300471118,5.879392918629659,1.759577618141734,0.9214752936344242,G1M1_new,g1m1_mid_load,1.0,58.0,100.0,0.98,1.02,57,59,14,500
2024-04-23,1.9240360948515247,0.0001411054300471118,5.879392918629659,1.759577618141734,0.9214752936344242,G1M1_new,g1m1_mid_load,1.0,58.0,100.0,0.98,1.02,57,59,14,500
2024-04-24,1.9241772002815718,0.0001411054300471118,5.879392918629659,1.759577618141734,0.9214752936344242,G1M1_new,g1m1_mid_load,1.0,58.0,100.0,0.98,1.02,57,59,14,500
2024-04-25,1.924318305711619,0.0001411054300471118,5.879392918629659,1.759577618141734,0.9214752936344242,G1M1_new,g1m1_mid_load,1.0,58.0,100.0,0.98,1.02,57,59,14,500
2024-04-26,1.9244594111416662,0.0001411054300471118,5.879392918629659,1.759577618141734,0.9214752936344242,G1M1_new,g1m1_mid_load,1.0,58.0,100.0,0.98,1.02,57,59,14,500
2024-04-27,1.9246005165717133,0.0001411054300471118,5.879392918629659,1.759577618141734,0.9214752936344242,G1M1_new,g1m1_mid_load,1.0,58.0,100.0,0.98,1.02,57,59,14,500
2024-04-28,1.9247416220017604,0.0001411054300471118,5.879392918629659,1.759577618141734,0.9214752936344242,G1M1_new,g1m1_mid_load,1.0,58.0,100.0,0.98,1.02,57,59,14,500
2024-04-29,1.9248827274318074,0.0001411054300471118,5.879392918629659,1.759577618141734,0.9214752936344242,G1M1_new,g1m1_mid_load,1.0,58.0,100.0,0.98,1.02,57,59,14,500
2024-04-30,1.9250238328618545,0.0001411054300471118,5.879392918629659,1.759577618141734,0.9214752936344242,G1M1_new,g1m1_mid_load,1.0,58.0,100.0,0.98,1.02,57,59,14,500
2024-05-01,1.9251649382919016,0.0001411054300471118,5.879392918629659,1.759577618141734,0.9214752936344242,G1M1_new,g1m1_mid_load,1.0,58.0,100.0,0.98,1.02,57,59,14,500
2024-05-02,1.9253060437219487,0.0001411054300471118,5.879392918629659,1.759577618141734,0.9214752936344242,G1M1_new,g1m1_mid_load,1.0,58.0,100.0,0.98,1.02,57,59,14,500
2024-05-03,1.9254471491519958,0.0001411054300471118,5.879392918629659,1.759577618141734,0.9214752936344242,G1M1_new,g1m1_mid_load,1.0,58.0,100.0,0.98,1.02,57,59,14,500
2024-05-04,1.925588254582043,0.0001411054300471118,5.879392918629659,1.759577618141734,0.9214752936344242,G1M1_new,g1m1_mid_load,1.0,58.0,100.0,0.98,1.02,57,59,14,500
2024-05-05,1.9257293600120902,0.0001411054300471118,5.879392918629659,1.759577618141734,0.9214752936344242,G1M1_new,g1m1_mid_load,1.0,58.0,100.0,0.98,1.02,57,59,14,500
2024-05-06,1.9258704654421372,0.0001411054300471118,5.879392918629659,1.759577618141734,0.9214752936344242,G1M1_new,g1m1_mid_load,1.0,58.0,100.0,0.98,1.02,57,59,14,500
2024-05-07,1.9260115708721843,0.0001411054300471118,5.879392918629659,1.759577618141734,0.9214752936344242,G1M1_new,g1m1_mid_load,1.0,58.0,100.0,0.98,1.02,57,59,14,500
2024-05-08,1.9261526763022314,0.0001411054300471118,5.879392918629659,1.759577618141734,0.9214752936344242,G1M1_new,g1m1_mid_load,1.0,58.0,100.0,0.98,1.02,57,59,14,500
2024-05-09,1.9262937817322785,0.0001411054300471118,5.879392918629659,1.759577618141734,0.9214752936344242,G1M1_new,g1m1_mid_load,1.0,58.0,100.0,0.98,1.02,57,59,14,500
2024-05-10,1.9264348871623256,0.0001411054300471118,5.879392918629659,1.759577618141734,0.9214752936344242,G1M1_new,g1m1_mid_load,1.0,58.0,100.0,0.98,1.02,57,59,14,500
2024-05-11,1.9265759925923729,0.0001411054300471118,5.879392918629659,1.759577618141734,0.9214752936344242,G1M1_new,g1m1_mid_load,1.0,58.0,100.0,0.98,1.02,57,59,14,500
2024-05-12,1.92671709802242,0.0001411054300471118,5.879392918629659,1.759577618141734,0.9214752936344242,G1M1_new,g1m1_mid_load,1.0,58.0,100.0,0.98,1.02,57,59,14,500
2024-05-13,1.926858203452467,0.0001411054300471118,5.879392918629659,1.759577618141734,0.9214752936344242,G1M1_new,g1m1_mid_load,1.0,58.0,100.0,0.98,1.02,57,59,14,500
2024-05-14,1.9269993088825141,0.0001411054300471118,5.879392918629659,1.759577618141734,0.9214752936344242,G1M1_new,g1m1_mid_load,1.0,58.0,100.0,0.98,1.02,57,59,14,500
2024-05-15,1.9271404143125612,0.0001411054300471118,5.879392918629659,1.759577618141734,0.9214752936344242,G1M1_new,g1m1_mid_load,1.0,58.0,100.0,0.98,1.02,57,59,14,500
2024-05-16,1.9272815197426083,0.0001411054300471118,5.879392918629659,1.759577618141734,0.9214752936344242,G1M1_new,g1m1_mid_load,1.0,58.0,100.0,0.98,1.02,57,59,14,500
2024-05-17,1.9274226251726554,0.0001411054300471118,5.879392918629659,1.759577618141734,0.9214752936344242,G1M1_new,g1m1_mid_load,1.0,58.0,100.0,0.98,1.02,57,59,14,500
2024-05-18,1.9275637306027025,0.0001411054300471118,5.879392918629659,1.759577618141734,0.9214752936344242,G1M1_new,g1m1_mid_load,1.0,58.0,100.0,0.98,1.02,57,59,14,500
2024-05-19,1.9277048360327496,0.0001411054300471118,5.879392918629659,1.759577618141734,0.9214752936344242,G1M1_new,g1m1_mid_load,1.0,58.0,100.0,0.98,1.02,57,59,14,500
2024-05-20,1.9278459414627969,0.0001411054300471118,5.879392918629659,1.759577618141734,0.9214752936344242,G1M1_new,g1m1_mid_load,1.0,58.0,100.0,0.98,1.02,57,59,14,500
2024-05-21,1.927987046892844,0.0001411054300471118,5.879392918629659,1.759577618141734,0.9214752936344242,G1M1_new,g1m1_mid_load,1.0,58.0,100.0,0.98,1.02,57,59,14,500
2024-05-22,1.928128152322891,0.0001411054300471118,5.879392918629659,1.759577618141734,0.9214752936344242,G1M1_new,g1m1_mid_load,1.0,58.0,100.0,0.98,1.02,57,59,14,500
2024-05-23,1.9282692577529381,0.0001411054300471118,5.879392918629659,1.759577618141734,0.9214752936344242,G1M1_new,g1m1_mid_load,1.0,58.0,100.0,0.98,1.02,57,59,14,500
2024-05-24,1.9284103631829852,0.0001411054300471118,5.879392918629659,1.759577618141734,0.9214752936344242,G1M1_new,g1m1_mid_load,1.0,58.0,100.0,0.98,1.02,57,59,14,500
2024-05-25,1.9285514686130323,0.0001411054300471118,5.879392918629659,1.759577618141734,0.9214752936344242,G1M1_new,g1m1_mid_load,1.0,58.0,100.0,0.98,1.02,57,59,14,500
2024-05-26,1.9286925740430794,0.0001411054300471118,5.879392918629659,1.759577618141734,0.9214752936344242,G1M1_new,g1m1_mid_load,1.0,58.0,100.0,0.98,1.02,57,59,14,500
2024-05-27,1.9288336794731267,0.0001411054300471118,5.879392918629659,1.759577618141734,0.9214752936344242,G1M1_new,g1m1_mid_load,1.0,58.0,100.0,0.98,1.02,57,59,14,500
2024-05-28,1.9289747849031738,0.0001411054300471118,5.879392918629659,1.759577618141734,0.9214752936344242,G1M1_new,g1m1_mid_load,1.0,58.0,100.0,0.98,1.02,57,59,14,500
2024-05-29,1.9291158903332208,0.0001411054300471118,5.879392918629659,1.759577618141734,0.9214752936344242,G1M1_new,g1m1_mid_load,1.0,58.0,100.0,0.98,1.02,57,59,14,500
2024-05-30,1.929256995763268,0.0001411054300471118,5.879392918629659,1.759577618141734,0.9214752936344242,G1M1_new,g1m1_mid_load,1.0,58.0,100.0,0.98,1.02,57,59,14,500
2024-05-31,1.929398101193315,0.0001411054300471118,5.879392918629659,1.759577618141734,0.9214752936344242,G1M1_new,g1m1_mid_load,1.0,58.0,100.0,0.98,1.02,57,59,14,500
2024-06-01,1.929539206623362,0.0001411054300471118,5.879392918629659,1.759577618141734,0.9214752936344242,G1M1_new,g1m1_mid_load,1.0,58.0,100.0,0.98,1.02,57,59,14,500
2024-06-02,1.9296803120534092,0.0001411054300471118,5.879392918629659,1.759577618141734,0.9214752936344242,G1M1_new,g1m1_mid_load,1.0,58.0,100.0,0.98,1.02,57,59,14,500
2024-06-03,1.9298214174834563,0.0001411054300471118,5.879392918629659,1.759577618141734,0.9214752936344242,G1M1_new,g1m1_mid_load,1.0,58.0,100.0,0.98,1.02,57,59,14,500
2024-06-04,1.9299625229135033,0.0001411054300471118,5.879392918629659,1.759577618141734,0.9214752936344242,G1M1_new,g1m1_mid_load,1.0,58.0,100.0,0.98,1.02,57,59,14,500
2024-06-05,1.9301036283435506,0.0001411054300471118,5.879392918629659,1.759577618141734,0.9214752936344242,G1M1_new,g1m1_mid_load,1.0,58.0,100.0,0.98,1.02,57,59,14,500
2024-06-06,1.9302447337735977,0.0001411054300471118,5.879392918629659,1.759577618141734,0.9214752936344242,G1M1_new,g1m1_mid_load,1.0,58.0,100.0,0.98,1.02,57,59,14,500
2024-06-07,1.9303858392036448,0.0001411054300471118,5.879392918629659,1.759577618141734,0.9214752936344242,G1M1_new,g1m1_mid_load,1.0,58.0,100.0,0.98,1.02,57,59,14,500
2024-06-08,1.930526944633692,0.0001411054300471118,5.879392918629659,1.759577618141734,0.9214752936344242,G1M1_new,g1m1_mid_load,1.0,58.0,100.0,0.98,1.02,57,59,14,500
2024-06-09,1.930668050063739,0.0001411054300471118,5.879392918629659,1.759577618141734,0.9214752936344242,G1M1_new,g1m1_mid_load,1.0,58.0,100.0,0.98,1.02,57,59,14,500
2024-06-10,1.930809155493786,0.0001411054300471118,5.879392918629659,1.759577618141734,0.9214752936344242,G1M1_new,g1m1_mid_load,1.0,58.0,100.0,0.98,1.02,57,59,14,500
2024-06-11,1.9309502609238332,0.0001411054300471118,5.879392918629659,1.759577618141734,0.9214752936344242,G1M1_new,g1m1_mid_load,1.0,58.0,100.0,0.98,1.02,57,59,14,500
2024-06-12,1.9310913663538805,0.0001411054300471118,5.879392918629659,1.759577618141734,0.9214752936344242,G1M1_new,g1m1_mid_load,1.0,58.0,100.0,0.98,1.02,57,59,14,500
2024-06-13,1.9312324717839275,0.0001411054300471118,5.879392918629659,1.759577618141734,0.9214752936344242,G1M1_new,g1m1_mid_load,1.0,58.0,100.0,0.98,1.02,57,59,14,500
2024-06-14,1.9313735772139746,0.0001411054300471118,5.879392918629659,1.759577618141734,0.9214752936344242,G1M1_new,g1m1_mid_load,1.0,58.0,100.0,0.98,1.02,57,59,14,500
2024-06-15,1.9315146826440217,0.0001411054300471118,5.879392918629659,1.759577618141734,0.9214752936344242,G1M1_new,g1m1_mid_load,1.0,58.0,100.0,0.98,1.02,57,59,14,500
2024-06-16,1.9316557880740688,0.0001411054300471118,5.879392918629659,1.759577618141734,0.9214752936344242,G1M1_new,g1m1_mid_load,1.0,58.0,100.0,0.98,1.02,57,59,14,500
2024-06-17,1.9317968935041159,0.0001411054300471118,5.879392918629659,1.759577618141734,0.9214752936344242,G1M1_new,g1m1_mid_load,1.0,58.0,100.0,0.98,1.02,57,59,14,500
2024-06-18,1.931937998934163,0.0001411054300471118,5.879392918629659,1.759577618141734,0.9214752936344242,G1M1_new,g1m1_mid_load,1.0,58.0,100.0,0.98,1.02,57,59,14,500
2024-06-19,1.93207910436421,0.0001411054300471118,5.879392918629659,1.759577618141734,0.9214752936344242,G1M1_new,g1m1_mid_load,1.0,58.0,100.0,0.98,1.02,57,59,14,500
2024-06-20,1.9322202097942571,0.0001411054300471118,5.879392918629659,1.759577618141734,0.9214752936344242,G1M1_new,g1m1_mid_load,1.0,58.0,100.0,0.98,1.02,57,59,14,500
2024-06-21,1.9323613152243044,0.0001411054300471118,5.879392918629659,1.759577618141734,0.9214752936344242,G1M1_new,g1m1_mid_load,1.0,58.0,100.0,0.98,1.02,57,59,14,500
2024-06-22,1.9325024206543515,0.0001411054300471118,5.879392918629659,1.759577618141734,0.9214752936344242,G1M1_new,g1m1_mid_load,1.0,58.0,100.0,0.98,1.02,57,59,14,500
2024-06-23,1.9326435260843986,0.0001411054300471118,5.879392918629659,1.759577618141734,0.9214752936344242,G1M1_new,g1m1_mid_load,1.0,58.0,100.0,0.98,1.02,57,59,14,500
2024-06-24,1.9327846315144457,0.0001411054300471118,5.879392918629659,1.759577618141734,0.9214752936344242,G1M1_new,g1m1_mid_load,1.0,58.0,100.0,0.98,1.02,57,59,14,500
2024-06-25,1.9329257369444928,0.0001411054300471118,5.879392918629659,1.759577618141734,0.9214752936344242,G1M1_new,g1m1_mid_load,1.0,58.0,100.0,0.98,1.02,57,59,14,500
2024-06-26,1.9330668423745399,0.0001411054300471118,5.879392918629659,1.759577618141734,0.9214752936344242,G1M1_new,g1m1_mid_load,1.0,58.0,100.0,0.98,1.02,57,59,14,500
2024-06-27,1.933207947804587,0.0001411054300471118,5.879392918629659,1.759577618141734,0.9214752936344242,G1M1_new,g1m1_mid_load,1.0,58.0,100.0,0.98,1.02,57,59,14,500
2024-06-28,1.9333490532346342,0.0001411054300471118,5.879392918629659,1.759577618141734,0.9214752936344242,G1M1_new,g1m1_mid_load,1.0,58.0,100.0,0.98,1.02,57,59,14,500
2024-06-29,1.9334901586646813,0.0001411054300471118,5.879392918629659,1.759577618141734,0.9214752936344242,G1M1_new,g1m1_mid_load,1.0,58.0,100.0,0.98,1.02,57,59,14,500
2024-06-30,1.9336312640947284,0.0001411054300471118,5.879392918629659,1.759577618141734,0.9214752936344242,G1M1_new,g1m1_mid_load,1.0,58.0,100.0,0.98,1.02,57,59,14,500
2024-07-01,1.9337723695247755,0.0001411054300471118,5.879392918629659,1.759577618141734,0.9214752936344242,G1M1_new,g1m1_mid_load,1.0,58.0,100.0,0.98,1.02,57,59,14,500
2024-07-02,1.9339134749548226,0.0001411054300471118,5.879392918629659,1.759577618141734,0.9214752936344242,G1M1_new,g1m1_mid_load,1.0,58.0,100.0,0.98,1.02,57,59,14,500
2024-07-03,1.9340545803848697,0.0001411054300471118,5.879392918629659,1.759577618141734,0.9214752936344242,G1M1_new,g1m1_mid_load,1.0,58.0,100.0,0.98,1.02,57,59,14,500
2024-07-04,1.9341956858149167,0.0001411054300471118,5.879392918629659,1.759577618141734,0.9214752936344242,G1M1_new,g1m1_mid_load,1.0,58.0,100.0,0.98,1.02,57,59,14,500
2024-07-05,1.9343367912449638,0.0001411054300471118,5.879392918629659,1.759577618141734,0.9214752936344242,G1M1_new,g1m1_mid_load,1.0,58.0,100.0,0.98,1.02,57,59,14,500
2024-07-06,1.934477896675011,0.0001411054300471118,5.879392918629659,1.759577618141734,0.9214752936344242,G1M1_new,g1m1_mid_load,1.0,58.0,100.0,0.98,1.02,57,59,14,500
2024-07-07,1.9346190021050582,0.0001411054300471118,5.879392918629659,1.759577618141734,0.9214752936344242,G1M1_new,g1m1_mid_load,1.0,58.0,100.0,0.98,1.02,57,59,14,500
2024-07-08,1.9347601075351053,0.0001411054300471118,5.879392918629659,1.759577618141734,0.9214752936344242,G1M1_new,g1m1_mid_load,1.0,58.0,100.0,0.98,1.02,57,59,14,500
2024-07-09,1.9349012129651524,0.0001411054300471118,5.879392918629659,1.759577618141734,0.9214752936344242,G1M1_new,g1m1_mid_load,1.0,58.0,100.0,0.98,1.02,57,59,14,500
2024-07-10,1.9350423183951995,0.0001411054300471118,5.879392918629659,1.759577618141734,0.9214752936344242,G1M1_new,g1m1_mid_load,1.0,58.0,100.0,0.98,1.02,57,59,14,500
2024-07-11,1.9351834238252466,0.0001411054300471118,5.879392918629659,1.759577618141734,0.9214752936344242,G1M1_new,g1m1_mid_load,1.0,58.0,100.0,0.98,1.02,57,59,14,500
2024-07-12,1.9353245292552936,0.0001411054300471118,5.879392918629659,1.759577618141734,0.9214752936344242,G1M1_new,g1m1_mid_load,1.0,58.0,100.0,0.98,1.02,57,59,14,500
2024-07-13,1.935465634685341,0.0001411054300471118,5.879392918629659,1.759577618141734,0.9214752936344242,G1M1_new,g1m1_mid_load,1.0,58.0,100.0,0.98,1.02,57,59,14,500
2024-07-14,1.935606740115388,0.0001411054300471118,5.879392918629659,1.759577618141734,0.9214752936344242,G1M1_new,g1m1_mid_load,1.0,58.0,100.0,0.98,1.02,57,59,14,500
2024-07-15,1.935747845545435,0.0001411054300471118,5.879392918629659,1.759577618141734,0.9214752936344242,G1M1_new,g1m1_mid_load,1.0,58.0,100.0,0.98,1.02,57,59,14,500
2024-07-16,1.9358889509754822,0.0001411054300471118,5.879392918629659,1.759577618141734,0.9214752936344242,G1M1_new,g1m1_mid_load,1.0,58.0,100.0,0.98,1.02,57,59,14,500
2024-07-17,1.9360300564055293,0.0001411054300471118,5.879392918629659,1.759577618141734,0.9214752936344242,G1M1_new,g1m1_mid_load,1.0,58.0,100.0,0.98,1.02,57,59,14,500
2024-07-18,1.9361711618355764,0.0001411054300471118,5.879392918629659,1.759577618141734,0.9214752936344242,G1M1_new,g1m1_mid_load,1.0,58.0,100.0,0.98,1.02,57,59,14,500
2024-07-19,1.9363122672656234,0.0001411054300471118,5.879392918629659,1.759577618141734,0.9214752936344242,G1M1_new,g1m1_mid_load,1.0,58.0,100.0,0.98,1.02,57,59,14,500
2024-07-20,1.9364533726956705,0.0001411054300471118,5.879392918629659,1.759577618141734,0.9214752936344242,G1M1_new,g1m1_mid_load,1.0,58.0,100.0,0.98,1.02,57,59,14,500
2024-07-21,1.9365944781257176,0.0001411054300471118,5.879392918629659,1.759577618141734,0.9214752936344242,G1M1_new,g1m1_mid_load,1.0,58.0,100.0,0.98,1.02,57,59,14,500
2024-07-22,1.936735583555765,0.0001411054300471118,5.879392918629659,1.759577618141734,0.9214752936344242,G1M1_new,g1m1_mid_load,1.0,58.0,100.0,0.98,1.02,57,59,14,500
2024-07-23,1.936876688985812,0.0001411054300471118,5.879392918629659,1.759577618141734,0.9214752936344242,G1M1_new,g1m1_mid_load,1.0,58.0,100.0,0.98,1.02,57,59,14,500
2024-07-24,1.937017794415859,0.0001411054300471118,5.879392918629659,1.759577618141734,0.9214752936344242,G1M1_new,g1m1_mid_load,1.0,58.0,100.0,0.98,1.02,57,59,14,500
2024-07-25,1.9371588998459062,0.0001411054300471118,5.879392918629659,1.759577618141734,0.9214752936344242,G1M1_new,g1m1_mid_load,1.0,58.0,100.0,0.98,1.02,57,59,14,500
2024-07-26,1.9373000052759533,0.0001411054300471118,5.879392918629659,1.759577618141734,0.9214752936344242,G1M1_new,g1m1_mid_load,1.0,58.0,100.0,0.98,1.02,57,59,14,500
2024-07-27,1.9374411107060003,0.0001411054300471118,5.879392918629659,1.759577618141734,0.9214752936344242,G1M1_new,g1m1_mid_load,1.0,58.0,100.0,0.98,1.02,57,59,14,500
2024-07-28,1.9375822161360474,0.0001411054300471118,5.879392918629659,1.759577618141734,0.9214752936344242,G1M1_new,g1m1_mid_load,1.0,58.0,100.0,0.98,1.02,57,59,14,500
2024-07-29,1.9377233215660947,0.0001411054300471118,5.879392918629659,1.759577618141734,0.9214752936344242,G1M1_new,g1m1_mid_load,1.0,58.0,100.0,0.98,1.02,57,59,14,500
2024-07-30,1.9378644269961418,0.0001411054300471118,5.879392918629659,1.759577618141734,0.9214752936344242,G1M1_new,g1m1_mid_load,1.0,58.0,100.0,0.98,1.02,57,59,14,500
2024-07-31,1.938005532426189,0.0001411054300471118,5.879392918629659,1.759577618141734,0.9214752936344242,G1M1_new,g1m1_mid_load,1.0,58.0,100.0,0.98,1.02,57,59,14,500
2024-08-01,1.938146637856236,0.0001411054300471118,5.879392918629659,1.759577618141734,0.9214752936344242,G1M1_new,g1m1_mid_load,1.0,58.0,100.0,0.98,1.02,57,59,14,500
2024-08-02,1.938287743286283,0.0001411054300471118,5.879392918629659,1.759577618141734,0.9214752936344242,G1M1_new,g1m1_mid_load,1.0,58.0,100.0,0.98,1.02,57,59,14,500
2024-08-03,1.9384288487163301,0.0001411054300471118,5.879392918629659,1.759577618141734,0.9214752936344242,G1M1_new,g1m1_mid_load,1.0,58.0,100.0,0.98,1.02,57,59,14,500
2024-08-04,1.9385699541463772,0.0001411054300471118,5.879392918629659,1.759577618141734,0.9214752936344242,G1M1_new,g1m1_mid_load,1.0,58.0,100.0,0.98,1.02,57,59,14,500
2024-08-05,1.9387110595764243,0.0001411054300471118,5.879392918629659,1.759577618141734,0.9214752936344242,G1M1_new,g1m1_mid_load,1.0,58.0,100.0,0.98,1.02,57,59,14,500
2024-08-06,1.9388521650064714,0.0001411054300471118,5.879392918629659,1.759577618141734,0.9214752936344242,G1M1_new,g1m1_mid_load,1.0,58.0,100.0,0.98,1.02,57,59,14,500
2024-08-07,1.9389932704365187,0.0001411054300471118,5.879392918629659,1.759577618141734,0.9214752936344242,G1M1_new,g1m1_mid_load,1.0,58.0,100.0,0.98,1.02,57,59,14,500
2024-08-08,1.9391343758665658,0.0001411054300471118,5.879392918629659,1.759577618141734,0.9214752936344242,G1M1_new,g1m1_mid_load,1.0,58.0,100.0,0.98,1.02,57,59,14,500
2024-08-09,1.9392754812966129,0.0001411054300471118,5.879392918629659,1.759577618141734,0.9214752936344242,G1M1_new,g1m1_mid_load,1.0,58.0,100.0,0.98,1.02,57,59,14,500
2024-08-10,1.93941658672666,0.0001411054300471118,5.879392918629659,1.759577618141734,0.9214752936344242,G1M1_new,g1m1_mid_load,1.0,58.0,100.0,0.98,1.02,57,59,14,500
2024-08-11,1.939557692156707,0.0001411054300471118,5.879392918629659,1.759577618141734,0.9214752936344242,G1M1_new,g1m1_mid_load,1.0,58.0,100.0,0.98,1.02,57,59,14,500
2024-08-12,1.9396987975867541,0.0001411054300471118,5.879392918629659,1.759577618141734,0.9214752936344242,G1M1_new,g1m1_mid_load,1.0,58.0,100.0,0.98,1.02,57,59,14,500
2024-08-13,1.9398399030168012,0.0001411054300471118,5.879392918629659,1.759577618141734,0.9214752936344242,G1M1_new,g1m1_mid_load,1.0,58.0,100.0,0.98,1.02,57,59,14,500
2024-08-14,1.9399810084468485,0.0001411054300471118,5.879392918629659,1.759577618141734,0.9214752936344242,G1M1_new,g1m1_mid_load,1.0,58.0,100.0,0.98,1.02,57,59,14,500
2024-08-15,1.9401221138768956,0.0001411054300471118,5.879392918629659,1.759577618141734,0.9214752936344242,G1M1_new,g1m1_mid_load,1.0,58.0,100.0,0.98,1.02,57,59,14,500
2024-08-16,1.9402632193069427,0.0001411054300471118,5.879392918629659,1.759577618141734,0.9214752936344242,G1M1_new,g1m1_mid_load,1.0,58.0,100.0,0.98,1.02,57,59,14,500
2024-08-17,1.9404043247369898,0.0001411054300471118,5.879392918629659,1.759577618141734,0.9214752936344242,G1M1_new,g1m1_mid_load,1.0,58.0,100.0,0.98,1.02,57,59,14,500
2024-08-18,1.9405454301670368,0.0001411054300471118,5.879392918629659,1.759577618141734,0.9214752936344242,G1M1_new,g1m1_mid_load,1.0,58.0,100.0,0.98,1.02,57,59,14,500
2024-08-19,1.940686535597084,0.0001411054300471118,5.879392918629659,1.759577618141734,0.9214752936344242,G1M1_new,g1m1_mid_load,1.0,58.0,100.0,0.98,1.02,57,59,14,500
2024-08-20,1.940827641027131,0.0001411054300471118,5.879392918629659,1.759577618141734,0.9214752936344242,G1M1_new,g1m1_mid_load,1.0,58.0,100.0,0.98,1.02,57,59,14,500
2024-08-21,1.940968746457178,0.0001411054300471118,5.879392918629659,1.759577618141734,0.9214752936344242,G1M1_new,g1m1_mid_load,1.0,58.0,100.0,0.98,1.02,57,59,14,500
2024-08-22,1.9411098518872252,0.0001411054300471118,5.879392918629659,1.759577618141734,0.9214752936344242,G1M1_new,g1m1_mid_load,1.0,58.0,100.0,0.98,1.02,57,59,14,500
2024-08-23,1.9412509573172725,0.0001411054300471118,5.879392918629659,1.759577618141734,0.9214752936344242,G1M1_new,g1m1_mid_load,1.0,58.0,100.0,0.98,1.02,57,59,14,500
2024-08-24,1.9413920627473196,0.0001411054300471118,5.879392918629659,1.759577618141734,0.9214752936344242,G1M1_new,g1m1_mid_load,1.0,58.0,100.0,0.98,1.02,57,59,14,500
2024-08-25,1.9415331681773667,0.0001411054300471118,5.879392918629659,1.759577618141734,0.9214752936344242,G1M1_new,g1m1_mid_load,1.0,58.0,100.0,0.98,1.02,57,59,14,500
2024-08-26,1.9416742736074137,0.0001411054300471118,5.879392918629659,1.759577618141734,0.9214752936344242,G1M1_new,g1m1_mid_load,1.0,58.0,100.0,0.98,1.02,57,59,14,500
2024-08-27,1.9418153790374608,0.0001411054300471118,5.879392918629659,1.759577618141734,0.9214752936344242,G1M1_new,g1m1_mid_load,1.0,58.0,100.0,0.98,1.02,57,59,14,500
2024-08-28,1.941956484467508,0.0001411054300471118,5.879392918629659,1.759577618141734,0.9214752936344242,G1M1_new,g1m1_mid_load,1.0,58.0,100.0,0.98,1.02,57,59,14,500
2024-08-29,1.942097589897555,0.0001411054300471118,5.879392918629659,1.759577618141734,0.9214752936344242,G1M1_new,g1m1_mid_load,1.0,58.0,100.0,0.98,1.02,57,59,14,500
2024-08-30,1.9422386953276023,0.0001411054300471118,5.879392918629659,1.759577618141734,0.9214752936344242,G1M1_new,g1m1_mid_load,1.0,58.0,100.0,0.98,1.02,57,59,14,500
2024-08-31,1.9423798007576494,0.0001411054300471118,5.879392918629659,1.759577618141734,0.9214752936344242,G1M1_new,g1m1_mid_load,1.0,58.0,100.0,0.98,1.02,57,59,14,500
2024-09-01,1.9425209061876965,0.0001411054300471118,5.879392918629659,1.759577618141734,0.9214752936344242,G1M1_new,g1m1_mid_load,1.0,58.0,100.0,0.98,1.02,57,59,14,500
2024-09-02,1.9426620116177435,0.0001411054300471118,5.879392918629659,1.759577618141734,0.9214752936344242,G1M1_new,g1m1_mid_load,1.0,58.0,100.0,0.98,1.02,57,59,14,500
2024-09-03,1.9428031170477906,0.0001411054300471118,5.879392918629659,1.759577618141734,0.9214752936344242,G1M1_new,g1m1_mid_load,1.0,58.0,100.0,0.98,1.02,57,59,14,500
2024-09-04,1.9429442224778377,0.0001411054300471118,5.879392918629659,1.759577618141734,0.9214752936344242,G1M1_new,g1m1_mid_load,1.0,58.0,100.0,0.98,1.02,57,59,14,500
2024-09-05,1.9430853279078848,0.0001411054300471118,5.879392918629659,1.759577618141734,0.9214752936344242,G1M1_new,g1m1_mid_load,1.0,58.0,100.0,0.98,1.02,57,59,14,500
2024-09-06,1.9432264333379319,0.0001411054300471118,5.879392918629659,1.759577618141734,0.9214752936344242,G1M1_new,g1m1_mid_load,1.0,58.0,100.0,0.98,1.02,57,59,14,500
2024-09-07,1.943367538767979,0.0001411054300471118,5.879392918629659,1.759577618141734,0.9214752936344242,G1M1_new,g1m1_mid_load,1.0,58.0,100.0,0.98,1.02,57,59,14,500
2024-09-08,1.9435086441980263,0.0001411054300471118,5.879392918629659,1.759577618141734,0.9214752936344242,G1M1_new,g1m1_mid_load,1.0,58.0,100.0,0.98,1.02,57,59,14,500
2024-09-09,1.9436497496280734,0.0001411054300471118,5.879392918629659,1.759577618141734,0.9214752936344242,G1M1_new,g1m1_mid_load,1.0,58.0,100.0,0.98,1.02,57,59,14,500
2024-09-10,1.9437908550581204,0.0001411054300471118,5.879392918629659,1.759577618141734,0.9214752936344242,G1M1_new,g1m1_mid_load,1.0,58.0,100.0,0.98,1.02,57,59,14,500
2024-09-11,1.9439319604881675,0.0001411054300471118,5.879392918629659,1.759577618141734,0.9214752936344242,G1M1_new,g1m1_mid_load,1.0,58.0,100.0,0.98,1.02,57,59,14,500
2024-09-12,1.9440730659182146,0.0001411054300471118,5.879392918629659,1.759577618141734,0.9214752936344242,G1M1_new,g1m1_mid_load,1.0,58.0,100.0,0.98,1.02,57,59,14,500
2024-09-13,1.9442141713482617,0.0001411054300471118,5.879392918629659,1.759577618141734,0.9214752936344242,G1M1_new,g1m1_mid_load,1.0,58.0,100.0,0.98,1.02,57,59,14,500
2024-09-14,1.9443552767783088,0.0001411054300471118,5.879392918629659,1.759577618141734,0.9214752936344242,G1M1_new,g1m1_mid_load,1.0,58.0,100.0,0.98,1.02,57,59,14,500
2024-09-15,1.944496382208356,0.0001411054300471118,5.879392918629659,1.759577618141734,0.9214752936344242,G1M1_new,g1m1_mid_load,1.0,58.0,100.0,0.98,1.02,57,59,14,500
2024-09-16,1.9446374876384032,0.0001411054300471118,5.879392918629659,1.759577618141734,0.9214752936344242,G1M1_new,g1m1_mid_load,1.0,58.0,100.0,0.98,1.02,57,59,14,500
2024-09-17,1.9447785930684502,0.0001411054300471118,5.879392918629659,1.759577618141734,0.9214752936344242,G1M1_new,g1m1_mid_load,1.0,58.0,100.0,0.98,1.02,57,59,14,500
2024-09-18,1.9449196984984973,0.0001411054300471118,5.879392918629659,1.759577618141734,0.9214752936344242,G1M1_new,g1m1_mid_load,1.0,58.0,100.0,0.98,1.02,57,59,14,500
2024-09-19,1.9450608039285444,0.0001411054300471118,5.879392918629659,1.759577618141734,0.9214752936344242,G1M1_new,g1m1_mid_load,1.0,58.0,100.0,0.98,1.02,57,59,14,500
2024-09-20,1.9452019093585915,0.0001411054300471118,5.879392918629659,1.759577618141734,0.9214752936344242,G1M1_new,g1m1_mid_load,1.0,58.0,100.0,0.98,1.02,57,59,14,500
2024-09-21,1.9453430147886386,0.0001411054300471118,5.879392918629659,1.759577618141734,0.9214752936344242,G1M1_new,g1m1_mid_load,1.0,58.0,100.0,0.98,1.02,57,59,14,500
2024-09-22,1.9454841202186857,0.0001411054300471118,5.879392918629659,1.759577618141734,0.9214752936344242,G1M1_new,g1m1_mid_load,1.0,58.0,100.0,0.98,1.02,57,59,14,500
2024-09-23,1.9456252256487327,0.0001411054300471118,5.879392918629659,1.759577618141734,0.9214752936344242,G1M1_new,g1m1_mid_load,1.0,58.0,100.0,0.98,1.02,57,59,14,500
2024-09-24,1.94576633107878,0.0001411054300471118,5.879392918629659,1.759577618141734,0.9214752936344242,G1M1_new,g1m1_mid_load,1.0,58.0,100.0,0.98,1.02,57,59,14,500
2024-09-25,1.9459074365088271,0.0001411054300471118,5.879392918629659,1.759577618141734,0.9214752936344242,G1M1_new,g1m1_mid_load,1.0,58.0,100.0,0.98,1.02,57,59,14,500
2024-09-26,1.9460485419388742,0.0001411054300471118,5.879392918629659,1.759577618141734,0.9214752936344242,G1M1_new,g1m1_mid_load,1.0,58.0,100.0,0.98,1.02,57,59,14,500
2024-09-27,1.9461896473689213,0.0001411054300471118,5.879392918629659,1.759577618141734,0.9214752936344242,G1M1_new,g1m1_mid_load,1.0,58.0,100.0,0.98,1.02,57,59,14,500
2024-09-28,1.9463307527989684,0.0001411054300471118,5.879392918629659,1.759577618141734,0.9214752936344242,G1M1_new,g1m1_mid_load,1.0,58.0,100.0,0.98,1.02,57,59,14,500
2024-09-29,1.9464718582290155,0.0001411054300471118,5.879392918629659,1.759577618141734,0.9214752936344242,G1M1_new,g1m1_mid_load,1.0,58.0,100.0,0.98,1.02,57,59,14,500
2024-09-30,1.9466129636590626,0.0001411054300471118,5.879392918629659,1.759577618141734,0.9214752936344242,G1M1_new,g1m1_mid_load,1.0,58.0,100.0,0.98,1.02,57,59,14,500
2024-10-01,1.9467540690891099,0.0001411054300471118,5.879392918629659,1.759577618141734,0.9214752936344242,G1M1_new,g1m1_mid_load,1.0,58.0,100.0,0.98,1.02,57,59,14,500
2024-10-02,1.946895174519157,0.0001411054300471118,5.879392918629659,1.759577618141734,0.9214752936344242,G1M1_new,g1m1_mid_load,1.0,58.0,100.0,0.98,1.02,57,59,14,500
2024-10-03,1.947036279949204,0.0001411054300471118,5.879392918629659,1.759577618141734,0.9214752936344242,G1M1_new,g1m1_mid_load,1.0,58.0,100.0,0.98,1.02,57,59,14,500
2024-10-04,1.9471773853792511,0.0001411054300471118,5.879392918629659,1.759577618141734,0.9214752936344242,G1M1_new,g1m1_mid_load,1.0,58.0,100.0,0.98,1.02,57,59,14,500
2024-10-05,1.9473184908092982,0.0001411054300471118,5.879392918629659,1.759577618141734,0.9214752936344242,G1M1_new,g1m1_mid_load,1.0,58.0,100.0,0.98,1.02,57,59,14,500
2024-10-06,1.9474595962393453,0.0001411054300471118,5.879392918629659,1.759577618141734,0.9214752936344242,G1M1_new,g1m1_mid_load,1.0,58.0,100.0,0.98,1.02,57,59,14,500
2024-10-07,1.9476007016693924,0.0001411054300471118,5.879392918629659,1.759577618141734,0.9214752936344242,G1M1_new,g1m1_mid_load,1.0,58.0,100.0,0.98,1.02,57,59,14,500
2024-10-08,1.9477418070994394,0.0001411054300471118,5.879392918629659,1.759577618141734,0.9214752936344242,G1M1_new,g1m1_mid_load,1.0,58.0,100.0,0.98,1.02,57,59,14,500
2024-10-09,1.9478829125294865,0.0001411054300471118,5.879392918629659,1.759577618141734,0.9214752936344242,G1M1_new,g1m1_mid_load,1.0,58.0,100.0,0.98,1.02,57,59,14,500
2024-10-10,1.9480240179595338,0.0001411054300471118,5.879392918629659,1.759577618141734,0.9214752936344242,G1M1_new,g1m1_mid_load,1.0,58.0,100.0,0.98,1.02,57,59,14,500
2024-10-11,1.948165123389581,0.0001411054300471118,5.879392918629659,1.759577618141734,0.9214752936344242,G1M1_new,g1m1_mid_load,1.0,58.0,100.0,0.98,1.02,57,59,14,500
2024-10-12,1.948306228819628,0.0001411054300471118,5.879392918629659,1.759577618141734,0.9214752936344242,G1M1_new,g1m1_mid_load,1.0,58.0,100.0,0.98,1.02,57,59,14,500
2024-10-13,1.948447334249675,0.0001411054300471118,5.879392918629659,1.759577618141734,0.9214752936344242,G1M1_new,g1m1_mid_load,1.0,58.0,100.0,0.98,1.02,57,59,14,500
2024-10-14,1.9485884396797222,0.0001411054300471118,5.879392918629659,1.759577618141734,0.9214752936344242,G1M1_new,g1m1_mid_load,1.0,58.0,100.0,0.98,1.02,57,59,14,500
2024-10-15,1.9487295451097693,0.0001411054300471118,5.879392918629659,1.759577618141734,0.9214752936344242,G1M1_new,g1m1_mid_load,1.0,58.0,100.0,0.98,1.02,57,59,14,500
2024-10-16,1.9488706505398166,0.0001411054300471118,5.879392918629659,1.759577618141734,0.9214752936344242,G1M1_new,g1m1_mid_load,1.0,58.0,100.0,0.98,1.02,57,59,14,500
2024-10-17,1.9490117559698636,0.0001411054300471118,5.879392918629659,1.759577618141734,0.9214752936344242,G1M1_new,g1m1_mid_load,1.0,58.0,100.0,0.98,1.02,57,59,14,500
2024-10-18,1.9491528613999107,0.0001411054300471118,5.879392918629659,1.759577618141734,0.9214752936344242,G1M1_new,g1m1_mid_load,1.0,58.0,100.0,0.98,1.02,57,59,14,500
2024-10-19,1.9492939668299578,0.0001411054300471118,5.879392918629659,1.759577618141734,0.9214752936344242,G1M1_new,g1m1_mid_load,1.0,58.0,100.0,0.98,1.02,57,59,14,500
2024-10-20,1.949435072260005,0.0001411054300471118,5.879392918629659,1.759577618141734,0.9214752936344242,G1M1_new,g1m1_mid_load,1.0,58.0,100.0,0.98,1.02,57,59,14,500
2024-10-21,1.949576177690052,0.0001411054300471118,5.879392918629659,1.759577618141734,0.9214752936344242,G1M1_new,g1m1_mid_load,1.0,58.0,100.0,0.98,1.02,57,59,14,500
2024-10-22,1.949717283120099,0.0001411054300471118,5.879392918629659,1.759577618141734,0.9214752936344242,G1M1_new,g1m1_mid_load,1.0,58.0,100.0,0.98,1.02,57,59,14,500
2024-10-23,1.9498583885501461,0.0001411054300471118,5.879392918629659,1.759577618141734,0.9214752936344242,G1M1_new,g1m1_mid_load,1.0,58.0,100.0,0.98,1.02,57,59,14,500
2024-10-24,1.9499994939801932,0.0001411054300471118,5.879392918629659,1.759577618141734,0.9214752936344242,G1M1_new,g1m1_mid_load,1.0,58.0,100.0,0.98,1.02,57,59,14,500
2024-10-25,1.9501405994102405,0.0001411054300471118,5.879392918629659,1.759577618141734,0.9214752936344242,G1M1_new,g1m1_mid_load,1.0,58.0,100.0,0.98,1.02,57,59,14,500
2024-10-26,1.9502817048402876,0.0001411054300471118,5.879392918629659,1.759577618141734,0.9214752936344242,G1M1_new,g1m1_mid_load,1.0,58.0,100.0,0.98,1.02,57,59,14,500
2024-10-27,1.9504228102703347,0.0001411054300471118,5.879392918629659,1.759577618141734,0.9214752936344242,G1M1_new,g1m1_mid_load,1.0,58.0,100.0,0.98,1.02,57,59,14,500
2024-10-28,1.9505639157003818,0.0001411054300471118,5.879392918629659,1.759577618141734,0.9214752936344242,G1M1_new,g1m1_mid_load,1.0,58.0,100.0,0.98,1.02,57,59,14,500
2024-10-29,1.9507050211304289,0.0001411054300471118,5.879392918629659,1.759577618141734,0.9214752936344242,G1M1_new,g1m1_mid_load,1.0,58.0,100.0,0.98,1.02,57,59,14,500
2024-10-30,1.950846126560476,0.0001411054300471118,5.879392918629659,1.759577618141734,0.9214752936344242,G1M1_new,g1m1_mid_load,1.0,58.0,100.0,0.98,1.02,57,59,14,500
2024-10-31,1.950987231990523,0.0001411054300471118,5.879392918629659,1.759577618141734,0.9214752936344242,G1M1_new,g1m1_mid_load,1.0,58.0,100.0,0.98,1.02,57,59,14,500
2024-11-01,1.9511283374205703,0.0001411054300471118,5.879392918629659,1.759577618141734,0.9214752936344242,G1M1_new,g1m1_mid_load,1.0,58.0,100.0,0.98,1.02,57,59,14,500
2024-11-02,1.9512694428506174,0.0001411054300471118,5.879392918629659,1.759577618141734,0.9214752936344242,G1M1_new,g1m1_mid_load,1.0,58.0,100.0,0.98,1.02,57,59,14,500
2024-11-03,1.9514105482806645,0.0001411054300471118,5.879392918629659,1.759577618141734,0.9214752936344242,G1M1_new,g1m1_mid_load,1.0,58.0,100.0,0.98,1.02,57,59,14,500
2024-11-04,1.9515516537107116,0.0001411054300471118,5.879392918629659,1.759577618141734,0.9214752936344242,G1M1_new,g1m1_mid_load,1.0,58.0,100.0,0.98,1.02,57,59,14,500
2024-11-05,1.9516927591407587,0.0001411054300471118,5.879392918629659,1.759577618141734,0.9214752936344242,G1M1_new,g1m1_mid_load,1.0,58.0,100.0,0.98,1.02,57,59,14,500
2024-11-06,1.9518338645708058,0.0001411054300471118,5.879392918629659,1.759577618141734,0.9214752936344242,G1M1_new,g1m1_mid_load,1.0,58.0,100.0,0.98,1.02,57,59,14,500
2024-11-07,1.9519749700008528,0.0001411054300471118,5.879392918629659,1.759577618141734,0.9214752936344242,G1M1_new,g1m1_mid_load,1.0,58.0,100.0,0.98,1.02,57,59,14,500
2024-11-08,1.9521160754309,0.0001411054300471118,5.879392918629659,1.759577618141734,0.9214752936344242,G1M1_new,g1m1_mid_load,1.0,58.0,100.0,0.98,1.02,57,59,14,500
2024-11-09,1.952257180860947,0.0001411054300471118,5.879392918629659,1.759577618141734,0.9214752936344242,G1M1_new,g1m1_mid_load,1.0,58.0,100.0,0.98,1.02,57,59,14,500
2024-11-10,1.9523982862909943,0.0001411054300471118,5.879392918629659,1.759577618141734,0.9214752936344242,G1M1_new,g1m1_mid_load,1.0,58.0,100.0,0.98,1.02,57,59,14,500
2024-11-11,1.9525393917210414,0.0001411054300471118,5.879392918629659,1.759577618141734,0.9214752936344242,G1M1_new,g1m1_mid_load,1.0,58.0,100.0,0.98,1.02,57,59,14,500
2024-11-12,1.9526804971510885,0.0001411054300471118,5.879392918629659,1.759577618141734,0.9214752936344242,G1M1_new,g1m1_mid_load,1.0,58.0,100.0,0.98,1.02,57,59,14,500
2024-11-13,1.9528216025811356,0.0001411054300471118,5.879392918629659,1.759577618141734,0.9214752936344242,G1M1_new,g1m1_mid_load,1.0,58.0,100.0,0.98,1.02,57,59,14,500
2024-11-14,1.9529627080111827,0.0001411054300471118,5.879392918629659,1.759577618141734,0.9214752936344242,G1M1_new,g1m1_mid_load,1.0,58.0,100.0,0.98,1.02,57,59,14,500
2024-11-15,1.9531038134412297,0.0001411054300471118,5.879392918629659,1.759577618141734,0.9214752936344242,G1M1_new,g1m1_mid_load,1.0,58.0,100.0,0.98,1.02,57,59,14,500
2024-11-16,1.9532449188712768,0.0001411054300471118,5.879392918629659,1.759577618141734,0.9214752936344242,G1M1_new,g1m1_mid_load,1.0,58.0,100.0,0.98,1.02,57,59,14,500
2024-11-17,1.9533860243013241,0.0001411054300471118,5.879392918629659,1.759577618141734,0.9214752936344242,G1M1_new,g1m1_mid_load,1.0,58.0,100.0,0.98,1.02,57,59,14,500
2024-11-18,1.9535271297313712,0.0001411054300471118,5.879392918629659,1.759577618141734,0.9214752936344242,G1M1_new,g1m1_mid_load,1.0,58.0,100.0,0.98,1.02,57,59,14,500
2024-11-19,1.9536682351614183,0.0001411054300471118,5.879392918629659,1.759577618141734,0.9214752936344242,G1M1_new,g1m1_mid_load,1.0,58.0,100.0,0.98,1.02,57,59,14,500
2024-11-20,1.9538093405914654,0.0001411054300471118,5.879392918629659,1.759577618141734,0.9214752936344242,G1M1_new,g1m1_mid_load,1.0,58.0,100.0,0.98,1.02,57,59,14,500
2024-11-21,1.9539504460215125,0.0001411054300471118,5.879392918629659,1.759577618141734,0.9214752936344242,G1M1_new,g1m1_mid_load,1.0,58.0,100.0,0.98,1.02,57,59,14,500
2024-11-22,1.9540915514515595,0.0001411054300471118,5.879392918629659,1.759577618141734,0.9214752936344242,G1M1_new,g1m1_mid_load,1.0,58.0,100.0,0.98,1.02,57,59,14,500
2024-11-23,1.9542326568816066,0.0001411054300471118,5.879392918629659,1.759577618141734,0.9214752936344242,G1M1_new,g1m1_mid_load,1.0,58.0,100.0,0.98,1.02,57,59,14,500
2024-11-24,1.9543737623116537,0.0001411054300471118,5.879392918629659,1.759577618141734,0.9214752936344242,G1M1_new,g1m1_mid_load,1.0,58.0,100.0,0.98,1.02,57,59,14,500
2024-11-25,1.9545148677417008,0.0001411054300471118,5.879392918629659,1.759577618141734,0.9214752936344242,G1M1_new,g1m1_mid_load,1.0,58.0,100.0,0.98,1.02,57,59,14,500
2024-11-26,1.954655973171748,0.0001411054300471118,5.879392918629659,1.759577618141734,0.9214752936344242,G1M1_new,g1m1_mid_load,1.0,58.0,100.0,0.98,1.02,57,59,14,500
2024-11-27,1.9547970786017952,0.0001411054300471118,5.879392918629659,1.759577618141734,0.9214752936344242,G1M1_new,g1m1_mid_load,1.0,58.0,100.0,0.98,1.02,57,59,14,500
2024-11-28,1.9549381840318423,0.0001411054300471118,5.879392918629659,1.759577618141734,0.9214752936344242,G1M1_new,g1m1_mid_load,1.0,58.0,100.0,0.98,1.02,57,59,14,500
2024-11-29,1.9550792894618894,0.0001411054300471118,5.879392918629659,1.759577618141734,0.9214752936344242,G1M1_new,g1m1_mid_load,1.0,58.0,100.0,0.98,1.02,57,59,14,500
2024-11-30,1.9552203948919364,0.0001411054300471118,5.879392918629659,1.759577618141734,0.9214752936344242,G1M1_new,g1m1_mid_load,1.0,58.0,100.0,0.98,1.02,57,59,14,500
2024-12-01,1.9553615003219835,0.0001411054300471118,5.879392918629659,1.759577618141734,0.9214752936344242,G1M1_new,g1m1_mid_load,1.0,58.0,100.0,0.98,1.02,57,59,14,500
2024-12-02,1.9555026057520306,0.0001411054300471118,5.879392918629659,1.759577618141734,0.9214752936344242,G1M1_new,g1m1_mid_load,1.0,58.0,100.0,0.98,1.02,57,59,14,500
2024-12-03,1.955643711182078,0.0001411054300471118,5.879392918629659,1.759577618141734,0.9214752936344242,G1M1_new,g1m1_mid_load,1.0,58.0,100.0,0.98,1.02,57,59,14,500
2024-12-04,1.955784816612125,0.0001411054300471118,5.879392918629659,1.759577618141734,0.9214752936344242,G1M1_new,g1m1_mid_load,1.0,58.0,100.0,0.98,1.02,57,59,14,500
2024-12-05,1.955925922042172,0.0001411054300471118,5.879392918629659,1.759577618141734,0.9214752936344242,G1M1_new,g1m1_mid_load,1.0,58.0,100.0,0.98,1.02,57,59,14,500
2024-12-06,1.9560670274722192,0.0001411054300471118,5.879392918629659,1.759577618141734,0.9214752936344242,G1M1_new,g1m1_mid_load,1.0,58.0,100.0,0.98,1.02,57,59,14,500
2024-12-07,1.9562081329022663,0.0001411054300471118,5.879392918629659,1.759577618141734,0.9214752936344242,G1M1_new,g1m1_mid_load,1.0,58.0,100.0,0.98,1.02,57,59,14,500
2024-12-08,1.9563492383323133,0.0001411054300471118,5.879392918629659,1.759577618141734,0.9214752936344242,G1M1_new,g1m1_mid_load,1.0,58.0,100.0,0.98,1.02,57,59,14,500
2024-12-09,1.9564903437623604,0.0001411054300471118,5.879392918629659,1.759577618141734,0.9214752936344242,G1M1_new,g1m1_mid_load,1.0,58.0,100.0,0.98,1.02,57,59,14,500
2024-12-10,1.9566314491924075,0.0001411054300471118,5.879392918629659,1.759577618141734,0.9214752936344242,G1M1_new,g1m1_mid_load,1.0,58.0,100.0,0.98,1.02,57,59,14,500
2024-12-11,1.9567725546224546,0.0001411054300471118,5.879392918629659,1.759577618141734,0.9214752936344242,G1M1_new,g1m1_mid_load,1.0,58.0,100.0,0.98,1.02,57,59,14,500
2024-12-12,1.956913660052502,0.0001411054300471118,5.879392918629659,1.759577618141734,0.9214752936344242,G1M1_new,g1m1_mid_load,1.0,58.0,100.0,0.98,1.02,57,59,14,500
2024-12-13,1.957054765482549,0.0001411054300471118,5.879392918629659,1.759577618141734,0.9214752936344242,G1M1_new,g1m1_mid_load,1.0,58.0,100.0,0.98,1.02,57,59,14,500
2024-12-14,1.957195870912596,0.0001411054300471118,5.879392918629659,1.759577618141734,0.9214752936344242,G1M1_new,g1m1_mid_load,1.0,58.0,100.0,0.98,1.02,57,59,14,500
2024-12-15,1.9573369763426431,0.0001411054300471118,5.879392918629659,1.759577618141734,0.9214752936344242,G1M1_new,g1m1_mid_load,1.0,58.0,100.0,0.98,1.02,57,59,14,500
2024-12-16,1.9574780817726902,0.0001411054300471118,5.879392918629659,1.759577618141734,0.9214752936344242,G1M1_new,g1m1_mid_load,1.0,58.0,100.0,0.98,1.02,57,59,14,500
2024-12-17,1.9576191872027373,0.0001411054300471118,5.879392918629659,1.759577618141734,0.9214752936344242,G1M1_new,g1m1_mid_load,1.0,58.0,100.0,0.98,1.02,57,59,14,500
2024-12-18,1.9577602926327844,0.0001411054300471118,5.879392918629659,1.759577618141734,0.9214752936344242,G1M1_new,g1m1_mid_load,1.0,58.0,100.0,0.98,1.02,57,59,14,500
2024-12-19,1.9579013980628317,0.0001411054300471118,5.879392918629659,1.759577618141734,0.9214752936344242,G1M1_new,g1m1_mid_load,1.0,58.0,100.0,0.98,1.02,57,59,14,500
2024-12-20,1.9580425034928788,0.0001411054300471118,5.879392918629659,1.759577618141734,0.9214752936344242,G1M1_new,g1m1_mid_load,1.0,58.0,100.0,0.98,1.02,57,59,14,500
2024-12-21,1.9581836089229259,0.0001411054300471118,5.879392918629659,1.759577618141734,0.9214752936344242,G1M1_new,g1m1_mid_load,1.0,58.0,100.0,0.98,1.02,57,59,14,500
2024-12-22,1.958324714352973,0.0001411054300471118,5.879392918629659,1.759577618141734,0.9214752936344242,G1M1_new,g1m1_mid_load,1.0,58.0,100.0,0.98,1.02,57,59,14,500
2024-12-23,1.95846581978302,0.0001411054300471118,5.879392918629659,1.759577618141734,0.9214752936344242,G1M1_new,g1m1_mid_load,1.0,58.0,100.0,0.98,1.02,57,59,14,500
2024-12-24,1.9586069252130671,0.0001411054300471118,5.879392918629659,1.759577618141734,0.9214752936344242,G1M1_new,g1m1_mid_load,1.0,58.0,100.0,0.98,1.02,57,59,14,500
2024-12-25,1.9587480306431142,0.0001411054300471118,5.879392918629659,1.759577618141734,0.9214752936344242,G1M1_new,g1m1_mid_load,1.0,58.0,100.0,0.98,1.02,57,59,14,500
2024-12-26,1.9588891360731613,0.0001411054300471118,5.879392918629659,1.759577618141734,0.9214752936344242,G1M1_new,g1m1_mid_load,1.0,58.0,100.0,0.98,1.02,57,59,14,500
2024-12-27,1.9590302415032084,0.0001411054300471118,5.879392918629659,1.759577618141734,0.9214752936344242,G1M1_new,g1m1_mid_load,1.0,58.0,100.0,0.98,1.02,57,59,14,500
2024-12-28,1.9591713469332557,0.0001411054300471118,5.879392918629659,1.759577618141734,0.9214752936344242,G1M1_new,g1m1_mid_load,1.0,58.0,100.0,0.98,1.02,57,59,14,500
2024-12-29,1.9593124523633028,0.0001411054300471118,5.879392918629659,1.759577618141734,0.9214752936344242,G1M1_new,g1m1_mid_load,1.0,58.0,100.0,0.98,1.02,57,59,14,500
2024-12-30,1.9594535577933498,0.0001411054300471118,5.879392918629659,1.759577618141734,0.9214752936344242,G1M1_new,g1m1_mid_load,1.0,58.0,100.0,0.98,1.02,57,59,14,500
2024-12-31,1.959594663223397,0.0001411054300471118,5.879392918629659,1.759577618141734,0.9214752936344242,G1M1_new,g1m1_mid_load,1.0,58.0,100.0,0.98,1.02,57,59,14,500
2025-01-01,1.959735768653444,0.0001411054300471118,5.879392918629659,1.759577618141734,0.9214752936344242,G1M1_new,g1m1_mid_load,1.0,58.0,100.0,0.98,1.02,57,59,14,500
2025-01-02,1.959876874083491,0.0001411054300471118,5.879392918629659,1.759577618141734,0.9214752936344242,G1M1_new,g1m1_mid_load,1.0,58.0,100.0,0.98,1.02,57,59,14,500
2025-01-03,1.9600179795135382,0.0001411054300471118,5.879392918629659,1.759577618141734,0.9214752936344242,G1M1_new,g1m1_mid_load,1.0,58.0,100.0,0.98,1.02,57,59,14,500
2025-01-04,1.9601590849435855,0.0001411054300471118,5.879392918629659,1.759577618141734,0.9214752936344242,G1M1_new,g1m1_mid_load,1.0,58.0,100.0,0.98,1.02,57,59,14,500
2025-01-05,1.9603001903736326,0.0001411054300471118,5.879392918629659,1.759577618141734,0.9214752936344242,G1M1_new,g1m1_mid_load,1.0,58.0,100.0,0.98,1.02,57,59,14,500
2025-01-06,1.9604412958036797,0.0001411054300471118,5.879392918629659,1.759577618141734,0.9214752936344242,G1M1_new,g1m1_mid_load,1.0,58.0,100.0,0.98,1.02,57,59,14,500
2025-01-07,1.9605824012337267,0.0001411054300471118,5.879392918629659,1.759577618141734,0.9214752936344242,G1M1_new,g1m1_mid_load,1.0,58.0,100.0,0.98,1.02,57,59,14,500
2025-01-08,1.9607235066637738,0.0001411054300471118,5.879392918629659,1.759577618141734,0.9214752936344242,G1M1_new,g1m1_mid_load,1.0,58.0,100.0,0.98,1.02,57,59,14,500
2025-01-09,1.960864612093821,0.0001411054300471118,5.879392918629659,1.759577618141734,0.9214752936344242,G1M1_new,g1m1_mid_load,1.0,58.0,100.0,0.98,1.02,57,59,14,500
2025-01-10,1.961005717523868,0.0001411054300471118,5.879392918629659,1.759577618141734,0.9214752936344242,G1M1_new,g1m1_mid_load,1.0,58.0,100.0,0.98,1.02,57,59,14,500
2025-01-11,1.961146822953915,0.0001411054300471118,5.879392918629659,1.759577618141734,0.9214752936344242,G1M1_new,g1m1_mid_load,1.0,58.0,100.0,0.98,1.02,57,59,14,500
2025-01-12,1.9612879283839622,0.0001411054300471118,5.879392918629659,1.759577618141734,0.9214752936344242,G1M1_new,g1m1_mid_load,1.0,58.0,100.0,0.98,1.02,57,59,14,500
2025-01-13,1.9614290338140095,0.0001411054300471118,5.879392918629659,1.759577618141734,0.9214752936344242,G1M1_new,g1m1_mid_load,1.0,58.0,100.0,0.98,1.02,57,59,14,500
2025-01-14,1.9615701392440565,0.0001411054300471118,5.879392918629659,1.759577618141734,0.9214752936344242,G1M1_new,g1m1_mid_load,1.0,58.0,100.0,0.98,1.02,57,59,14,500
2025-01-15,1.9617112446741036,0.0001411054300471118,5.879392918629659,1.759577618141734,0.9214752936344242,G1M1_new,g1m1_mid_load,1.0,58.0,100.0,0.98,1.02,57,59,14,500
2025-01-16,1.9618523501041507,0.0001411054300471118,5.879392918629659,1.759577618141734,0.9214752936344242,G1M1_new,g1m1_mid_load,1.0,58.0,100.0,0.98,1.02,57,59,14,500
2025-01-17,1.9619934555341978,0.0001411054300471118,5.879392918629659,1.759577618141734,0.9214752936344242,G1M1_new,g1m1_mid_load,1.0,58.0,100.0,0.98,1.02,57,59,14,500
2025-01-18,1.9621345609642449,0.0001411054300471118,5.879392918629659,1.759577618141734,0.9214752936344242,G1M1_new,g1m1_mid_load,1.0,58.0,100.0,0.98,1.02,57,59,14,500
2025-01-19,1.9622756663942922,0.0001411054300471118,5.879392918629659,1.759577618141734,0.9214752936344242,G1M1_new,g1m1_mid_load,1.0,58.0,100.0,0.98,1.02,57,59,14,500
2025-01-20,1.9624167718243393,0.0001411054300471118,5.879392918629659,1.759577618141734,0.9214752936344242,G1M1_new,g1m1_mid_load,1.0,58.0,100.0,0.98,1.02,57,59,14,500
2025-01-21,1.9625578772543864,0.0001411054300471118,5.879392918629659,1.759577618141734,0.9214752936344242,G1M1_new,g1m1_mid_load,1.0,58.0,100.0,0.98,1.02,57,59,14,500
2025-01-22,1.9626989826844334,0.0001411054300471118,5.879392918629659,1.759577618141734,0.9214752936344242,G1M1_new,g1m1_mid_load,1.0,58.0,100.0,0.98,1.02,57,59,14,500
2025-01-23,1.9628400881144805,0.0001411054300471118,5.879392918629659,1.759577618141734,0.9214752936344242,G1M1_new,g1m1_mid_load,1.0,58.0,100.0,0.98,1.02,57,59,14,500
2025-01-24,1.9629811935445276,0.0001411054300471118,5.879392918629659,1.759577618141734,0.9214752936344242,G1M1_new,g1m1_mid_load,1.0,58.0,100.0,0.98,1.02,57,59,14,500
2025-01-25,1.9631222989745747,0.0001411054300471118,5.879392918629659,1.759577618141734,0.9214752936344242,G1M1_new,g1m1_mid_load,1.0,58.0,100.0,0.98,1.02,57,59,14,500
2025-01-26,1.9632634044046218,0.0001411054300471118,5.879392918629659,1.759577618141734,0.9214752936344242,G1M1_new,g1m1_mid_load,1.0,58.0,100.0,0.98,1.02,57,59,14,500
2025-01-27,1.9634045098346689,0.0001411054300471118,5.879392918629659,1.759577618141734,0.9214752936344242,G1M1_new,g1m1_mid_load,1.0,58.0,100.0,0.98,1.02,57,59,14,500
2025-01-28,1.9635456152647162,0.0001411054300471118,5.879392918629659,1.759577618141734,0.9214752936344242,G1M1_new,g1m1_mid_load,1.0,58.0,100.0,0.98,1.02,57,59,14,500
2025-01-29,1.9636867206947632,0.0001411054300471118,5.879392918629659,1.759577618141734,0.9214752936344242,G1M1_new,g1m1_mid_load,1.0,58.0,100.0,0.98,1.02,57,59,14,500
2025-01-30,1.9638278261248103,0.0001411054300471118,5.879392918629659,1.759577618141734,0.9214752936344242,G1M1_new,g1m1_mid_load,1.0,58.0,100.0,0.98,1.02,57,59,14,500
2025-01-31,1.9639689315548574,0.0001411054300471118,5.879392918629659,1.759577618141734,0.9214752936344242,G1M1_new,g1m1_mid_load,1.0,58.0,100.0,0.98,1.02,57,59,14,500
2025-02-01,1.9641100369849045,0.0001411054300471118,5.879392918629659,1.759577618141734,0.9214752936344242,G1M1_new,g1m1_mid_load,1.0,58.0,100.0,0.98,1.02,57,59,14,500
2025-02-02,1.9642511424149516,0.0001411054300471118,5.879392918629659,1.759577618141734,0.9214752936344242,G1M1_new,g1m1_mid_load,1.0,58.0,100.0,0.98,1.02,57,59,14,500
2025-02-03,1.9643922478449987,0.0001411054300471118,5.879392918629659,1.759577618141734,0.9214752936344242,G1M1_new,g1m1_mid_load,1.0,58.0,100.0,0.98,1.02,57,59,14,500
2025-02-04,1.964533353275046,0.0001411054300471118,5.879392918629659,1.759577618141734,0.9214752936344242,G1M1_new,g1m1_mid_load,1.0,58.0,100.0,0.98,1.02,57,59,14,500
2025-02-05,1.964674458705093,0.0001411054300471118,5.879392918629659,1.759577618141734,0.9214752936344242,G1M1_new,g1m1_mid_load,1.0,58.0,100.0,0.98,1.02,57,59,14,500
2025-02-06,1.9648155641351401,0.0001411054300471118,5.879392918629659,1.759577618141734,0.9214752936344242,G1M1_new,g1m1_mid_load,1.0,58.0,100.0,0.98,1.02,57,59,14,500
2025-02-07,1.9649566695651872,0.0001411054300471118,5.879392918629659,1.759577618141734,0.9214752936344242,G1M1_new,g1m1_mid_load,1.0,58.0,100.0,0.98,1.02,57,59,14,500
2025-02-08,1.9650977749952343,0.0001411054300471118,5.879392918629659,1.759577618141734,0.9214752936344242,G1M1_new,g1m1_mid_load,1.0,58.0,100.0,0.98,1.02,57,59,14,500
2025-02-09,1.9652388804252814,0.0001411054300471118,5.879392918629659,1.759577618141734,0.9214752936344242,G1M1_new,g1m1_mid_load,1.0,58.0,100.0,0.98,1.02,57,59,14,500
2025-02-10,1.9653799858553285,0.0001411054300471118,5.879392918629659,1.759577618141734,0.9214752936344242,G1M1_new,g1m1_mid_load,1.0,58.0,100.0,0.98,1.02,57,59,14,500
2025-02-11,1.9655210912853756,0.0001411054300471118,5.879392918629659,1.759577618141734,0.9214752936344242,G1M1_new,g1m1_mid_load,1.0,58.0,100.0,0.98,1.02,57,59,14,500
2025-02-12,1.9656621967154226,0.0001411054300471118,5.879392918629659,1.759577618141734,0.9214752936344242,G1M1_new,g1m1_mid_load,1.0,58.0,100.0,0.98,1.02,57,59,14,500
2025-02-13,1.96580330214547,0.0001411054300471118,5.879392918629659,1.759577618141734,0.9214752936344242,G1M1_new,g1m1_mid_load,1.0,58.0,100.0,0.98,1.02,57,59,14,500
2025-02-14,1.965944407575517,0.0001411054300471118,5.879392918629659,1.759577618141734,0.9214752936344242,G1M1_new,g1m1_mid_load,1.0,58.0,100.0,0.98,1.02,57,59,14,500
2025-02-15,1.9660855130055641,0.0001411054300471118,5.879392918629659,1.759577618141734,0.9214752936344242,G1M1_new,g1m1_mid_load,1.0,58.0,100.0,0.98,1.02,57,59,14,500
2025-02-16,1.9662266184356112,0.0001411054300471118,5.879392918629659,1.759577618141734,0.9214752936344242,G1M1_new,g1m1_mid_load,1.0,58.0,100.0,0.98,1.02,57,59,14,500
2025-02-17,1.9663677238656583,0.0001411054300471118,5.879392918629659,1.759577618141734,0.9214752936344242,G1M1_new,g1m1_mid_load,1.0,58.0,100.0,0.98,1.02,57,59,14,500
2025-02-18,1.9665088292957054,0.0001411054300471118,5.879392918629659,1.759577618141734,0.9214752936344242,G1M1_new,g1m1_mid_load,1.0,58.0,100.0,0.98,1.02,57,59,14,500
2025-02-19,1.9666499347257524,0.0001411054300471118,5.879392918629659,1.759577618141734,0.9214752936344242,G1M1_new,g1m1_mid_load,1.0,58.0,100.0,0.98,1.02,57,59,14,500
2025-02-20,1.9667910401557998,0.0001411054300471118,5.879392918629659,1.759577618141734,0.9214752936344242,G1M1_new,g1m1_mid_load,1.0,58.0,100.0,0.98,1.02,57,59,14,500
2025-02-21,1.9669321455858468,0.0001411054300471118,5.879392918629659,1.759577618141734,0.9214752936344242,G1M1_new,g1m1_mid_load,1.0,58.0,100.0,0.98,1.02,57,59,14,500
2025-02-22,1.967073251015894,0.0001411054300471118,5.879392918629659,1.759577618141734,0.9214752936344242,G1M1_new,g1m1_mid_load,1.0,58.0,100.0,0.98,1.02,57,59,14,500
2025-02-23,1.967214356445941,0.0001411054300471118,5.879392918629659,1.759577618141734,0.9214752936344242,G1M1_new,g1m1_mid_load,1.0,58.0,100.0,0.98,1.02,57,59,14,500
2025-02-24,1.967355461875988,0.0001411054300471118,5.879392918629659,1.759577618141734,0.9214752936344242,G1M1_new,g1m1_mid_load,1.0,58.0,100.0,0.98,1.02,57,59,14,500
2025-02-25,1.9674965673060352,0.0001411054300471118,5.879392918629659,1.759577618141734,0.9214752936344242,G1M1_new,g1m1_mid_load,1.0,58.0,100.0,0.98,1.02,57,59,14,500
2025-02-26,1.9676376727360823,0.0001411054300471118,5.879392918629659,1.759577618141734,0.9214752936344242,G1M1_new,g1m1_mid_load,1.0,58.0,100.0,0.98,1.02,57,59,14,500
2025-02-27,1.9677787781661293,0.0001411054300471118,5.879392918629659,1.759577618141734,0.9214752936344242,G1M1_new,g1m1_mid_load,1.0,58.0,100.0,0.98,1.02,57,59,14,500
2025-02-28,1.9679198835961764,0.0001411054300471118,5.879392918629659,1.759577618141734,0.9214752936344242,G1M1_new,g1m1_mid_load,1.0,58.0,100.0,0.98,1.02,57,59,14,500
2025-03-01,1.9680609890262237,0.0001411054300471118,5.879392918629659,1.759577618141734,0.9214752936344242,G1M1_new,g1m1_mid_load,1.0,58.0,100.0,0.98,1.02,57,59,14,500
2025-03-02,1.9682020944562708,0.0001411054300471118,5.879392918629659,1.759577618141734,0.9214752936344242,G1M1_new,g1m1_mid_load,1.0,58.0,100.0,0.98,1.02,57,59,14,500
2025-03-03,1.968343199886318,0.0001411054300471118,5.879392918629659,1.759577618141734,0.9214752936344242,G1M1_new,g1m1_mid_load,1.0,58.0,100.0,0.98,1.02,57,59,14,500
2025-03-04,1.968484305316365,0.0001411054300471118,5.879392918629659,1.759577618141734,0.9214752936344242,G1M1_new,g1m1_mid_load,1.0,58.0,100.0,0.98,1.02,57,59,14,500
2025-03-05,1.968625410746412,0.0001411054300471118,5.879392918629659,1.759577618141734,0.9214752936344242,G1M1_new,g1m1_mid_load,1.0,58.0,100.0,0.98,1.02,57,59,14,500
2025-03-06,1.9687665161764591,0.0001411054300471118,5.879392918629659,1.759577618141734,0.9214752936344242,G1M1_new,g1m1_mid_load,1.0,58.0,100.0,0.98,1.02,57,59,14,500
2025-03-07,1.9689076216065062,0.0001411054300471118,5.879392918629659,1.759577618141734,0.9214752936344242,G1M1_new,g1m1_mid_load,1.0,58.0,100.0,0.98,1.02,57,59,14,500
2025-03-08,1.9690487270365535,0.0001411054300471118,5.879392918629659,1.759577618141734,0.9214752936344242,G1M1_new,g1m1_mid_load,1.0,58.0,100.0,0.98,1.02,57,59,14,500
2025-03-09,1.9691898324666006,0.0001411054300471118,5.879392918629659,1.759577618141734,0.9214752936344242,G1M1_new,g1m1_mid_load,1.0,58.0,100.0,0.98,1.02,57,59,14,500
2025-03-10,1.9693309378966477,0.0001411054300471118,5.879392918629659,1.759577618141734,0.9214752936344242,G1M1_new,g1m1_mid_load,1.0,58.0,100.0,0.98,1.02,57,59,14,500
2025-03-11,1.9694720433266948,0.0001411054300471118,5.879392918629659,1.759577618141734,0.9214752936344242,G1M1_new,g1m1_mid_load,1.0,58.0,100.0,0.98,1.02,57,59,14,500
2025-03-12,1.9696131487567419,0.0001411054300471118,5.879392918629659,1.759577618141734,0.9214752936344242,G1M1_new,g1m1_mid_load,1.0,58.0,100.0,0.98,1.02,57,59,14,500
2025-03-13,1.969754254186789,0.0001411054300471118,5.879392918629659,1.759577618141734,0.9214752936344242,G1M1_new,g1m1_mid_load,1.0,58.0,100.0,0.98,1.02,57,59,14,500
2025-03-14,1.969895359616836,0.0001411054300471118,5.879392918629659,1.759577618141734,0.9214752936344242,G1M1_new,g1m1_mid_load,1.0,58.0,100.0,0.98,1.02,57,59,14,500
2025-03-15,1.9700364650468831,0.0001411054300471118,5.879392918629659,1.759577618141734,0.9214752936344242,G1M1_new,g1m1_mid_load,1.0,58.0,100.0,0.98,1.02,57,59,14,500
2025-03-16,1.9701775704769302,0.0001411054300471118,5.879392918629659,1.759577618141734,0.9214752936344242,G1M1_new,g1m1_mid_load,1.0,58.0,100.0,0.98,1.02,57,59,14,500
2025-03-17,1.9703186759069775,0.0001411054300471118,5.879392918629659,1.759577618141734,0.9214752936344242,G1M1_new,g1m1_mid_load,1.0,58.0,100.0,0.98,1.02,57,59,14,500
2025-03-18,1.9704597813370246,0.0001411054300471118,5.879392918629659,1.759577618141734,0.9214752936344242,G1M1_new,g1m1_mid_load,1.0,58.0,100.0,0.98,1.02,57,59,14,500
2025-03-19,1.9706008867670717,0.0001411054300471118,5.879392918629659,1.759577618141734,0.9214752936344242,G1M1_new,g1m1_mid_load,1.0,58.0,100.0,0.98,1.02,57,59,14,500
2025-03-20,1.9707419921971188,0.0001411054300471118,5.879392918629659,1.759577618141734,0.9214752936344242,G1M1_new,g1m1_mid_load,1.0,58.0,100.0,0.98,1.02,57,59,14,500
2025-03-21,1.9708830976271658,0.0001411054300471118,5.879392918629659,1.759577618141734,0.9214752936344242,G1M1_new,g1m1_mid_load,1.0,58.0,100.0,0.98,1.02,57,59,14,500
2025-03-22,1.971024203057213,0.0001411054300471118,5.879392918629659,1.759577618141734,0.9214752936344242,G1M1_new,g1m1_mid_load,1.0,58.0,100.0,0.98,1.02,57,59,14,500
2025-03-23,1.97116530848726,0.0001411054300471118,5.879392918629659,1.759577618141734,0.9214752936344242,G1M1_new,g1m1_mid_load,1.0,58.0,100.0,0.98,1.02,57,59,14,500
2025-03-24,1.9713064139173073,0.0001411054300471118,5.879392918629659,1.759577618141734,0.9214752936344242,G1M1_new,g1m1_mid_load,1.0,58.0,100.0,0.98,1.02,57,59,14,500
2025-03-25,1.9714475193473544,0.0001411054300471118,5.879392918629659,1.759577618141734,0.9214752936344242,G1M1_new,g1m1_mid_load,1.0,58.0,100.0,0.98,1.02,57,59,14,500
2025-03-26,1.9715886247774015,0.0001411054300471118,5.879392918629659,1.759577618141734,0.9214752936344242,G1M1_new,g1m1_mid_load,1.0,58.0,100.0,0.98,1.02,57,59,14,500
2025-03-27,1.9717297302074486,0.0001411054300471118,5.879392918629659,1.759577618141734,0.9214752936344242,G1M1_new,g1m1_mid_load,1.0,58.0,100.0,0.98,1.02,57,59,14,500
2025-03-28,1.9718708356374957,0.0001411054300471118,5.879392918629659,1.759577618141734,0.9214752936344242,G1M1_new,g1m1_mid_load,1.0,58.0,100.0,0.98,1.02,57,59,14,500
2025-03-29,1.9720119410675427,0.0001411054300471118,5.879392918629659,1.759577618141734,0.9214752936344242,G1M1_new,g1m1_mid_load,1.0,58.0,100.0,0.98,1.02,57,59,14,500
2025-03-30,1.9721530464975898,0.0001411054300471118,5.879392918629659,1.759577618141734,0.9214752936344242,G1M1_new,g1m1_mid_load,1.0,58.0,100.0,0.98,1.02,57,59,14,500
2025-03-31,1.972294151927637,0.0001411054300471118,5.879392918629659,1.759577618141734,0.9214752936344242,G1M1_new,g1m1_mid_load,1.0,58.0,100.0,0.98,1.02,57,59,14,500
2025-04-01,1.972435257357684,0.0001411054300471118,5.879392918629659,1.759577618141734,0.9214752936344242,G1M1_new,g1m1_mid_load,1.0,58.0,100.0,0.98,1.02,57,59,14,500
2025-04-02,1.9725763627877313,0.0001411054300471118,5.879392918629659,1.759577618141734,0.9214752936344242,G1M1_new,g1m1_mid_load,1.0,58.0,100.0,0.98,1.02,57,59,14,500
2025-04-03,1.9727174682177784,0.0001411054300471118,5.879392918629659,1.759577618141734,0.9214752936344242,G1M1_new,g1m1_mid_load,1.0,58.0,100.0,0.98,1.02,57,59,14,500
2025-04-04,1.9728585736478255,0.0001411054300471118,5.879392918629659,1.759577618141734,0.9214752936344242,G1M1_new,g1m1_mid_load,1.0,58.0,100.0,0.98,1.02,57,59,14,500
2025-04-05,1.9729996790778725,0.0001411054300471118,5.879392918629659,1.759577618141734,0.9214752936344242,G1M1_new,g1m1_mid_load,1.0,58.0,100.0,0.98,1.02,57,59,14,500
2025-04-06,1.9731407845079196,0.0001411054300471118,5.879392918629659,1.759577618141734,0.9214752936344242,G1M1_new,g1m1_mid_load,1.0,58.0,100.0,0.98,1.02,57,59,14,500
2025-04-07,1.9732818899379667,0.0001411054300471118,5.879392918629659,1.759577618141734,0.9214752936344242,G1M1_new,g1m1_mid_load,1.0,58.0,100.0,0.98,1.02,57,59,14,500
2025-04-08,1.9734229953680138,0.0001411054300471118,5.879392918629659,1.759577618141734,0.9214752936344242,G1M1_new,g1m1_mid_load,1.0,58.0,100.0,0.98,1.02,57,59,14,500
2025-04-09,1.973564100798061,0.0001411054300471118,5.879392918629659,1.759577618141734,0.9214752936344242,G1M1_new,g1m1_mid_load,1.0,58.0,100.0,0.98,1.02,57,59,14,500
2025-04-10,1.9737052062281082,0.0001411054300471118,5.879392918629659,1.759577618141734,0.9214752936344242,G1M1_new,g1m1_mid_load,1.0,58.0,100.0,0.98,1.02,57,59,14,500
2025-04-11,1.9738463116581553,0.0001411054300471118,5.879392918629659,1.759577618141734,0.9214752936344242,G1M1_new,g1m1_mid_load,1.0,58.0,100.0,0.98,1.02,57,59,14,500
2025-04-12,1.9739874170882024,0.0001411054300471118,5.879392918629659,1.759577618141734,0.9214752936344242,G1M1_new,g1m1_mid_load,1.0,58.0,100.0,0.98,1.02,57,59,14,500
2025-04-13,1.9741285225182494,0.0001411054300471118,5.879392918629659,1.759577618141734,0.9214752936344242,G1M1_new,g1m1_mid_load,1.0,58.0,100.0,0.98,1.02,57,59,14,500
2025-04-14,1.9742696279482965,0.0001411054300471118,5.879392918629659,1.759577618141734,0.9214752936344242,G1M1_new,g1m1_mid_load,1.0,58.0,100.0,0.98,1.02,57,59,14,500
2025-04-15,1.9744107333783436,0.0001411054300471118,5.879392918629659,1.759577618141734,0.9214752936344242,G1M1_new,g1m1_mid_load,1.0,58.0,100.0,0.98,1.02,57,59,14,500
2025-04-16,1.9745518388083907,0.0001411054300471118,5.879392918629659,1.759577618141734,0.9214752936344242,G1M1_new,g1m1_mid_load,1.0,58.0,100.0,0.98,1.02,57,59,14,500
2025-04-17,1.9746929442384378,0.0001411054300471118,5.879392918629659,1.759577618141734,0.9214752936344242,G1M1_new,g1m1_mid_load,1.0,58.0,100.0,0.98,1.02,57,59,14,500
2025-04-18,1.974834049668485,0.0001411054300471118,5.879392918629659,1.759577618141734,0.9214752936344242,G1M1_new,g1m1_mid_load,1.0,58.0,100.0,0.98,1.02,57,59,14,500
2025-04-19,1.9749751550985322,0.0001411054300471118,5.879392918629659,1.759577618141734,0.9214752936344242,G1M1_new,g1m1_mid_load,1.0,58.0,100.0,0.98,1.02,57,59,14,500
2025-04-20,1.9751162605285792,0.0001411054300471118,5.879392918629659,1.759577618141734,0.9214752936344242,G1M1_new,g1m1_mid_load,1.0,58.0,100.0,0.98,1.02,57,59,14,500
2025-04-21,1.9752573659586263,0.0001411054300471118,5.879392918629659,1.759577618141734,0.9214752936344242,G1M1_new,g1m1_mid_load,1.0,58.0,100.0,0.98,1.02,57,59,14,500
2025-04-22,1.9753984713886734,0.0001411054300471118,5.879392918629659,1.759577618141734,0.9214752936344242,G1M1_new,g1m1_mid_load,1.0,58.0,100.0,0.98,1.02,57,59,14,500
2025-04-23,1.9755395768187205,0.0001411054300471118,5.879392918629659,1.759577618141734,0.9214752936344242,G1M1_new,g1m1_mid_load,1.0,58.0,100.0,0.98,1.02,57,59,14,500
2025-04-24,1.9756806822487678,0.0001411054300471118,5.879392918629659,1.759577618141734,0.9214752936344242,G1M1_new,g1m1_mid_load,1.0,58.0,100.0,0.98,1.02,57,59,14,500
2025-04-25,1.975821787678815,0.0001411054300471118,5.879392918629659,1.759577618141734,0.9214752936344242,G1M1_new,g1m1_mid_load,1.0,58.0,100.0,0.98,1.02,57,59,14,500
2025-04-26,1.975962893108862,0.0001411054300471118,5.879392918629659,1.759577618141734,0.9214752936344242,G1M1_new,g1m1_mid_load,1.0,58.0,100.0,0.98,1.02,57,59,14,500
2025-04-27,1.976103998538909,0.0001411054300471118,5.879392918629659,1.759577618141734,0.9214752936344242,G1M1_new,g1m1_mid_load,1.0,58.0,100.0,0.98,1.02,57,59,14,500
2025-04-28,1.9762451039689561,0.0001411054300471118,5.879392918629659,1.759577618141734,0.9214752936344242,G1M1_new,g1m1_mid_load,1.0,58.0,100.0,0.98,1.02,57,59,14,500
2025-04-29,1.9763862093990032,0.0001411054300471118,5.879392918629659,1.759577618141734,0.9214752936344242,G1M1_new,g1m1_mid_load,1.0,58.0,100.0,0.98,1.02,57,59,14,500
2025-04-30,1.9765273148290503,0.0001411054300471118,5.879392918629659,1.759577618141734,0.9214752936344242,G1M1_new,g1m1_mid_load,1.0,58.0,100.0,0.98,1.02,57,59,14,500
2025-05-01,1.9766684202590974,0.0001411054300471118,5.879392918629659,1.759577618141734,0.9214752936344242,G1M1_new,g1m1_mid_load,1.0,58.0,100.0,0.98,1.02,57,59,14,500
2025-05-02,1.9768095256891445,0.0001411054300471118,5.879392918629659,1.759577618141734,0.9214752936344242,G1M1_new,g1m1_mid_load,1.0,58.0,100.0,0.98,1.02,57,59,14,500
2025-05-03,1.9769506311191918,0.0001411054300471118,5.879392918629659,1.759577618141734,0.9214752936344242,G1M1_new,g1m1_mid_load,1.0,58.0,100.0,0.98,1.02,57,59,14,500
2025-05-04,1.9770917365492389,0.0001411054300471118,5.879392918629659,1.759577618141734,0.9214752936344242,G1M1_new,g1m1_mid_load,1.0,58.0,100.0,0.98,1.02,57,59,14,500
2025-05-05,1.977232841979286,0.0001411054300471118,5.879392918629659,1.759577618141734,0.9214752936344242,G1M1_new,g1m1_mid_load,1.0,58.0,100.0,0.98,1.02,57,59,14,500
2025-05-06,1.977373947409333,0.0001411054300471118,5.879392918629659,1.759577618141734,0.9214752936344242,G1M1_new,g1m1_mid_load,1.0,58.0,100.0,0.98,1.02,57,59,14,500
2025-05-07,1.9775150528393801,0.0001411054300471118,5.879392918629659,1.759577618141734,0.9214752936344242,G1M1_new,g1m1_mid_load,1.0,58.0,100.0,0.98,1.02,57,59,14,500
2025-05-08,1.9776561582694272,0.0001411054300471118,5.879392918629659,1.759577618141734,0.9214752936344242,G1M1_new,g1m1_mid_load,1.0,58.0,100.0,0.98,1.02,57,59,14,500
2025-05-09,1.9777972636994743,0.0001411054300471118,5.879392918629659,1.759577618141734,0.9214752936344242,G1M1_new,g1m1_mid_load,1.0,58.0,100.0,0.98,1.02,57,59,14,500
2025-05-10,1.9779383691295216,0.0001411054300471118,5.879392918629659,1.759577618141734,0.9214752936344242,G1M1_new,g1m1_mid_load,1.0,58.0,100.0,0.98,1.02,57,59,14,500
2025-05-11,1.9780794745595687,0.0001411054300471118,5.879392918629659,1.759577618141734,0.9214752936344242,G1M1_new,g1m1_mid_load,1.0,58.0,100.0,0.98,1.02,57,59,14,500
2025-05-12,1.9782205799896158,0.0001411054300471118,5.879392918629659,1.759577618141734,0.9214752936344242,G1M1_new,g1m1_mid_load,1.0,58.0,100.0,0.98,1.02,57,59,14,500
2025-05-13,1.9783616854196628,0.0001411054300471118,5.879392918629659,1.759577618141734,0.9214752936344242,G1M1_new,g1m1_mid_load,1.0,58.0,100.0,0.98,1.02,57,59,14,500
2025-05-14,1.97850279084971,0.0001411054300471118,5.879392918629659,1.759577618141734,0.9214752936344242,G1M1_new,g1m1_mid_load,1.0,58.0,100.0,0.98,1.02,57,59,14,500
2025-05-15,1.978643896279757,0.0001411054300471118,5.879392918629659,1.759577618141734,0.9214752936344242,G1M1_new,g1m1_mid_load,1.0,58.0,100.0,0.98,1.02,57,59,14,500
2025-05-16,1.978785001709804,0.0001411054300471118,5.879392918629659,1.759577618141734,0.9214752936344242,G1M1_new,g1m1_mid_load,1.0,58.0,100.0,0.98,1.02,57,59,14,500
2025-05-17,1.9789261071398512,0.0001411054300471118,5.879392918629659,1.759577618141734,0.9214752936344242,G1M1_new,g1m1_mid_load,1.0,58.0,100.0,0.98,1.02,57,59,14,500
2025-05-18,1.9790672125698983,0.0001411054300471118,5.879392918629659,1.759577618141734,0.9214752936344242,G1M1_new,g1m1_mid_load,1.0,58.0,100.0,0.98,1.02,57,59,14,500
2025-05-19,1.9792083179999456,0.0001411054300471118,5.879392918629659,1.759577618141734,0.9214752936344242,G1M1_new,g1m1_mid_load,1.0,58.0,100.0,0.98,1.02,57,59,14,500
2025-05-20,1.9793494234299926,0.0001411054300471118,5.879392918629659,1.759577618141734,0.9214752936344242,G1M1_new,g1m1_mid_load,1.0,58.0,100.0,0.98,1.02,57,59,14,500
2025-05-21,1.9794905288600397,0.0001411054300471118,5.879392918629659,1.759577618141734,0.9214752936344242,G1M1_new,g1m1_mid_load,1.0,58.0,100.0,0.98,1.02,57,59,14,500
2025-05-22,1.9796316342900868,0.0001411054300471118,5.879392918629659,1.759577618141734,0.9214752936344242,G1M1_new,g1m1_mid_load,1.0,58.0,100.0,0.98,1.02,57,59,14,500
2025-05-23,1.979772739720134,0.0001411054300471118,5.879392918629659,1.759577618141734,0.9214752936344242,G1M1_new,g1m1_mid_load,1.0,58.0,100.0,0.98,1.02,57,59,14,500
2025-05-24,1.979913845150181,0.0001411054300471118,5.879392918629659,1.759577618141734,0.9214752936344242,G1M1_new,g1m1_mid_load,1.0,58.0,100.0,0.98,1.02,57,59,14,500
2025-05-25,1.980054950580228,0.0001411054300471118,5.879392918629659,1.759577618141734,0.9214752936344242,G1M1_new,g1m1_mid_load,1.0,58.0,100.0,0.98,1.02,57,59,14,500
2025-05-26,1.9801960560102754,0.0001411054300471118,5.879392918629659,1.759577618141734,0.9214752936344242,G1M1_new,g1m1_mid_load,1.0,58.0,100.0,0.98,1.02,57,59,14,500
2025-05-27,1.9803371614403225,0.0001411054300471118,5.879392918629659,1.759577618141734,0.9214752936344242,G1M1_new,g1m1_mid_load,1.0,58.0,100.0,0.98,1.02,57,59,14,500
2025-05-28,1.9804782668703695,0.0001411054300471118,5.879392918629659,1.759577618141734,0.9214752936344242,G1M1_new,g1m1_mid_load,1.0,58.0,100.0,0.98,1.02,57,59,14,500
2025-05-29,1.9806193723004166,0.0001411054300471118,5.879392918629659,1.759577618141734,0.9214752936344242,G1M1_new,g1m1_mid_load,1.0,58.0,100.0,0.98,1.02,57,59,14,500
2025-05-30,1.9807604777304637,0.0001411054300471118,5.879392918629659,1.759577618141734,0.9214752936344242,G1M1_new,g1m1_mid_load,1.0,58.0,100.0,0.98,1.02,57,59,14,500
2025-05-31,1.9809015831605108,0.0001411054300471118,5.879392918629659,1.759577618141734,0.9214752936344242,G1M1_new,g1m1_mid_load,1.0,58.0,100.0,0.98,1.02,57,59,14,500
2025-06-01,1.9810426885905579,0.0001411054300471118,5.879392918629659,1.759577618141734,0.9214752936344242,G1M1_new,g1m1_mid_load,1.0,58.0,100.0,0.98,1.02,57,59,14,500
2025-06-02,1.981183794020605,0.0001411054300471118,5.879392918629659,1.759577618141734,0.9214752936344242,G1M1_new,g1m1_mid_load,1.0,58.0,100.0,0.98,1.02,57,59,14,500
2025-06-03,1.981324899450652,0.0001411054300471118,5.879392918629659,1.759577618141734,0.9214752936344242,G1M1_new,g1m1_mid_load,1.0,58.0,100.0,0.98,1.02,57,59,14,500
2025-06-04,1.9814660048806993,0.0001411054300471118,5.879392918629659,1.759577618141734,0.9214752936344242,G1M1_new,g1m1_mid_load,1.0,58.0,100.0,0.98,1.02,57,59,14,500
2025-06-05,1.9816071103107464,0.0001411054300471118,5.879392918629659,1.759577618141734,0.9214752936344242,G1M1_new,g1m1_mid_load,1.0,58.0,100.0,0.98,1.02,57,59,14,500
2025-06-06,1.9817482157407935,0.0001411054300471118,5.879392918629659,1.759577618141734,0.9214752936344242,G1M1_new,g1m1_mid_load,1.0,58.0,100.0,0.98,1.02,57,59,14,500
2025-06-07,1.9818893211708406,0.0001411054300471118,5.879392918629659,1.759577618141734,0.9214752936344242,G1M1_new,g1m1_mid_load,1.0,58.0,100.0,0.98,1.02,57,59,14,500
2025-06-08,1.9820304266008877,0.0001411054300471118,5.879392918629659,1.759577618141734,0.9214752936344242,G1M1_new,g1m1_mid_load,1.0,58.0,100.0,0.98,1.02,57,59,14,500
2025-06-09,1.9821715320309348,0.0001411054300471118,5.879392918629659,1.759577618141734,0.9214752936344242,G1M1_new,g1m1_mid_load,1.0,58.0,100.0,0.98,1.02,57,59,14,500
2025-06-10,1.9823126374609819,0.0001411054300471118,5.879392918629659,1.759577618141734,0.9214752936344242,G1M1_new,g1m1_mid_load,1.0,58.0,100.0,0.98,1.02,57,59,14,500
2025-06-11,1.9824537428910292,0.0001411054300471118,5.879392918629659,1.759577618141734,0.9214752936344242,G1M1_new,g1m1_mid_load,1.0,58.0,100.0,0.98,1.02,57,59,14,500
2025-06-12,1.9825948483210762,0.0001411054300471118,5.879392918629659,1.759577618141734,0.9214752936344242,G1M1_new,g1m1_mid_load,1.0,58.0,100.0,0.98,1.02,57,59,14,500
2025-06-13,1.9827359537511233,0.0001411054300471118,5.879392918629659,1.759577618141734,0.9214752936344242,G1M1_new,g1m1_mid_load,1.0,58.0,100.0,0.98,1.02,57,59,14,500
2025-06-14,1.9828770591811704,0.0001411054300471118,5.879392918629659,1.759577618141734,0.9214752936344242,G1M1_new,g1m1_mid_load,1.0,58.0,100.0,0.98,1.02,57,59,14,500
2025-06-15,1.9830181646112175,0.0001411054300471118,5.879392918629659,1.759577618141734,0.9214752936344242,G1M1_new,g1m1_mid_load,1.0,58.0,100.0,0.98,1.02,57,59,14,500
2025-06-16,1.9831592700412646,0.0001411054300471118,5.879392918629659,1.759577618141734,0.9214752936344242,G1M1_new,g1m1_mid_load,1.0,58.0,100.0,0.98,1.02,57,59,14,500
2025-06-17,1.9833003754713117,0.0001411054300471118,5.879392918629659,1.759577618141734,0.9214752936344242,G1M1_new,g1m1_mid_load,1.0,58.0,100.0,0.98,1.02,57,59,14,500
2025-06-18,1.9834414809013587,0.0001411054300471118,5.879392918629659,1.759577618141734,0.9214752936344242,G1M1_new,g1m1_mid_load,1.0,58.0,100.0,0.98,1.02,57,59,14,500
2025-06-19,1.9835825863314058,0.0001411054300471118,5.879392918629659,1.759577618141734,0.9214752936344242,G1M1_new,g1m1_mid_load,1.0,58.0,100.0,0.98,1.02,57,59,14,500
2025-06-20,1.9837236917614531,0.0001411054300471118,5.879392918629659,1.759577618141734,0.9214752936344242,G1M1_new,g1m1_mid_load,1.0,58.0,100.0,0.98,1.02,57,59,14,500
2025-06-21,1.9838647971915002,0.0001411054300471118,5.879392918629659,1.759577618141734,0.9214752936344242,G1M1_new,g1m1_mid_load,1.0,58.0,100.0,0.98,1.02,57,59,14,500
2025-06-22,1.9840059026215473,0.0001411054300471118,5.879392918629659,1.759577618141734,0.9214752936344242,G1M1_new,g1m1_mid_load,1.0,58.0,100.0,0.98,1.02,57,59,14,500
2025-06-23,1.9841470080515944,0.0001411054300471118,5.879392918629659,1.759577618141734,0.9214752936344242,G1M1_new,g1m1_mid_load,1.0,58.0,100.0,0.98,1.02,57,59,14,500
2025-06-24,1.9842881134816415,0.0001411054300471118,5.879392918629659,1.759577618141734,0.9214752936344242,G1M1_new,g1m1_mid_load,1.0,58.0,100.0,0.98,1.02,57,59,14,500
2025-06-25,1.9844292189116886,0.0001411054300471118,5.879392918629659,1.759577618141734,0.9214752936344242,G1M1_new,g1m1_mid_load,1.0,58.0,100.0,0.98,1.02,57,59,14,500
2025-06-26,1.9845703243417356,0.0001411054300471118,5.879392918629659,1.759577618141734,0.9214752936344242,G1M1_new,g1m1_mid_load,1.0,58.0,100.0,0.98,1.02,57,59,14,500
2025-06-27,1.984711429771783,0.0001411054300471118,5.879392918629659,1.759577618141734,0.9214752936344242,G1M1_new,g1m1_mid_load,1.0,58.0,100.0,0.98,1.02,57,59,14,500
2025-06-28,1.98485253520183,0.0001411054300471118,5.879392918629659,1.759577618141734,0.9214752936344242,G1M1_new,g1m1_mid_load,1.0,58.0,100.0,0.98,1.02,57,59,14,500
2025-06-29,1.984993640631877,0.0001411054300471118,5.879392918629659,1.759577618141734,0.9214752936344242,G1M1_new,g1m1_mid_load,1.0,58.0,100.0,0.98,1.02,57,59,14,500
2025-06-30,1.9851347460619242,0.0001411054300471118,5.879392918629659,1.759577618141734,0.9214752936344242,G1M1_new,g1m1_mid_load,1.0,58.0,100.0,0.98,1.02,57,59,14,500
2025-07-01,1.9852758514919713,0.0001411054300471118,5.879392918629659,1.759577618141734,0.9214752936344242,G1M1_new,g1m1_mid_load,1.0,58.0,100.0,0.98,1.02,57,59,14,500
2025-07-02,1.9854169569220184,0.0001411054300471118,5.879392918629659,1.759577618141734,0.9214752936344242,G1M1_new,g1m1_mid_load,1.0,58.0,100.0,0.98,1.02,57,59,14,500
2025-07-03,1.9855580623520654,0.0001411054300471118,5.879392918629659,1.759577618141734,0.9214752936344242,G1M1_new,g1m1_mid_load,1.0,58.0,100.0,0.98,1.02,57,59,14,500
2025-07-04,1.9856991677821125,0.0001411054300471118,5.879392918629659,1.759577618141734,0.9214752936344242,G1M1_new,g1m1_mid_load,1.0,58.0,100.0,0.98,1.02,57,59,14,500
2025-07-05,1.9858402732121596,0.0001411054300471118,5.879392918629659,1.759577618141734,0.9214752936344242,G1M1_new,g1m1_mid_load,1.0,58.0,100.0,0.98,1.02,57,59,14,500
2025-07-06,1.985981378642207,0.0001411054300471118,5.879392918629659,1.759577618141734,0.9214752936344242,G1M1_new,g1m1_mid_load,1.0,58.0,100.0,0.98,1.02,57,59,14,500
2025-07-07,1.986122484072254,0.0001411054300471118,5.879392918629659,1.759577618141734,0.9214752936344242,G1M1_new,g1m1_mid_load,1.0,58.0,100.0,0.98,1.02,57,59,14,500
2025-07-08,1.986263589502301,0.0001411054300471118,5.879392918629659,1.759577618141734,0.9214752936344242,G1M1_new,g1m1_mid_load,1.0,58.0,100.0,0.98,1.02,57,59,14,500
2025-07-09,1.9864046949323482,0.0001411054300471118,5.879392918629659,1.759577618141734,0.9214752936344242,G1M1_new,g1m1_mid_load,1.0,58.0,100.0,0.98,1.02,57,59,14,500
2025-07-10,1.9865458003623953,0.0001411054300471118,5.879392918629659,1.759577618141734,0.9214752936344242,G1M1_new,g1m1_mid_load,1.0,58.0,100.0,0.98,1.02,57,59,14,500
2025-07-11,1.9866869057924423,0.0001411054300471118,5.879392918629659,1.759577618141734,0.9214752936344242,G1M1_new,g1m1_mid_load,1.0,58.0,100.0,0.98,1.02,57,59,14,500
2025-07-12,1.9868280112224894,0.0001411054300471118,5.879392918629659,1.759577618141734,0.9214752936344242,G1M1_new,g1m1_mid_load,1.0,58.0,100.0,0.98,1.02,57,59,14,500
2025-07-13,1.9869691166525367,0.0001411054300471118,5.879392918629659,1.759577618141734,0.9214752936344242,G1M1_new,g1m1_mid_load,1.0,58.0,100.0,0.98,1.02,57,59,14,500
2025-07-14,1.9871102220825838,0.0001411054300471118,5.879392918629659,1.759577618141734,0.9214752936344242,G1M1_new,g1m1_mid_load,1.0,58.0,100.0,0.98,1.02,57,59,14,500
2025-07-15,1.987251327512631,0.0001411054300471118,5.879392918629659,1.759577618141734,0.9214752936344242,G1M1_new,g1m1_mid_load,1.0,58.0,100.0,0.98,1.02,57,59,14,500
2025-07-16,1.987392432942678,0.0001411054300471118,5.879392918629659,1.759577618141734,0.9214752936344242,G1M1_new,g1m1_mid_load,1.0,58.0,100.0,0.98,1.02,57,59,14,500
2025-07-17,1.987533538372725,0.0001411054300471118,5.879392918629659,1.759577618141734,0.9214752936344242,G1M1_new,g1m1_mid_load,1.0,58.0,100.0,0.98,1.02,57,59,14,500
2025-07-18,1.9876746438027721,0.0001411054300471118,5.879392918629659,1.759577618141734,0.9214752936344242,G1M1_new,g1m1_mid_load,1.0,58.0,100.0,0.98,1.02,57,59,14,500
2025-07-19,1.9878157492328192,0.0001411054300471118,5.879392918629659,1.759577618141734,0.9214752936344242,G1M1_new,g1m1_mid_load,1.0,58.0,100.0,0.98,1.02,57,59,14,500
2025-07-20,1.9879568546628663,0.0001411054300471118,5.879392918629659,1.759577618141734,0.9214752936344242,G1M1_new,g1m1_mid_load,1.0,58.0,100.0,0.98,1.02,57,59,14,500
2025-07-21,1.9880979600929136,0.0001411054300471118,5.879392918629659,1.759577618141734,0.9214752936344242,G1M1_new,g1m1_mid_load,1.0,58.0,100.0,0.98,1.02,57,59,14,500
2025-07-22,1.9882390655229607,0.0001411054300471118,5.879392918629659,1.759577618141734,0.9214752936344242,G1M1_new,g1m1_mid_load,1.0,58.0,100.0,0.98,1.02,57,59,14,500
2025-07-23,1.9883801709530078,0.0001411054300471118,5.879392918629659,1.759577618141734,0.9214752936344242,G1M1_new,g1m1_mid_load,1.0,58.0,100.0,0.98,1.02,57,59,14,500
2025-07-24,1.9885212763830549,0.0001411054300471118,5.879392918629659,1.759577618141734,0.9214752936344242,G1M1_new,g1m1_mid_load,1.0,58.0,100.0,0.98,1.02,57,59,14,500
2025-07-25,1.988662381813102,0.0001411054300471118,5.879392918629659,1.759577618141734,0.9214752936344242,G1M1_new,g1m1_mid_load,1.0,58.0,100.0,0.98,1.02,57,59,14,500
2025-07-26,1.988803487243149,0.0001411054300471118,5.879392918629659,1.759577618141734,0.9214752936344242,G1M1_new,g1m1_mid_load,1.0,58.0,100.0,0.98,1.02,57,59,14,500
2025-07-27,1.9889445926731961,0.0001411054300471118,5.879392918629659,1.759577618141734,0.9214752936344242,G1M1_new,g1m1_mid_load,1.0,58.0,100.0,0.98,1.02,57,59,14,500
2025-07-28,1.9890856981032434,0.0001411054300471118,5.879392918629659,1.759577618141734,0.9214752936344242,G1M1_new,g1m1_mid_load,1.0,58.0,100.0,0.98,1.02,57,59,14,500
2025-07-29,1.9892268035332905,0.0001411054300471118,5.879392918629659,1.759577618141734,0.9214752936344242,G1M1_new,g1m1_mid_load,1.0,58.0,100.0,0.98,1.02,57,59,14,500
2025-07-30,1.9893679089633376,0.0001411054300471118,5.879392918629659,1.759577618141734,0.9214752936344242,G1M1_new,g1m1_mid_load,1.0,58.0,100.0,0.98,1.02,57,59,14,500
2025-07-31,1.9895090143933847,0.0001411054300471118,5.879392918629659,1.759577618141734,0.9214752936344242,G1M1_new,g1m1_mid_load,1.0,58.0,100.0,0.98,1.02,57,59,14,500
2025-08-01,1.9896501198234318,0.0001411054300471118,5.879392918629659,1.759577618141734,0.9214752936344242,G1M1_new,g1m1_mid_load,1.0,58.0,100.0,0.98,1.02,57,59,14,500
2025-08-02,1.9897912252534788,0.0001411054300471118,5.879392918629659,1.759577618141734,0.9214752936344242,G1M1_new,g1m1_mid_load,1.0,58.0,100.0,0.98,1.02,57,59,14,500
2025-08-03,1.989932330683526,0.0001411054300471118,5.879392918629659,1.759577618141734,0.9214752936344242,G1M1_new,g1m1_mid_load,1.0,58.0,100.0,0.98,1.02,57,59,14,500
2025-08-04,1.990073436113573,0.0001411054300471118,5.879392918629659,1.759577618141734,0.9214752936344242,G1M1_new,g1m1_mid_load,1.0,58.0,100.0,0.98,1.02,57,59,14,500
2025-08-05,1.99021454154362,0.0001411054300471118,5.879392918629659,1.759577618141734,0.9214752936344242,G1M1_new,g1m1_mid_load,1.0,58.0,100.0,0.98,1.02,57,59,14,500
2025-08-06,1.9903556469736674,0.0001411054300471118,5.879392918629659,1.759577618141734,0.9214752936344242,G1M1_new,g1m1_mid_load,1.0,58.0,100.0,0.98,1.02,57,59,14,500
2025-08-07,1.9904967524037145,0.0001411054300471118,5.879392918629659,1.759577618141734,0.9214752936344242,G1M1_new,g1m1_mid_load,1.0,58.0,100.0,0.98,1.02,57,59,14,500
2025-08-08,1.9906378578337616,0.0001411054300471118,5.879392918629659,1.759577618141734,0.9214752936344242,G1M1_new,g1m1_mid_load,1.0,58.0,100.0,0.98,1.02,57,59,14,500
2025-08-09,1.9907789632638087,0.0001411054300471118,5.879392918629659,1.759577618141734,0.9214752936344242,G1M1_new,g1m1_mid_load,1.0,58.0,100.0,0.98,1.02,57,59,14,500
2025-08-10,1.9909200686938557,0.0001411054300471118,5.879392918629659,1.759577618141734,0.9214752936344242,G1M1_new,g1m1_mid_load,1.0,58.0,100.0,0.98,1.02,57,59,14,500
2025-08-11,1.9910611741239028,0.0001411054300471118,5.879392918629659,1.759577618141734,0.9214752936344242,G1M1_new,g1m1_mid_load,1.0,58.0,100.0,0.98,1.02,57,59,14,500
2025-08-12,1.99120227955395,0.0001411054300471118,5.879392918629659,1.759577618141734,0.9214752936344242,G1M1_new,g1m1_mid_load,1.0,58.0,100.0,0.98,1.02,57,59,14,500
2025-08-13,1.9913433849839972,0.0001411054300471118,5.879392918629659,1.759577618141734,0.9214752936344242,G1M1_new,g1m1_mid_load,1.0,58.0,100.0,0.98,1.02,57,59,14,500
2025-08-14,1.9914844904140443,0.0001411054300471118,5.879392918629659,1.759577618141734,0.9214752936344242,G1M1_new,g1m1_mid_load,1.0,58.0,100.0,0.98,1.02,57,59,14,500
2025-08-15,1.9916255958440914,0.0001411054300471118,5.879392918629659,1.759577618141734,0.9214752936344242,G1M1_new,g1m1_mid_load,1.0,58.0,100.0,0.98,1.02,57,59,14,500
2025-08-16,1.9917667012741385,0.0001411054300471118,5.879392918629659,1.759577618141734,0.9214752936344242,G1M1_new,g1m1_mid_load,1.0,58.0,100.0,0.98,1.02,57,59,14,500
2025-08-17,1.9919078067041855,0.0001411054300471118,5.879392918629659,1.759577618141734,0.9214752936344242,G1M1_new,g1m1_mid_load,1.0,58.0,100.0,0.98,1.02,57,59,14,500
2025-08-18,1.9920489121342326,0.0001411054300471118,5.879392918629659,1.759577618141734,0.9214752936344242,G1M1_new,g1m1_mid_load,1.0,58.0,100.0,0.98,1.02,57,59,14,500
2025-08-19,1.9921900175642797,0.0001411054300471118,5.879392918629659,1.759577618141734,0.9214752936344242,G1M1_new,g1m1_mid_load,1.0,58.0,100.0,0.98,1.02,57,59,14,500
2025-08-20,1.9923311229943268,0.0001411054300471118,5.879392918629659,1.759577618141734,0.9214752936344242,G1M1_new,g1m1_mid_load,1.0,58.0,100.0,0.98,1.02,57,59,14,500
2025-08-21,1.9924722284243739,0.0001411054300471118,5.879392918629659,1.759577618141734,0.9214752936344242,G1M1_new,g1m1_mid_load,1.0,58.0,100.0,0.98,1.02,57,59,14,500
2025-08-22,1.9926133338544212,0.0001411054300471118,5.879392918629659,1.759577618141734,0.9214752936344242,G1M1_new,g1m1_mid_load,1.0,58.0,100.0,0.98,1.02,57,59,14,500
2025-08-23,1.9927544392844683,0.0001411054300471118,5.879392918629659,1.759577618141734,0.9214752936344242,G1M1_new,g1m1_mid_load,1.0,58.0,100.0,0.98,1.02,57,59,14,500
2025-08-24,1.9928955447145154,0.0001411054300471118,5.879392918629659,1.759577618141734,0.9214752936344242,G1M1_new,g1m1_mid_load,1.0,58.0,100.0,0.98,1.02,57,59,14,500
2025-08-25,1.9930366501445624,0.0001411054300471118,5.879392918629659,1.759577618141734,0.9214752936344242,G1M1_new,g1m1_mid_load,1.0,58.0,100.0,0.98,1.02,57,59,14,500
2025-08-26,1.9931777555746095,0.0001411054300471118,5.879392918629659,1.759577618141734,0.9214752936344242,G1M1_new,g1m1_mid_load,1.0,58.0,100.0,0.98,1.02,57,59,14,500
2025-08-27,1.9933188610046566,0.0001411054300471118,5.879392918629659,1.759577618141734,0.9214752936344242,G1M1_new,g1m1_mid_load,1.0,58.0,100.0,0.98,1.02,57,59,14,500
2025-08-28,1.9934599664347037,0.0001411054300471118,5.879392918629659,1.759577618141734,0.9214752936344242,G1M1_new,g1m1_mid_load,1.0,58.0,100.0,0.98,1.02,57,59,14,500
2025-08-29,1.993601071864751,0.0001411054300471118,5.879392918629659,1.759577618141734,0.9214752936344242,G1M1_new,g1m1_mid_load,1.0,58.0,100.0,0.98,1.02,57,59,14,500
2025-08-30,1.993742177294798,0.0001411054300471118,5.879392918629659,1.759577618141734,0.9214752936344242,G1M1_new,g1m1_mid_load,1.0,58.0,100.0,0.98,1.02,57,59,14,500
2025-08-31,1.9938832827248452,0.0001411054300471118,5.879392918629659,1.759577618141734,0.9214752936344242,G1M1_new,g1m1_mid_load,1.0,58.0,100.0,0.98,1.02,57,59,14,500
2025-09-01,1.9940243881548922,0.0001411054300471118,5.879392918629659,1.759577618141734,0.9214752936344242,G1M1_new,g1m1_mid_load,1.0,58.0,100.0,0.98,1.02,57,59,14,500
2025-09-02,1.9941654935849393,0.0001411054300471118,5.879392918629659,1.759577618141734,0.9214752936344242,G1M1_new,g1m1_mid_load,1.0,58.0,100.0,0.98,1.02,57,59,14,500
2025-09-03,1.9943065990149864,0.0001411054300471118,5.879392918629659,1.759577618141734,0.9214752936344242,G1M1_new,g1m1_mid_load,1.0,58.0,100.0,0.98,1.02,57,59,14,500
2025-09-04,1.9944477044450335,0.0001411054300471118,5.879392918629659,1.759577618141734,0.9214752936344242,G1M1_new,g1m1_mid_load,1.0,58.0,100.0,0.98,1.02,57,59,14,500
2025-09-05,1.9945888098750806,0.0001411054300471118,5.879392918629659,1.759577618141734,0.9214752936344242,G1M1_new,g1m1_mid_load,1.0,58.0,100.0,0.98,1.02,57,59,14,500
2025-09-06,1.9947299153051277,0.0001411054300471118,5.879392918629659,1.759577618141734,0.9214752936344242,G1M1_new,g1m1_mid_load,1.0,58.0,100.0,0.98,1.02,57,59,14,500
2025-09-07,1.994871020735175,0.0001411054300471118,5.879392918629659,1.759577618141734,0.9214752936344242,G1M1_new,g1m1_mid_load,1.0,58.0,100.0,0.98,1.02,57,59,14,500
2025-09-08,1.995012126165222,0.0001411054300471118,5.879392918629659,1.759577618141734,0.9214752936344242,G1M1_new,g1m1_mid_load,1.0,58.0,100.0,0.98,1.02,57,59,14,500
2025-09-09,1.9951532315952691,0.0001411054300471118,5.879392918629659,1.759577618141734,0.9214752936344242,G1M1_new,g1m1_mid_load,1.0,58.0,100.0,0.98,1.02,57,59,14,500
2025-09-10,1.9952943370253162,0.0001411054300471118,5.879392918629659,1.759577618141734,0.9214752936344242,G1M1_new,g1m1_mid_load,1.0,58.0,100.0,0.98,1.02,57,59,14,500
2025-09-11,1.9954354424553633,0.0001411054300471118,5.879392918629659,1.759577618141734,0.9214752936344242,G1M1_new,g1m1_mid_load,1.0,58.0,100.0,0.98,1.02,57,59,14,500
2025-09-12,1.9955765478854104,0.0001411054300471118,5.879392918629659,1.759577618141734,0.9214752936344242,G1M1_new,g1m1_mid_load,1.0,58.0,100.0,0.98,1.02,57,59,14,500
2025-09-13,1.9957176533154575,0.0001411054300471118,5.879392918629659,1.759577618141734,0.9214752936344242,G1M1_new,g1m1_mid_load,1.0,58.0,100.0,0.98,1.02,57,59,14,500
2025-09-14,1.9958587587455048,0.0001411054300471118,5.879392918629659,1.759577618141734,0.9214752936344242,G1M1_new,g1m1_mid_load,1.0,58.0,100.0,0.98,1.02,57,59,14,500
2025-09-15,1.9959998641755519,0.0001411054300471118,5.879392918629659,1.759577618141734,0.9214752936344242,G1M1_new,g1m1_mid_load,1.0,58.0,100.0,0.98,1.02,57,59,14,500
2025-09-16,1.996140969605599,0.0001411054300471118,5.879392918629659,1.759577618141734,0.9214752936344242,G1M1_new,g1m1_mid_load,1.0,58.0,100.0,0.98,1.02,57,59,14,500
2025-09-17,1.996282075035646,0.0001411054300471118,5.879392918629659,1.759577618141734,0.9214752936344242,G1M1_new,g1m1_mid_load,1.0,58.0,100.0,0.98,1.02,57,59,14,500
2025-09-18,1.9964231804656931,0.0001411054300471118,5.879392918629659,1.759577618141734,0.9214752936344242,G1M1_new,g1m1_mid_load,1.0,58.0,100.0,0.98,1.02,57,59,14,500
2025-09-19,1.9965642858957402,0.0001411054300471118,5.879392918629659,1.759577618141734,0.9214752936344242,G1M1_new,g1m1_mid_load,1.0,58.0,100.0,0.98,1.02,57,59,14,500
2025-09-20,1.9967053913257873,0.0001411054300471118,5.879392918629659,1.759577618141734,0.9214752936344242,G1M1_new,g1m1_mid_load,1.0,58.0,100.0,0.98,1.02,57,59,14,500
2025-09-21,1.9968464967558344,0.0001411054300471118,5.879392918629659,1.759577618141734,0.9214752936344242,G1M1_new,g1m1_mid_load,1.0,58.0,100.0,0.98,1.02,57,59,14,500
2025-09-22,1.9969876021858814,0.0001411054300471118,5.879392918629659,1.759577618141734,0.9214752936344242,G1M1_new,g1m1_mid_load,1.0,58.0,100.0,0.98,1.02,57,59,14,500
2025-09-23,1.9971287076159288,0.0001411054300471118,5.879392918629659,1.759577618141734,0.9214752936344242,G1M1_new,g1m1_mid_load,1.0,58.0,100.0,0.98,1.02,57,59,14,500
2025-09-24,1.9972698130459758,0.0001411054300471118,5.879392918629659,1.759577618141734,0.9214752936344242,G1M1_new,g1m1_mid_load,1.0,58.0,100.0,0.98,1.02,57,59,14,500
2025-09-25,1.997410918476023,0.0001411054300471118,5.879392918629659,1.759577618141734,0.9214752936344242,G1M1_new,g1m1_mid_load,1.0,58.0,100.0,0.98,1.02,57,59,14,500
2025-09-26,1.99755202390607,0.0001411054300471118,5.879392918629659,1.759577618141734,0.9214752936344242,G1M1_new,g1m1_mid_load,1.0,58.0,100.0,0.98,1.02,57,59,14,500
2025-09-27,1.997693129336117,0.0001411054300471118,5.879392918629659,1.759577618141734,0.9214752936344242,G1M1_new,g1m1_mid_load,1.0,58.0,100.0,0.98,1.02,57,59,14,500
2025-09-28,1.9978342347661642,0.0001411054300471118,5.879392918629659,1.759577618141734,0.9214752936344242,G1M1_new,g1m1_mid_load,1.0,58.0,100.0,0.98,1.02,57,59,14,500
2025-09-29,1.9979753401962113,0.0001411054300471118,5.879392918629659,1.759577618141734,0.9214752936344242,G1M1_new,g1m1_mid_load,1.0,58.0,100.0,0.98,1.02,57,59,14,500
2025-09-30,1.9981164456262586,0.0001411054300471118,5.879392918629659,1.759577618141734,0.9214752936344242,G1M1_new,g1m1_mid_load,1.0,58.0,100.0,0.98,1.02,57,59,14,500
2025-10-01,1.9982575510563056,0.0001411054300471118,5.879392918629659,1.759577618141734,0.9214752936344242,G1M1_new,g1m1_mid_load,1.0,58.0,100.0,0.98,1.02,57,59,14,500
2025-10-02,1.9983986564863527,0.0001411054300471118,5.879392918629659,1.759577618141734,0.9214752936344242,G1M1_new,g1m1_mid_load,1.0,58.0,100.0,0.98,1.02,57,59,14,500
2025-10-03,1.9985397619163998,0.0001411054300471118,5.879392918629659,1.759577618141734,0.9214752936344242,G1M1_new,g1m1_mid_load,1.0,58.0,100.0,0.98,1.02,57,59,14,500
2025-10-04,1.998680867346447,0.0001411054300471118,5.879392918629659,1.759577618141734,0.9214752936344242,G1M1_new,g1m1_mid_load,1.0,58.0,100.0,0.98,1.02,57,59,14,500
2025-10-05,1.998821972776494,0.0001411054300471118,5.879392918629659,1.759577618141734,0.9214752936344242,G1M1_new,g1m1_mid_load,1.0,58.0,100.0,0.98,1.02,57,59,14,500
2025-10-06,1.998963078206541,0.0001411054300471118,5.879392918629659,1.759577618141734,0.9214752936344242,G1M1_new,g1m1_mid_load,1.0,58.0,100.0,0.98,1.02,57,59,14,500
2025-10-07,1.9991041836365882,0.0001411054300471118,5.879392918629659,1.759577618141734,0.9214752936344242,G1M1_new,g1m1_mid_load,1.0,58.0,100.0,0.98,1.02,57,59,14,500
2025-10-08,1.9992452890666352,0.0001411054300471118,5.879392918629659,1.759577618141734,0.9214752936344242,G1M1_new,g1m1_mid_load,1.0,58.0,100.0,0.98,1.02,57,59,14,500
2025-10-09,1.9993863944966825,0.0001411054300471118,5.879392918629659,1.759577618141734,0.9214752936344242,G1M1_new,g1m1_mid_load,1.0,58.0,100.0,0.98,1.02,57,59,14,500
2025-10-10,1.9995274999267296,0.0001411054300471118,5.879392918629659,1.759577618141734,0.9214752936344242,G1M1_new,g1m1_mid_load,1.0,58.0,100.0,0.98,1.02,57,59,14,500
2025-10-11,1.9996686053567767,0.0001411054300471118,5.879392918629659,1.759577618141734,0.9214752936344242,G1M1_new,g1m1_mid_load,1.0,58.0,100.0,0.98,1.02,57,59,14,500
2025-10-12,1.9998097107868238,0.0001411054300471118,5.879392918629659,1.759577618141734,0.9214752936344242,G1M1_new,g1m1_mid_load,1.0,58.0,100.0,0.98,1.02,57,59,14,500
2025-10-13,1.9999508162168709,0.0001411054300471118,5.879392918629659,1.759577618141734,0.9214752936344242,G1M1_new,g1m1_mid_load,1.0,58.0,100.0,0.98,1.02,57,59,14,500
2025-10-14,2.000091921646918,0.0001411054300471118,5.879392918629659,1.759577618141734,0.9214752936344242,G1M1_new,g1m1_mid_load,1.0,58.0,100.0,0.98,1.02,57,59,14,500
2025-10-15,2.0002330270769653,0.0001411054300471118,5.879392918629659,1.759577618141734,0.9214752936344242,G1M1_new,g1m1_mid_load,1.0,58.0,100.0,0.98,1.02,57,59,14,500
2025-10-16,2.0003741325070123,0.0001411054300471118,5.879392918629659,1.759577618141734,0.9214752936344242,G1M1_new,g1m1_mid_load,1.0,58.0,100.0,0.98,1.02,57,59,14,500
2025-10-17,2.0005152379370594,0.0001411054300471118,5.879392918629659,1.759577618141734,0.9214752936344242,G1M1_new,g1m1_mid_load,1.0,58.0,100.0,0.98,1.02,57,59,14,500
2025-10-18,2.0006563433671065,0.0001411054300471118,5.879392918629659,1.759577618141734,0.9214752936344242,G1M1_new,g1m1_mid_load,1.0,58.0,100.0,0.98,1.02,57,59,14,500
2025-10-19,2.0007974487971536,0.0001411054300471118,5.879392918629659,1.759577618141734,0.9214752936344242,G1M1_new,g1m1_mid_load,1.0,58.0,100.0,0.98,1.02,57,59,14,500
2025-10-20,2.0009385542272007,0.0001411054300471118,5.879392918629659,1.759577618141734,0.9214752936344242,G1M1_new,g1m1_mid_load,1.0,58.0,100.0,0.98,1.02,57,59,14,500
2025-10-21,2.0010796596572478,0.0001411054300471118,5.879392918629659,1.759577618141734,0.9214752936344242,G1M1_new,g1m1_mid_load,1.0,58.0,100.0,0.98,1.02,57,59,14,500
2025-10-22,2.001220765087295,0.0001411054300471118,5.879392918629659,1.759577618141734,0.9214752936344242,G1M1_new,g1m1_mid_load,1.0,58.0,100.0,0.98,1.02,57,59,14,500
2025-10-23,2.001361870517342,0.0001411054300471118,5.879392918629659,1.759577618141734,0.9214752936344242,G1M1_new,g1m1_mid_load,1.0,58.0,100.0,0.98,1.02,57,59,14,500
2025-10-24,2.001502975947389,0.0001411054300471118,5.879392918629659,1.759577618141734,0.9214752936344242,G1M1_new,g1m1_mid_load,1.0,58.0,100.0,0.98,1.02,57,59,14,500
2025-10-25,2.001644081377436,0.0001411054300471118,5.879392918629659,1.759577618141734,0.9214752936344242,G1M1_new,g1m1_mid_load,1.0,58.0,100.0,0.98,1.02,57,59,14,500
2025-10-26,2.001785186807483,0.0001411054300471118,5.879392918629659,1.759577618141734,0.9214752936344242,G1M1_new,g1m1_mid_load,1.0,58.0,100.0,0.98,1.02,57,59,14,500
2025-10-27,2.0019262922375303,0.0001411054300471118,5.879392918629659,1.759577618141734,0.9214752936344242,G1M1_new,g1m1_mid_load,1.0,58.0,100.0,0.98,1.02,57,59,14,500
2025-10-28,2.002067397667578,0.0001411054300471118,5.879392918629659,1.759577618141734,0.9214752936344242,G1M1_new,g1m1_mid_load,1.0,58.0,100.0,0.98,1.02,57,59,14,500
2025-10-29,2.002208503097625,0.0001411054300471118,5.879392918629659,1.759577618141734,0.9214752936344242,G1M1_new,g1m1_mid_load,1.0,58.0,100.0,0.98,1.02,57,59,14,500
2025-10-30,2.002349608527672,0.0001411054300471118,5.879392918629659,1.759577618141734,0.9214752936344242,G1M1_new,g1m1_mid_load,1.0,58.0,100.0,0.98,1.02,57,59,14,500
2025-10-31,2.002490713957719,0.0001411054300471118,5.879392918629659,1.759577618141734,0.9214752936344242,G1M1_new,g1m1_mid_load,1.0,58.0,100.0,0.98,1.02,57,59,14,500
2025-11-01,2.002631819387766,0.0001411054300471118,5.879392918629659,1.759577618141734,0.9214752936344242,G1M1_new,g1m1_mid_load,1.0,58.0,100.0,0.98,1.02,57,59,14,500
2025-11-02,2.002772924817813,0.0001411054300471118,5.879392918629659,1.759577618141734,0.9214752936344242,G1M1_new,g1m1_mid_load,1.0,58.0,100.0,0.98,1.02,57,59,14,500
2025-11-03,2.0029140302478603,0.0001411054300471118,5.879392918629659,1.759577618141734,0.9214752936344242,G1M1_new,g1m1_mid_load,1.0,58.0,100.0,0.98,1.02,57,59,14,500
2025-11-04,2.0030551356779074,0.0001411054300471118,5.879392918629659,1.759577618141734,0.9214752936344242,G1M1_new,g1m1_mid_load,1.0,58.0,100.0,0.98,1.02,57,59,14,500
2025-11-05,2.0031962411079545,0.0001411054300471118,5.879392918629659,1.759577618141734,0.9214752936344242,G1M1_new,g1m1_mid_load,1.0,58.0,100.0,0.98,1.02,57,59,14,500
2025-11-06,2.0033373465380016,0.0001411054300471118,5.879392918629659,1.759577618141734,0.9214752936344242,G1M1_new,g1m1_mid_load,1.0,58.0,100.0,0.98,1.02,57,59,14,500
2025-11-07,2.0034784519680486,0.0001411054300471118,5.879392918629659,1.759577618141734,0.9214752936344242,G1M1_new,g1m1_mid_load,1.0,58.0,100.0,0.98,1.02,57,59,14,500
2025-11-08,2.0036195573980957,0.0001411054300471118,5.879392918629659,1.759577618141734,0.9214752936344242,G1M1_new,g1m1_mid_load,1.0,58.0,100.0,0.98,1.02,57,59,14,500
2025-11-09,2.003760662828143,0.0001411054300471118,5.879392918629659,1.759577618141734,0.9214752936344242,G1M1_new,g1m1_mid_load,1.0,58.0,100.0,0.98,1.02,57,59,14,500
2025-11-10,2.00390176825819,0.0001411054300471118,5.879392918629659,1.759577618141734,0.9214752936344242,G1M1_new,g1m1_mid_load,1.0,58.0,100.0,0.98,1.02,57,59,14,500
2025-11-11,2.004042873688237,0.0001411054300471118,5.879392918629659,1.759577618141734,0.9214752936344242,G1M1_new,g1m1_mid_load,1.0,58.0,100.0,0.98,1.02,57,59,14,500
2025-11-12,2.0041839791182845,0.0001411054300471118,5.879392918629659,1.759577618141734,0.9214752936344242,G1M1_new,g1m1_mid_load,1.0,58.0,100.0,0.98,1.02,57,59,14,500
2025-11-13,2.0043250845483316,0.0001411054300471118,5.879392918629659,1.759577618141734,0.9214752936344242,G1M1_new,g1m1_mid_load,1.0,58.0,100.0,0.98,1.02,57,59,14,500
2025-11-14,2.0044661899783787,0.0001411054300471118,5.879392918629659,1.759577618141734,0.9214752936344242,G1M1_new,g1m1_mid_load,1.0,58.0,100.0,0.98,1.02,57,59,14,500
2025-11-15,2.0046072954084257,0.0001411054300471118,5.879392918629659,1.759577618141734,0.9214752936344242,G1M1_new,g1m1_mid_load,1.0,58.0,100.0,0.98,1.02,57,59,14,500
2025-11-16,2.004748400838473,0.0001411054300471118,5.879392918629659,1.759577618141734,0.9214752936344242,G1M1_new,g1m1_mid_load,1.0,58.0,100.0,0.98,1.02,57,59,14,500
2025-11-17,2.00488950626852,0.0001411054300471118,5.879392918629659,1.759577618141734,0.9214752936344242,G1M1_new,g1m1_mid_load,1.0,58.0,100.0,0.98,1.02,57,59,14,500
2025-11-18,2.005030611698567,0.0001411054300471118,5.879392918629659,1.759577618141734,0.9214752936344242,G1M1_new,g1m1_mid_load,1.0,58.0,100.0,0.98,1.02,57,59,14,500
2025-11-19,2.005171717128614,0.0001411054300471118,5.879392918629659,1.759577618141734,0.9214752936344242,G1M1_new,g1m1_mid_load,1.0,58.0,100.0,0.98,1.02,57,59,14,500
2025-11-20,2.005312822558661,0.0001411054300471118,5.879392918629659,1.759577618141734,0.9214752936344242,G1M1_new,g1m1_mid_load,1.0,58.0,100.0,0.98,1.02,57,59,14,500
2025-11-21,2.0054539279887083,0.0001411054300471118,5.879392918629659,1.759577618141734,0.9214752936344242,G1M1_new,g1m1_mid_load,1.0,58.0,100.0,0.98,1.02,57,59,14,500
2025-11-22,2.0055950334187553,0.0001411054300471118,5.879392918629659,1.759577618141734,0.9214752936344242,G1M1_new,g1m1_mid_load,1.0,58.0,100.0,0.98,1.02,57,59,14,500
2025-11-23,2.0057361388488024,0.0001411054300471118,5.879392918629659,1.759577618141734,0.9214752936344242,G1M1_new,g1m1_mid_load,1.0,58.0,100.0,0.98,1.02,57,59,14,500
2025-11-24,2.0058772442788495,0.0001411054300471118,5.879392918629659,1.759577618141734,0.9214752936344242,G1M1_new,g1m1_mid_load,1.0,58.0,100.0,0.98,1.02,57,59,14,500
2025-11-25,2.0060183497088966,0.0001411054300471118,5.879392918629659,1.759577618141734,0.9214752936344242,G1M1_new,g1m1_mid_load,1.0,58.0,100.0,0.98,1.02,57,59,14,500
2025-11-26,2.0061594551389437,0.0001411054300471118,5.879392918629659,1.759577618141734,0.9214752936344242,G1M1_new,g1m1_mid_load,1.0,58.0,100.0,0.98,1.02,57,59,14,500
2025-11-27,2.0063005605689908,0.0001411054300471118,5.879392918629659,1.759577618141734,0.9214752936344242,G1M1_new,g1m1_mid_load,1.0,58.0,100.0,0.98,1.02,57,59,14,500
2025-11-28,2.006441665999038,0.0001411054300471118,5.879392918629659,1.759577618141734,0.9214752936344242,G1M1_new,g1m1_mid_load,1.0,58.0,100.0,0.98,1.02,57,59,14,500
2025-11-29,2.0065827714290854,0.0001411054300471118,5.879392918629659,1.759577618141734,0.9214752936344242,G1M1_new,g1m1_mid_load,1.0,58.0,100.0,0.98,1.02,57,59,14,500
2025-11-30,2.0067238768591324,0.0001411054300471118,5.879392918629659,1.759577618141734,0.9214752936344242,G1M1_new,g1m1_mid_load,1.0,58.0,100.0,0.98,1.02,57,59,14,500
2025-12-01,2.0068649822891795,0.0001411054300471118,5.879392918629659,1.759577618141734,0.9214752936344242,G1M1_new,g1m1_mid_load,1.0,58.0,100.0,0.98,1.02,57,59,14,500
2025-12-02,2.0070060877192266,0.0001411054300471118,5.879392918629659,1.759577618141734,0.9214752936344242,G1M1_new,g1m1_mid_load,1.0,58.0,100.0,0.98,1.02,57,59,14,500
2025-12-03,2.0071471931492737,0.0001411054300471118,5.879392918629659,1.759577618141734,0.9214752936344242,G1M1_new,g1m1_mid_load,1.0,58.0,100.0,0.98,1.02,57,59,14,500
2025-12-04,2.007288298579321,0.0001411054300471118,5.879392918629659,1.759577618141734,0.9214752936344242,G1M1_new,g1m1_mid_load,1.0,58.0,100.0,0.98,1.02,57,59,14,500
2025-12-05,2.007429404009368,0.0001411054300471118,5.879392918629659,1.759577618141734,0.9214752936344242,G1M1_new,g1m1_mid_load,1.0,58.0,100.0,0.98,1.02,57,59,14,500
2025-12-06,2.007570509439415,0.0001411054300471118,5.879392918629659,1.759577618141734,0.9214752936344242,G1M1_new,g1m1_mid_load,1.0,58.0,100.0,0.98,1.02,57,59,14,500
2025-12-07,2.007711614869462,0.0001411054300471118,5.879392918629659,1.759577618141734,0.9214752936344242,G1M1_new,g1m1_mid_load,1.0,58.0,100.0,0.98,1.02,57,59,14,500
2025-12-08,2.007852720299509,0.0001411054300471118,5.879392918629659,1.759577618141734,0.9214752936344242,G1M1_new,g1m1_mid_load,1.0,58.0,100.0,0.98,1.02,57,59,14,500
2025-12-09,2.007993825729556,0.0001411054300471118,5.879392918629659,1.759577618141734,0.9214752936344242,G1M1_new,g1m1_mid_load,1.0,58.0,100.0,0.98,1.02,57,59,14,500
