timestamp,gt_uref_regression,slope_v_per_day,slope_uv_per_h,intercept_v,r2,dataset_name,label,iref,tref,ohref,i_range_low,i_range_high,t_range_low,t_range_high,oh_range_low,oh_range_high
2021-02-12,1.621739043164005,2.5673780085731444e-05,1.0697408369054768,1.621751862225034,0.8164272390382559,G1M1_new,g1m1_low_load,0.3,58,11,0.28,0.32,56,60,1.6,76
2021-02-13,1.6217647169440907,2.5673780085731444e-05,1.0697408369054768,1.621751862225034,0.8164272390382559,G1M1_new,g1m1_low_load,0.3,58,11,0.28,0.32,56,60,1.6,76
2021-02-14,1.6217903907241766,2.5673780085731444e-05,1.0697408369054768,1.621751862225034,0.8164272390382559,G1M1_new,g1m1_low_load,0.3,58,11,0.28,0.32,56,60,1.6,76
2021-02-15,1.6218160645042623,2.5673780085731444e-05,1.0697408369054768,1.621751862225034,0.8164272390382559,G1M1_new,g1m1_low_load,0.3,58,11,0.28,0.32,56,60,1.6,76
2021-02-16,1.621841738284348,2.5673780085731444e-05,1.0697408369054768,1.621751862225034,0.8164272390382559,G1M1_new,g1m1_low_load,0.3,58,11,0.28,0.32,56,60,1.6,76
2021-02-17,1.6218674120644336,2.5673780085731444e-05,1.0697408369054768,1.621751862225034,0.8164272390382559,G1M1_new,g1m1_low_load,0.3,58,11,0.28,0.32,56,60,1.6,76
2021-02-18,1.6218930858445195,2.5673780085731444e-05,1.0697408369054768,1.621751862225034,0.8164272390382559,G1M1_new,g1m1_low_load,0.3,58,11,0.28,0.32,56,60,1.6,76
2021-02-19,1.6219187596246052,2.5673780085731444e-05,1.0697408369054768,1.621751862225034,0.8164272390382559,G1M1_new,g1m1_low_load,0.3,58,11,0.28,0.32,56,60,1.6,76
2021-02-20,1.6219444334046909,2.5673780085731444e-05,1.0697408369054768,1.621751862225034,0.8164272390382559,G1M1_new,g1m1_low_load,0.3,58,11,0.28,0.32,56,60,1.6,76
2021-02-21,1.6219701071847767,2.5673780085731444e-05,1.0697408369054768,1.621751862225034,0.8164272390382559,G1M1_new,g1m1_low_load,0.3,58,11,0.28,0.32,56,60,1.6,76
2021-02-22,1.6219957809648624,2.5673780085731444e-05,1.0697408369054768,1.621751862225034,0.8164272390382559,G1M1_new,g1m1_low_load,0.3,58,11,0.28,0.32,56,60,1.6,76
2021-02-23,1.622021454744948,2.5673780085731444e-05,1.0697408369054768,1.621751862225034,0.8164272390382559,G1M1_new,g1m1_low_load,0.3,58,11,0.28,0.32,56,60,1.6,76
2021-02-24,1.6220471285250337,2.5673780085731444e-05,1.0697408369054768,1.621751862225034,0.8164272390382559,G1M1_new,g1m1_low_load,0.3,58,11,0.28,0.32,56,60,1.6,76
2021-02-25,1.6220728023051196,2.5673780085731444e-05,1.0697408369054768,1.621751862225034,0.8164272390382559,G1M1_new,g1m1_low_load,0.3,58,11,0.28,0.32,56,60,1.6,76
2021-02-26,1.6220984760852053,2.5673780085731444e-05,1.0697408369054768,1.621751862225034,0.8164272390382559,G1M1_new,g1m1_low_load,0.3,58,11,0.28,0.32,56,60,1.6,76
2021-02-27,1.622124149865291,2.5673780085731444e-05,1.0697408369054768,1.621751862225034,0.8164272390382559,G1M1_new,g1m1_low_load,0.3,58,11,0.28,0.32,56,60,1.6,76
2021-02-28,1.6221498236453769,2.5673780085731444e-05,1.0697408369054768,1.621751862225034,0.8164272390382559,G1M1_new,g1m1_low_load,0.3,58,11,0.28,0.32,56,60,1.6,76
2021-03-01,1.6221754974254625,2.5673780085731444e-05,1.0697408369054768,1.621751862225034,0.8164272390382559,G1M1_new,g1m1_low_load,0.3,58,11,0.28,0.32,56,60,1.6,76
2021-03-02,1.6222011712055482,2.5673780085731444e-05,1.0697408369054768,1.621751862225034,0.8164272390382559,G1M1_new,g1m1_low_load,0.3,58,11,0.28,0.32,56,60,1.6,76
2021-03-03,1.6222268449856339,2.5673780085731444e-05,1.0697408369054768,1.621751862225034,0.8164272390382559,G1M1_new,g1m1_low_load,0.3,58,11,0.28,0.32,56,60,1.6,76
2021-03-04,1.6222525187657197,2.5673780085731444e-05,1.0697408369054768,1.621751862225034,0.8164272390382559,G1M1_new,g1m1_low_load,0.3,58,11,0.28,0.32,56,60,1.6,76
2021-03-05,1.6222781925458054,2.5673780085731444e-05,1.0697408369054768,1.621751862225034,0.8164272390382559,G1M1_new,g1m1_low_load,0.3,58,11,0.28,0.32,56,60,1.6,76
2021-03-06,1.622303866325891,2.5673780085731444e-05,1.0697408369054768,1.621751862225034,0.8164272390382559,G1M1_new,g1m1_low_load,0.3,58,11,0.28,0.32,56,60,1.6,76
2021-03-07,1.622329540105977,2.5673780085731444e-05,1.0697408369054768,1.621751862225034,0.8164272390382559,G1M1_new,g1m1_low_load,0.3,58,11,0.28,0.32,56,60,1.6,76
2021-03-08,1.6223552138860626,2.5673780085731444e-05,1.0697408369054768,1.621751862225034,0.8164272390382559,G1M1_new,g1m1_low_load,0.3,58,11,0.28,0.32,56,60,1.6,76
2021-03-09,1.6223808876661483,2.5673780085731444e-05,1.0697408369054768,1.621751862225034,0.8164272390382559,G1M1_new,g1m1_low_load,0.3,58,11,0.28,0.32,56,60,1.6,76
2021-03-10,1.6224065614462342,2.5673780085731444e-05,1.0697408369054768,1.621751862225034,0.8164272390382559,G1M1_new,g1m1_low_load,0.3,58,11,0.28,0.32,56,60,1.6,76
2021-03-11,1.6224322352263199,2.5673780085731444e-05,1.0697408369054768,1.621751862225034,0.8164272390382559,G1M1_new,g1m1_low_load,0.3,58,11,0.28,0.32,56,60,1.6,76
2021-03-12,1.6224579090064055,2.5673780085731444e-05,1.0697408369054768,1.621751862225034,0.8164272390382559,G1M1_new,g1m1_low_load,0.3,58,11,0.28,0.32,56,60,1.6,76
2021-03-13,1.6224835827864912,2.5673780085731444e-05,1.0697408369054768,1.621751862225034,0.8164272390382559,G1M1_new,g1m1_low_load,0.3,58,11,0.28,0.32,56,60,1.6,76
2021-03-14,1.622509256566577,2.5673780085731444e-05,1.0697408369054768,1.621751862225034,0.8164272390382559,G1M1_new,g1m1_low_load,0.3,58,11,0.28,0.32,56,60,1.6,76
2021-03-15,1.6225349303466627,2.5673780085731444e-05,1.0697408369054768,1.621751862225034,0.8164272390382559,G1M1_new,g1m1_low_load,0.3,58,11,0.28,0.32,56,60,1.6,76
2021-03-16,1.6225606041267484,2.5673780085731444e-05,1.0697408369054768,1.621751862225034,0.8164272390382559,G1M1_new,g1m1_low_load,0.3,58,11,0.28,0.32,56,60,1.6,76
2021-03-17,1.6225862779068343,2.5673780085731444e-05,1.0697408369054768,1.621751862225034,0.8164272390382559,G1M1_new,g1m1_low_load,0.3,58,11,0.28,0.32,56,60,1.6,76
2021-03-18,1.62261195168692,2.5673780085731444e-05,1.0697408369054768,1.621751862225034,0.8164272390382559,G1M1_new,g1m1_low_load,0.3,58,11,0.28,0.32,56,60,1.6,76
2021-03-19,1.6226376254670056,2.5673780085731444e-05,1.0697408369054768,1.621751862225034,0.8164272390382559,G1M1_new,g1m1_low_load,0.3,58,11,0.28,0.32,56,60,1.6,76
2021-03-20,1.6226632992470913,2.5673780085731444e-05,1.0697408369054768,1.621751862225034,0.8164272390382559,G1M1_new,g1m1_low_load,0.3,58,11,0.28,0.32,56,60,1.6,76
2021-03-21,1.6226889730271772,2.5673780085731444e-05,1.0697408369054768,1.621751862225034,0.8164272390382559,G1M1_new,g1m1_low_load,0.3,58,11,0.28,0.32,56,60,1.6,76
2021-03-22,1.6227146468072629,2.5673780085731444e-05,1.0697408369054768,1.621751862225034,0.8164272390382559,G1M1_new,g1m1_low_load,0.3,58,11,0.28,0.32,56,60,1.6,76
2021-03-23,1.6227403205873485,2.5673780085731444e-05,1.0697408369054768,1.621751862225034,0.8164272390382559,G1M1_new,g1m1_low_load,0.3,58,11,0.28,0.32,56,60,1.6,76
2021-03-24,1.6227659943674344,2.5673780085731444e-05,1.0697408369054768,1.621751862225034,0.8164272390382559,G1M1_new,g1m1_low_load,0.3,58,11,0.28,0.32,56,60,1.6,76
2021-03-25,1.62279166814752,2.5673780085731444e-05,1.0697408369054768,1.621751862225034,0.8164272390382559,G1M1_new,g1m1_low_load,0.3,58,11,0.28,0.32,56,60,1.6,76
2021-03-26,1.6228173419276057,2.5673780085731444e-05,1.0697408369054768,1.621751862225034,0.8164272390382559,G1M1_new,g1m1_low_load,0.3,58,11,0.28,0.32,56,60,1.6,76
2021-03-27,1.6228430157076914,2.5673780085731444e-05,1.0697408369054768,1.621751862225034,0.8164272390382559,G1M1_new,g1m1_low_load,0.3,58,11,0.28,0.32,56,60,1.6,76
2021-03-28,1.6228686894877773,2.5673780085731444e-05,1.0697408369054768,1.621751862225034,0.8164272390382559,G1M1_new,g1m1_low_load,0.3,58,11,0.28,0.32,56,60,1.6,76
2021-03-29,1.622894363267863,2.5673780085731444e-05,1.0697408369054768,1.621751862225034,0.8164272390382559,G1M1_new,g1m1_low_load,0.3,58,11,0.28,0.32,56,60,1.6,76
2021-03-30,1.6229200370479486,2.5673780085731444e-05,1.0697408369054768,1.621751862225034,0.8164272390382559,G1M1_new,g1m1_low_load,0.3,58,11,0.28,0.32,56,60,1.6,76
2021-03-31,1.6229457108280345,2.5673780085731444e-05,1.0697408369054768,1.621751862225034,0.8164272390382559,G1M1_new,g1m1_low_load,0.3,58,11,0.28,0.32,56,60,1.6,76
2021-04-01,1.6229713846081202,2.5673780085731444e-05,1.0697408369054768,1.621751862225034,0.8164272390382559,G1M1_new,g1m1_low_load,0.3,58,11,0.28,0.32,56,60,1.6,76
2021-04-02,1.6229970583882058,2.5673780085731444e-05,1.0697408369054768,1.621751862225034,0.8164272390382559,G1M1_new,g1m1_low_load,0.3,58,11,0.28,0.32,56,60,1.6,76
2021-04-03,1.6230227321682917,2.5673780085731444e-05,1.0697408369054768,1.621751862225034,0.8164272390382559,G1M1_new,g1m1_low_load,0.3,58,11,0.28,0.32,56,60,1.6,76
2021-04-04,1.6230484059483774,2.5673780085731444e-05,1.0697408369054768,1.621751862225034,0.8164272390382559,G1M1_new,g1m1_low_load,0.3,58,11,0.28,0.32,56,60,1.6,76
2021-04-05,1.623074079728463,2.5673780085731444e-05,1.0697408369054768,1.621751862225034,0.8164272390382559,G1M1_new,g1m1_low_load,0.3,58,11,0.28,0.32,56,60,1.6,76
2021-04-06,1.6230997535085487,2.5673780085731444e-05,1.0697408369054768,1.621751862225034,0.8164272390382559,G1M1_new,g1m1_low_load,0.3,58,11,0.28,0.32,56,60,1.6,76
2021-04-07,1.6231254272886346,2.5673780085731444e-05,1.0697408369054768,1.621751862225034,0.8164272390382559,G1M1_new,g1m1_low_load,0.3,58,11,0.28,0.32,56,60,1.6,76
2021-04-08,1.6231511010687203,2.5673780085731444e-05,1.0697408369054768,1.621751862225034,0.8164272390382559,G1M1_new,g1m1_low_load,0.3,58,11,0.28,0.32,56,60,1.6,76
2021-04-09,1.623176774848806,2.5673780085731444e-05,1.0697408369054768,1.621751862225034,0.8164272390382559,G1M1_new,g1m1_low_load,0.3,58,11,0.28,0.32,56,60,1.6,76
2021-04-10,1.6232024486288918,2.5673780085731444e-05,1.0697408369054768,1.621751862225034,0.8164272390382559,G1M1_new,g1m1_low_load,0.3,58,11,0.28,0.32,56,60,1.6,76
2021-04-11,1.6232281224089775,2.5673780085731444e-05,1.0697408369054768,1.621751862225034,0.8164272390382559,G1M1_new,g1m1_low_load,0.3,58,11,0.28,0.32,56,60,1.6,76
2021-04-12,1.6232537961890632,2.5673780085731444e-05,1.0697408369054768,1.621751862225034,0.8164272390382559,G1M1_new,g1m1_low_load,0.3,58,11,0.28,0.32,56,60,1.6,76
2021-04-13,1.6232794699691488,2.5673780085731444e-05,1.0697408369054768,1.621751862225034,0.8164272390382559,G1M1_new,g1m1_low_load,0.3,58,11,0.28,0.32,56,60,1.6,76
2021-04-14,1.6233051437492347,2.5673780085731444e-05,1.0697408369054768,1.621751862225034,0.8164272390382559,G1M1_new,g1m1_low_load,0.3,58,11,0.28,0.32,56,60,1.6,76
2021-04-15,1.6233308175293204,2.5673780085731444e-05,1.0697408369054768,1.621751862225034,0.8164272390382559,G1M1_new,g1m1_low_load,0.3,58,11,0.28,0.32,56,60,1.6,76
2021-04-16,1.623356491309406,2.5673780085731444e-05,1.0697408369054768,1.621751862225034,0.8164272390382559,G1M1_new,g1m1_low_load,0.3,58,11,0.28,0.32,56,60,1.6,76
2021-04-17,1.623382165089492,2.5673780085731444e-05,1.0697408369054768,1.621751862225034,0.8164272390382559,G1M1_new,g1m1_low_load,0.3,58,11,0.28,0.32,56,60,1.6,76
2021-04-18,1.6234078388695776,2.5673780085731444e-05,1.0697408369054768,1.621751862225034,0.8164272390382559,G1M1_new,g1m1_low_load,0.3,58,11,0.28,0.32,56,60,1.6,76
2021-04-19,1.6234335126496633,2.5673780085731444e-05,1.0697408369054768,1.621751862225034,0.8164272390382559,G1M1_new,g1m1_low_load,0.3,58,11,0.28,0.32,56,60,1.6,76
2021-04-20,1.6234591864297492,2.5673780085731444e-05,1.0697408369054768,1.621751862225034,0.8164272390382559,G1M1_new,g1m1_low_load,0.3,58,11,0.28,0.32,56,60,1.6,76
2021-04-21,1.6234848602098348,2.5673780085731444e-05,1.0697408369054768,1.621751862225034,0.8164272390382559,G1M1_new,g1m1_low_load,0.3,58,11,0.28,0.32,56,60,1.6,76
2021-04-22,1.6235105339899205,2.5673780085731444e-05,1.0697408369054768,1.621751862225034,0.8164272390382559,G1M1_new,g1m1_low_load,0.3,58,11,0.28,0.32,56,60,1.6,76
2021-04-23,1.6235362077700062,2.5673780085731444e-05,1.0697408369054768,1.621751862225034,0.8164272390382559,G1M1_new,g1m1_low_load,0.3,58,11,0.28,0.32,56,60,1.6,76
2021-04-24,1.623561881550092,2.5673780085731444e-05,1.0697408369054768,1.621751862225034,0.8164272390382559,G1M1_new,g1m1_low_load,0.3,58,11,0.28,0.32,56,60,1.6,76
2021-04-25,1.6235875553301777,2.5673780085731444e-05,1.0697408369054768,1.621751862225034,0.8164272390382559,G1M1_new,g1m1_low_load,0.3,58,11,0.28,0.32,56,60,1.6,76
2021-04-26,1.6236132291102634,2.5673780085731444e-05,1.0697408369054768,1.621751862225034,0.8164272390382559,G1M1_new,g1m1_low_load,0.3,58,11,0.28,0.32,56,60,1.6,76
2021-04-27,1.6236389028903493,2.5673780085731444e-05,1.0697408369054768,1.621751862225034,0.8164272390382559,G1M1_new,g1m1_low_load,0.3,58,11,0.28,0.32,56,60,1.6,76
2021-04-28,1.623664576670435,2.5673780085731444e-05,1.0697408369054768,1.621751862225034,0.8164272390382559,G1M1_new,g1m1_low_load,0.3,58,11,0.28,0.32,56,60,1.6,76
2021-04-29,1.6236902504505206,2.5673780085731444e-05,1.0697408369054768,1.621751862225034,0.8164272390382559,G1M1_new,g1m1_low_load,0.3,58,11,0.28,0.32,56,60,1.6,76
2021-04-30,1.6237159242306063,2.5673780085731444e-05,1.0697408369054768,1.621751862225034,0.8164272390382559,G1M1_new,g1m1_low_load,0.3,58,11,0.28,0.32,56,60,1.6,76
2021-05-01,1.6237415980106922,2.5673780085731444e-05,1.0697408369054768,1.621751862225034,0.8164272390382559,G1M1_new,g1m1_low_load,0.3,58,11,0.28,0.32,56,60,1.6,76
2021-05-02,1.6237672717907778,2.5673780085731444e-05,1.0697408369054768,1.621751862225034,0.8164272390382559,G1M1_new,g1m1_low_load,0.3,58,11,0.28,0.32,56,60,1.6,76
2021-05-03,1.6237929455708635,2.5673780085731444e-05,1.0697408369054768,1.621751862225034,0.8164272390382559,G1M1_new,g1m1_low_load,0.3,58,11,0.28,0.32,56,60,1.6,76
2021-05-04,1.6238186193509494,2.5673780085731444e-05,1.0697408369054768,1.621751862225034,0.8164272390382559,G1M1_new,g1m1_low_load,0.3,58,11,0.28,0.32,56,60,1.6,76
2021-05-05,1.623844293131035,2.5673780085731444e-05,1.0697408369054768,1.621751862225034,0.8164272390382559,G1M1_new,g1m1_low_load,0.3,58,11,0.28,0.32,56,60,1.6,76
2021-05-06,1.6238699669111207,2.5673780085731444e-05,1.0697408369054768,1.621751862225034,0.8164272390382559,G1M1_new,g1m1_low_load,0.3,58,11,0.28,0.32,56,60,1.6,76
2021-05-07,1.6238956406912064,2.5673780085731444e-05,1.0697408369054768,1.621751862225034,0.8164272390382559,G1M1_new,g1m1_low_load,0.3,58,11,0.28,0.32,56,60,1.6,76
2021-05-08,1.6239213144712923,2.5673780085731444e-05,1.0697408369054768,1.621751862225034,0.8164272390382559,G1M1_new,g1m1_low_load,0.3,58,11,0.28,0.32,56,60,1.6,76
2021-05-09,1.623946988251378,2.5673780085731444e-05,1.0697408369054768,1.621751862225034,0.8164272390382559,G1M1_new,g1m1_low_load,0.3,58,11,0.28,0.32,56,60,1.6,76
2021-05-10,1.6239726620314636,2.5673780085731444e-05,1.0697408369054768,1.621751862225034,0.8164272390382559,G1M1_new,g1m1_low_load,0.3,58,11,0.28,0.32,56,60,1.6,76
2021-05-11,1.6239983358115495,2.5673780085731444e-05,1.0697408369054768,1.621751862225034,0.8164272390382559,G1M1_new,g1m1_low_load,0.3,58,11,0.28,0.32,56,60,1.6,76
2021-05-12,1.6240240095916352,2.5673780085731444e-05,1.0697408369054768,1.621751862225034,0.8164272390382559,G1M1_new,g1m1_low_load,0.3,58,11,0.28,0.32,56,60,1.6,76
2021-05-13,1.6240496833717208,2.5673780085731444e-05,1.0697408369054768,1.621751862225034,0.8164272390382559,G1M1_new,g1m1_low_load,0.3,58,11,0.28,0.32,56,60,1.6,76
2021-05-14,1.6240753571518067,2.5673780085731444e-05,1.0697408369054768,1.621751862225034,0.8164272390382559,G1M1_new,g1m1_low_load,0.3,58,11,0.28,0.32,56,60,1.6,76
2021-05-15,1.6241010309318924,2.5673780085731444e-05,1.0697408369054768,1.621751862225034,0.8164272390382559,G1M1_new,g1m1_low_load,0.3,58,11,0.28,0.32,56,60,1.6,76
2021-05-16,1.624126704711978,2.5673780085731444e-05,1.0697408369054768,1.621751862225034,0.8164272390382559,G1M1_new,g1m1_low_load,0.3,58,11,0.28,0.32,56,60,1.6,76
2021-05-17,1.6241523784920637,2.5673780085731444e-05,1.0697408369054768,1.621751862225034,0.8164272390382559,G1M1_new,g1m1_low_load,0.3,58,11,0.28,0.32,56,60,1.6,76
2021-05-18,1.6241780522721496,2.5673780085731444e-05,1.0697408369054768,1.621751862225034,0.8164272390382559,G1M1_new,g1m1_low_load,0.3,58,11,0.28,0.32,56,60,1.6,76
2021-05-19,1.6242037260522353,2.5673780085731444e-05,1.0697408369054768,1.621751862225034,0.8164272390382559,G1M1_new,g1m1_low_load,0.3,58,11,0.28,0.32,56,60,1.6,76
2021-05-20,1.624229399832321,2.5673780085731444e-05,1.0697408369054768,1.621751862225034,0.8164272390382559,G1M1_new,g1m1_low_load,0.3,58,11,0.28,0.32,56,60,1.6,76
2021-05-21,1.6242550736124068,2.5673780085731444e-05,1.0697408369054768,1.621751862225034,0.8164272390382559,G1M1_new,g1m1_low_load,0.3,58,11,0.28,0.32,56,60,1.6,76
2021-05-22,1.6242807473924925,2.5673780085731444e-05,1.0697408369054768,1.621751862225034,0.8164272390382559,G1M1_new,g1m1_low_load,0.3,58,11,0.28,0.32,56,60,1.6,76
2021-05-23,1.6243064211725782,2.5673780085731444e-05,1.0697408369054768,1.621751862225034,0.8164272390382559,G1M1_new,g1m1_low_load,0.3,58,11,0.28,0.32,56,60,1.6,76
2021-05-24,1.6243320949526638,2.5673780085731444e-05,1.0697408369054768,1.621751862225034,0.8164272390382559,G1M1_new,g1m1_low_load,0.3,58,11,0.28,0.32,56,60,1.6,76
2021-05-25,1.6243577687327497,2.5673780085731444e-05,1.0697408369054768,1.621751862225034,0.8164272390382559,G1M1_new,g1m1_low_load,0.3,58,11,0.28,0.32,56,60,1.6,76
2021-05-26,1.6243834425128354,2.5673780085731444e-05,1.0697408369054768,1.621751862225034,0.8164272390382559,G1M1_new,g1m1_low_load,0.3,58,11,0.28,0.32,56,60,1.6,76
2021-05-27,1.624409116292921,2.5673780085731444e-05,1.0697408369054768,1.621751862225034,0.8164272390382559,G1M1_new,g1m1_low_load,0.3,58,11,0.28,0.32,56,60,1.6,76
2021-05-28,1.624434790073007,2.5673780085731444e-05,1.0697408369054768,1.621751862225034,0.8164272390382559,G1M1_new,g1m1_low_load,0.3,58,11,0.28,0.32,56,60,1.6,76
2021-05-29,1.6244604638530926,2.5673780085731444e-05,1.0697408369054768,1.621751862225034,0.8164272390382559,G1M1_new,g1m1_low_load,0.3,58,11,0.28,0.32,56,60,1.6,76
2021-05-30,1.6244861376331783,2.5673780085731444e-05,1.0697408369054768,1.621751862225034,0.8164272390382559,G1M1_new,g1m1_low_load,0.3,58,11,0.28,0.32,56,60,1.6,76
2021-05-31,1.624511811413264,2.5673780085731444e-05,1.0697408369054768,1.621751862225034,0.8164272390382559,G1M1_new,g1m1_low_load,0.3,58,11,0.28,0.32,56,60,1.6,76
2021-06-01,1.6245374851933498,2.5673780085731444e-05,1.0697408369054768,1.621751862225034,0.8164272390382559,G1M1_new,g1m1_low_load,0.3,58,11,0.28,0.32,56,60,1.6,76
2021-06-02,1.6245631589734355,2.5673780085731444e-05,1.0697408369054768,1.621751862225034,0.8164272390382559,G1M1_new,g1m1_low_load,0.3,58,11,0.28,0.32,56,60,1.6,76
2021-06-03,1.6245888327535212,2.5673780085731444e-05,1.0697408369054768,1.621751862225034,0.8164272390382559,G1M1_new,g1m1_low_load,0.3,58,11,0.28,0.32,56,60,1.6,76
2021-06-04,1.624614506533607,2.5673780085731444e-05,1.0697408369054768,1.621751862225034,0.8164272390382559,G1M1_new,g1m1_low_load,0.3,58,11,0.28,0.32,56,60,1.6,76
2021-06-05,1.6246401803136927,2.5673780085731444e-05,1.0697408369054768,1.621751862225034,0.8164272390382559,G1M1_new,g1m1_low_load,0.3,58,11,0.28,0.32,56,60,1.6,76
2021-06-06,1.6246658540937784,2.5673780085731444e-05,1.0697408369054768,1.621751862225034,0.8164272390382559,G1M1_new,g1m1_low_load,0.3,58,11,0.28,0.32,56,60,1.6,76
2021-06-07,1.6246915278738643,2.5673780085731444e-05,1.0697408369054768,1.621751862225034,0.8164272390382559,G1M1_new,g1m1_low_load,0.3,58,11,0.28,0.32,56,60,1.6,76
2021-06-08,1.62471720165395,2.5673780085731444e-05,1.0697408369054768,1.621751862225034,0.8164272390382559,G1M1_new,g1m1_low_load,0.3,58,11,0.28,0.32,56,60,1.6,76
2021-06-09,1.6247428754340356,2.5673780085731444e-05,1.0697408369054768,1.621751862225034,0.8164272390382559,G1M1_new,g1m1_low_load,0.3,58,11,0.28,0.32,56,60,1.6,76
2021-06-10,1.6247685492141213,2.5673780085731444e-05,1.0697408369054768,1.621751862225034,0.8164272390382559,G1M1_new,g1m1_low_load,0.3,58,11,0.28,0.32,56,60,1.6,76
2021-06-11,1.6247942229942072,2.5673780085731444e-05,1.0697408369054768,1.621751862225034,0.8164272390382559,G1M1_new,g1m1_low_load,0.3,58,11,0.28,0.32,56,60,1.6,76
2021-06-12,1.6248198967742928,2.5673780085731444e-05,1.0697408369054768,1.621751862225034,0.8164272390382559,G1M1_new,g1m1_low_load,0.3,58,11,0.28,0.32,56,60,1.6,76
2021-06-13,1.6248455705543785,2.5673780085731444e-05,1.0697408369054768,1.621751862225034,0.8164272390382559,G1M1_new,g1m1_low_load,0.3,58,11,0.28,0.32,56,60,1.6,76
2021-06-14,1.6248712443344644,2.5673780085731444e-05,1.0697408369054768,1.621751862225034,0.8164272390382559,G1M1_new,g1m1_low_load,0.3,58,11,0.28,0.32,56,60,1.6,76
2021-06-15,1.62489691811455,2.5673780085731444e-05,1.0697408369054768,1.621751862225034,0.8164272390382559,G1M1_new,g1m1_low_load,0.3,58,11,0.28,0.32,56,60,1.6,76
2021-06-16,1.6249225918946357,2.5673780085731444e-05,1.0697408369054768,1.621751862225034,0.8164272390382559,G1M1_new,g1m1_low_load,0.3,58,11,0.28,0.32,56,60,1.6,76
2021-06-17,1.6249482656747214,2.5673780085731444e-05,1.0697408369054768,1.621751862225034,0.8164272390382559,G1M1_new,g1m1_low_load,0.3,58,11,0.28,0.32,56,60,1.6,76
2021-06-18,1.6249739394548073,2.5673780085731444e-05,1.0697408369054768,1.621751862225034,0.8164272390382559,G1M1_new,g1m1_low_load,0.3,58,11,0.28,0.32,56,60,1.6,76
2021-06-19,1.624999613234893,2.5673780085731444e-05,1.0697408369054768,1.621751862225034,0.8164272390382559,G1M1_new,g1m1_low_load,0.3,58,11,0.28,0.32,56,60,1.6,76
2021-06-20,1.6250252870149786,2.5673780085731444e-05,1.0697408369054768,1.621751862225034,0.8164272390382559,G1M1_new,g1m1_low_load,0.3,58,11,0.28,0.32,56,60,1.6,76
2021-06-21,1.6250509607950645,2.5673780085731444e-05,1.0697408369054768,1.621751862225034,0.8164272390382559,G1M1_new,g1m1_low_load,0.3,58,11,0.28,0.32,56,60,1.6,76
2021-06-22,1.6250766345751502,2.5673780085731444e-05,1.0697408369054768,1.621751862225034,0.8164272390382559,G1M1_new,g1m1_low_load,0.3,58,11,0.28,0.32,56,60,1.6,76
2021-06-23,1.6251023083552358,2.5673780085731444e-05,1.0697408369054768,1.621751862225034,0.8164272390382559,G1M1_new,g1m1_low_load,0.3,58,11,0.28,0.32,56,60,1.6,76
2021-06-24,1.6251279821353215,2.5673780085731444e-05,1.0697408369054768,1.621751862225034,0.8164272390382559,G1M1_new,g1m1_low_load,0.3,58,11,0.28,0.32,56,60,1.6,76
2021-06-25,1.6251536559154074,2.5673780085731444e-05,1.0697408369054768,1.621751862225034,0.8164272390382559,G1M1_new,g1m1_low_load,0.3,58,11,0.28,0.32,56,60,1.6,76
2021-06-26,1.625179329695493,2.5673780085731444e-05,1.0697408369054768,1.621751862225034,0.8164272390382559,G1M1_new,g1m1_low_load,0.3,58,11,0.28,0.32,56,60,1.6,76
2021-06-27,1.6252050034755787,2.5673780085731444e-05,1.0697408369054768,1.621751862225034,0.8164272390382559,G1M1_new,g1m1_low_load,0.3,58,11,0.28,0.32,56,60,1.6,76
2021-06-28,1.6252306772556646,2.5673780085731444e-05,1.0697408369054768,1.621751862225034,0.8164272390382559,G1M1_new,g1m1_low_load,0.3,58,11,0.28,0.32,56,60,1.6,76
2021-06-29,1.6252563510357503,2.5673780085731444e-05,1.0697408369054768,1.621751862225034,0.8164272390382559,G1M1_new,g1m1_low_load,0.3,58,11,0.28,0.32,56,60,1.6,76
2021-06-30,1.625282024815836,2.5673780085731444e-05,1.0697408369054768,1.621751862225034,0.8164272390382559,G1M1_new,g1m1_low_load,0.3,58,11,0.28,0.32,56,60,1.6,76
2021-07-01,1.6253076985959218,2.5673780085731444e-05,1.0697408369054768,1.621751862225034,0.8164272390382559,G1M1_new,g1m1_low_load,0.3,58,11,0.28,0.32,56,60,1.6,76
2021-07-02,1.6253333723760075,2.5673780085731444e-05,1.0697408369054768,1.621751862225034,0.8164272390382559,G1M1_new,g1m1_low_load,0.3,58,11,0.28,0.32,56,60,1.6,76
2021-07-03,1.6253590461560932,2.5673780085731444e-05,1.0697408369054768,1.621751862225034,0.8164272390382559,G1M1_new,g1m1_low_load,0.3,58,11,0.28,0.32,56,60,1.6,76
2021-07-04,1.6253847199361788,2.5673780085731444e-05,1.0697408369054768,1.621751862225034,0.8164272390382559,G1M1_new,g1m1_low_load,0.3,58,11,0.28,0.32,56,60,1.6,76
2021-07-05,1.6254103937162647,2.5673780085731444e-05,1.0697408369054768,1.621751862225034,0.8164272390382559,G1M1_new,g1m1_low_load,0.3,58,11,0.28,0.32,56,60,1.6,76
2021-07-06,1.6254360674963504,2.5673780085731444e-05,1.0697408369054768,1.621751862225034,0.8164272390382559,G1M1_new,g1m1_low_load,0.3,58,11,0.28,0.32,56,60,1.6,76
2021-07-07,1.625461741276436,2.5673780085731444e-05,1.0697408369054768,1.621751862225034,0.8164272390382559,G1M1_new,g1m1_low_load,0.3,58,11,0.28,0.32,56,60,1.6,76
2021-07-08,1.625487415056522,2.5673780085731444e-05,1.0697408369054768,1.621751862225034,0.8164272390382559,G1M1_new,g1m1_low_load,0.3,58,11,0.28,0.32,56,60,1.6,76
2021-07-09,1.6255130888366076,2.5673780085731444e-05,1.0697408369054768,1.621751862225034,0.8164272390382559,G1M1_new,g1m1_low_load,0.3,58,11,0.28,0.32,56,60,1.6,76
2021-07-10,1.6255387626166933,2.5673780085731444e-05,1.0697408369054768,1.621751862225034,0.8164272390382559,G1M1_new,g1m1_low_load,0.3,58,11,0.28,0.32,56,60,1.6,76
2021-07-11,1.625564436396779,2.5673780085731444e-05,1.0697408369054768,1.621751862225034,0.8164272390382559,G1M1_new,g1m1_low_load,0.3,58,11,0.28,0.32,56,60,1.6,76
2021-07-12,1.6255901101768648,2.5673780085731444e-05,1.0697408369054768,1.621751862225034,0.8164272390382559,G1M1_new,g1m1_low_load,0.3,58,11,0.28,0.32,56,60,1.6,76
2021-07-13,1.6256157839569505,2.5673780085731444e-05,1.0697408369054768,1.621751862225034,0.8164272390382559,G1M1_new,g1m1_low_load,0.3,58,11,0.28,0.32,56,60,1.6,76
2021-07-14,1.6256414577370362,2.5673780085731444e-05,1.0697408369054768,1.621751862225034,0.8164272390382559,G1M1_new,g1m1_low_load,0.3,58,11,0.28,0.32,56,60,1.6,76
2021-07-15,1.625667131517122,2.5673780085731444e-05,1.0697408369054768,1.621751862225034,0.8164272390382559,G1M1_new,g1m1_low_load,0.3,58,11,0.28,0.32,56,60,1.6,76
2021-07-16,1.6256928052972077,2.5673780085731444e-05,1.0697408369054768,1.621751862225034,0.8164272390382559,G1M1_new,g1m1_low_load,0.3,58,11,0.28,0.32,56,60,1.6,76
2021-07-17,1.6257184790772934,2.5673780085731444e-05,1.0697408369054768,1.621751862225034,0.8164272390382559,G1M1_new,g1m1_low_load,0.3,58,11,0.28,0.32,56,60,1.6,76
2021-07-18,1.6257441528573793,2.5673780085731444e-05,1.0697408369054768,1.621751862225034,0.8164272390382559,G1M1_new,g1m1_low_load,0.3,58,11,0.28,0.32,56,60,1.6,76
2021-07-19,1.625769826637465,2.5673780085731444e-05,1.0697408369054768,1.621751862225034,0.8164272390382559,G1M1_new,g1m1_low_load,0.3,58,11,0.28,0.32,56,60,1.6,76
2021-07-20,1.6257955004175506,2.5673780085731444e-05,1.0697408369054768,1.621751862225034,0.8164272390382559,G1M1_new,g1m1_low_load,0.3,58,11,0.28,0.32,56,60,1.6,76
2021-07-21,1.6258211741976363,2.5673780085731444e-05,1.0697408369054768,1.621751862225034,0.8164272390382559,G1M1_new,g1m1_low_load,0.3,58,11,0.28,0.32,56,60,1.6,76
2021-07-22,1.6258468479777222,2.5673780085731444e-05,1.0697408369054768,1.621751862225034,0.8164272390382559,G1M1_new,g1m1_low_load,0.3,58,11,0.28,0.32,56,60,1.6,76
2021-07-23,1.6258725217578078,2.5673780085731444e-05,1.0697408369054768,1.621751862225034,0.8164272390382559,G1M1_new,g1m1_low_load,0.3,58,11,0.28,0.32,56,60,1.6,76
2021-07-24,1.6258981955378935,2.5673780085731444e-05,1.0697408369054768,1.621751862225034,0.8164272390382559,G1M1_new,g1m1_low_load,0.3,58,11,0.28,0.32,56,60,1.6,76
2021-07-25,1.6259238693179794,2.5673780085731444e-05,1.0697408369054768,1.621751862225034,0.8164272390382559,G1M1_new,g1m1_low_load,0.3,58,11,0.28,0.32,56,60,1.6,76
2021-07-26,1.625949543098065,2.5673780085731444e-05,1.0697408369054768,1.621751862225034,0.8164272390382559,G1M1_new,g1m1_low_load,0.3,58,11,0.28,0.32,56,60,1.6,76
2021-07-27,1.6259752168781507,2.5673780085731444e-05,1.0697408369054768,1.621751862225034,0.8164272390382559,G1M1_new,g1m1_low_load,0.3,58,11,0.28,0.32,56,60,1.6,76
2021-07-28,1.6260008906582364,2.5673780085731444e-05,1.0697408369054768,1.621751862225034,0.8164272390382559,G1M1_new,g1m1_low_load,0.3,58,11,0.28,0.32,56,60,1.6,76
2021-07-29,1.6260265644383223,2.5673780085731444e-05,1.0697408369054768,1.621751862225034,0.8164272390382559,G1M1_new,g1m1_low_load,0.3,58,11,0.28,0.32,56,60,1.6,76
2021-07-30,1.626052238218408,2.5673780085731444e-05,1.0697408369054768,1.621751862225034,0.8164272390382559,G1M1_new,g1m1_low_load,0.3,58,11,0.28,0.32,56,60,1.6,76
2021-07-31,1.6260779119984936,2.5673780085731444e-05,1.0697408369054768,1.621751862225034,0.8164272390382559,G1M1_new,g1m1_low_load,0.3,58,11,0.28,0.32,56,60,1.6,76
2021-08-01,1.6261035857785795,2.5673780085731444e-05,1.0697408369054768,1.621751862225034,0.8164272390382559,G1M1_new,g1m1_low_load,0.3,58,11,0.28,0.32,56,60,1.6,76
2021-08-02,1.6261292595586652,2.5673780085731444e-05,1.0697408369054768,1.621751862225034,0.8164272390382559,G1M1_new,g1m1_low_load,0.3,58,11,0.28,0.32,56,60,1.6,76
2021-08-03,1.6261549333387508,2.5673780085731444e-05,1.0697408369054768,1.621751862225034,0.8164272390382559,G1M1_new,g1m1_low_load,0.3,58,11,0.28,0.32,56,60,1.6,76
2021-08-04,1.6261806071188365,2.5673780085731444e-05,1.0697408369054768,1.621751862225034,0.8164272390382559,G1M1_new,g1m1_low_load,0.3,58,11,0.28,0.32,56,60,1.6,76
2021-08-05,1.6262062808989224,2.5673780085731444e-05,1.0697408369054768,1.621751862225034,0.8164272390382559,G1M1_new,g1m1_low_load,0.3,58,11,0.28,0.32,56,60,1.6,76
2021-08-06,1.626231954679008,2.5673780085731444e-05,1.0697408369054768,1.621751862225034,0.8164272390382559,G1M1_new,g1m1_low_load,0.3,58,11,0.28,0.32,56,60,1.6,76
2021-08-07,1.6262576284590937,2.5673780085731444e-05,1.0697408369054768,1.621751862225034,0.8164272390382559,G1M1_new,g1m1_low_load,0.3,58,11,0.28,0.32,56,60,1.6,76
2021-08-08,1.6262833022391796,2.5673780085731444e-05,1.0697408369054768,1.621751862225034,0.8164272390382559,G1M1_new,g1m1_low_load,0.3,58,11,0.28,0.32,56,60,1.6,76
2021-08-09,1.6263089760192653,2.5673780085731444e-05,1.0697408369054768,1.621751862225034,0.8164272390382559,G1M1_new,g1m1_low_load,0.3,58,11,0.28,0.32,56,60,1.6,76
2021-08-10,1.626334649799351,2.5673780085731444e-05,1.0697408369054768,1.621751862225034,0.8164272390382559,G1M1_new,g1m1_low_load,0.3,58,11,0.28,0.32,56,60,1.6,76
2021-08-11,1.6263603235794368,2.5673780085731444e-05,1.0697408369054768,1.621751862225034,0.8164272390382559,G1M1_new,g1m1_low_load,0.3,58,11,0.28,0.32,56,60,1.6,76
2021-08-12,1.6263859973595225,2.5673780085731444e-05,1.0697408369054768,1.621751862225034,0.8164272390382559,G1M1_new,g1m1_low_load,0.3,58,11,0.28,0.32,56,60,1.6,76
2021-08-13,1.6264116711396082,2.5673780085731444e-05,1.0697408369054768,1.621751862225034,0.8164272390382559,G1M1_new,g1m1_low_load,0.3,58,11,0.28,0.32,56,60,1.6,76
2021-08-14,1.6264373449196938,2.5673780085731444e-05,1.0697408369054768,1.621751862225034,0.8164272390382559,G1M1_new,g1m1_low_load,0.3,58,11,0.28,0.32,56,60,1.6,76
2021-08-15,1.6264630186997797,2.5673780085731444e-05,1.0697408369054768,1.621751862225034,0.8164272390382559,G1M1_new,g1m1_low_load,0.3,58,11,0.28,0.32,56,60,1.6,76
2021-08-16,1.6264886924798654,2.5673780085731444e-05,1.0697408369054768,1.621751862225034,0.8164272390382559,G1M1_new,g1m1_low_load,0.3,58,11,0.28,0.32,56,60,1.6,76
2021-08-17,1.626514366259951,2.5673780085731444e-05,1.0697408369054768,1.621751862225034,0.8164272390382559,G1M1_new,g1m1_low_load,0.3,58,11,0.28,0.32,56,60,1.6,76
2021-08-18,1.626540040040037,2.5673780085731444e-05,1.0697408369054768,1.621751862225034,0.8164272390382559,G1M1_new,g1m1_low_load,0.3,58,11,0.28,0.32,56,60,1.6,76
2021-08-19,1.6265657138201226,2.5673780085731444e-05,1.0697408369054768,1.621751862225034,0.8164272390382559,G1M1_new,g1m1_low_load,0.3,58,11,0.28,0.32,56,60,1.6,76
2021-08-20,1.6265913876002083,2.5673780085731444e-05,1.0697408369054768,1.621751862225034,0.8164272390382559,G1M1_new,g1m1_low_load,0.3,58,11,0.28,0.32,56,60,1.6,76
2021-08-21,1.626617061380294,2.5673780085731444e-05,1.0697408369054768,1.621751862225034,0.8164272390382559,G1M1_new,g1m1_low_load,0.3,58,11,0.28,0.32,56,60,1.6,76
2021-08-22,1.6266427351603798,2.5673780085731444e-05,1.0697408369054768,1.621751862225034,0.8164272390382559,G1M1_new,g1m1_low_load,0.3,58,11,0.28,0.32,56,60,1.6,76
2021-08-23,1.6266684089404655,2.5673780085731444e-05,1.0697408369054768,1.621751862225034,0.8164272390382559,G1M1_new,g1m1_low_load,0.3,58,11,0.28,0.32,56,60,1.6,76
2021-08-24,1.6266940827205512,2.5673780085731444e-05,1.0697408369054768,1.621751862225034,0.8164272390382559,G1M1_new,g1m1_low_load,0.3,58,11,0.28,0.32,56,60,1.6,76
2021-08-25,1.626719756500637,2.5673780085731444e-05,1.0697408369054768,1.621751862225034,0.8164272390382559,G1M1_new,g1m1_low_load,0.3,58,11,0.28,0.32,56,60,1.6,76
2021-08-26,1.6267454302807227,2.5673780085731444e-05,1.0697408369054768,1.621751862225034,0.8164272390382559,G1M1_new,g1m1_low_load,0.3,58,11,0.28,0.32,56,60,1.6,76
2021-08-27,1.6267711040608084,2.5673780085731444e-05,1.0697408369054768,1.621751862225034,0.8164272390382559,G1M1_new,g1m1_low_load,0.3,58,11,0.28,0.32,56,60,1.6,76
2021-08-28,1.626796777840894,2.5673780085731444e-05,1.0697408369054768,1.621751862225034,0.8164272390382559,G1M1_new,g1m1_low_load,0.3,58,11,0.28,0.32,56,60,1.6,76
2021-08-29,1.62682245162098,2.5673780085731444e-05,1.0697408369054768,1.621751862225034,0.8164272390382559,G1M1_new,g1m1_low_load,0.3,58,11,0.28,0.32,56,60,1.6,76
2021-08-30,1.6268481254010656,2.5673780085731444e-05,1.0697408369054768,1.621751862225034,0.8164272390382559,G1M1_new,g1m1_low_load,0.3,58,11,0.28,0.32,56,60,1.6,76
2021-08-31,1.6268737991811513,2.5673780085731444e-05,1.0697408369054768,1.621751862225034,0.8164272390382559,G1M1_new,g1m1_low_load,0.3,58,11,0.28,0.32,56,60,1.6,76
2021-09-01,1.6268994729612372,2.5673780085731444e-05,1.0697408369054768,1.621751862225034,0.8164272390382559,G1M1_new,g1m1_low_load,0.3,58,11,0.28,0.32,56,60,1.6,76
2021-09-02,1.6269251467413228,2.5673780085731444e-05,1.0697408369054768,1.621751862225034,0.8164272390382559,G1M1_new,g1m1_low_load,0.3,58,11,0.28,0.32,56,60,1.6,76
2021-09-03,1.6269508205214085,2.5673780085731444e-05,1.0697408369054768,1.621751862225034,0.8164272390382559,G1M1_new,g1m1_low_load,0.3,58,11,0.28,0.32,56,60,1.6,76
2021-09-04,1.6269764943014944,2.5673780085731444e-05,1.0697408369054768,1.621751862225034,0.8164272390382559,G1M1_new,g1m1_low_load,0.3,58,11,0.28,0.32,56,60,1.6,76
2021-09-05,1.62700216808158,2.5673780085731444e-05,1.0697408369054768,1.621751862225034,0.8164272390382559,G1M1_new,g1m1_low_load,0.3,58,11,0.28,0.32,56,60,1.6,76
2021-09-06,1.6270278418616657,2.5673780085731444e-05,1.0697408369054768,1.621751862225034,0.8164272390382559,G1M1_new,g1m1_low_load,0.3,58,11,0.28,0.32,56,60,1.6,76
2021-09-07,1.6270535156417514,2.5673780085731444e-05,1.0697408369054768,1.621751862225034,0.8164272390382559,G1M1_new,g1m1_low_load,0.3,58,11,0.28,0.32,56,60,1.6,76
2021-09-08,1.6270791894218373,2.5673780085731444e-05,1.0697408369054768,1.621751862225034,0.8164272390382559,G1M1_new,g1m1_low_load,0.3,58,11,0.28,0.32,56,60,1.6,76
2021-09-09,1.627104863201923,2.5673780085731444e-05,1.0697408369054768,1.621751862225034,0.8164272390382559,G1M1_new,g1m1_low_load,0.3,58,11,0.28,0.32,56,60,1.6,76
2021-09-10,1.6271305369820086,2.5673780085731444e-05,1.0697408369054768,1.621751862225034,0.8164272390382559,G1M1_new,g1m1_low_load,0.3,58,11,0.28,0.32,56,60,1.6,76
2021-09-11,1.6271562107620945,2.5673780085731444e-05,1.0697408369054768,1.621751862225034,0.8164272390382559,G1M1_new,g1m1_low_load,0.3,58,11,0.28,0.32,56,60,1.6,76
2021-09-12,1.6271818845421802,2.5673780085731444e-05,1.0697408369054768,1.621751862225034,0.8164272390382559,G1M1_new,g1m1_low_load,0.3,58,11,0.28,0.32,56,60,1.6,76
2021-09-13,1.6272075583222658,2.5673780085731444e-05,1.0697408369054768,1.621751862225034,0.8164272390382559,G1M1_new,g1m1_low_load,0.3,58,11,0.28,0.32,56,60,1.6,76
2021-09-14,1.6272332321023515,2.5673780085731444e-05,1.0697408369054768,1.621751862225034,0.8164272390382559,G1M1_new,g1m1_low_load,0.3,58,11,0.28,0.32,56,60,1.6,76
2021-09-15,1.6272589058824374,2.5673780085731444e-05,1.0697408369054768,1.621751862225034,0.8164272390382559,G1M1_new,g1m1_low_load,0.3,58,11,0.28,0.32,56,60,1.6,76
2021-09-16,1.627284579662523,2.5673780085731444e-05,1.0697408369054768,1.621751862225034,0.8164272390382559,G1M1_new,g1m1_low_load,0.3,58,11,0.28,0.32,56,60,1.6,76
2021-09-17,1.6273102534426087,2.5673780085731444e-05,1.0697408369054768,1.621751862225034,0.8164272390382559,G1M1_new,g1m1_low_load,0.3,58,11,0.28,0.32,56,60,1.6,76
2021-09-18,1.6273359272226946,2.5673780085731444e-05,1.0697408369054768,1.621751862225034,0.8164272390382559,G1M1_new,g1m1_low_load,0.3,58,11,0.28,0.32,56,60,1.6,76
2021-09-19,1.6273616010027803,2.5673780085731444e-05,1.0697408369054768,1.621751862225034,0.8164272390382559,G1M1_new,g1m1_low_load,0.3,58,11,0.28,0.32,56,60,1.6,76
2021-09-20,1.627387274782866,2.5673780085731444e-05,1.0697408369054768,1.621751862225034,0.8164272390382559,G1M1_new,g1m1_low_load,0.3,58,11,0.28,0.32,56,60,1.6,76
2021-09-21,1.6274129485629518,2.5673780085731444e-05,1.0697408369054768,1.621751862225034,0.8164272390382559,G1M1_new,g1m1_low_load,0.3,58,11,0.28,0.32,56,60,1.6,76
2021-09-22,1.6274386223430375,2.5673780085731444e-05,1.0697408369054768,1.621751862225034,0.8164272390382559,G1M1_new,g1m1_low_load,0.3,58,11,0.28,0.32,56,60,1.6,76
2021-09-23,1.6274642961231232,2.5673780085731444e-05,1.0697408369054768,1.621751862225034,0.8164272390382559,G1M1_new,g1m1_low_load,0.3,58,11,0.28,0.32,56,60,1.6,76
2021-09-24,1.6274899699032088,2.5673780085731444e-05,1.0697408369054768,1.621751862225034,0.8164272390382559,G1M1_new,g1m1_low_load,0.3,58,11,0.28,0.32,56,60,1.6,76
2021-09-25,1.6275156436832947,2.5673780085731444e-05,1.0697408369054768,1.621751862225034,0.8164272390382559,G1M1_new,g1m1_low_load,0.3,58,11,0.28,0.32,56,60,1.6,76
2021-09-26,1.6275413174633804,2.5673780085731444e-05,1.0697408369054768,1.621751862225034,0.8164272390382559,G1M1_new,g1m1_low_load,0.3,58,11,0.28,0.32,56,60,1.6,76
2021-09-27,1.627566991243466,2.5673780085731444e-05,1.0697408369054768,1.621751862225034,0.8164272390382559,G1M1_new,g1m1_low_load,0.3,58,11,0.28,0.32,56,60,1.6,76
2021-09-28,1.627592665023552,2.5673780085731444e-05,1.0697408369054768,1.621751862225034,0.8164272390382559,G1M1_new,g1m1_low_load,0.3,58,11,0.28,0.32,56,60,1.6,76
2021-09-29,1.6276183388036376,2.5673780085731444e-05,1.0697408369054768,1.621751862225034,0.8164272390382559,G1M1_new,g1m1_low_load,0.3,58,11,0.28,0.32,56,60,1.6,76
2021-09-30,1.6276440125837233,2.5673780085731444e-05,1.0697408369054768,1.621751862225034,0.8164272390382559,G1M1_new,g1m1_low_load,0.3,58,11,0.28,0.32,56,60,1.6,76
2021-10-01,1.627669686363809,2.5673780085731444e-05,1.0697408369054768,1.621751862225034,0.8164272390382559,G1M1_new,g1m1_low_load,0.3,58,11,0.28,0.32,56,60,1.6,76
2021-10-02,1.6276953601438948,2.5673780085731444e-05,1.0697408369054768,1.621751862225034,0.8164272390382559,G1M1_new,g1m1_low_load,0.3,58,11,0.28,0.32,56,60,1.6,76
2021-10-03,1.6277210339239805,2.5673780085731444e-05,1.0697408369054768,1.621751862225034,0.8164272390382559,G1M1_new,g1m1_low_load,0.3,58,11,0.28,0.32,56,60,1.6,76
2021-10-04,1.6277467077040662,2.5673780085731444e-05,1.0697408369054768,1.621751862225034,0.8164272390382559,G1M1_new,g1m1_low_load,0.3,58,11,0.28,0.32,56,60,1.6,76
2021-10-05,1.627772381484152,2.5673780085731444e-05,1.0697408369054768,1.621751862225034,0.8164272390382559,G1M1_new,g1m1_low_load,0.3,58,11,0.28,0.32,56,60,1.6,76
2021-10-06,1.6277980552642377,2.5673780085731444e-05,1.0697408369054768,1.621751862225034,0.8164272390382559,G1M1_new,g1m1_low_load,0.3,58,11,0.28,0.32,56,60,1.6,76
2021-10-07,1.6278237290443234,2.5673780085731444e-05,1.0697408369054768,1.621751862225034,0.8164272390382559,G1M1_new,g1m1_low_load,0.3,58,11,0.28,0.32,56,60,1.6,76
2021-10-08,1.627849402824409,2.5673780085731444e-05,1.0697408369054768,1.621751862225034,0.8164272390382559,G1M1_new,g1m1_low_load,0.3,58,11,0.28,0.32,56,60,1.6,76
2021-10-09,1.627875076604495,2.5673780085731444e-05,1.0697408369054768,1.621751862225034,0.8164272390382559,G1M1_new,g1m1_low_load,0.3,58,11,0.28,0.32,56,60,1.6,76
2021-10-10,1.6279007503845806,2.5673780085731444e-05,1.0697408369054768,1.621751862225034,0.8164272390382559,G1M1_new,g1m1_low_load,0.3,58,11,0.28,0.32,56,60,1.6,76
2021-10-11,1.6279264241646663,2.5673780085731444e-05,1.0697408369054768,1.621751862225034,0.8164272390382559,G1M1_new,g1m1_low_load,0.3,58,11,0.28,0.32,56,60,1.6,76
2021-10-12,1.6279520979447522,2.5673780085731444e-05,1.0697408369054768,1.621751862225034,0.8164272390382559,G1M1_new,g1m1_low_load,0.3,58,11,0.28,0.32,56,60,1.6,76
2021-10-13,1.6279777717248378,2.5673780085731444e-05,1.0697408369054768,1.621751862225034,0.8164272390382559,G1M1_new,g1m1_low_load,0.3,58,11,0.28,0.32,56,60,1.6,76
2021-10-14,1.6280034455049235,2.5673780085731444e-05,1.0697408369054768,1.621751862225034,0.8164272390382559,G1M1_new,g1m1_low_load,0.3,58,11,0.28,0.32,56,60,1.6,76
2021-10-15,1.6280291192850094,2.5673780085731444e-05,1.0697408369054768,1.621751862225034,0.8164272390382559,G1M1_new,g1m1_low_load,0.3,58,11,0.28,0.32,56,60,1.6,76
2021-10-16,1.628054793065095,2.5673780085731444e-05,1.0697408369054768,1.621751862225034,0.8164272390382559,G1M1_new,g1m1_low_load,0.3,58,11,0.28,0.32,56,60,1.6,76
2021-10-17,1.6280804668451807,2.5673780085731444e-05,1.0697408369054768,1.621751862225034,0.8164272390382559,G1M1_new,g1m1_low_load,0.3,58,11,0.28,0.32,56,60,1.6,76
2021-10-18,1.6281061406252664,2.5673780085731444e-05,1.0697408369054768,1.621751862225034,0.8164272390382559,G1M1_new,g1m1_low_load,0.3,58,11,0.28,0.32,56,60,1.6,76
2021-10-19,1.6281318144053523,2.5673780085731444e-05,1.0697408369054768,1.621751862225034,0.8164272390382559,G1M1_new,g1m1_low_load,0.3,58,11,0.28,0.32,56,60,1.6,76
2021-10-20,1.628157488185438,2.5673780085731444e-05,1.0697408369054768,1.621751862225034,0.8164272390382559,G1M1_new,g1m1_low_load,0.3,58,11,0.28,0.32,56,60,1.6,76
2021-10-21,1.6281831619655236,2.5673780085731444e-05,1.0697408369054768,1.621751862225034,0.8164272390382559,G1M1_new,g1m1_low_load,0.3,58,11,0.28,0.32,56,60,1.6,76
2021-10-22,1.6282088357456095,2.5673780085731444e-05,1.0697408369054768,1.621751862225034,0.8164272390382559,G1M1_new,g1m1_low_load,0.3,58,11,0.28,0.32,56,60,1.6,76
2021-10-23,1.6282345095256952,2.5673780085731444e-05,1.0697408369054768,1.621751862225034,0.8164272390382559,G1M1_new,g1m1_low_load,0.3,58,11,0.28,0.32,56,60,1.6,76
2021-10-24,1.6282601833057808,2.5673780085731444e-05,1.0697408369054768,1.621751862225034,0.8164272390382559,G1M1_new,g1m1_low_load,0.3,58,11,0.28,0.32,56,60,1.6,76
2021-10-25,1.6282858570858665,2.5673780085731444e-05,1.0697408369054768,1.621751862225034,0.8164272390382559,G1M1_new,g1m1_low_load,0.3,58,11,0.28,0.32,56,60,1.6,76
2021-10-26,1.6283115308659524,2.5673780085731444e-05,1.0697408369054768,1.621751862225034,0.8164272390382559,G1M1_new,g1m1_low_load,0.3,58,11,0.28,0.32,56,60,1.6,76
2021-10-27,1.628337204646038,2.5673780085731444e-05,1.0697408369054768,1.621751862225034,0.8164272390382559,G1M1_new,g1m1_low_load,0.3,58,11,0.28,0.32,56,60,1.6,76
2021-10-28,1.6283628784261237,2.5673780085731444e-05,1.0697408369054768,1.621751862225034,0.8164272390382559,G1M1_new,g1m1_low_load,0.3,58,11,0.28,0.32,56,60,1.6,76
2021-10-29,1.6283885522062096,2.5673780085731444e-05,1.0697408369054768,1.621751862225034,0.8164272390382559,G1M1_new,g1m1_low_load,0.3,58,11,0.28,0.32,56,60,1.6,76
2021-10-30,1.6284142259862953,2.5673780085731444e-05,1.0697408369054768,1.621751862225034,0.8164272390382559,G1M1_new,g1m1_low_load,0.3,58,11,0.28,0.32,56,60,1.6,76
2021-10-31,1.628439899766381,2.5673780085731444e-05,1.0697408369054768,1.621751862225034,0.8164272390382559,G1M1_new,g1m1_low_load,0.3,58,11,0.28,0.32,56,60,1.6,76
2021-11-01,1.6284655735464666,2.5673780085731444e-05,1.0697408369054768,1.621751862225034,0.8164272390382559,G1M1_new,g1m1_low_load,0.3,58,11,0.28,0.32,56,60,1.6,76
2021-11-02,1.6284912473265525,2.5673780085731444e-05,1.0697408369054768,1.621751862225034,0.8164272390382559,G1M1_new,g1m1_low_load,0.3,58,11,0.28,0.32,56,60,1.6,76
2021-11-03,1.6285169211066381,2.5673780085731444e-05,1.0697408369054768,1.621751862225034,0.8164272390382559,G1M1_new,g1m1_low_load,0.3,58,11,0.28,0.32,56,60,1.6,76
2021-11-04,1.6285425948867238,2.5673780085731444e-05,1.0697408369054768,1.621751862225034,0.8164272390382559,G1M1_new,g1m1_low_load,0.3,58,11,0.28,0.32,56,60,1.6,76
2021-11-05,1.6285682686668097,2.5673780085731444e-05,1.0697408369054768,1.621751862225034,0.8164272390382559,G1M1_new,g1m1_low_load,0.3,58,11,0.28,0.32,56,60,1.6,76
2021-11-06,1.6285939424468954,2.5673780085731444e-05,1.0697408369054768,1.621751862225034,0.8164272390382559,G1M1_new,g1m1_low_load,0.3,58,11,0.28,0.32,56,60,1.6,76
2021-11-07,1.628619616226981,2.5673780085731444e-05,1.0697408369054768,1.621751862225034,0.8164272390382559,G1M1_new,g1m1_low_load,0.3,58,11,0.28,0.32,56,60,1.6,76
2021-11-08,1.628645290007067,2.5673780085731444e-05,1.0697408369054768,1.621751862225034,0.8164272390382559,G1M1_new,g1m1_low_load,0.3,58,11,0.28,0.32,56,60,1.6,76
2021-11-09,1.6286709637871526,2.5673780085731444e-05,1.0697408369054768,1.621751862225034,0.8164272390382559,G1M1_new,g1m1_low_load,0.3,58,11,0.28,0.32,56,60,1.6,76
2021-11-10,1.6286966375672383,2.5673780085731444e-05,1.0697408369054768,1.621751862225034,0.8164272390382559,G1M1_new,g1m1_low_load,0.3,58,11,0.28,0.32,56,60,1.6,76
2021-11-11,1.628722311347324,2.5673780085731444e-05,1.0697408369054768,1.621751862225034,0.8164272390382559,G1M1_new,g1m1_low_load,0.3,58,11,0.28,0.32,56,60,1.6,76
2021-11-12,1.6287479851274098,2.5673780085731444e-05,1.0697408369054768,1.621751862225034,0.8164272390382559,G1M1_new,g1m1_low_load,0.3,58,11,0.28,0.32,56,60,1.6,76
2021-11-13,1.6287736589074955,2.5673780085731444e-05,1.0697408369054768,1.621751862225034,0.8164272390382559,G1M1_new,g1m1_low_load,0.3,58,11,0.28,0.32,56,60,1.6,76
2021-11-14,1.6287993326875811,2.5673780085731444e-05,1.0697408369054768,1.621751862225034,0.8164272390382559,G1M1_new,g1m1_low_load,0.3,58,11,0.28,0.32,56,60,1.6,76
2021-11-15,1.628825006467667,2.5673780085731444e-05,1.0697408369054768,1.621751862225034,0.8164272390382559,G1M1_new,g1m1_low_load,0.3,58,11,0.28,0.32,56,60,1.6,76
2021-11-16,1.6288506802477527,2.5673780085731444e-05,1.0697408369054768,1.621751862225034,0.8164272390382559,G1M1_new,g1m1_low_load,0.3,58,11,0.28,0.32,56,60,1.6,76
2021-11-17,1.6288763540278384,2.5673780085731444e-05,1.0697408369054768,1.621751862225034,0.8164272390382559,G1M1_new,g1m1_low_load,0.3,58,11,0.28,0.32,56,60,1.6,76
2021-11-18,1.628902027807924,2.5673780085731444e-05,1.0697408369054768,1.621751862225034,0.8164272390382559,G1M1_new,g1m1_low_load,0.3,58,11,0.28,0.32,56,60,1.6,76
2021-11-19,1.62892770158801,2.5673780085731444e-05,1.0697408369054768,1.621751862225034,0.8164272390382559,G1M1_new,g1m1_low_load,0.3,58,11,0.28,0.32,56,60,1.6,76
2021-11-20,1.6289533753680956,2.5673780085731444e-05,1.0697408369054768,1.621751862225034,0.8164272390382559,G1M1_new,g1m1_low_load,0.3,58,11,0.28,0.32,56,60,1.6,76
2021-11-21,1.6289790491481813,2.5673780085731444e-05,1.0697408369054768,1.621751862225034,0.8164272390382559,G1M1_new,g1m1_low_load,0.3,58,11,0.28,0.32,56,60,1.6,76
2021-11-22,1.6290047229282671,2.5673780085731444e-05,1.0697408369054768,1.621751862225034,0.8164272390382559,G1M1_new,g1m1_low_load,0.3,58,11,0.28,0.32,56,60,1.6,76
2021-11-23,1.6290303967083528,2.5673780085731444e-05,1.0697408369054768,1.621751862225034,0.8164272390382559,G1M1_new,g1m1_low_load,0.3,58,11,0.28,0.32,56,60,1.6,76
2021-11-24,1.6290560704884385,2.5673780085731444e-05,1.0697408369054768,1.621751862225034,0.8164272390382559,G1M1_new,g1m1_low_load,0.3,58,11,0.28,0.32,56,60,1.6,76
2021-11-25,1.6290817442685241,2.5673780085731444e-05,1.0697408369054768,1.621751862225034,0.8164272390382559,G1M1_new,g1m1_low_load,0.3,58,11,0.28,0.32,56,60,1.6,76
2021-11-26,1.62910741804861,2.5673780085731444e-05,1.0697408369054768,1.621751862225034,0.8164272390382559,G1M1_new,g1m1_low_load,0.3,58,11,0.28,0.32,56,60,1.6,76
2021-11-27,1.6291330918286957,2.5673780085731444e-05,1.0697408369054768,1.621751862225034,0.8164272390382559,G1M1_new,g1m1_low_load,0.3,58,11,0.28,0.32,56,60,1.6,76
2021-11-28,1.6291587656087814,2.5673780085731444e-05,1.0697408369054768,1.621751862225034,0.8164272390382559,G1M1_new,g1m1_low_load,0.3,58,11,0.28,0.32,56,60,1.6,76
2021-11-29,1.6291844393888673,2.5673780085731444e-05,1.0697408369054768,1.621751862225034,0.8164272390382559,G1M1_new,g1m1_low_load,0.3,58,11,0.28,0.32,56,60,1.6,76
2021-11-30,1.629210113168953,2.5673780085731444e-05,1.0697408369054768,1.621751862225034,0.8164272390382559,G1M1_new,g1m1_low_load,0.3,58,11,0.28,0.32,56,60,1.6,76
2021-12-01,1.6292357869490386,2.5673780085731444e-05,1.0697408369054768,1.621751862225034,0.8164272390382559,G1M1_new,g1m1_low_load,0.3,58,11,0.28,0.32,56,60,1.6,76
2021-12-02,1.6292614607291245,2.5673780085731444e-05,1.0697408369054768,1.621751862225034,0.8164272390382559,G1M1_new,g1m1_low_load,0.3,58,11,0.28,0.32,56,60,1.6,76
2021-12-03,1.6292871345092101,2.5673780085731444e-05,1.0697408369054768,1.621751862225034,0.8164272390382559,G1M1_new,g1m1_low_load,0.3,58,11,0.28,0.32,56,60,1.6,76
2021-12-04,1.6293128082892958,2.5673780085731444e-05,1.0697408369054768,1.621751862225034,0.8164272390382559,G1M1_new,g1m1_low_load,0.3,58,11,0.28,0.32,56,60,1.6,76
2021-12-05,1.6293384820693815,2.5673780085731444e-05,1.0697408369054768,1.621751862225034,0.8164272390382559,G1M1_new,g1m1_low_load,0.3,58,11,0.28,0.32,56,60,1.6,76
2021-12-06,1.6293641558494674,2.5673780085731444e-05,1.0697408369054768,1.621751862225034,0.8164272390382559,G1M1_new,g1m1_low_load,0.3,58,11,0.28,0.32,56,60,1.6,76
2021-12-07,1.629389829629553,2.5673780085731444e-05,1.0697408369054768,1.621751862225034,0.8164272390382559,G1M1_new,g1m1_low_load,0.3,58,11,0.28,0.32,56,60,1.6,76
2021-12-08,1.6294155034096387,2.5673780085731444e-05,1.0697408369054768,1.621751862225034,0.8164272390382559,G1M1_new,g1m1_low_load,0.3,58,11,0.28,0.32,56,60,1.6,76
2021-12-09,1.6294411771897246,2.5673780085731444e-05,1.0697408369054768,1.621751862225034,0.8164272390382559,G1M1_new,g1m1_low_load,0.3,58,11,0.28,0.32,56,60,1.6,76
2021-12-10,1.6294668509698103,2.5673780085731444e-05,1.0697408369054768,1.621751862225034,0.8164272390382559,G1M1_new,g1m1_low_load,0.3,58,11,0.28,0.32,56,60,1.6,76
2021-12-11,1.629492524749896,2.5673780085731444e-05,1.0697408369054768,1.621751862225034,0.8164272390382559,G1M1_new,g1m1_low_load,0.3,58,11,0.28,0.32,56,60,1.6,76
2021-12-12,1.6295181985299816,2.5673780085731444e-05,1.0697408369054768,1.621751862225034,0.8164272390382559,G1M1_new,g1m1_low_load,0.3,58,11,0.28,0.32,56,60,1.6,76
2021-12-13,1.6295438723100675,2.5673780085731444e-05,1.0697408369054768,1.621751862225034,0.8164272390382559,G1M1_new,g1m1_low_load,0.3,58,11,0.28,0.32,56,60,1.6,76
2021-12-14,1.6295695460901531,2.5673780085731444e-05,1.0697408369054768,1.621751862225034,0.8164272390382559,G1M1_new,g1m1_low_load,0.3,58,11,0.28,0.32,56,60,1.6,76
2021-12-15,1.6295952198702388,2.5673780085731444e-05,1.0697408369054768,1.621751862225034,0.8164272390382559,G1M1_new,g1m1_low_load,0.3,58,11,0.28,0.32,56,60,1.6,76
2021-12-16,1.6296208936503247,2.5673780085731444e-05,1.0697408369054768,1.621751862225034,0.8164272390382559,G1M1_new,g1m1_low_load,0.3,58,11,0.28,0.32,56,60,1.6,76
2021-12-17,1.6296465674304104,2.5673780085731444e-05,1.0697408369054768,1.621751862225034,0.8164272390382559,G1M1_new,g1m1_low_load,0.3,58,11,0.28,0.32,56,60,1.6,76
2021-12-18,1.629672241210496,2.5673780085731444e-05,1.0697408369054768,1.621751862225034,0.8164272390382559,G1M1_new,g1m1_low_load,0.3,58,11,0.28,0.32,56,60,1.6,76
2021-12-19,1.629697914990582,2.5673780085731444e-05,1.0697408369054768,1.621751862225034,0.8164272390382559,G1M1_new,g1m1_low_load,0.3,58,11,0.28,0.32,56,60,1.6,76
2021-12-20,1.6297235887706676,2.5673780085731444e-05,1.0697408369054768,1.621751862225034,0.8164272390382559,G1M1_new,g1m1_low_load,0.3,58,11,0.28,0.32,56,60,1.6,76
2021-12-21,1.6297492625507533,2.5673780085731444e-05,1.0697408369054768,1.621751862225034,0.8164272390382559,G1M1_new,g1m1_low_load,0.3,58,11,0.28,0.32,56,60,1.6,76
2021-12-22,1.629774936330839,2.5673780085731444e-05,1.0697408369054768,1.621751862225034,0.8164272390382559,G1M1_new,g1m1_low_load,0.3,58,11,0.28,0.32,56,60,1.6,76
2021-12-23,1.6298006101109248,2.5673780085731444e-05,1.0697408369054768,1.621751862225034,0.8164272390382559,G1M1_new,g1m1_low_load,0.3,58,11,0.28,0.32,56,60,1.6,76
2021-12-24,1.6298262838910105,2.5673780085731444e-05,1.0697408369054768,1.621751862225034,0.8164272390382559,G1M1_new,g1m1_low_load,0.3,58,11,0.28,0.32,56,60,1.6,76
2021-12-25,1.6298519576710961,2.5673780085731444e-05,1.0697408369054768,1.621751862225034,0.8164272390382559,G1M1_new,g1m1_low_load,0.3,58,11,0.28,0.32,56,60,1.6,76
2021-12-26,1.629877631451182,2.5673780085731444e-05,1.0697408369054768,1.621751862225034,0.8164272390382559,G1M1_new,g1m1_low_load,0.3,58,11,0.28,0.32,56,60,1.6,76
2021-12-27,1.6299033052312677,2.5673780085731444e-05,1.0697408369054768,1.621751862225034,0.8164272390382559,G1M1_new,g1m1_low_load,0.3,58,11,0.28,0.32,56,60,1.6,76
2021-12-28,1.6299289790113534,2.5673780085731444e-05,1.0697408369054768,1.621751862225034,0.8164272390382559,G1M1_new,g1m1_low_load,0.3,58,11,0.28,0.32,56,60,1.6,76
2021-12-29,1.629954652791439,2.5673780085731444e-05,1.0697408369054768,1.621751862225034,0.8164272390382559,G1M1_new,g1m1_low_load,0.3,58,11,0.28,0.32,56,60,1.6,76
2021-12-30,1.629980326571525,2.5673780085731444e-05,1.0697408369054768,1.621751862225034,0.8164272390382559,G1M1_new,g1m1_low_load,0.3,58,11,0.28,0.32,56,60,1.6,76
2021-12-31,1.6300060003516106,2.5673780085731444e-05,1.0697408369054768,1.621751862225034,0.8164272390382559,G1M1_new,g1m1_low_load,0.3,58,11,0.28,0.32,56,60,1.6,76
2022-01-01,1.6300316741316963,2.5673780085731444e-05,1.0697408369054768,1.621751862225034,0.8164272390382559,G1M1_new,g1m1_low_load,0.3,58,11,0.28,0.32,56,60,1.6,76
2022-01-02,1.6300573479117821,2.5673780085731444e-05,1.0697408369054768,1.621751862225034,0.8164272390382559,G1M1_new,g1m1_low_load,0.3,58,11,0.28,0.32,56,60,1.6,76
2022-01-03,1.6300830216918678,2.5673780085731444e-05,1.0697408369054768,1.621751862225034,0.8164272390382559,G1M1_new,g1m1_low_load,0.3,58,11,0.28,0.32,56,60,1.6,76
2022-01-04,1.6301086954719535,2.5673780085731444e-05,1.0697408369054768,1.621751862225034,0.8164272390382559,G1M1_new,g1m1_low_load,0.3,58,11,0.28,0.32,56,60,1.6,76
2022-01-05,1.6301343692520391,2.5673780085731444e-05,1.0697408369054768,1.621751862225034,0.8164272390382559,G1M1_new,g1m1_low_load,0.3,58,11,0.28,0.32,56,60,1.6,76
2022-01-06,1.630160043032125,2.5673780085731444e-05,1.0697408369054768,1.621751862225034,0.8164272390382559,G1M1_new,g1m1_low_load,0.3,58,11,0.28,0.32,56,60,1.6,76
2022-01-07,1.6301857168122107,2.5673780085731444e-05,1.0697408369054768,1.621751862225034,0.8164272390382559,G1M1_new,g1m1_low_load,0.3,58,11,0.28,0.32,56,60,1.6,76
2022-01-08,1.6302113905922964,2.5673780085731444e-05,1.0697408369054768,1.621751862225034,0.8164272390382559,G1M1_new,g1m1_low_load,0.3,58,11,0.28,0.32,56,60,1.6,76
2022-01-09,1.6302370643723822,2.5673780085731444e-05,1.0697408369054768,1.621751862225034,0.8164272390382559,G1M1_new,g1m1_low_load,0.3,58,11,0.28,0.32,56,60,1.6,76
2022-01-10,1.630262738152468,2.5673780085731444e-05,1.0697408369054768,1.621751862225034,0.8164272390382559,G1M1_new,g1m1_low_load,0.3,58,11,0.28,0.32,56,60,1.6,76
2022-01-11,1.6302884119325536,2.5673780085731444e-05,1.0697408369054768,1.621751862225034,0.8164272390382559,G1M1_new,g1m1_low_load,0.3,58,11,0.28,0.32,56,60,1.6,76
2022-01-12,1.6303140857126395,2.5673780085731444e-05,1.0697408369054768,1.621751862225034,0.8164272390382559,G1M1_new,g1m1_low_load,0.3,58,11,0.28,0.32,56,60,1.6,76
2022-01-13,1.6303397594927251,2.5673780085731444e-05,1.0697408369054768,1.621751862225034,0.8164272390382559,G1M1_new,g1m1_low_load,0.3,58,11,0.28,0.32,56,60,1.6,76
2022-01-14,1.6303654332728108,2.5673780085731444e-05,1.0697408369054768,1.621751862225034,0.8164272390382559,G1M1_new,g1m1_low_load,0.3,58,11,0.28,0.32,56,60,1.6,76
2022-01-15,1.6303911070528965,2.5673780085731444e-05,1.0697408369054768,1.621751862225034,0.8164272390382559,G1M1_new,g1m1_low_load,0.3,58,11,0.28,0.32,56,60,1.6,76
2022-01-16,1.6304167808329824,2.5673780085731444e-05,1.0697408369054768,1.621751862225034,0.8164272390382559,G1M1_new,g1m1_low_load,0.3,58,11,0.28,0.32,56,60,1.6,76
2022-01-17,1.630442454613068,2.5673780085731444e-05,1.0697408369054768,1.621751862225034,0.8164272390382559,G1M1_new,g1m1_low_load,0.3,58,11,0.28,0.32,56,60,1.6,76
2022-01-18,1.6304681283931537,2.5673780085731444e-05,1.0697408369054768,1.621751862225034,0.8164272390382559,G1M1_new,g1m1_low_load,0.3,58,11,0.28,0.32,56,60,1.6,76
2022-01-19,1.6304938021732396,2.5673780085731444e-05,1.0697408369054768,1.621751862225034,0.8164272390382559,G1M1_new,g1m1_low_load,0.3,58,11,0.28,0.32,56,60,1.6,76
2022-01-20,1.6305194759533252,2.5673780085731444e-05,1.0697408369054768,1.621751862225034,0.8164272390382559,G1M1_new,g1m1_low_load,0.3,58,11,0.28,0.32,56,60,1.6,76
2022-01-21,1.630545149733411,2.5673780085731444e-05,1.0697408369054768,1.621751862225034,0.8164272390382559,G1M1_new,g1m1_low_load,0.3,58,11,0.28,0.32,56,60,1.6,76
2022-01-22,1.6305708235134966,2.5673780085731444e-05,1.0697408369054768,1.621751862225034,0.8164272390382559,G1M1_new,g1m1_low_load,0.3,58,11,0.28,0.32,56,60,1.6,76
2022-01-23,1.6305964972935825,2.5673780085731444e-05,1.0697408369054768,1.621751862225034,0.8164272390382559,G1M1_new,g1m1_low_load,0.3,58,11,0.28,0.32,56,60,1.6,76
2022-01-24,1.6306221710736681,2.5673780085731444e-05,1.0697408369054768,1.621751862225034,0.8164272390382559,G1M1_new,g1m1_low_load,0.3,58,11,0.28,0.32,56,60,1.6,76
2022-01-25,1.6306478448537538,2.5673780085731444e-05,1.0697408369054768,1.621751862225034,0.8164272390382559,G1M1_new,g1m1_low_load,0.3,58,11,0.28,0.32,56,60,1.6,76
2022-01-26,1.6306735186338397,2.5673780085731444e-05,1.0697408369054768,1.621751862225034,0.8164272390382559,G1M1_new,g1m1_low_load,0.3,58,11,0.28,0.32,56,60,1.6,76
2022-01-27,1.6306991924139254,2.5673780085731444e-05,1.0697408369054768,1.621751862225034,0.8164272390382559,G1M1_new,g1m1_low_load,0.3,58,11,0.28,0.32,56,60,1.6,76
2022-01-28,1.630724866194011,2.5673780085731444e-05,1.0697408369054768,1.621751862225034,0.8164272390382559,G1M1_new,g1m1_low_load,0.3,58,11,0.28,0.32,56,60,1.6,76
2022-01-29,1.6307505399740967,2.5673780085731444e-05,1.0697408369054768,1.621751862225034,0.8164272390382559,G1M1_new,g1m1_low_load,0.3,58,11,0.28,0.32,56,60,1.6,76
2022-01-30,1.6307762137541826,2.5673780085731444e-05,1.0697408369054768,1.621751862225034,0.8164272390382559,G1M1_new,g1m1_low_load,0.3,58,11,0.28,0.32,56,60,1.6,76
2022-01-31,1.6308018875342682,2.5673780085731444e-05,1.0697408369054768,1.621751862225034,0.8164272390382559,G1M1_new,g1m1_low_load,0.3,58,11,0.28,0.32,56,60,1.6,76
2022-02-01,1.630827561314354,2.5673780085731444e-05,1.0697408369054768,1.621751862225034,0.8164272390382559,G1M1_new,g1m1_low_load,0.3,58,11,0.28,0.32,56,60,1.6,76
2022-02-02,1.6308532350944398,2.5673780085731444e-05,1.0697408369054768,1.621751862225034,0.8164272390382559,G1M1_new,g1m1_low_load,0.3,58,11,0.28,0.32,56,60,1.6,76
2022-02-03,1.6308789088745255,2.5673780085731444e-05,1.0697408369054768,1.621751862225034,0.8164272390382559,G1M1_new,g1m1_low_load,0.3,58,11,0.28,0.32,56,60,1.6,76
2022-02-04,1.6309045826546111,2.5673780085731444e-05,1.0697408369054768,1.621751862225034,0.8164272390382559,G1M1_new,g1m1_low_load,0.3,58,11,0.28,0.32,56,60,1.6,76
2022-02-05,1.630930256434697,2.5673780085731444e-05,1.0697408369054768,1.621751862225034,0.8164272390382559,G1M1_new,g1m1_low_load,0.3,58,11,0.28,0.32,56,60,1.6,76
2022-02-06,1.6309559302147827,2.5673780085731444e-05,1.0697408369054768,1.621751862225034,0.8164272390382559,G1M1_new,g1m1_low_load,0.3,58,11,0.28,0.32,56,60,1.6,76
2022-02-07,1.6309816039948684,2.5673780085731444e-05,1.0697408369054768,1.621751862225034,0.8164272390382559,G1M1_new,g1m1_low_load,0.3,58,11,0.28,0.32,56,60,1.6,76
2022-02-08,1.631007277774954,2.5673780085731444e-05,1.0697408369054768,1.621751862225034,0.8164272390382559,G1M1_new,g1m1_low_load,0.3,58,11,0.28,0.32,56,60,1.6,76
2022-02-09,1.63103295155504,2.5673780085731444e-05,1.0697408369054768,1.621751862225034,0.8164272390382559,G1M1_new,g1m1_low_load,0.3,58,11,0.28,0.32,56,60,1.6,76
2022-02-10,1.6310586253351256,2.5673780085731444e-05,1.0697408369054768,1.621751862225034,0.8164272390382559,G1M1_new,g1m1_low_load,0.3,58,11,0.28,0.32,56,60,1.6,76
2022-02-11,1.6310842991152112,2.5673780085731444e-05,1.0697408369054768,1.621751862225034,0.8164272390382559,G1M1_new,g1m1_low_load,0.3,58,11,0.28,0.32,56,60,1.6,76
2022-02-12,1.6311099728952971,2.5673780085731444e-05,1.0697408369054768,1.621751862225034,0.8164272390382559,G1M1_new,g1m1_low_load,0.3,58,11,0.28,0.32,56,60,1.6,76
2022-02-13,1.6311356466753828,2.5673780085731444e-05,1.0697408369054768,1.621751862225034,0.8164272390382559,G1M1_new,g1m1_low_load,0.3,58,11,0.28,0.32,56,60,1.6,76
2022-02-14,1.6311613204554685,2.5673780085731444e-05,1.0697408369054768,1.621751862225034,0.8164272390382559,G1M1_new,g1m1_low_load,0.3,58,11,0.28,0.32,56,60,1.6,76
2022-02-15,1.6311869942355541,2.5673780085731444e-05,1.0697408369054768,1.621751862225034,0.8164272390382559,G1M1_new,g1m1_low_load,0.3,58,11,0.28,0.32,56,60,1.6,76
2022-02-16,1.63121266801564,2.5673780085731444e-05,1.0697408369054768,1.621751862225034,0.8164272390382559,G1M1_new,g1m1_low_load,0.3,58,11,0.28,0.32,56,60,1.6,76
2022-02-17,1.6312383417957257,2.5673780085731444e-05,1.0697408369054768,1.621751862225034,0.8164272390382559,G1M1_new,g1m1_low_load,0.3,58,11,0.28,0.32,56,60,1.6,76
2022-02-18,1.6312640155758114,2.5673780085731444e-05,1.0697408369054768,1.621751862225034,0.8164272390382559,G1M1_new,g1m1_low_load,0.3,58,11,0.28,0.32,56,60,1.6,76
2022-02-19,1.6312896893558972,2.5673780085731444e-05,1.0697408369054768,1.621751862225034,0.8164272390382559,G1M1_new,g1m1_low_load,0.3,58,11,0.28,0.32,56,60,1.6,76
2022-02-20,1.631315363135983,2.5673780085731444e-05,1.0697408369054768,1.621751862225034,0.8164272390382559,G1M1_new,g1m1_low_load,0.3,58,11,0.28,0.32,56,60,1.6,76
2022-02-21,1.6313410369160686,2.5673780085731444e-05,1.0697408369054768,1.621751862225034,0.8164272390382559,G1M1_new,g1m1_low_load,0.3,58,11,0.28,0.32,56,60,1.6,76
2022-02-22,1.6313667106961542,2.5673780085731444e-05,1.0697408369054768,1.621751862225034,0.8164272390382559,G1M1_new,g1m1_low_load,0.3,58,11,0.28,0.32,56,60,1.6,76
2022-02-23,1.6313923844762401,2.5673780085731444e-05,1.0697408369054768,1.621751862225034,0.8164272390382559,G1M1_new,g1m1_low_load,0.3,58,11,0.28,0.32,56,60,1.6,76
2022-02-24,1.6314180582563258,2.5673780085731444e-05,1.0697408369054768,1.621751862225034,0.8164272390382559,G1M1_new,g1m1_low_load,0.3,58,11,0.28,0.32,56,60,1.6,76
2022-02-25,1.6314437320364115,2.5673780085731444e-05,1.0697408369054768,1.621751862225034,0.8164272390382559,G1M1_new,g1m1_low_load,0.3,58,11,0.28,0.32,56,60,1.6,76
2022-02-26,1.6314694058164974,2.5673780085731444e-05,1.0697408369054768,1.621751862225034,0.8164272390382559,G1M1_new,g1m1_low_load,0.3,58,11,0.28,0.32,56,60,1.6,76
2022-02-27,1.631495079596583,2.5673780085731444e-05,1.0697408369054768,1.621751862225034,0.8164272390382559,G1M1_new,g1m1_low_load,0.3,58,11,0.28,0.32,56,60,1.6,76
2022-02-28,1.6315207533766687,2.5673780085731444e-05,1.0697408369054768,1.621751862225034,0.8164272390382559,G1M1_new,g1m1_low_load,0.3,58,11,0.28,0.32,56,60,1.6,76
2022-03-01,1.6315464271567546,2.5673780085731444e-05,1.0697408369054768,1.621751862225034,0.8164272390382559,G1M1_new,g1m1_low_load,0.3,58,11,0.28,0.32,56,60,1.6,76
2022-03-02,1.6315721009368402,2.5673780085731444e-05,1.0697408369054768,1.621751862225034,0.8164272390382559,G1M1_new,g1m1_low_load,0.3,58,11,0.28,0.32,56,60,1.6,76
2022-03-03,1.631597774716926,2.5673780085731444e-05,1.0697408369054768,1.621751862225034,0.8164272390382559,G1M1_new,g1m1_low_load,0.3,58,11,0.28,0.32,56,60,1.6,76
2022-03-04,1.6316234484970116,2.5673780085731444e-05,1.0697408369054768,1.621751862225034,0.8164272390382559,G1M1_new,g1m1_low_load,0.3,58,11,0.28,0.32,56,60,1.6,76
2022-03-05,1.6316491222770975,2.5673780085731444e-05,1.0697408369054768,1.621751862225034,0.8164272390382559,G1M1_new,g1m1_low_load,0.3,58,11,0.28,0.32,56,60,1.6,76
2022-03-06,1.6316747960571831,2.5673780085731444e-05,1.0697408369054768,1.621751862225034,0.8164272390382559,G1M1_new,g1m1_low_load,0.3,58,11,0.28,0.32,56,60,1.6,76
2022-03-07,1.6317004698372688,2.5673780085731444e-05,1.0697408369054768,1.621751862225034,0.8164272390382559,G1M1_new,g1m1_low_load,0.3,58,11,0.28,0.32,56,60,1.6,76
2022-03-08,1.6317261436173547,2.5673780085731444e-05,1.0697408369054768,1.621751862225034,0.8164272390382559,G1M1_new,g1m1_low_load,0.3,58,11,0.28,0.32,56,60,1.6,76
2022-03-09,1.6317518173974404,2.5673780085731444e-05,1.0697408369054768,1.621751862225034,0.8164272390382559,G1M1_new,g1m1_low_load,0.3,58,11,0.28,0.32,56,60,1.6,76
2022-03-10,1.631777491177526,2.5673780085731444e-05,1.0697408369054768,1.621751862225034,0.8164272390382559,G1M1_new,g1m1_low_load,0.3,58,11,0.28,0.32,56,60,1.6,76
2022-03-11,1.6318031649576117,2.5673780085731444e-05,1.0697408369054768,1.621751862225034,0.8164272390382559,G1M1_new,g1m1_low_load,0.3,58,11,0.28,0.32,56,60,1.6,76
2022-03-12,1.6318288387376976,2.5673780085731444e-05,1.0697408369054768,1.621751862225034,0.8164272390382559,G1M1_new,g1m1_low_load,0.3,58,11,0.28,0.32,56,60,1.6,76
2022-03-13,1.6318545125177832,2.5673780085731444e-05,1.0697408369054768,1.621751862225034,0.8164272390382559,G1M1_new,g1m1_low_load,0.3,58,11,0.28,0.32,56,60,1.6,76
2022-03-14,1.631880186297869,2.5673780085731444e-05,1.0697408369054768,1.621751862225034,0.8164272390382559,G1M1_new,g1m1_low_load,0.3,58,11,0.28,0.32,56,60,1.6,76
2022-03-15,1.6319058600779548,2.5673780085731444e-05,1.0697408369054768,1.621751862225034,0.8164272390382559,G1M1_new,g1m1_low_load,0.3,58,11,0.28,0.32,56,60,1.6,76
2022-03-16,1.6319315338580405,2.5673780085731444e-05,1.0697408369054768,1.621751862225034,0.8164272390382559,G1M1_new,g1m1_low_load,0.3,58,11,0.28,0.32,56,60,1.6,76
2022-03-17,1.6319572076381261,2.5673780085731444e-05,1.0697408369054768,1.621751862225034,0.8164272390382559,G1M1_new,g1m1_low_load,0.3,58,11,0.28,0.32,56,60,1.6,76
2022-03-18,1.631982881418212,2.5673780085731444e-05,1.0697408369054768,1.621751862225034,0.8164272390382559,G1M1_new,g1m1_low_load,0.3,58,11,0.28,0.32,56,60,1.6,76
2022-03-19,1.6320085551982977,2.5673780085731444e-05,1.0697408369054768,1.621751862225034,0.8164272390382559,G1M1_new,g1m1_low_load,0.3,58,11,0.28,0.32,56,60,1.6,76
2022-03-20,1.6320342289783834,2.5673780085731444e-05,1.0697408369054768,1.621751862225034,0.8164272390382559,G1M1_new,g1m1_low_load,0.3,58,11,0.28,0.32,56,60,1.6,76
2022-03-21,1.632059902758469,2.5673780085731444e-05,1.0697408369054768,1.621751862225034,0.8164272390382559,G1M1_new,g1m1_low_load,0.3,58,11,0.28,0.32,56,60,1.6,76
2022-03-22,1.632085576538555,2.5673780085731444e-05,1.0697408369054768,1.621751862225034,0.8164272390382559,G1M1_new,g1m1_low_load,0.3,58,11,0.28,0.32,56,60,1.6,76
2022-03-23,1.6321112503186406,2.5673780085731444e-05,1.0697408369054768,1.621751862225034,0.8164272390382559,G1M1_new,g1m1_low_load,0.3,58,11,0.28,0.32,56,60,1.6,76
2022-03-24,1.6321369240987262,2.5673780085731444e-05,1.0697408369054768,1.621751862225034,0.8164272390382559,G1M1_new,g1m1_low_load,0.3,58,11,0.28,0.32,56,60,1.6,76
2022-03-25,1.6321625978788121,2.5673780085731444e-05,1.0697408369054768,1.621751862225034,0.8164272390382559,G1M1_new,g1m1_low_load,0.3,58,11,0.28,0.32,56,60,1.6,76
2022-03-26,1.6321882716588978,2.5673780085731444e-05,1.0697408369054768,1.621751862225034,0.8164272390382559,G1M1_new,g1m1_low_load,0.3,58,11,0.28,0.32,56,60,1.6,76
2022-03-27,1.6322139454389835,2.5673780085731444e-05,1.0697408369054768,1.621751862225034,0.8164272390382559,G1M1_new,g1m1_low_load,0.3,58,11,0.28,0.32,56,60,1.6,76
2022-03-28,1.6322396192190691,2.5673780085731444e-05,1.0697408369054768,1.621751862225034,0.8164272390382559,G1M1_new,g1m1_low_load,0.3,58,11,0.28,0.32,56,60,1.6,76
2022-03-29,1.632265292999155,2.5673780085731444e-05,1.0697408369054768,1.621751862225034,0.8164272390382559,G1M1_new,g1m1_low_load,0.3,58,11,0.28,0.32,56,60,1.6,76
2022-03-30,1.6322909667792407,2.5673780085731444e-05,1.0697408369054768,1.621751862225034,0.8164272390382559,G1M1_new,g1m1_low_load,0.3,58,11,0.28,0.32,56,60,1.6,76
2022-03-31,1.6323166405593263,2.5673780085731444e-05,1.0697408369054768,1.621751862225034,0.8164272390382559,G1M1_new,g1m1_low_load,0.3,58,11,0.28,0.32,56,60,1.6,76
2022-04-01,1.6323423143394122,2.5673780085731444e-05,1.0697408369054768,1.621751862225034,0.8164272390382559,G1M1_new,g1m1_low_load,0.3,58,11,0.28,0.32,56,60,1.6,76
2022-04-02,1.632367988119498,2.5673780085731444e-05,1.0697408369054768,1.621751862225034,0.8164272390382559,G1M1_new,g1m1_low_load,0.3,58,11,0.28,0.32,56,60,1.6,76
2022-04-03,1.6323936618995836,2.5673780085731444e-05,1.0697408369054768,1.621751862225034,0.8164272390382559,G1M1_new,g1m1_low_load,0.3,58,11,0.28,0.32,56,60,1.6,76
2022-04-04,1.6324193356796692,2.5673780085731444e-05,1.0697408369054768,1.621751862225034,0.8164272390382559,G1M1_new,g1m1_low_load,0.3,58,11,0.28,0.32,56,60,1.6,76
2022-04-05,1.6324450094597551,2.5673780085731444e-05,1.0697408369054768,1.621751862225034,0.8164272390382559,G1M1_new,g1m1_low_load,0.3,58,11,0.28,0.32,56,60,1.6,76
2022-04-06,1.6324706832398408,2.5673780085731444e-05,1.0697408369054768,1.621751862225034,0.8164272390382559,G1M1_new,g1m1_low_load,0.3,58,11,0.28,0.32,56,60,1.6,76
2022-04-07,1.6324963570199265,2.5673780085731444e-05,1.0697408369054768,1.621751862225034,0.8164272390382559,G1M1_new,g1m1_low_load,0.3,58,11,0.28,0.32,56,60,1.6,76
2022-04-08,1.6325220308000123,2.5673780085731444e-05,1.0697408369054768,1.621751862225034,0.8164272390382559,G1M1_new,g1m1_low_load,0.3,58,11,0.28,0.32,56,60,1.6,76
2022-04-09,1.632547704580098,2.5673780085731444e-05,1.0697408369054768,1.621751862225034,0.8164272390382559,G1M1_new,g1m1_low_load,0.3,58,11,0.28,0.32,56,60,1.6,76
2022-04-10,1.6325733783601837,2.5673780085731444e-05,1.0697408369054768,1.621751862225034,0.8164272390382559,G1M1_new,g1m1_low_load,0.3,58,11,0.28,0.32,56,60,1.6,76
2022-04-11,1.6325990521402696,2.5673780085731444e-05,1.0697408369054768,1.621751862225034,0.8164272390382559,G1M1_new,g1m1_low_load,0.3,58,11,0.28,0.32,56,60,1.6,76
2022-04-12,1.6326247259203552,2.5673780085731444e-05,1.0697408369054768,1.621751862225034,0.8164272390382559,G1M1_new,g1m1_low_load,0.3,58,11,0.28,0.32,56,60,1.6,76
2022-04-13,1.632650399700441,2.5673780085731444e-05,1.0697408369054768,1.621751862225034,0.8164272390382559,G1M1_new,g1m1_low_load,0.3,58,11,0.28,0.32,56,60,1.6,76
2022-04-14,1.6326760734805266,2.5673780085731444e-05,1.0697408369054768,1.621751862225034,0.8164272390382559,G1M1_new,g1m1_low_load,0.3,58,11,0.28,0.32,56,60,1.6,76
2022-04-15,1.6327017472606125,2.5673780085731444e-05,1.0697408369054768,1.621751862225034,0.8164272390382559,G1M1_new,g1m1_low_load,0.3,58,11,0.28,0.32,56,60,1.6,76
2022-04-16,1.6327274210406981,2.5673780085731444e-05,1.0697408369054768,1.621751862225034,0.8164272390382559,G1M1_new,g1m1_low_load,0.3,58,11,0.28,0.32,56,60,1.6,76
2022-04-17,1.6327530948207838,2.5673780085731444e-05,1.0697408369054768,1.621751862225034,0.8164272390382559,G1M1_new,g1m1_low_load,0.3,58,11,0.28,0.32,56,60,1.6,76
2022-04-18,1.6327787686008697,2.5673780085731444e-05,1.0697408369054768,1.621751862225034,0.8164272390382559,G1M1_new,g1m1_low_load,0.3,58,11,0.28,0.32,56,60,1.6,76
2022-04-19,1.6328044423809553,2.5673780085731444e-05,1.0697408369054768,1.621751862225034,0.8164272390382559,G1M1_new,g1m1_low_load,0.3,58,11,0.28,0.32,56,60,1.6,76
2022-04-20,1.632830116161041,2.5673780085731444e-05,1.0697408369054768,1.621751862225034,0.8164272390382559,G1M1_new,g1m1_low_load,0.3,58,11,0.28,0.32,56,60,1.6,76
2022-04-21,1.6328557899411267,2.5673780085731444e-05,1.0697408369054768,1.621751862225034,0.8164272390382559,G1M1_new,g1m1_low_load,0.3,58,11,0.28,0.32,56,60,1.6,76
2022-04-22,1.6328814637212126,2.5673780085731444e-05,1.0697408369054768,1.621751862225034,0.8164272390382559,G1M1_new,g1m1_low_load,0.3,58,11,0.28,0.32,56,60,1.6,76
2022-04-23,1.6329071375012982,2.5673780085731444e-05,1.0697408369054768,1.621751862225034,0.8164272390382559,G1M1_new,g1m1_low_load,0.3,58,11,0.28,0.32,56,60,1.6,76
2022-04-24,1.632932811281384,2.5673780085731444e-05,1.0697408369054768,1.621751862225034,0.8164272390382559,G1M1_new,g1m1_low_load,0.3,58,11,0.28,0.32,56,60,1.6,76
2022-04-25,1.6329584850614698,2.5673780085731444e-05,1.0697408369054768,1.621751862225034,0.8164272390382559,G1M1_new,g1m1_low_load,0.3,58,11,0.28,0.32,56,60,1.6,76
2022-04-26,1.6329841588415555,2.5673780085731444e-05,1.0697408369054768,1.621751862225034,0.8164272390382559,G1M1_new,g1m1_low_load,0.3,58,11,0.28,0.32,56,60,1.6,76
2022-04-27,1.6330098326216411,2.5673780085731444e-05,1.0697408369054768,1.621751862225034,0.8164272390382559,G1M1_new,g1m1_low_load,0.3,58,11,0.28,0.32,56,60,1.6,76
2022-04-28,1.6330355064017268,2.5673780085731444e-05,1.0697408369054768,1.621751862225034,0.8164272390382559,G1M1_new,g1m1_low_load,0.3,58,11,0.28,0.32,56,60,1.6,76
2022-04-29,1.6330611801818127,2.5673780085731444e-05,1.0697408369054768,1.621751862225034,0.8164272390382559,G1M1_new,g1m1_low_load,0.3,58,11,0.28,0.32,56,60,1.6,76
2022-04-30,1.6330868539618983,2.5673780085731444e-05,1.0697408369054768,1.621751862225034,0.8164272390382559,G1M1_new,g1m1_low_load,0.3,58,11,0.28,0.32,56,60,1.6,76
2022-05-01,1.633112527741984,2.5673780085731444e-05,1.0697408369054768,1.621751862225034,0.8164272390382559,G1M1_new,g1m1_low_load,0.3,58,11,0.28,0.32,56,60,1.6,76
2022-05-02,1.63313820152207,2.5673780085731444e-05,1.0697408369054768,1.621751862225034,0.8164272390382559,G1M1_new,g1m1_low_load,0.3,58,11,0.28,0.32,56,60,1.6,76
2022-05-03,1.6331638753021556,2.5673780085731444e-05,1.0697408369054768,1.621751862225034,0.8164272390382559,G1M1_new,g1m1_low_load,0.3,58,11,0.28,0.32,56,60,1.6,76
2022-05-04,1.6331895490822412,2.5673780085731444e-05,1.0697408369054768,1.621751862225034,0.8164272390382559,G1M1_new,g1m1_low_load,0.3,58,11,0.28,0.32,56,60,1.6,76
2022-05-05,1.6332152228623271,2.5673780085731444e-05,1.0697408369054768,1.621751862225034,0.8164272390382559,G1M1_new,g1m1_low_load,0.3,58,11,0.28,0.32,56,60,1.6,76
2022-05-06,1.6332408966424128,2.5673780085731444e-05,1.0697408369054768,1.621751862225034,0.8164272390382559,G1M1_new,g1m1_low_load,0.3,58,11,0.28,0.32,56,60,1.6,76
2022-05-07,1.6332665704224985,2.5673780085731444e-05,1.0697408369054768,1.621751862225034,0.8164272390382559,G1M1_new,g1m1_low_load,0.3,58,11,0.28,0.32,56,60,1.6,76
2022-05-08,1.6332922442025841,2.5673780085731444e-05,1.0697408369054768,1.621751862225034,0.8164272390382559,G1M1_new,g1m1_low_load,0.3,58,11,0.28,0.32,56,60,1.6,76
2022-05-09,1.63331791798267,2.5673780085731444e-05,1.0697408369054768,1.621751862225034,0.8164272390382559,G1M1_new,g1m1_low_load,0.3,58,11,0.28,0.32,56,60,1.6,76
2022-05-10,1.6333435917627557,2.5673780085731444e-05,1.0697408369054768,1.621751862225034,0.8164272390382559,G1M1_new,g1m1_low_load,0.3,58,11,0.28,0.32,56,60,1.6,76
2022-05-11,1.6333692655428413,2.5673780085731444e-05,1.0697408369054768,1.621751862225034,0.8164272390382559,G1M1_new,g1m1_low_load,0.3,58,11,0.28,0.32,56,60,1.6,76
2022-05-12,1.6333949393229272,2.5673780085731444e-05,1.0697408369054768,1.621751862225034,0.8164272390382559,G1M1_new,g1m1_low_load,0.3,58,11,0.28,0.32,56,60,1.6,76
2022-05-13,1.633420613103013,2.5673780085731444e-05,1.0697408369054768,1.621751862225034,0.8164272390382559,G1M1_new,g1m1_low_load,0.3,58,11,0.28,0.32,56,60,1.6,76
2022-05-14,1.6334462868830986,2.5673780085731444e-05,1.0697408369054768,1.621751862225034,0.8164272390382559,G1M1_new,g1m1_low_load,0.3,58,11,0.28,0.32,56,60,1.6,76
2022-05-15,1.6334719606631842,2.5673780085731444e-05,1.0697408369054768,1.621751862225034,0.8164272390382559,G1M1_new,g1m1_low_load,0.3,58,11,0.28,0.32,56,60,1.6,76
2022-05-16,1.6334976344432701,2.5673780085731444e-05,1.0697408369054768,1.621751862225034,0.8164272390382559,G1M1_new,g1m1_low_load,0.3,58,11,0.28,0.32,56,60,1.6,76
2022-05-17,1.6335233082233558,2.5673780085731444e-05,1.0697408369054768,1.621751862225034,0.8164272390382559,G1M1_new,g1m1_low_load,0.3,58,11,0.28,0.32,56,60,1.6,76
2022-05-18,1.6335489820034415,2.5673780085731444e-05,1.0697408369054768,1.621751862225034,0.8164272390382559,G1M1_new,g1m1_low_load,0.3,58,11,0.28,0.32,56,60,1.6,76
2022-05-19,1.6335746557835273,2.5673780085731444e-05,1.0697408369054768,1.621751862225034,0.8164272390382559,G1M1_new,g1m1_low_load,0.3,58,11,0.28,0.32,56,60,1.6,76
2022-05-20,1.633600329563613,2.5673780085731444e-05,1.0697408369054768,1.621751862225034,0.8164272390382559,G1M1_new,g1m1_low_load,0.3,58,11,0.28,0.32,56,60,1.6,76
2022-05-21,1.6336260033436987,2.5673780085731444e-05,1.0697408369054768,1.621751862225034,0.8164272390382559,G1M1_new,g1m1_low_load,0.3,58,11,0.28,0.32,56,60,1.6,76
2022-05-22,1.6336516771237846,2.5673780085731444e-05,1.0697408369054768,1.621751862225034,0.8164272390382559,G1M1_new,g1m1_low_load,0.3,58,11,0.28,0.32,56,60,1.6,76
2022-05-23,1.6336773509038702,2.5673780085731444e-05,1.0697408369054768,1.621751862225034,0.8164272390382559,G1M1_new,g1m1_low_load,0.3,58,11,0.28,0.32,56,60,1.6,76
2022-05-24,1.633703024683956,2.5673780085731444e-05,1.0697408369054768,1.621751862225034,0.8164272390382559,G1M1_new,g1m1_low_load,0.3,58,11,0.28,0.32,56,60,1.6,76
2022-05-25,1.6337286984640416,2.5673780085731444e-05,1.0697408369054768,1.621751862225034,0.8164272390382559,G1M1_new,g1m1_low_load,0.3,58,11,0.28,0.32,56,60,1.6,76
2022-05-26,1.6337543722441275,2.5673780085731444e-05,1.0697408369054768,1.621751862225034,0.8164272390382559,G1M1_new,g1m1_low_load,0.3,58,11,0.28,0.32,56,60,1.6,76
2022-05-27,1.6337800460242131,2.5673780085731444e-05,1.0697408369054768,1.621751862225034,0.8164272390382559,G1M1_new,g1m1_low_load,0.3,58,11,0.28,0.32,56,60,1.6,76
2022-05-28,1.6338057198042988,2.5673780085731444e-05,1.0697408369054768,1.621751862225034,0.8164272390382559,G1M1_new,g1m1_low_load,0.3,58,11,0.28,0.32,56,60,1.6,76
2022-05-29,1.6338313935843847,2.5673780085731444e-05,1.0697408369054768,1.621751862225034,0.8164272390382559,G1M1_new,g1m1_low_load,0.3,58,11,0.28,0.32,56,60,1.6,76
2022-05-30,1.6338570673644703,2.5673780085731444e-05,1.0697408369054768,1.621751862225034,0.8164272390382559,G1M1_new,g1m1_low_load,0.3,58,11,0.28,0.32,56,60,1.6,76
2022-05-31,1.633882741144556,2.5673780085731444e-05,1.0697408369054768,1.621751862225034,0.8164272390382559,G1M1_new,g1m1_low_load,0.3,58,11,0.28,0.32,56,60,1.6,76
2022-06-01,1.6339084149246417,2.5673780085731444e-05,1.0697408369054768,1.621751862225034,0.8164272390382559,G1M1_new,g1m1_low_load,0.3,58,11,0.28,0.32,56,60,1.6,76
2022-06-02,1.6339340887047276,2.5673780085731444e-05,1.0697408369054768,1.621751862225034,0.8164272390382559,G1M1_new,g1m1_low_load,0.3,58,11,0.28,0.32,56,60,1.6,76
2022-06-03,1.6339597624848132,2.5673780085731444e-05,1.0697408369054768,1.621751862225034,0.8164272390382559,G1M1_new,g1m1_low_load,0.3,58,11,0.28,0.32,56,60,1.6,76
2022-06-04,1.633985436264899,2.5673780085731444e-05,1.0697408369054768,1.621751862225034,0.8164272390382559,G1M1_new,g1m1_low_load,0.3,58,11,0.28,0.32,56,60,1.6,76
2022-06-05,1.6340111100449848,2.5673780085731444e-05,1.0697408369054768,1.621751862225034,0.8164272390382559,G1M1_new,g1m1_low_load,0.3,58,11,0.28,0.32,56,60,1.6,76
2022-06-06,1.6340367838250704,2.5673780085731444e-05,1.0697408369054768,1.621751862225034,0.8164272390382559,G1M1_new,g1m1_low_load,0.3,58,11,0.28,0.32,56,60,1.6,76
2022-06-07,1.6340624576051561,2.5673780085731444e-05,1.0697408369054768,1.621751862225034,0.8164272390382559,G1M1_new,g1m1_low_load,0.3,58,11,0.28,0.32,56,60,1.6,76
2022-06-08,1.6340881313852418,2.5673780085731444e-05,1.0697408369054768,1.621751862225034,0.8164272390382559,G1M1_new,g1m1_low_load,0.3,58,11,0.28,0.32,56,60,1.6,76
2022-06-09,1.6341138051653277,2.5673780085731444e-05,1.0697408369054768,1.621751862225034,0.8164272390382559,G1M1_new,g1m1_low_load,0.3,58,11,0.28,0.32,56,60,1.6,76
2022-06-10,1.6341394789454133,2.5673780085731444e-05,1.0697408369054768,1.621751862225034,0.8164272390382559,G1M1_new,g1m1_low_load,0.3,58,11,0.28,0.32,56,60,1.6,76
2022-06-11,1.634165152725499,2.5673780085731444e-05,1.0697408369054768,1.621751862225034,0.8164272390382559,G1M1_new,g1m1_low_load,0.3,58,11,0.28,0.32,56,60,1.6,76
2022-06-12,1.634190826505585,2.5673780085731444e-05,1.0697408369054768,1.621751862225034,0.8164272390382559,G1M1_new,g1m1_low_load,0.3,58,11,0.28,0.32,56,60,1.6,76
2022-06-13,1.6342165002856706,2.5673780085731444e-05,1.0697408369054768,1.621751862225034,0.8164272390382559,G1M1_new,g1m1_low_load,0.3,58,11,0.28,0.32,56,60,1.6,76
2022-06-14,1.6342421740657562,2.5673780085731444e-05,1.0697408369054768,1.621751862225034,0.8164272390382559,G1M1_new,g1m1_low_load,0.3,58,11,0.28,0.32,56,60,1.6,76
2022-06-15,1.6342678478458421,2.5673780085731444e-05,1.0697408369054768,1.621751862225034,0.8164272390382559,G1M1_new,g1m1_low_load,0.3,58,11,0.28,0.32,56,60,1.6,76
2022-06-16,1.6342935216259278,2.5673780085731444e-05,1.0697408369054768,1.621751862225034,0.8164272390382559,G1M1_new,g1m1_low_load,0.3,58,11,0.28,0.32,56,60,1.6,76
2022-06-17,1.6343191954060134,2.5673780085731444e-05,1.0697408369054768,1.621751862225034,0.8164272390382559,G1M1_new,g1m1_low_load,0.3,58,11,0.28,0.32,56,60,1.6,76
2022-06-18,1.6343448691860991,2.5673780085731444e-05,1.0697408369054768,1.621751862225034,0.8164272390382559,G1M1_new,g1m1_low_load,0.3,58,11,0.28,0.32,56,60,1.6,76
2022-06-19,1.634370542966185,2.5673780085731444e-05,1.0697408369054768,1.621751862225034,0.8164272390382559,G1M1_new,g1m1_low_load,0.3,58,11,0.28,0.32,56,60,1.6,76
2022-06-20,1.6343962167462707,2.5673780085731444e-05,1.0697408369054768,1.621751862225034,0.8164272390382559,G1M1_new,g1m1_low_load,0.3,58,11,0.28,0.32,56,60,1.6,76
2022-06-21,1.6344218905263563,2.5673780085731444e-05,1.0697408369054768,1.621751862225034,0.8164272390382559,G1M1_new,g1m1_low_load,0.3,58,11,0.28,0.32,56,60,1.6,76
2022-06-22,1.6344475643064422,2.5673780085731444e-05,1.0697408369054768,1.621751862225034,0.8164272390382559,G1M1_new,g1m1_low_load,0.3,58,11,0.28,0.32,56,60,1.6,76
2022-06-23,1.634473238086528,2.5673780085731444e-05,1.0697408369054768,1.621751862225034,0.8164272390382559,G1M1_new,g1m1_low_load,0.3,58,11,0.28,0.32,56,60,1.6,76
2022-06-24,1.6344989118666136,2.5673780085731444e-05,1.0697408369054768,1.621751862225034,0.8164272390382559,G1M1_new,g1m1_low_load,0.3,58,11,0.28,0.32,56,60,1.6,76
2022-06-25,1.6345245856466992,2.5673780085731444e-05,1.0697408369054768,1.621751862225034,0.8164272390382559,G1M1_new,g1m1_low_load,0.3,58,11,0.28,0.32,56,60,1.6,76
2022-06-26,1.6345502594267851,2.5673780085731444e-05,1.0697408369054768,1.621751862225034,0.8164272390382559,G1M1_new,g1m1_low_load,0.3,58,11,0.28,0.32,56,60,1.6,76
2022-06-27,1.6345759332068708,2.5673780085731444e-05,1.0697408369054768,1.621751862225034,0.8164272390382559,G1M1_new,g1m1_low_load,0.3,58,11,0.28,0.32,56,60,1.6,76
2022-06-28,1.6346016069869564,2.5673780085731444e-05,1.0697408369054768,1.621751862225034,0.8164272390382559,G1M1_new,g1m1_low_load,0.3,58,11,0.28,0.32,56,60,1.6,76
2022-06-29,1.6346272807670423,2.5673780085731444e-05,1.0697408369054768,1.621751862225034,0.8164272390382559,G1M1_new,g1m1_low_load,0.3,58,11,0.28,0.32,56,60,1.6,76
2022-06-30,1.634652954547128,2.5673780085731444e-05,1.0697408369054768,1.621751862225034,0.8164272390382559,G1M1_new,g1m1_low_load,0.3,58,11,0.28,0.32,56,60,1.6,76
2022-07-01,1.6346786283272137,2.5673780085731444e-05,1.0697408369054768,1.621751862225034,0.8164272390382559,G1M1_new,g1m1_low_load,0.3,58,11,0.28,0.32,56,60,1.6,76
2022-07-02,1.6347043021072993,2.5673780085731444e-05,1.0697408369054768,1.621751862225034,0.8164272390382559,G1M1_new,g1m1_low_load,0.3,58,11,0.28,0.32,56,60,1.6,76
2022-07-03,1.6347299758873852,2.5673780085731444e-05,1.0697408369054768,1.621751862225034,0.8164272390382559,G1M1_new,g1m1_low_load,0.3,58,11,0.28,0.32,56,60,1.6,76
2022-07-04,1.634755649667471,2.5673780085731444e-05,1.0697408369054768,1.621751862225034,0.8164272390382559,G1M1_new,g1m1_low_load,0.3,58,11,0.28,0.32,56,60,1.6,76
2022-07-05,1.6347813234475566,2.5673780085731444e-05,1.0697408369054768,1.621751862225034,0.8164272390382559,G1M1_new,g1m1_low_load,0.3,58,11,0.28,0.32,56,60,1.6,76
2022-07-06,1.6348069972276424,2.5673780085731444e-05,1.0697408369054768,1.621751862225034,0.8164272390382559,G1M1_new,g1m1_low_load,0.3,58,11,0.28,0.32,56,60,1.6,76
2022-07-07,1.634832671007728,2.5673780085731444e-05,1.0697408369054768,1.621751862225034,0.8164272390382559,G1M1_new,g1m1_low_load,0.3,58,11,0.28,0.32,56,60,1.6,76
2022-07-08,1.6348583447878138,2.5673780085731444e-05,1.0697408369054768,1.621751862225034,0.8164272390382559,G1M1_new,g1m1_low_load,0.3,58,11,0.28,0.32,56,60,1.6,76
2022-07-09,1.6348840185678997,2.5673780085731444e-05,1.0697408369054768,1.621751862225034,0.8164272390382559,G1M1_new,g1m1_low_load,0.3,58,11,0.28,0.32,56,60,1.6,76
2022-07-10,1.6349096923479853,2.5673780085731444e-05,1.0697408369054768,1.621751862225034,0.8164272390382559,G1M1_new,g1m1_low_load,0.3,58,11,0.28,0.32,56,60,1.6,76
2022-07-11,1.634935366128071,2.5673780085731444e-05,1.0697408369054768,1.621751862225034,0.8164272390382559,G1M1_new,g1m1_low_load,0.3,58,11,0.28,0.32,56,60,1.6,76
2022-07-12,1.6349610399081567,2.5673780085731444e-05,1.0697408369054768,1.621751862225034,0.8164272390382559,G1M1_new,g1m1_low_load,0.3,58,11,0.28,0.32,56,60,1.6,76
2022-07-13,1.6349867136882426,2.5673780085731444e-05,1.0697408369054768,1.621751862225034,0.8164272390382559,G1M1_new,g1m1_low_load,0.3,58,11,0.28,0.32,56,60,1.6,76
2022-07-14,1.6350123874683282,2.5673780085731444e-05,1.0697408369054768,1.621751862225034,0.8164272390382559,G1M1_new,g1m1_low_load,0.3,58,11,0.28,0.32,56,60,1.6,76
2022-07-15,1.6350380612484139,2.5673780085731444e-05,1.0697408369054768,1.621751862225034,0.8164272390382559,G1M1_new,g1m1_low_load,0.3,58,11,0.28,0.32,56,60,1.6,76
2022-07-16,1.6350637350284998,2.5673780085731444e-05,1.0697408369054768,1.621751862225034,0.8164272390382559,G1M1_new,g1m1_low_load,0.3,58,11,0.28,0.32,56,60,1.6,76
2022-07-17,1.6350894088085854,2.5673780085731444e-05,1.0697408369054768,1.621751862225034,0.8164272390382559,G1M1_new,g1m1_low_load,0.3,58,11,0.28,0.32,56,60,1.6,76
2022-07-18,1.635115082588671,2.5673780085731444e-05,1.0697408369054768,1.621751862225034,0.8164272390382559,G1M1_new,g1m1_low_load,0.3,58,11,0.28,0.32,56,60,1.6,76
2022-07-19,1.6351407563687568,2.5673780085731444e-05,1.0697408369054768,1.621751862225034,0.8164272390382559,G1M1_new,g1m1_low_load,0.3,58,11,0.28,0.32,56,60,1.6,76
2022-07-20,1.6351664301488427,2.5673780085731444e-05,1.0697408369054768,1.621751862225034,0.8164272390382559,G1M1_new,g1m1_low_load,0.3,58,11,0.28,0.32,56,60,1.6,76
2022-07-21,1.6351921039289283,2.5673780085731444e-05,1.0697408369054768,1.621751862225034,0.8164272390382559,G1M1_new,g1m1_low_load,0.3,58,11,0.28,0.32,56,60,1.6,76
2022-07-22,1.635217777709014,2.5673780085731444e-05,1.0697408369054768,1.621751862225034,0.8164272390382559,G1M1_new,g1m1_low_load,0.3,58,11,0.28,0.32,56,60,1.6,76
2022-07-23,1.6352434514890999,2.5673780085731444e-05,1.0697408369054768,1.621751862225034,0.8164272390382559,G1M1_new,g1m1_low_load,0.3,58,11,0.28,0.32,56,60,1.6,76
2022-07-24,1.6352691252691856,2.5673780085731444e-05,1.0697408369054768,1.621751862225034,0.8164272390382559,G1M1_new,g1m1_low_load,0.3,58,11,0.28,0.32,56,60,1.6,76
2022-07-25,1.6352947990492712,2.5673780085731444e-05,1.0697408369054768,1.621751862225034,0.8164272390382559,G1M1_new,g1m1_low_load,0.3,58,11,0.28,0.32,56,60,1.6,76
2022-07-26,1.6353204728293569,2.5673780085731444e-05,1.0697408369054768,1.621751862225034,0.8164272390382559,G1M1_new,g1m1_low_load,0.3,58,11,0.28,0.32,56,60,1.6,76
2022-07-27,1.6353461466094428,2.5673780085731444e-05,1.0697408369054768,1.621751862225034,0.8164272390382559,G1M1_new,g1m1_low_load,0.3,58,11,0.28,0.32,56,60,1.6,76
2022-07-28,1.6353718203895284,2.5673780085731444e-05,1.0697408369054768,1.621751862225034,0.8164272390382559,G1M1_new,g1m1_low_load,0.3,58,11,0.28,0.32,56,60,1.6,76
2022-07-29,1.635397494169614,2.5673780085731444e-05,1.0697408369054768,1.621751862225034,0.8164272390382559,G1M1_new,g1m1_low_load,0.3,58,11,0.28,0.32,56,60,1.6,76
2022-07-30,1.6354231679497,2.5673780085731444e-05,1.0697408369054768,1.621751862225034,0.8164272390382559,G1M1_new,g1m1_low_load,0.3,58,11,0.28,0.32,56,60,1.6,76
2022-07-31,1.6354488417297857,2.5673780085731444e-05,1.0697408369054768,1.621751862225034,0.8164272390382559,G1M1_new,g1m1_low_load,0.3,58,11,0.28,0.32,56,60,1.6,76
2022-08-01,1.6354745155098713,2.5673780085731444e-05,1.0697408369054768,1.621751862225034,0.8164272390382559,G1M1_new,g1m1_low_load,0.3,58,11,0.28,0.32,56,60,1.6,76
2022-08-02,1.6355001892899572,2.5673780085731444e-05,1.0697408369054768,1.621751862225034,0.8164272390382559,G1M1_new,g1m1_low_load,0.3,58,11,0.28,0.32,56,60,1.6,76
2022-08-03,1.6355258630700429,2.5673780085731444e-05,1.0697408369054768,1.621751862225034,0.8164272390382559,G1M1_new,g1m1_low_load,0.3,58,11,0.28,0.32,56,60,1.6,76
2022-08-04,1.6355515368501286,2.5673780085731444e-05,1.0697408369054768,1.621751862225034,0.8164272390382559,G1M1_new,g1m1_low_load,0.3,58,11,0.28,0.32,56,60,1.6,76
2022-08-05,1.6355772106302142,2.5673780085731444e-05,1.0697408369054768,1.621751862225034,0.8164272390382559,G1M1_new,g1m1_low_load,0.3,58,11,0.28,0.32,56,60,1.6,76
2022-08-06,1.6356028844103,2.5673780085731444e-05,1.0697408369054768,1.621751862225034,0.8164272390382559,G1M1_new,g1m1_low_load,0.3,58,11,0.28,0.32,56,60,1.6,76
2022-08-07,1.6356285581903858,2.5673780085731444e-05,1.0697408369054768,1.621751862225034,0.8164272390382559,G1M1_new,g1m1_low_load,0.3,58,11,0.28,0.32,56,60,1.6,76
2022-08-08,1.6356542319704714,2.5673780085731444e-05,1.0697408369054768,1.621751862225034,0.8164272390382559,G1M1_new,g1m1_low_load,0.3,58,11,0.28,0.32,56,60,1.6,76
2022-08-09,1.6356799057505573,2.5673780085731444e-05,1.0697408369054768,1.621751862225034,0.8164272390382559,G1M1_new,g1m1_low_load,0.3,58,11,0.28,0.32,56,60,1.6,76
2022-08-10,1.635705579530643,2.5673780085731444e-05,1.0697408369054768,1.621751862225034,0.8164272390382559,G1M1_new,g1m1_low_load,0.3,58,11,0.28,0.32,56,60,1.6,76
2022-08-11,1.6357312533107287,2.5673780085731444e-05,1.0697408369054768,1.621751862225034,0.8164272390382559,G1M1_new,g1m1_low_load,0.3,58,11,0.28,0.32,56,60,1.6,76
2022-08-12,1.6357569270908143,2.5673780085731444e-05,1.0697408369054768,1.621751862225034,0.8164272390382559,G1M1_new,g1m1_low_load,0.3,58,11,0.28,0.32,56,60,1.6,76
2022-08-13,1.6357826008709002,2.5673780085731444e-05,1.0697408369054768,1.621751862225034,0.8164272390382559,G1M1_new,g1m1_low_load,0.3,58,11,0.28,0.32,56,60,1.6,76
2022-08-14,1.6358082746509859,2.5673780085731444e-05,1.0697408369054768,1.621751862225034,0.8164272390382559,G1M1_new,g1m1_low_load,0.3,58,11,0.28,0.32,56,60,1.6,76
2022-08-15,1.6358339484310715,2.5673780085731444e-05,1.0697408369054768,1.621751862225034,0.8164272390382559,G1M1_new,g1m1_low_load,0.3,58,11,0.28,0.32,56,60,1.6,76
2022-08-16,1.6358596222111574,2.5673780085731444e-05,1.0697408369054768,1.621751862225034,0.8164272390382559,G1M1_new,g1m1_low_load,0.3,58,11,0.28,0.32,56,60,1.6,76
2022-08-17,1.635885295991243,2.5673780085731444e-05,1.0697408369054768,1.621751862225034,0.8164272390382559,G1M1_new,g1m1_low_load,0.3,58,11,0.28,0.32,56,60,1.6,76
2022-08-18,1.6359109697713288,2.5673780085731444e-05,1.0697408369054768,1.621751862225034,0.8164272390382559,G1M1_new,g1m1_low_load,0.3,58,11,0.28,0.32,56,60,1.6,76
2022-08-19,1.6359366435514147,2.5673780085731444e-05,1.0697408369054768,1.621751862225034,0.8164272390382559,G1M1_new,g1m1_low_load,0.3,58,11,0.28,0.32,56,60,1.6,76
2022-08-20,1.6359623173315003,2.5673780085731444e-05,1.0697408369054768,1.621751862225034,0.8164272390382559,G1M1_new,g1m1_low_load,0.3,58,11,0.28,0.32,56,60,1.6,76
2022-08-21,1.635987991111586,2.5673780085731444e-05,1.0697408369054768,1.621751862225034,0.8164272390382559,G1M1_new,g1m1_low_load,0.3,58,11,0.28,0.32,56,60,1.6,76
2022-08-22,1.6360136648916717,2.5673780085731444e-05,1.0697408369054768,1.621751862225034,0.8164272390382559,G1M1_new,g1m1_low_load,0.3,58,11,0.28,0.32,56,60,1.6,76
2022-08-23,1.6360393386717575,2.5673780085731444e-05,1.0697408369054768,1.621751862225034,0.8164272390382559,G1M1_new,g1m1_low_load,0.3,58,11,0.28,0.32,56,60,1.6,76
2022-08-24,1.6360650124518432,2.5673780085731444e-05,1.0697408369054768,1.621751862225034,0.8164272390382559,G1M1_new,g1m1_low_load,0.3,58,11,0.28,0.32,56,60,1.6,76
2022-08-25,1.6360906862319289,2.5673780085731444e-05,1.0697408369054768,1.621751862225034,0.8164272390382559,G1M1_new,g1m1_low_load,0.3,58,11,0.28,0.32,56,60,1.6,76
2022-08-26,1.6361163600120148,2.5673780085731444e-05,1.0697408369054768,1.621751862225034,0.8164272390382559,G1M1_new,g1m1_low_load,0.3,58,11,0.28,0.32,56,60,1.6,76
2022-08-27,1.6361420337921004,2.5673780085731444e-05,1.0697408369054768,1.621751862225034,0.8164272390382559,G1M1_new,g1m1_low_load,0.3,58,11,0.28,0.32,56,60,1.6,76
2022-08-28,1.636167707572186,2.5673780085731444e-05,1.0697408369054768,1.621751862225034,0.8164272390382559,G1M1_new,g1m1_low_load,0.3,58,11,0.28,0.32,56,60,1.6,76
2022-08-29,1.6361933813522718,2.5673780085731444e-05,1.0697408369054768,1.621751862225034,0.8164272390382559,G1M1_new,g1m1_low_load,0.3,58,11,0.28,0.32,56,60,1.6,76
2022-08-30,1.6362190551323577,2.5673780085731444e-05,1.0697408369054768,1.621751862225034,0.8164272390382559,G1M1_new,g1m1_low_load,0.3,58,11,0.28,0.32,56,60,1.6,76
2022-08-31,1.6362447289124433,2.5673780085731444e-05,1.0697408369054768,1.621751862225034,0.8164272390382559,G1M1_new,g1m1_low_load,0.3,58,11,0.28,0.32,56,60,1.6,76
2022-09-01,1.636270402692529,2.5673780085731444e-05,1.0697408369054768,1.621751862225034,0.8164272390382559,G1M1_new,g1m1_low_load,0.3,58,11,0.28,0.32,56,60,1.6,76
2022-09-02,1.6362960764726149,2.5673780085731444e-05,1.0697408369054768,1.621751862225034,0.8164272390382559,G1M1_new,g1m1_low_load,0.3,58,11,0.28,0.32,56,60,1.6,76
2022-09-03,1.6363217502527005,2.5673780085731444e-05,1.0697408369054768,1.621751862225034,0.8164272390382559,G1M1_new,g1m1_low_load,0.3,58,11,0.28,0.32,56,60,1.6,76
2022-09-04,1.6363474240327862,2.5673780085731444e-05,1.0697408369054768,1.621751862225034,0.8164272390382559,G1M1_new,g1m1_low_load,0.3,58,11,0.28,0.32,56,60,1.6,76
2022-09-05,1.6363730978128719,2.5673780085731444e-05,1.0697408369054768,1.621751862225034,0.8164272390382559,G1M1_new,g1m1_low_load,0.3,58,11,0.28,0.32,56,60,1.6,76
2022-09-06,1.6363987715929578,2.5673780085731444e-05,1.0697408369054768,1.621751862225034,0.8164272390382559,G1M1_new,g1m1_low_load,0.3,58,11,0.28,0.32,56,60,1.6,76
2022-09-07,1.6364244453730434,2.5673780085731444e-05,1.0697408369054768,1.621751862225034,0.8164272390382559,G1M1_new,g1m1_low_load,0.3,58,11,0.28,0.32,56,60,1.6,76
2022-09-08,1.636450119153129,2.5673780085731444e-05,1.0697408369054768,1.621751862225034,0.8164272390382559,G1M1_new,g1m1_low_load,0.3,58,11,0.28,0.32,56,60,1.6,76
2022-09-09,1.636475792933215,2.5673780085731444e-05,1.0697408369054768,1.621751862225034,0.8164272390382559,G1M1_new,g1m1_low_load,0.3,58,11,0.28,0.32,56,60,1.6,76
2022-09-10,1.6365014667133007,2.5673780085731444e-05,1.0697408369054768,1.621751862225034,0.8164272390382559,G1M1_new,g1m1_low_load,0.3,58,11,0.28,0.32,56,60,1.6,76
2022-09-11,1.6365271404933863,2.5673780085731444e-05,1.0697408369054768,1.621751862225034,0.8164272390382559,G1M1_new,g1m1_low_load,0.3,58,11,0.28,0.32,56,60,1.6,76
2022-09-12,1.6365528142734722,2.5673780085731444e-05,1.0697408369054768,1.621751862225034,0.8164272390382559,G1M1_new,g1m1_low_load,0.3,58,11,0.28,0.32,56,60,1.6,76
2022-09-13,1.6365784880535579,2.5673780085731444e-05,1.0697408369054768,1.621751862225034,0.8164272390382559,G1M1_new,g1m1_low_load,0.3,58,11,0.28,0.32,56,60,1.6,76
2022-09-14,1.6366041618336435,2.5673780085731444e-05,1.0697408369054768,1.621751862225034,0.8164272390382559,G1M1_new,g1m1_low_load,0.3,58,11,0.28,0.32,56,60,1.6,76
2022-09-15,1.6366298356137292,2.5673780085731444e-05,1.0697408369054768,1.621751862225034,0.8164272390382559,G1M1_new,g1m1_low_load,0.3,58,11,0.28,0.32,56,60,1.6,76
2022-09-16,1.636655509393815,2.5673780085731444e-05,1.0697408369054768,1.621751862225034,0.8164272390382559,G1M1_new,g1m1_low_load,0.3,58,11,0.28,0.32,56,60,1.6,76
2022-09-17,1.6366811831739008,2.5673780085731444e-05,1.0697408369054768,1.621751862225034,0.8164272390382559,G1M1_new,g1m1_low_load,0.3,58,11,0.28,0.32,56,60,1.6,76
2022-09-18,1.6367068569539864,2.5673780085731444e-05,1.0697408369054768,1.621751862225034,0.8164272390382559,G1M1_new,g1m1_low_load,0.3,58,11,0.28,0.32,56,60,1.6,76
2022-09-19,1.6367325307340723,2.5673780085731444e-05,1.0697408369054768,1.621751862225034,0.8164272390382559,G1M1_new,g1m1_low_load,0.3,58,11,0.28,0.32,56,60,1.6,76
2022-09-20,1.636758204514158,2.5673780085731444e-05,1.0697408369054768,1.621751862225034,0.8164272390382559,G1M1_new,g1m1_low_load,0.3,58,11,0.28,0.32,56,60,1.6,76
2022-09-21,1.6367838782942437,2.5673780085731444e-05,1.0697408369054768,1.621751862225034,0.8164272390382559,G1M1_new,g1m1_low_load,0.3,58,11,0.28,0.32,56,60,1.6,76
2022-09-22,1.6368095520743293,2.5673780085731444e-05,1.0697408369054768,1.621751862225034,0.8164272390382559,G1M1_new,g1m1_low_load,0.3,58,11,0.28,0.32,56,60,1.6,76
2022-09-23,1.6368352258544152,2.5673780085731444e-05,1.0697408369054768,1.621751862225034,0.8164272390382559,G1M1_new,g1m1_low_load,0.3,58,11,0.28,0.32,56,60,1.6,76
2022-09-24,1.6368608996345009,2.5673780085731444e-05,1.0697408369054768,1.621751862225034,0.8164272390382559,G1M1_new,g1m1_low_load,0.3,58,11,0.28,0.32,56,60,1.6,76
2022-09-25,1.6368865734145865,2.5673780085731444e-05,1.0697408369054768,1.621751862225034,0.8164272390382559,G1M1_new,g1m1_low_load,0.3,58,11,0.28,0.32,56,60,1.6,76
2022-09-26,1.6369122471946724,2.5673780085731444e-05,1.0697408369054768,1.621751862225034,0.8164272390382559,G1M1_new,g1m1_low_load,0.3,58,11,0.28,0.32,56,60,1.6,76
2022-09-27,1.636937920974758,2.5673780085731444e-05,1.0697408369054768,1.621751862225034,0.8164272390382559,G1M1_new,g1m1_low_load,0.3,58,11,0.28,0.32,56,60,1.6,76
2022-09-28,1.6369635947548438,2.5673780085731444e-05,1.0697408369054768,1.621751862225034,0.8164272390382559,G1M1_new,g1m1_low_load,0.3,58,11,0.28,0.32,56,60,1.6,76
2022-09-29,1.6369892685349294,2.5673780085731444e-05,1.0697408369054768,1.621751862225034,0.8164272390382559,G1M1_new,g1m1_low_load,0.3,58,11,0.28,0.32,56,60,1.6,76
2022-09-30,1.6370149423150153,2.5673780085731444e-05,1.0697408369054768,1.621751862225034,0.8164272390382559,G1M1_new,g1m1_low_load,0.3,58,11,0.28,0.32,56,60,1.6,76
2022-10-01,1.637040616095101,2.5673780085731444e-05,1.0697408369054768,1.621751862225034,0.8164272390382559,G1M1_new,g1m1_low_load,0.3,58,11,0.28,0.32,56,60,1.6,76
2022-10-02,1.6370662898751867,2.5673780085731444e-05,1.0697408369054768,1.621751862225034,0.8164272390382559,G1M1_new,g1m1_low_load,0.3,58,11,0.28,0.32,56,60,1.6,76
2022-10-03,1.6370919636552725,2.5673780085731444e-05,1.0697408369054768,1.621751862225034,0.8164272390382559,G1M1_new,g1m1_low_load,0.3,58,11,0.28,0.32,56,60,1.6,76
2022-10-04,1.6371176374353582,2.5673780085731444e-05,1.0697408369054768,1.621751862225034,0.8164272390382559,G1M1_new,g1m1_low_load,0.3,58,11,0.28,0.32,56,60,1.6,76
2022-10-05,1.6371433112154439,2.5673780085731444e-05,1.0697408369054768,1.621751862225034,0.8164272390382559,G1M1_new,g1m1_low_load,0.3,58,11,0.28,0.32,56,60,1.6,76
2022-10-06,1.6371689849955298,2.5673780085731444e-05,1.0697408369054768,1.621751862225034,0.8164272390382559,G1M1_new,g1m1_low_load,0.3,58,11,0.28,0.32,56,60,1.6,76
2022-10-07,1.6371946587756154,2.5673780085731444e-05,1.0697408369054768,1.621751862225034,0.8164272390382559,G1M1_new,g1m1_low_load,0.3,58,11,0.28,0.32,56,60,1.6,76
2022-10-08,1.637220332555701,2.5673780085731444e-05,1.0697408369054768,1.621751862225034,0.8164272390382559,G1M1_new,g1m1_low_load,0.3,58,11,0.28,0.32,56,60,1.6,76
2022-10-09,1.6372460063357868,2.5673780085731444e-05,1.0697408369054768,1.621751862225034,0.8164272390382559,G1M1_new,g1m1_low_load,0.3,58,11,0.28,0.32,56,60,1.6,76
2022-10-10,1.6372716801158727,2.5673780085731444e-05,1.0697408369054768,1.621751862225034,0.8164272390382559,G1M1_new,g1m1_low_load,0.3,58,11,0.28,0.32,56,60,1.6,76
2022-10-11,1.6372973538959583,2.5673780085731444e-05,1.0697408369054768,1.621751862225034,0.8164272390382559,G1M1_new,g1m1_low_load,0.3,58,11,0.28,0.32,56,60,1.6,76
2022-10-12,1.637323027676044,2.5673780085731444e-05,1.0697408369054768,1.621751862225034,0.8164272390382559,G1M1_new,g1m1_low_load,0.3,58,11,0.28,0.32,56,60,1.6,76
2022-10-13,1.6373487014561299,2.5673780085731444e-05,1.0697408369054768,1.621751862225034,0.8164272390382559,G1M1_new,g1m1_low_load,0.3,58,11,0.28,0.32,56,60,1.6,76
2022-10-14,1.6373743752362155,2.5673780085731444e-05,1.0697408369054768,1.621751862225034,0.8164272390382559,G1M1_new,g1m1_low_load,0.3,58,11,0.28,0.32,56,60,1.6,76
2022-10-15,1.6374000490163012,2.5673780085731444e-05,1.0697408369054768,1.621751862225034,0.8164272390382559,G1M1_new,g1m1_low_load,0.3,58,11,0.28,0.32,56,60,1.6,76
2022-10-16,1.6374257227963869,2.5673780085731444e-05,1.0697408369054768,1.621751862225034,0.8164272390382559,G1M1_new,g1m1_low_load,0.3,58,11,0.28,0.32,56,60,1.6,76
2022-10-17,1.6374513965764728,2.5673780085731444e-05,1.0697408369054768,1.621751862225034,0.8164272390382559,G1M1_new,g1m1_low_load,0.3,58,11,0.28,0.32,56,60,1.6,76
2022-10-18,1.6374770703565584,2.5673780085731444e-05,1.0697408369054768,1.621751862225034,0.8164272390382559,G1M1_new,g1m1_low_load,0.3,58,11,0.28,0.32,56,60,1.6,76
2022-10-19,1.637502744136644,2.5673780085731444e-05,1.0697408369054768,1.621751862225034,0.8164272390382559,G1M1_new,g1m1_low_load,0.3,58,11,0.28,0.32,56,60,1.6,76
2022-10-20,1.63752841791673,2.5673780085731444e-05,1.0697408369054768,1.621751862225034,0.8164272390382559,G1M1_new,g1m1_low_load,0.3,58,11,0.28,0.32,56,60,1.6,76
2022-10-21,1.6375540916968157,2.5673780085731444e-05,1.0697408369054768,1.621751862225034,0.8164272390382559,G1M1_new,g1m1_low_load,0.3,58,11,0.28,0.32,56,60,1.6,76
2022-10-22,1.6375797654769013,2.5673780085731444e-05,1.0697408369054768,1.621751862225034,0.8164272390382559,G1M1_new,g1m1_low_load,0.3,58,11,0.28,0.32,56,60,1.6,76
2022-10-23,1.637605439256987,2.5673780085731444e-05,1.0697408369054768,1.621751862225034,0.8164272390382559,G1M1_new,g1m1_low_load,0.3,58,11,0.28,0.32,56,60,1.6,76
2022-10-24,1.6376311130370729,2.5673780085731444e-05,1.0697408369054768,1.621751862225034,0.8164272390382559,G1M1_new,g1m1_low_load,0.3,58,11,0.28,0.32,56,60,1.6,76
2022-10-25,1.6376567868171585,2.5673780085731444e-05,1.0697408369054768,1.621751862225034,0.8164272390382559,G1M1_new,g1m1_low_load,0.3,58,11,0.28,0.32,56,60,1.6,76
2022-10-26,1.6376824605972442,2.5673780085731444e-05,1.0697408369054768,1.621751862225034,0.8164272390382559,G1M1_new,g1m1_low_load,0.3,58,11,0.28,0.32,56,60,1.6,76
2022-10-27,1.63770813437733,2.5673780085731444e-05,1.0697408369054768,1.621751862225034,0.8164272390382559,G1M1_new,g1m1_low_load,0.3,58,11,0.28,0.32,56,60,1.6,76
2022-10-28,1.6377338081574158,2.5673780085731444e-05,1.0697408369054768,1.621751862225034,0.8164272390382559,G1M1_new,g1m1_low_load,0.3,58,11,0.28,0.32,56,60,1.6,76
2022-10-29,1.6377594819375014,2.5673780085731444e-05,1.0697408369054768,1.621751862225034,0.8164272390382559,G1M1_new,g1m1_low_load,0.3,58,11,0.28,0.32,56,60,1.6,76
2022-10-30,1.6377851557175873,2.5673780085731444e-05,1.0697408369054768,1.621751862225034,0.8164272390382559,G1M1_new,g1m1_low_load,0.3,58,11,0.28,0.32,56,60,1.6,76
2022-10-31,1.637810829497673,2.5673780085731444e-05,1.0697408369054768,1.621751862225034,0.8164272390382559,G1M1_new,g1m1_low_load,0.3,58,11,0.28,0.32,56,60,1.6,76
2022-11-01,1.6378365032777586,2.5673780085731444e-05,1.0697408369054768,1.621751862225034,0.8164272390382559,G1M1_new,g1m1_low_load,0.3,58,11,0.28,0.32,56,60,1.6,76
2022-11-02,1.6378621770578443,2.5673780085731444e-05,1.0697408369054768,1.621751862225034,0.8164272390382559,G1M1_new,g1m1_low_load,0.3,58,11,0.28,0.32,56,60,1.6,76
2022-11-03,1.6378878508379302,2.5673780085731444e-05,1.0697408369054768,1.621751862225034,0.8164272390382559,G1M1_new,g1m1_low_load,0.3,58,11,0.28,0.32,56,60,1.6,76
2022-11-04,1.6379135246180159,2.5673780085731444e-05,1.0697408369054768,1.621751862225034,0.8164272390382559,G1M1_new,g1m1_low_load,0.3,58,11,0.28,0.32,56,60,1.6,76
2022-11-05,1.6379391983981015,2.5673780085731444e-05,1.0697408369054768,1.621751862225034,0.8164272390382559,G1M1_new,g1m1_low_load,0.3,58,11,0.28,0.32,56,60,1.6,76
2022-11-06,1.6379648721781874,2.5673780085731444e-05,1.0697408369054768,1.621751862225034,0.8164272390382559,G1M1_new,g1m1_low_load,0.3,58,11,0.28,0.32,56,60,1.6,76
2022-11-07,1.637990545958273,2.5673780085731444e-05,1.0697408369054768,1.621751862225034,0.8164272390382559,G1M1_new,g1m1_low_load,0.3,58,11,0.28,0.32,56,60,1.6,76
2022-11-08,1.6380162197383588,2.5673780085731444e-05,1.0697408369054768,1.621751862225034,0.8164272390382559,G1M1_new,g1m1_low_load,0.3,58,11,0.28,0.32,56,60,1.6,76
2022-11-09,1.6380418935184444,2.5673780085731444e-05,1.0697408369054768,1.621751862225034,0.8164272390382559,G1M1_new,g1m1_low_load,0.3,58,11,0.28,0.32,56,60,1.6,76
2022-11-10,1.6380675672985303,2.5673780085731444e-05,1.0697408369054768,1.621751862225034,0.8164272390382559,G1M1_new,g1m1_low_load,0.3,58,11,0.28,0.32,56,60,1.6,76
2022-11-11,1.638093241078616,2.5673780085731444e-05,1.0697408369054768,1.621751862225034,0.8164272390382559,G1M1_new,g1m1_low_load,0.3,58,11,0.28,0.32,56,60,1.6,76
2022-11-12,1.6381189148587016,2.5673780085731444e-05,1.0697408369054768,1.621751862225034,0.8164272390382559,G1M1_new,g1m1_low_load,0.3,58,11,0.28,0.32,56,60,1.6,76
2022-11-13,1.6381445886387875,2.5673780085731444e-05,1.0697408369054768,1.621751862225034,0.8164272390382559,G1M1_new,g1m1_low_load,0.3,58,11,0.28,0.32,56,60,1.6,76
2022-11-14,1.6381702624188732,2.5673780085731444e-05,1.0697408369054768,1.621751862225034,0.8164272390382559,G1M1_new,g1m1_low_load,0.3,58,11,0.28,0.32,56,60,1.6,76
2022-11-15,1.6381959361989589,2.5673780085731444e-05,1.0697408369054768,1.621751862225034,0.8164272390382559,G1M1_new,g1m1_low_load,0.3,58,11,0.28,0.32,56,60,1.6,76
2022-11-16,1.6382216099790448,2.5673780085731444e-05,1.0697408369054768,1.621751862225034,0.8164272390382559,G1M1_new,g1m1_low_load,0.3,58,11,0.28,0.32,56,60,1.6,76
2022-11-17,1.6382472837591304,2.5673780085731444e-05,1.0697408369054768,1.621751862225034,0.8164272390382559,G1M1_new,g1m1_low_load,0.3,58,11,0.28,0.32,56,60,1.6,76
2022-11-18,1.638272957539216,2.5673780085731444e-05,1.0697408369054768,1.621751862225034,0.8164272390382559,G1M1_new,g1m1_low_load,0.3,58,11,0.28,0.32,56,60,1.6,76
2022-11-19,1.6382986313193018,2.5673780085731444e-05,1.0697408369054768,1.621751862225034,0.8164272390382559,G1M1_new,g1m1_low_load,0.3,58,11,0.28,0.32,56,60,1.6,76
2022-11-20,1.6383243050993876,2.5673780085731444e-05,1.0697408369054768,1.621751862225034,0.8164272390382559,G1M1_new,g1m1_low_load,0.3,58,11,0.28,0.32,56,60,1.6,76
2022-11-21,1.6383499788794733,2.5673780085731444e-05,1.0697408369054768,1.621751862225034,0.8164272390382559,G1M1_new,g1m1_low_load,0.3,58,11,0.28,0.32,56,60,1.6,76
2022-11-22,1.638375652659559,2.5673780085731444e-05,1.0697408369054768,1.621751862225034,0.8164272390382559,G1M1_new,g1m1_low_load,0.3,58,11,0.28,0.32,56,60,1.6,76
2022-11-23,1.6384013264396449,2.5673780085731444e-05,1.0697408369054768,1.621751862225034,0.8164272390382559,G1M1_new,g1m1_low_load,0.3,58,11,0.28,0.32,56,60,1.6,76
2022-11-24,1.6384270002197305,2.5673780085731444e-05,1.0697408369054768,1.621751862225034,0.8164272390382559,G1M1_new,g1m1_low_load,0.3,58,11,0.28,0.32,56,60,1.6,76
2022-11-25,1.6384526739998162,2.5673780085731444e-05,1.0697408369054768,1.621751862225034,0.8164272390382559,G1M1_new,g1m1_low_load,0.3,58,11,0.28,0.32,56,60,1.6,76
2022-11-26,1.6384783477799019,2.5673780085731444e-05,1.0697408369054768,1.621751862225034,0.8164272390382559,G1M1_new,g1m1_low_load,0.3,58,11,0.28,0.32,56,60,1.6,76
2022-11-27,1.6385040215599878,2.5673780085731444e-05,1.0697408369054768,1.621751862225034,0.8164272390382559,G1M1_new,g1m1_low_load,0.3,58,11,0.28,0.32,56,60,1.6,76
2022-11-28,1.6385296953400734,2.5673780085731444e-05,1.0697408369054768,1.621751862225034,0.8164272390382559,G1M1_new,g1m1_low_load,0.3,58,11,0.28,0.32,56,60,1.6,76
2022-11-29,1.638555369120159,2.5673780085731444e-05,1.0697408369054768,1.621751862225034,0.8164272390382559,G1M1_new,g1m1_low_load,0.3,58,11,0.28,0.32,56,60,1.6,76
2022-11-30,1.638581042900245,2.5673780085731444e-05,1.0697408369054768,1.621751862225034,0.8164272390382559,G1M1_new,g1m1_low_load,0.3,58,11,0.28,0.32,56,60,1.6,76
2022-12-01,1.6386067166803306,2.5673780085731444e-05,1.0697408369054768,1.621751862225034,0.8164272390382559,G1M1_new,g1m1_low_load,0.3,58,11,0.28,0.32,56,60,1.6,76
2022-12-02,1.6386323904604163,2.5673780085731444e-05,1.0697408369054768,1.621751862225034,0.8164272390382559,G1M1_new,g1m1_low_load,0.3,58,11,0.28,0.32,56,60,1.6,76
2022-12-03,1.638658064240502,2.5673780085731444e-05,1.0697408369054768,1.621751862225034,0.8164272390382559,G1M1_new,g1m1_low_load,0.3,58,11,0.28,0.32,56,60,1.6,76
2022-12-04,1.6386837380205879,2.5673780085731444e-05,1.0697408369054768,1.621751862225034,0.8164272390382559,G1M1_new,g1m1_low_load,0.3,58,11,0.28,0.32,56,60,1.6,76
2022-12-05,1.6387094118006735,2.5673780085731444e-05,1.0697408369054768,1.621751862225034,0.8164272390382559,G1M1_new,g1m1_low_load,0.3,58,11,0.28,0.32,56,60,1.6,76
2022-12-06,1.6387350855807592,2.5673780085731444e-05,1.0697408369054768,1.621751862225034,0.8164272390382559,G1M1_new,g1m1_low_load,0.3,58,11,0.28,0.32,56,60,1.6,76
2022-12-07,1.638760759360845,2.5673780085731444e-05,1.0697408369054768,1.621751862225034,0.8164272390382559,G1M1_new,g1m1_low_load,0.3,58,11,0.28,0.32,56,60,1.6,76
2022-12-08,1.6387864331409308,2.5673780085731444e-05,1.0697408369054768,1.621751862225034,0.8164272390382559,G1M1_new,g1m1_low_load,0.3,58,11,0.28,0.32,56,60,1.6,76
2022-12-09,1.6388121069210164,2.5673780085731444e-05,1.0697408369054768,1.621751862225034,0.8164272390382559,G1M1_new,g1m1_low_load,0.3,58,11,0.28,0.32,56,60,1.6,76
2022-12-10,1.6388377807011023,2.5673780085731444e-05,1.0697408369054768,1.621751862225034,0.8164272390382559,G1M1_new,g1m1_low_load,0.3,58,11,0.28,0.32,56,60,1.6,76
2022-12-11,1.638863454481188,2.5673780085731444e-05,1.0697408369054768,1.621751862225034,0.8164272390382559,G1M1_new,g1m1_low_load,0.3,58,11,0.28,0.32,56,60,1.6,76
2022-12-12,1.6388891282612736,2.5673780085731444e-05,1.0697408369054768,1.621751862225034,0.8164272390382559,G1M1_new,g1m1_low_load,0.3,58,11,0.28,0.32,56,60,1.6,76
2022-12-13,1.6389148020413593,2.5673780085731444e-05,1.0697408369054768,1.621751862225034,0.8164272390382559,G1M1_new,g1m1_low_load,0.3,58,11,0.28,0.32,56,60,1.6,76
2022-12-14,1.6389404758214452,2.5673780085731444e-05,1.0697408369054768,1.621751862225034,0.8164272390382559,G1M1_new,g1m1_low_load,0.3,58,11,0.28,0.32,56,60,1.6,76
2022-12-15,1.6389661496015309,2.5673780085731444e-05,1.0697408369054768,1.621751862225034,0.8164272390382559,G1M1_new,g1m1_low_load,0.3,58,11,0.28,0.32,56,60,1.6,76
2022-12-16,1.6389918233816165,2.5673780085731444e-05,1.0697408369054768,1.621751862225034,0.8164272390382559,G1M1_new,g1m1_low_load,0.3,58,11,0.28,0.32,56,60,1.6,76
2022-12-17,1.6390174971617024,2.5673780085731444e-05,1.0697408369054768,1.621751862225034,0.8164272390382559,G1M1_new,g1m1_low_load,0.3,58,11,0.28,0.32,56,60,1.6,76
2022-12-18,1.639043170941788,2.5673780085731444e-05,1.0697408369054768,1.621751862225034,0.8164272390382559,G1M1_new,g1m1_low_load,0.3,58,11,0.28,0.32,56,60,1.6,76
2022-12-19,1.6390688447218738,2.5673780085731444e-05,1.0697408369054768,1.621751862225034,0.8164272390382559,G1M1_new,g1m1_low_load,0.3,58,11,0.28,0.32,56,60,1.6,76
2022-12-20,1.6390945185019594,2.5673780085731444e-05,1.0697408369054768,1.621751862225034,0.8164272390382559,G1M1_new,g1m1_low_load,0.3,58,11,0.28,0.32,56,60,1.6,76
2022-12-21,1.6391201922820453,2.5673780085731444e-05,1.0697408369054768,1.621751862225034,0.8164272390382559,G1M1_new,g1m1_low_load,0.3,58,11,0.28,0.32,56,60,1.6,76
2022-12-22,1.639145866062131,2.5673780085731444e-05,1.0697408369054768,1.621751862225034,0.8164272390382559,G1M1_new,g1m1_low_load,0.3,58,11,0.28,0.32,56,60,1.6,76
2022-12-23,1.6391715398422166,2.5673780085731444e-05,1.0697408369054768,1.621751862225034,0.8164272390382559,G1M1_new,g1m1_low_load,0.3,58,11,0.28,0.32,56,60,1.6,76
2022-12-24,1.6391972136223025,2.5673780085731444e-05,1.0697408369054768,1.621751862225034,0.8164272390382559,G1M1_new,g1m1_low_load,0.3,58,11,0.28,0.32,56,60,1.6,76
2022-12-25,1.6392228874023882,2.5673780085731444e-05,1.0697408369054768,1.621751862225034,0.8164272390382559,G1M1_new,g1m1_low_load,0.3,58,11,0.28,0.32,56,60,1.6,76
2022-12-26,1.6392485611824739,2.5673780085731444e-05,1.0697408369054768,1.621751862225034,0.8164272390382559,G1M1_new,g1m1_low_load,0.3,58,11,0.28,0.32,56,60,1.6,76
2022-12-27,1.6392742349625595,2.5673780085731444e-05,1.0697408369054768,1.621751862225034,0.8164272390382559,G1M1_new,g1m1_low_load,0.3,58,11,0.28,0.32,56,60,1.6,76
2022-12-28,1.6392999087426454,2.5673780085731444e-05,1.0697408369054768,1.621751862225034,0.8164272390382559,G1M1_new,g1m1_low_load,0.3,58,11,0.28,0.32,56,60,1.6,76
2022-12-29,1.639325582522731,2.5673780085731444e-05,1.0697408369054768,1.621751862225034,0.8164272390382559,G1M1_new,g1m1_low_load,0.3,58,11,0.28,0.32,56,60,1.6,76
2022-12-30,1.6393512563028168,2.5673780085731444e-05,1.0697408369054768,1.621751862225034,0.8164272390382559,G1M1_new,g1m1_low_load,0.3,58,11,0.28,0.32,56,60,1.6,76
2022-12-31,1.6393769300829026,2.5673780085731444e-05,1.0697408369054768,1.621751862225034,0.8164272390382559,G1M1_new,g1m1_low_load,0.3,58,11,0.28,0.32,56,60,1.6,76
2023-01-01,1.6394026038629883,2.5673780085731444e-05,1.0697408369054768,1.621751862225034,0.8164272390382559,G1M1_new,g1m1_low_load,0.3,58,11,0.28,0.32,56,60,1.6,76
2023-01-02,1.639428277643074,2.5673780085731444e-05,1.0697408369054768,1.621751862225034,0.8164272390382559,G1M1_new,g1m1_low_load,0.3,58,11,0.28,0.32,56,60,1.6,76
2023-01-03,1.6394539514231599,2.5673780085731444e-05,1.0697408369054768,1.621751862225034,0.8164272390382559,G1M1_new,g1m1_low_load,0.3,58,11,0.28,0.32,56,60,1.6,76
2023-01-04,1.6394796252032455,2.5673780085731444e-05,1.0697408369054768,1.621751862225034,0.8164272390382559,G1M1_new,g1m1_low_load,0.3,58,11,0.28,0.32,56,60,1.6,76
2023-01-05,1.6395052989833312,2.5673780085731444e-05,1.0697408369054768,1.621751862225034,0.8164272390382559,G1M1_new,g1m1_low_load,0.3,58,11,0.28,0.32,56,60,1.6,76
2023-01-06,1.6395309727634169,2.5673780085731444e-05,1.0697408369054768,1.621751862225034,0.8164272390382559,G1M1_new,g1m1_low_load,0.3,58,11,0.28,0.32,56,60,1.6,76
2023-01-07,1.6395566465435027,2.5673780085731444e-05,1.0697408369054768,1.621751862225034,0.8164272390382559,G1M1_new,g1m1_low_load,0.3,58,11,0.28,0.32,56,60,1.6,76
2023-01-08,1.6395823203235884,2.5673780085731444e-05,1.0697408369054768,1.621751862225034,0.8164272390382559,G1M1_new,g1m1_low_load,0.3,58,11,0.28,0.32,56,60,1.6,76
2023-01-09,1.639607994103674,2.5673780085731444e-05,1.0697408369054768,1.621751862225034,0.8164272390382559,G1M1_new,g1m1_low_load,0.3,58,11,0.28,0.32,56,60,1.6,76
2023-01-10,1.63963366788376,2.5673780085731444e-05,1.0697408369054768,1.621751862225034,0.8164272390382559,G1M1_new,g1m1_low_load,0.3,58,11,0.28,0.32,56,60,1.6,76
2023-01-11,1.6396593416638456,2.5673780085731444e-05,1.0697408369054768,1.621751862225034,0.8164272390382559,G1M1_new,g1m1_low_load,0.3,58,11,0.28,0.32,56,60,1.6,76
2023-01-12,1.6396850154439313,2.5673780085731444e-05,1.0697408369054768,1.621751862225034,0.8164272390382559,G1M1_new,g1m1_low_load,0.3,58,11,0.28,0.32,56,60,1.6,76
2023-01-13,1.639710689224017,2.5673780085731444e-05,1.0697408369054768,1.621751862225034,0.8164272390382559,G1M1_new,g1m1_low_load,0.3,58,11,0.28,0.32,56,60,1.6,76
2023-01-14,1.6397363630041029,2.5673780085731444e-05,1.0697408369054768,1.621751862225034,0.8164272390382559,G1M1_new,g1m1_low_load,0.3,58,11,0.28,0.32,56,60,1.6,76
2023-01-15,1.6397620367841885,2.5673780085731444e-05,1.0697408369054768,1.621751862225034,0.8164272390382559,G1M1_new,g1m1_low_load,0.3,58,11,0.28,0.32,56,60,1.6,76
2023-01-16,1.6397877105642742,2.5673780085731444e-05,1.0697408369054768,1.621751862225034,0.8164272390382559,G1M1_new,g1m1_low_load,0.3,58,11,0.28,0.32,56,60,1.6,76
2023-01-17,1.63981338434436,2.5673780085731444e-05,1.0697408369054768,1.621751862225034,0.8164272390382559,G1M1_new,g1m1_low_load,0.3,58,11,0.28,0.32,56,60,1.6,76
2023-01-18,1.6398390581244457,2.5673780085731444e-05,1.0697408369054768,1.621751862225034,0.8164272390382559,G1M1_new,g1m1_low_load,0.3,58,11,0.28,0.32,56,60,1.6,76
2023-01-19,1.6398647319045314,2.5673780085731444e-05,1.0697408369054768,1.621751862225034,0.8164272390382559,G1M1_new,g1m1_low_load,0.3,58,11,0.28,0.32,56,60,1.6,76
2023-01-20,1.6398904056846173,2.5673780085731444e-05,1.0697408369054768,1.621751862225034,0.8164272390382559,G1M1_new,g1m1_low_load,0.3,58,11,0.28,0.32,56,60,1.6,76
2023-01-21,1.639916079464703,2.5673780085731444e-05,1.0697408369054768,1.621751862225034,0.8164272390382559,G1M1_new,g1m1_low_load,0.3,58,11,0.28,0.32,56,60,1.6,76
2023-01-22,1.6399417532447886,2.5673780085731444e-05,1.0697408369054768,1.621751862225034,0.8164272390382559,G1M1_new,g1m1_low_load,0.3,58,11,0.28,0.32,56,60,1.6,76
2023-01-23,1.6399674270248743,2.5673780085731444e-05,1.0697408369054768,1.621751862225034,0.8164272390382559,G1M1_new,g1m1_low_load,0.3,58,11,0.28,0.32,56,60,1.6,76
2023-01-24,1.6399931008049602,2.5673780085731444e-05,1.0697408369054768,1.621751862225034,0.8164272390382559,G1M1_new,g1m1_low_load,0.3,58,11,0.28,0.32,56,60,1.6,76
2023-01-25,1.6400187745850459,2.5673780085731444e-05,1.0697408369054768,1.621751862225034,0.8164272390382559,G1M1_new,g1m1_low_load,0.3,58,11,0.28,0.32,56,60,1.6,76
2023-01-26,1.6400444483651315,2.5673780085731444e-05,1.0697408369054768,1.621751862225034,0.8164272390382559,G1M1_new,g1m1_low_load,0.3,58,11,0.28,0.32,56,60,1.6,76
2023-01-27,1.6400701221452174,2.5673780085731444e-05,1.0697408369054768,1.621751862225034,0.8164272390382559,G1M1_new,g1m1_low_load,0.3,58,11,0.28,0.32,56,60,1.6,76
2023-01-28,1.640095795925303,2.5673780085731444e-05,1.0697408369054768,1.621751862225034,0.8164272390382559,G1M1_new,g1m1_low_load,0.3,58,11,0.28,0.32,56,60,1.6,76
2023-01-29,1.6401214697053887,2.5673780085731444e-05,1.0697408369054768,1.621751862225034,0.8164272390382559,G1M1_new,g1m1_low_load,0.3,58,11,0.28,0.32,56,60,1.6,76
2023-01-30,1.6401471434854744,2.5673780085731444e-05,1.0697408369054768,1.621751862225034,0.8164272390382559,G1M1_new,g1m1_low_load,0.3,58,11,0.28,0.32,56,60,1.6,76
2023-01-31,1.6401728172655603,2.5673780085731444e-05,1.0697408369054768,1.621751862225034,0.8164272390382559,G1M1_new,g1m1_low_load,0.3,58,11,0.28,0.32,56,60,1.6,76
2023-02-01,1.640198491045646,2.5673780085731444e-05,1.0697408369054768,1.621751862225034,0.8164272390382559,G1M1_new,g1m1_low_load,0.3,58,11,0.28,0.32,56,60,1.6,76
2023-02-02,1.6402241648257316,2.5673780085731444e-05,1.0697408369054768,1.621751862225034,0.8164272390382559,G1M1_new,g1m1_low_load,0.3,58,11,0.28,0.32,56,60,1.6,76
2023-02-03,1.6402498386058175,2.5673780085731444e-05,1.0697408369054768,1.621751862225034,0.8164272390382559,G1M1_new,g1m1_low_load,0.3,58,11,0.28,0.32,56,60,1.6,76
2023-02-04,1.6402755123859032,2.5673780085731444e-05,1.0697408369054768,1.621751862225034,0.8164272390382559,G1M1_new,g1m1_low_load,0.3,58,11,0.28,0.32,56,60,1.6,76
2023-02-05,1.6403011861659889,2.5673780085731444e-05,1.0697408369054768,1.621751862225034,0.8164272390382559,G1M1_new,g1m1_low_load,0.3,58,11,0.28,0.32,56,60,1.6,76
2023-02-06,1.6403268599460745,2.5673780085731444e-05,1.0697408369054768,1.621751862225034,0.8164272390382559,G1M1_new,g1m1_low_load,0.3,58,11,0.28,0.32,56,60,1.6,76
2023-02-07,1.6403525337261604,2.5673780085731444e-05,1.0697408369054768,1.621751862225034,0.8164272390382559,G1M1_new,g1m1_low_load,0.3,58,11,0.28,0.32,56,60,1.6,76
2023-02-08,1.640378207506246,2.5673780085731444e-05,1.0697408369054768,1.621751862225034,0.8164272390382559,G1M1_new,g1m1_low_load,0.3,58,11,0.28,0.32,56,60,1.6,76
2023-02-09,1.6404038812863317,2.5673780085731444e-05,1.0697408369054768,1.621751862225034,0.8164272390382559,G1M1_new,g1m1_low_load,0.3,58,11,0.28,0.32,56,60,1.6,76
2023-02-10,1.6404295550664176,2.5673780085731444e-05,1.0697408369054768,1.621751862225034,0.8164272390382559,G1M1_new,g1m1_low_load,0.3,58,11,0.28,0.32,56,60,1.6,76
2023-02-11,1.6404552288465033,2.5673780085731444e-05,1.0697408369054768,1.621751862225034,0.8164272390382559,G1M1_new,g1m1_low_load,0.3,58,11,0.28,0.32,56,60,1.6,76
2023-02-12,1.640480902626589,2.5673780085731444e-05,1.0697408369054768,1.621751862225034,0.8164272390382559,G1M1_new,g1m1_low_load,0.3,58,11,0.28,0.32,56,60,1.6,76
2023-02-13,1.6405065764066749,2.5673780085731444e-05,1.0697408369054768,1.621751862225034,0.8164272390382559,G1M1_new,g1m1_low_load,0.3,58,11,0.28,0.32,56,60,1.6,76
2023-02-14,1.6405322501867605,2.5673780085731444e-05,1.0697408369054768,1.621751862225034,0.8164272390382559,G1M1_new,g1m1_low_load,0.3,58,11,0.28,0.32,56,60,1.6,76
2023-02-15,1.6405579239668462,2.5673780085731444e-05,1.0697408369054768,1.621751862225034,0.8164272390382559,G1M1_new,g1m1_low_load,0.3,58,11,0.28,0.32,56,60,1.6,76
2023-02-16,1.6405835977469319,2.5673780085731444e-05,1.0697408369054768,1.621751862225034,0.8164272390382559,G1M1_new,g1m1_low_load,0.3,58,11,0.28,0.32,56,60,1.6,76
2023-02-17,1.6406092715270177,2.5673780085731444e-05,1.0697408369054768,1.621751862225034,0.8164272390382559,G1M1_new,g1m1_low_load,0.3,58,11,0.28,0.32,56,60,1.6,76
2023-02-18,1.6406349453071034,2.5673780085731444e-05,1.0697408369054768,1.621751862225034,0.8164272390382559,G1M1_new,g1m1_low_load,0.3,58,11,0.28,0.32,56,60,1.6,76
2023-02-19,1.640660619087189,2.5673780085731444e-05,1.0697408369054768,1.621751862225034,0.8164272390382559,G1M1_new,g1m1_low_load,0.3,58,11,0.28,0.32,56,60,1.6,76
2023-02-20,1.640686292867275,2.5673780085731444e-05,1.0697408369054768,1.621751862225034,0.8164272390382559,G1M1_new,g1m1_low_load,0.3,58,11,0.28,0.32,56,60,1.6,76
2023-02-21,1.6407119666473606,2.5673780085731444e-05,1.0697408369054768,1.621751862225034,0.8164272390382559,G1M1_new,g1m1_low_load,0.3,58,11,0.28,0.32,56,60,1.6,76
2023-02-22,1.6407376404274463,2.5673780085731444e-05,1.0697408369054768,1.621751862225034,0.8164272390382559,G1M1_new,g1m1_low_load,0.3,58,11,0.28,0.32,56,60,1.6,76
2023-02-23,1.640763314207532,2.5673780085731444e-05,1.0697408369054768,1.621751862225034,0.8164272390382559,G1M1_new,g1m1_low_load,0.3,58,11,0.28,0.32,56,60,1.6,76
2023-02-24,1.6407889879876179,2.5673780085731444e-05,1.0697408369054768,1.621751862225034,0.8164272390382559,G1M1_new,g1m1_low_load,0.3,58,11,0.28,0.32,56,60,1.6,76
2023-02-25,1.6408146617677035,2.5673780085731444e-05,1.0697408369054768,1.621751862225034,0.8164272390382559,G1M1_new,g1m1_low_load,0.3,58,11,0.28,0.32,56,60,1.6,76
2023-02-26,1.6408403355477892,2.5673780085731444e-05,1.0697408369054768,1.621751862225034,0.8164272390382559,G1M1_new,g1m1_low_load,0.3,58,11,0.28,0.32,56,60,1.6,76
2023-02-27,1.640866009327875,2.5673780085731444e-05,1.0697408369054768,1.621751862225034,0.8164272390382559,G1M1_new,g1m1_low_load,0.3,58,11,0.28,0.32,56,60,1.6,76
2023-02-28,1.6408916831079607,2.5673780085731444e-05,1.0697408369054768,1.621751862225034,0.8164272390382559,G1M1_new,g1m1_low_load,0.3,58,11,0.28,0.32,56,60,1.6,76
2023-03-01,1.6409173568880464,2.5673780085731444e-05,1.0697408369054768,1.621751862225034,0.8164272390382559,G1M1_new,g1m1_low_load,0.3,58,11,0.28,0.32,56,60,1.6,76
2023-03-02,1.640943030668132,2.5673780085731444e-05,1.0697408369054768,1.621751862225034,0.8164272390382559,G1M1_new,g1m1_low_load,0.3,58,11,0.28,0.32,56,60,1.6,76
2023-03-03,1.640968704448218,2.5673780085731444e-05,1.0697408369054768,1.621751862225034,0.8164272390382559,G1M1_new,g1m1_low_load,0.3,58,11,0.28,0.32,56,60,1.6,76
2023-03-04,1.6409943782283036,2.5673780085731444e-05,1.0697408369054768,1.621751862225034,0.8164272390382559,G1M1_new,g1m1_low_load,0.3,58,11,0.28,0.32,56,60,1.6,76
2023-03-05,1.6410200520083893,2.5673780085731444e-05,1.0697408369054768,1.621751862225034,0.8164272390382559,G1M1_new,g1m1_low_load,0.3,58,11,0.28,0.32,56,60,1.6,76
2023-03-06,1.6410457257884752,2.5673780085731444e-05,1.0697408369054768,1.621751862225034,0.8164272390382559,G1M1_new,g1m1_low_load,0.3,58,11,0.28,0.32,56,60,1.6,76
2023-03-07,1.6410713995685609,2.5673780085731444e-05,1.0697408369054768,1.621751862225034,0.8164272390382559,G1M1_new,g1m1_low_load,0.3,58,11,0.28,0.32,56,60,1.6,76
2023-03-08,1.6410970733486465,2.5673780085731444e-05,1.0697408369054768,1.621751862225034,0.8164272390382559,G1M1_new,g1m1_low_load,0.3,58,11,0.28,0.32,56,60,1.6,76
2023-03-09,1.6411227471287324,2.5673780085731444e-05,1.0697408369054768,1.621751862225034,0.8164272390382559,G1M1_new,g1m1_low_load,0.3,58,11,0.28,0.32,56,60,1.6,76
2023-03-10,1.641148420908818,2.5673780085731444e-05,1.0697408369054768,1.621751862225034,0.8164272390382559,G1M1_new,g1m1_low_load,0.3,58,11,0.28,0.32,56,60,1.6,76
2023-03-11,1.6411740946889037,2.5673780085731444e-05,1.0697408369054768,1.621751862225034,0.8164272390382559,G1M1_new,g1m1_low_load,0.3,58,11,0.28,0.32,56,60,1.6,76
2023-03-12,1.6411997684689894,2.5673780085731444e-05,1.0697408369054768,1.621751862225034,0.8164272390382559,G1M1_new,g1m1_low_load,0.3,58,11,0.28,0.32,56,60,1.6,76
2023-03-13,1.6412254422490753,2.5673780085731444e-05,1.0697408369054768,1.621751862225034,0.8164272390382559,G1M1_new,g1m1_low_load,0.3,58,11,0.28,0.32,56,60,1.6,76
2023-03-14,1.641251116029161,2.5673780085731444e-05,1.0697408369054768,1.621751862225034,0.8164272390382559,G1M1_new,g1m1_low_load,0.3,58,11,0.28,0.32,56,60,1.6,76
2023-03-15,1.6412767898092466,2.5673780085731444e-05,1.0697408369054768,1.621751862225034,0.8164272390382559,G1M1_new,g1m1_low_load,0.3,58,11,0.28,0.32,56,60,1.6,76
2023-03-16,1.6413024635893325,2.5673780085731444e-05,1.0697408369054768,1.621751862225034,0.8164272390382559,G1M1_new,g1m1_low_load,0.3,58,11,0.28,0.32,56,60,1.6,76
2023-03-17,1.6413281373694182,2.5673780085731444e-05,1.0697408369054768,1.621751862225034,0.8164272390382559,G1M1_new,g1m1_low_load,0.3,58,11,0.28,0.32,56,60,1.6,76
2023-03-18,1.6413538111495038,2.5673780085731444e-05,1.0697408369054768,1.621751862225034,0.8164272390382559,G1M1_new,g1m1_low_load,0.3,58,11,0.28,0.32,56,60,1.6,76
2023-03-19,1.6413794849295895,2.5673780085731444e-05,1.0697408369054768,1.621751862225034,0.8164272390382559,G1M1_new,g1m1_low_load,0.3,58,11,0.28,0.32,56,60,1.6,76
2023-03-20,1.6414051587096754,2.5673780085731444e-05,1.0697408369054768,1.621751862225034,0.8164272390382559,G1M1_new,g1m1_low_load,0.3,58,11,0.28,0.32,56,60,1.6,76
2023-03-21,1.641430832489761,2.5673780085731444e-05,1.0697408369054768,1.621751862225034,0.8164272390382559,G1M1_new,g1m1_low_load,0.3,58,11,0.28,0.32,56,60,1.6,76
2023-03-22,1.6414565062698467,2.5673780085731444e-05,1.0697408369054768,1.621751862225034,0.8164272390382559,G1M1_new,g1m1_low_load,0.3,58,11,0.28,0.32,56,60,1.6,76
2023-03-23,1.6414821800499326,2.5673780085731444e-05,1.0697408369054768,1.621751862225034,0.8164272390382559,G1M1_new,g1m1_low_load,0.3,58,11,0.28,0.32,56,60,1.6,76
2023-03-24,1.6415078538300183,2.5673780085731444e-05,1.0697408369054768,1.621751862225034,0.8164272390382559,G1M1_new,g1m1_low_load,0.3,58,11,0.28,0.32,56,60,1.6,76
2023-03-25,1.641533527610104,2.5673780085731444e-05,1.0697408369054768,1.621751862225034,0.8164272390382559,G1M1_new,g1m1_low_load,0.3,58,11,0.28,0.32,56,60,1.6,76
2023-03-26,1.6415592013901898,2.5673780085731444e-05,1.0697408369054768,1.621751862225034,0.8164272390382559,G1M1_new,g1m1_low_load,0.3,58,11,0.28,0.32,56,60,1.6,76
2023-03-27,1.6415848751702755,2.5673780085731444e-05,1.0697408369054768,1.621751862225034,0.8164272390382559,G1M1_new,g1m1_low_load,0.3,58,11,0.28,0.32,56,60,1.6,76
2023-03-28,1.6416105489503612,2.5673780085731444e-05,1.0697408369054768,1.621751862225034,0.8164272390382559,G1M1_new,g1m1_low_load,0.3,58,11,0.28,0.32,56,60,1.6,76
2023-03-29,1.6416362227304468,2.5673780085731444e-05,1.0697408369054768,1.621751862225034,0.8164272390382559,G1M1_new,g1m1_low_load,0.3,58,11,0.28,0.32,56,60,1.6,76
2023-03-30,1.6416618965105327,2.5673780085731444e-05,1.0697408369054768,1.621751862225034,0.8164272390382559,G1M1_new,g1m1_low_load,0.3,58,11,0.28,0.32,56,60,1.6,76
2023-03-31,1.6416875702906184,2.5673780085731444e-05,1.0697408369054768,1.621751862225034,0.8164272390382559,G1M1_new,g1m1_low_load,0.3,58,11,0.28,0.32,56,60,1.6,76
2023-04-01,1.641713244070704,2.5673780085731444e-05,1.0697408369054768,1.621751862225034,0.8164272390382559,G1M1_new,g1m1_low_load,0.3,58,11,0.28,0.32,56,60,1.6,76
2023-04-02,1.64173891785079,2.5673780085731444e-05,1.0697408369054768,1.621751862225034,0.8164272390382559,G1M1_new,g1m1_low_load,0.3,58,11,0.28,0.32,56,60,1.6,76
2023-04-03,1.6417645916308756,2.5673780085731444e-05,1.0697408369054768,1.621751862225034,0.8164272390382559,G1M1_new,g1m1_low_load,0.3,58,11,0.28,0.32,56,60,1.6,76
2023-04-04,1.6417902654109613,2.5673780085731444e-05,1.0697408369054768,1.621751862225034,0.8164272390382559,G1M1_new,g1m1_low_load,0.3,58,11,0.28,0.32,56,60,1.6,76
2023-04-05,1.641815939191047,2.5673780085731444e-05,1.0697408369054768,1.621751862225034,0.8164272390382559,G1M1_new,g1m1_low_load,0.3,58,11,0.28,0.32,56,60,1.6,76
2023-04-06,1.6418416129711328,2.5673780085731444e-05,1.0697408369054768,1.621751862225034,0.8164272390382559,G1M1_new,g1m1_low_load,0.3,58,11,0.28,0.32,56,60,1.6,76
2023-04-07,1.6418672867512185,2.5673780085731444e-05,1.0697408369054768,1.621751862225034,0.8164272390382559,G1M1_new,g1m1_low_load,0.3,58,11,0.28,0.32,56,60,1.6,76
2023-04-08,1.6418929605313042,2.5673780085731444e-05,1.0697408369054768,1.621751862225034,0.8164272390382559,G1M1_new,g1m1_low_load,0.3,58,11,0.28,0.32,56,60,1.6,76
2023-04-09,1.64191863431139,2.5673780085731444e-05,1.0697408369054768,1.621751862225034,0.8164272390382559,G1M1_new,g1m1_low_load,0.3,58,11,0.28,0.32,56,60,1.6,76
2023-04-10,1.6419443080914757,2.5673780085731444e-05,1.0697408369054768,1.621751862225034,0.8164272390382559,G1M1_new,g1m1_low_load,0.3,58,11,0.28,0.32,56,60,1.6,76
2023-04-11,1.6419699818715614,2.5673780085731444e-05,1.0697408369054768,1.621751862225034,0.8164272390382559,G1M1_new,g1m1_low_load,0.3,58,11,0.28,0.32,56,60,1.6,76
2023-04-12,1.641995655651647,2.5673780085731444e-05,1.0697408369054768,1.621751862225034,0.8164272390382559,G1M1_new,g1m1_low_load,0.3,58,11,0.28,0.32,56,60,1.6,76
2023-04-13,1.642021329431733,2.5673780085731444e-05,1.0697408369054768,1.621751862225034,0.8164272390382559,G1M1_new,g1m1_low_load,0.3,58,11,0.28,0.32,56,60,1.6,76
2023-04-14,1.6420470032118186,2.5673780085731444e-05,1.0697408369054768,1.621751862225034,0.8164272390382559,G1M1_new,g1m1_low_load,0.3,58,11,0.28,0.32,56,60,1.6,76
2023-04-15,1.6420726769919043,2.5673780085731444e-05,1.0697408369054768,1.621751862225034,0.8164272390382559,G1M1_new,g1m1_low_load,0.3,58,11,0.28,0.32,56,60,1.6,76
2023-04-16,1.6420983507719902,2.5673780085731444e-05,1.0697408369054768,1.621751862225034,0.8164272390382559,G1M1_new,g1m1_low_load,0.3,58,11,0.28,0.32,56,60,1.6,76
2023-04-17,1.6421240245520758,2.5673780085731444e-05,1.0697408369054768,1.621751862225034,0.8164272390382559,G1M1_new,g1m1_low_load,0.3,58,11,0.28,0.32,56,60,1.6,76
2023-04-18,1.6421496983321615,2.5673780085731444e-05,1.0697408369054768,1.621751862225034,0.8164272390382559,G1M1_new,g1m1_low_load,0.3,58,11,0.28,0.32,56,60,1.6,76
2023-04-19,1.6421753721122474,2.5673780085731444e-05,1.0697408369054768,1.621751862225034,0.8164272390382559,G1M1_new,g1m1_low_load,0.3,58,11,0.28,0.32,56,60,1.6,76
2023-04-20,1.642201045892333,2.5673780085731444e-05,1.0697408369054768,1.621751862225034,0.8164272390382559,G1M1_new,g1m1_low_load,0.3,58,11,0.28,0.32,56,60,1.6,76
2023-04-21,1.6422267196724187,2.5673780085731444e-05,1.0697408369054768,1.621751862225034,0.8164272390382559,G1M1_new,g1m1_low_load,0.3,58,11,0.28,0.32,56,60,1.6,76
2023-04-22,1.6422523934525044,2.5673780085731444e-05,1.0697408369054768,1.621751862225034,0.8164272390382559,G1M1_new,g1m1_low_load,0.3,58,11,0.28,0.32,56,60,1.6,76
2023-04-23,1.6422780672325903,2.5673780085731444e-05,1.0697408369054768,1.621751862225034,0.8164272390382559,G1M1_new,g1m1_low_load,0.3,58,11,0.28,0.32,56,60,1.6,76
2023-04-24,1.642303741012676,2.5673780085731444e-05,1.0697408369054768,1.621751862225034,0.8164272390382559,G1M1_new,g1m1_low_load,0.3,58,11,0.28,0.32,56,60,1.6,76
2023-04-25,1.6423294147927616,2.5673780085731444e-05,1.0697408369054768,1.621751862225034,0.8164272390382559,G1M1_new,g1m1_low_load,0.3,58,11,0.28,0.32,56,60,1.6,76
2023-04-26,1.6423550885728475,2.5673780085731444e-05,1.0697408369054768,1.621751862225034,0.8164272390382559,G1M1_new,g1m1_low_load,0.3,58,11,0.28,0.32,56,60,1.6,76
2023-04-27,1.6423807623529332,2.5673780085731444e-05,1.0697408369054768,1.621751862225034,0.8164272390382559,G1M1_new,g1m1_low_load,0.3,58,11,0.28,0.32,56,60,1.6,76
2023-04-28,1.6424064361330188,2.5673780085731444e-05,1.0697408369054768,1.621751862225034,0.8164272390382559,G1M1_new,g1m1_low_load,0.3,58,11,0.28,0.32,56,60,1.6,76
2023-04-29,1.6424321099131045,2.5673780085731444e-05,1.0697408369054768,1.621751862225034,0.8164272390382559,G1M1_new,g1m1_low_load,0.3,58,11,0.28,0.32,56,60,1.6,76
2023-04-30,1.6424577836931904,2.5673780085731444e-05,1.0697408369054768,1.621751862225034,0.8164272390382559,G1M1_new,g1m1_low_load,0.3,58,11,0.28,0.32,56,60,1.6,76
2023-05-01,1.642483457473276,2.5673780085731444e-05,1.0697408369054768,1.621751862225034,0.8164272390382559,G1M1_new,g1m1_low_load,0.3,58,11,0.28,0.32,56,60,1.6,76
2023-05-02,1.6425091312533617,2.5673780085731444e-05,1.0697408369054768,1.621751862225034,0.8164272390382559,G1M1_new,g1m1_low_load,0.3,58,11,0.28,0.32,56,60,1.6,76
2023-05-03,1.6425348050334476,2.5673780085731444e-05,1.0697408369054768,1.621751862225034,0.8164272390382559,G1M1_new,g1m1_low_load,0.3,58,11,0.28,0.32,56,60,1.6,76
2023-05-04,1.6425604788135333,2.5673780085731444e-05,1.0697408369054768,1.621751862225034,0.8164272390382559,G1M1_new,g1m1_low_load,0.3,58,11,0.28,0.32,56,60,1.6,76
2023-05-05,1.642586152593619,2.5673780085731444e-05,1.0697408369054768,1.621751862225034,0.8164272390382559,G1M1_new,g1m1_low_load,0.3,58,11,0.28,0.32,56,60,1.6,76
2023-05-06,1.6426118263737046,2.5673780085731444e-05,1.0697408369054768,1.621751862225034,0.8164272390382559,G1M1_new,g1m1_low_load,0.3,58,11,0.28,0.32,56,60,1.6,76
2023-05-07,1.6426375001537905,2.5673780085731444e-05,1.0697408369054768,1.621751862225034,0.8164272390382559,G1M1_new,g1m1_low_load,0.3,58,11,0.28,0.32,56,60,1.6,76
2023-05-08,1.6426631739338762,2.5673780085731444e-05,1.0697408369054768,1.621751862225034,0.8164272390382559,G1M1_new,g1m1_low_load,0.3,58,11,0.28,0.32,56,60,1.6,76
2023-05-09,1.6426888477139618,2.5673780085731444e-05,1.0697408369054768,1.621751862225034,0.8164272390382559,G1M1_new,g1m1_low_load,0.3,58,11,0.28,0.32,56,60,1.6,76
2023-05-10,1.6427145214940477,2.5673780085731444e-05,1.0697408369054768,1.621751862225034,0.8164272390382559,G1M1_new,g1m1_low_load,0.3,58,11,0.28,0.32,56,60,1.6,76
2023-05-11,1.6427401952741334,2.5673780085731444e-05,1.0697408369054768,1.621751862225034,0.8164272390382559,G1M1_new,g1m1_low_load,0.3,58,11,0.28,0.32,56,60,1.6,76
2023-05-12,1.642765869054219,2.5673780085731444e-05,1.0697408369054768,1.621751862225034,0.8164272390382559,G1M1_new,g1m1_low_load,0.3,58,11,0.28,0.32,56,60,1.6,76
2023-05-13,1.642791542834305,2.5673780085731444e-05,1.0697408369054768,1.621751862225034,0.8164272390382559,G1M1_new,g1m1_low_load,0.3,58,11,0.28,0.32,56,60,1.6,76
2023-05-14,1.6428172166143906,2.5673780085731444e-05,1.0697408369054768,1.621751862225034,0.8164272390382559,G1M1_new,g1m1_low_load,0.3,58,11,0.28,0.32,56,60,1.6,76
2023-05-15,1.6428428903944763,2.5673780085731444e-05,1.0697408369054768,1.621751862225034,0.8164272390382559,G1M1_new,g1m1_low_load,0.3,58,11,0.28,0.32,56,60,1.6,76
2023-05-16,1.642868564174562,2.5673780085731444e-05,1.0697408369054768,1.621751862225034,0.8164272390382559,G1M1_new,g1m1_low_load,0.3,58,11,0.28,0.32,56,60,1.6,76
2023-05-17,1.6428942379546478,2.5673780085731444e-05,1.0697408369054768,1.621751862225034,0.8164272390382559,G1M1_new,g1m1_low_load,0.3,58,11,0.28,0.32,56,60,1.6,76
2023-05-18,1.6429199117347335,2.5673780085731444e-05,1.0697408369054768,1.621751862225034,0.8164272390382559,G1M1_new,g1m1_low_load,0.3,58,11,0.28,0.32,56,60,1.6,76
2023-05-19,1.6429455855148192,2.5673780085731444e-05,1.0697408369054768,1.621751862225034,0.8164272390382559,G1M1_new,g1m1_low_load,0.3,58,11,0.28,0.32,56,60,1.6,76
2023-05-20,1.642971259294905,2.5673780085731444e-05,1.0697408369054768,1.621751862225034,0.8164272390382559,G1M1_new,g1m1_low_load,0.3,58,11,0.28,0.32,56,60,1.6,76
2023-05-21,1.6429969330749907,2.5673780085731444e-05,1.0697408369054768,1.621751862225034,0.8164272390382559,G1M1_new,g1m1_low_load,0.3,58,11,0.28,0.32,56,60,1.6,76
2023-05-22,1.6430226068550764,2.5673780085731444e-05,1.0697408369054768,1.621751862225034,0.8164272390382559,G1M1_new,g1m1_low_load,0.3,58,11,0.28,0.32,56,60,1.6,76
2023-05-23,1.643048280635162,2.5673780085731444e-05,1.0697408369054768,1.621751862225034,0.8164272390382559,G1M1_new,g1m1_low_load,0.3,58,11,0.28,0.32,56,60,1.6,76
2023-05-24,1.643073954415248,2.5673780085731444e-05,1.0697408369054768,1.621751862225034,0.8164272390382559,G1M1_new,g1m1_low_load,0.3,58,11,0.28,0.32,56,60,1.6,76
2023-05-25,1.6430996281953336,2.5673780085731444e-05,1.0697408369054768,1.621751862225034,0.8164272390382559,G1M1_new,g1m1_low_load,0.3,58,11,0.28,0.32,56,60,1.6,76
2023-05-26,1.6431253019754193,2.5673780085731444e-05,1.0697408369054768,1.621751862225034,0.8164272390382559,G1M1_new,g1m1_low_load,0.3,58,11,0.28,0.32,56,60,1.6,76
2023-05-27,1.6431509757555052,2.5673780085731444e-05,1.0697408369054768,1.621751862225034,0.8164272390382559,G1M1_new,g1m1_low_load,0.3,58,11,0.28,0.32,56,60,1.6,76
2023-05-28,1.6431766495355908,2.5673780085731444e-05,1.0697408369054768,1.621751862225034,0.8164272390382559,G1M1_new,g1m1_low_load,0.3,58,11,0.28,0.32,56,60,1.6,76
2023-05-29,1.6432023233156765,2.5673780085731444e-05,1.0697408369054768,1.621751862225034,0.8164272390382559,G1M1_new,g1m1_low_load,0.3,58,11,0.28,0.32,56,60,1.6,76
2023-05-30,1.6432279970957622,2.5673780085731444e-05,1.0697408369054768,1.621751862225034,0.8164272390382559,G1M1_new,g1m1_low_load,0.3,58,11,0.28,0.32,56,60,1.6,76
2023-05-31,1.643253670875848,2.5673780085731444e-05,1.0697408369054768,1.621751862225034,0.8164272390382559,G1M1_new,g1m1_low_load,0.3,58,11,0.28,0.32,56,60,1.6,76
2023-06-01,1.6432793446559337,2.5673780085731444e-05,1.0697408369054768,1.621751862225034,0.8164272390382559,G1M1_new,g1m1_low_load,0.3,58,11,0.28,0.32,56,60,1.6,76
2023-06-02,1.6433050184360194,2.5673780085731444e-05,1.0697408369054768,1.621751862225034,0.8164272390382559,G1M1_new,g1m1_low_load,0.3,58,11,0.28,0.32,56,60,1.6,76
2023-06-03,1.6433306922161053,2.5673780085731444e-05,1.0697408369054768,1.621751862225034,0.8164272390382559,G1M1_new,g1m1_low_load,0.3,58,11,0.28,0.32,56,60,1.6,76
2023-06-04,1.643356365996191,2.5673780085731444e-05,1.0697408369054768,1.621751862225034,0.8164272390382559,G1M1_new,g1m1_low_load,0.3,58,11,0.28,0.32,56,60,1.6,76
2023-06-05,1.6433820397762766,2.5673780085731444e-05,1.0697408369054768,1.621751862225034,0.8164272390382559,G1M1_new,g1m1_low_load,0.3,58,11,0.28,0.32,56,60,1.6,76
2023-06-06,1.6434077135563625,2.5673780085731444e-05,1.0697408369054768,1.621751862225034,0.8164272390382559,G1M1_new,g1m1_low_load,0.3,58,11,0.28,0.32,56,60,1.6,76
2023-06-07,1.6434333873364482,2.5673780085731444e-05,1.0697408369054768,1.621751862225034,0.8164272390382559,G1M1_new,g1m1_low_load,0.3,58,11,0.28,0.32,56,60,1.6,76
2023-06-08,1.6434590611165338,2.5673780085731444e-05,1.0697408369054768,1.621751862225034,0.8164272390382559,G1M1_new,g1m1_low_load,0.3,58,11,0.28,0.32,56,60,1.6,76
2023-06-09,1.6434847348966195,2.5673780085731444e-05,1.0697408369054768,1.621751862225034,0.8164272390382559,G1M1_new,g1m1_low_load,0.3,58,11,0.28,0.32,56,60,1.6,76
2023-06-10,1.6435104086767054,2.5673780085731444e-05,1.0697408369054768,1.621751862225034,0.8164272390382559,G1M1_new,g1m1_low_load,0.3,58,11,0.28,0.32,56,60,1.6,76
2023-06-11,1.643536082456791,2.5673780085731444e-05,1.0697408369054768,1.621751862225034,0.8164272390382559,G1M1_new,g1m1_low_load,0.3,58,11,0.28,0.32,56,60,1.6,76
2023-06-12,1.6435617562368767,2.5673780085731444e-05,1.0697408369054768,1.621751862225034,0.8164272390382559,G1M1_new,g1m1_low_load,0.3,58,11,0.28,0.32,56,60,1.6,76
2023-06-13,1.6435874300169626,2.5673780085731444e-05,1.0697408369054768,1.621751862225034,0.8164272390382559,G1M1_new,g1m1_low_load,0.3,58,11,0.28,0.32,56,60,1.6,76
2023-06-14,1.6436131037970483,2.5673780085731444e-05,1.0697408369054768,1.621751862225034,0.8164272390382559,G1M1_new,g1m1_low_load,0.3,58,11,0.28,0.32,56,60,1.6,76
2023-06-15,1.643638777577134,2.5673780085731444e-05,1.0697408369054768,1.621751862225034,0.8164272390382559,G1M1_new,g1m1_low_load,0.3,58,11,0.28,0.32,56,60,1.6,76
2023-06-16,1.6436644513572196,2.5673780085731444e-05,1.0697408369054768,1.621751862225034,0.8164272390382559,G1M1_new,g1m1_low_load,0.3,58,11,0.28,0.32,56,60,1.6,76
2023-06-17,1.6436901251373055,2.5673780085731444e-05,1.0697408369054768,1.621751862225034,0.8164272390382559,G1M1_new,g1m1_low_load,0.3,58,11,0.28,0.32,56,60,1.6,76
2023-06-18,1.6437157989173912,2.5673780085731444e-05,1.0697408369054768,1.621751862225034,0.8164272390382559,G1M1_new,g1m1_low_load,0.3,58,11,0.28,0.32,56,60,1.6,76
2023-06-19,1.6437414726974768,2.5673780085731444e-05,1.0697408369054768,1.621751862225034,0.8164272390382559,G1M1_new,g1m1_low_load,0.3,58,11,0.28,0.32,56,60,1.6,76
2023-06-20,1.6437671464775627,2.5673780085731444e-05,1.0697408369054768,1.621751862225034,0.8164272390382559,G1M1_new,g1m1_low_load,0.3,58,11,0.28,0.32,56,60,1.6,76
2023-06-21,1.6437928202576484,2.5673780085731444e-05,1.0697408369054768,1.621751862225034,0.8164272390382559,G1M1_new,g1m1_low_load,0.3,58,11,0.28,0.32,56,60,1.6,76
2023-06-22,1.643818494037734,2.5673780085731444e-05,1.0697408369054768,1.621751862225034,0.8164272390382559,G1M1_new,g1m1_low_load,0.3,58,11,0.28,0.32,56,60,1.6,76
2023-06-23,1.6438441678178197,2.5673780085731444e-05,1.0697408369054768,1.621751862225034,0.8164272390382559,G1M1_new,g1m1_low_load,0.3,58,11,0.28,0.32,56,60,1.6,76
2023-06-24,1.6438698415979056,2.5673780085731444e-05,1.0697408369054768,1.621751862225034,0.8164272390382559,G1M1_new,g1m1_low_load,0.3,58,11,0.28,0.32,56,60,1.6,76
2023-06-25,1.6438955153779913,2.5673780085731444e-05,1.0697408369054768,1.621751862225034,0.8164272390382559,G1M1_new,g1m1_low_load,0.3,58,11,0.28,0.32,56,60,1.6,76
2023-06-26,1.643921189158077,2.5673780085731444e-05,1.0697408369054768,1.621751862225034,0.8164272390382559,G1M1_new,g1m1_low_load,0.3,58,11,0.28,0.32,56,60,1.6,76
2023-06-27,1.6439468629381628,2.5673780085731444e-05,1.0697408369054768,1.621751862225034,0.8164272390382559,G1M1_new,g1m1_low_load,0.3,58,11,0.28,0.32,56,60,1.6,76
2023-06-28,1.6439725367182485,2.5673780085731444e-05,1.0697408369054768,1.621751862225034,0.8164272390382559,G1M1_new,g1m1_low_load,0.3,58,11,0.28,0.32,56,60,1.6,76
2023-06-29,1.6439982104983342,2.5673780085731444e-05,1.0697408369054768,1.621751862225034,0.8164272390382559,G1M1_new,g1m1_low_load,0.3,58,11,0.28,0.32,56,60,1.6,76
2023-06-30,1.64402388427842,2.5673780085731444e-05,1.0697408369054768,1.621751862225034,0.8164272390382559,G1M1_new,g1m1_low_load,0.3,58,11,0.28,0.32,56,60,1.6,76
2023-07-01,1.6440495580585057,2.5673780085731444e-05,1.0697408369054768,1.621751862225034,0.8164272390382559,G1M1_new,g1m1_low_load,0.3,58,11,0.28,0.32,56,60,1.6,76
2023-07-02,1.6440752318385914,2.5673780085731444e-05,1.0697408369054768,1.621751862225034,0.8164272390382559,G1M1_new,g1m1_low_load,0.3,58,11,0.28,0.32,56,60,1.6,76
2023-07-03,1.644100905618677,2.5673780085731444e-05,1.0697408369054768,1.621751862225034,0.8164272390382559,G1M1_new,g1m1_low_load,0.3,58,11,0.28,0.32,56,60,1.6,76
2023-07-04,1.644126579398763,2.5673780085731444e-05,1.0697408369054768,1.621751862225034,0.8164272390382559,G1M1_new,g1m1_low_load,0.3,58,11,0.28,0.32,56,60,1.6,76
2023-07-05,1.6441522531788486,2.5673780085731444e-05,1.0697408369054768,1.621751862225034,0.8164272390382559,G1M1_new,g1m1_low_load,0.3,58,11,0.28,0.32,56,60,1.6,76
2023-07-06,1.6441779269589343,2.5673780085731444e-05,1.0697408369054768,1.621751862225034,0.8164272390382559,G1M1_new,g1m1_low_load,0.3,58,11,0.28,0.32,56,60,1.6,76
2023-07-07,1.6442036007390202,2.5673780085731444e-05,1.0697408369054768,1.621751862225034,0.8164272390382559,G1M1_new,g1m1_low_load,0.3,58,11,0.28,0.32,56,60,1.6,76
2023-07-08,1.6442292745191058,2.5673780085731444e-05,1.0697408369054768,1.621751862225034,0.8164272390382559,G1M1_new,g1m1_low_load,0.3,58,11,0.28,0.32,56,60,1.6,76
2023-07-09,1.6442549482991915,2.5673780085731444e-05,1.0697408369054768,1.621751862225034,0.8164272390382559,G1M1_new,g1m1_low_load,0.3,58,11,0.28,0.32,56,60,1.6,76
2023-07-10,1.6442806220792772,2.5673780085731444e-05,1.0697408369054768,1.621751862225034,0.8164272390382559,G1M1_new,g1m1_low_load,0.3,58,11,0.28,0.32,56,60,1.6,76
2023-07-11,1.644306295859363,2.5673780085731444e-05,1.0697408369054768,1.621751862225034,0.8164272390382559,G1M1_new,g1m1_low_load,0.3,58,11,0.28,0.32,56,60,1.6,76
2023-07-12,1.6443319696394487,2.5673780085731444e-05,1.0697408369054768,1.621751862225034,0.8164272390382559,G1M1_new,g1m1_low_load,0.3,58,11,0.28,0.32,56,60,1.6,76
2023-07-13,1.6443576434195344,2.5673780085731444e-05,1.0697408369054768,1.621751862225034,0.8164272390382559,G1M1_new,g1m1_low_load,0.3,58,11,0.28,0.32,56,60,1.6,76
2023-07-14,1.6443833171996203,2.5673780085731444e-05,1.0697408369054768,1.621751862225034,0.8164272390382559,G1M1_new,g1m1_low_load,0.3,58,11,0.28,0.32,56,60,1.6,76
2023-07-15,1.644408990979706,2.5673780085731444e-05,1.0697408369054768,1.621751862225034,0.8164272390382559,G1M1_new,g1m1_low_load,0.3,58,11,0.28,0.32,56,60,1.6,76
2023-07-16,1.6444346647597916,2.5673780085731444e-05,1.0697408369054768,1.621751862225034,0.8164272390382559,G1M1_new,g1m1_low_load,0.3,58,11,0.28,0.32,56,60,1.6,76
2023-07-17,1.6444603385398775,2.5673780085731444e-05,1.0697408369054768,1.621751862225034,0.8164272390382559,G1M1_new,g1m1_low_load,0.3,58,11,0.28,0.32,56,60,1.6,76
2023-07-18,1.6444860123199632,2.5673780085731444e-05,1.0697408369054768,1.621751862225034,0.8164272390382559,G1M1_new,g1m1_low_load,0.3,58,11,0.28,0.32,56,60,1.6,76
2023-07-19,1.6445116861000488,2.5673780085731444e-05,1.0697408369054768,1.621751862225034,0.8164272390382559,G1M1_new,g1m1_low_load,0.3,58,11,0.28,0.32,56,60,1.6,76
2023-07-20,1.6445373598801345,2.5673780085731444e-05,1.0697408369054768,1.621751862225034,0.8164272390382559,G1M1_new,g1m1_low_load,0.3,58,11,0.28,0.32,56,60,1.6,76
2023-07-21,1.6445630336602204,2.5673780085731444e-05,1.0697408369054768,1.621751862225034,0.8164272390382559,G1M1_new,g1m1_low_load,0.3,58,11,0.28,0.32,56,60,1.6,76
2023-07-22,1.644588707440306,2.5673780085731444e-05,1.0697408369054768,1.621751862225034,0.8164272390382559,G1M1_new,g1m1_low_load,0.3,58,11,0.28,0.32,56,60,1.6,76
2023-07-23,1.6446143812203917,2.5673780085731444e-05,1.0697408369054768,1.621751862225034,0.8164272390382559,G1M1_new,g1m1_low_load,0.3,58,11,0.28,0.32,56,60,1.6,76
2023-07-24,1.6446400550004776,2.5673780085731444e-05,1.0697408369054768,1.621751862225034,0.8164272390382559,G1M1_new,g1m1_low_load,0.3,58,11,0.28,0.32,56,60,1.6,76
2023-07-25,1.6446657287805633,2.5673780085731444e-05,1.0697408369054768,1.621751862225034,0.8164272390382559,G1M1_new,g1m1_low_load,0.3,58,11,0.28,0.32,56,60,1.6,76
2023-07-26,1.644691402560649,2.5673780085731444e-05,1.0697408369054768,1.621751862225034,0.8164272390382559,G1M1_new,g1m1_low_load,0.3,58,11,0.28,0.32,56,60,1.6,76
2023-07-27,1.6447170763407346,2.5673780085731444e-05,1.0697408369054768,1.621751862225034,0.8164272390382559,G1M1_new,g1m1_low_load,0.3,58,11,0.28,0.32,56,60,1.6,76
2023-07-28,1.6447427501208205,2.5673780085731444e-05,1.0697408369054768,1.621751862225034,0.8164272390382559,G1M1_new,g1m1_low_load,0.3,58,11,0.28,0.32,56,60,1.6,76
2023-07-29,1.6447684239009062,2.5673780085731444e-05,1.0697408369054768,1.621751862225034,0.8164272390382559,G1M1_new,g1m1_low_load,0.3,58,11,0.28,0.32,56,60,1.6,76
2023-07-30,1.6447940976809918,2.5673780085731444e-05,1.0697408369054768,1.621751862225034,0.8164272390382559,G1M1_new,g1m1_low_load,0.3,58,11,0.28,0.32,56,60,1.6,76
2023-07-31,1.6448197714610777,2.5673780085731444e-05,1.0697408369054768,1.621751862225034,0.8164272390382559,G1M1_new,g1m1_low_load,0.3,58,11,0.28,0.32,56,60,1.6,76
2023-08-01,1.6448454452411634,2.5673780085731444e-05,1.0697408369054768,1.621751862225034,0.8164272390382559,G1M1_new,g1m1_low_load,0.3,58,11,0.28,0.32,56,60,1.6,76
2023-08-02,1.644871119021249,2.5673780085731444e-05,1.0697408369054768,1.621751862225034,0.8164272390382559,G1M1_new,g1m1_low_load,0.3,58,11,0.28,0.32,56,60,1.6,76
2023-08-03,1.6448967928013347,2.5673780085731444e-05,1.0697408369054768,1.621751862225034,0.8164272390382559,G1M1_new,g1m1_low_load,0.3,58,11,0.28,0.32,56,60,1.6,76
2023-08-04,1.6449224665814206,2.5673780085731444e-05,1.0697408369054768,1.621751862225034,0.8164272390382559,G1M1_new,g1m1_low_load,0.3,58,11,0.28,0.32,56,60,1.6,76
2023-08-05,1.6449481403615063,2.5673780085731444e-05,1.0697408369054768,1.621751862225034,0.8164272390382559,G1M1_new,g1m1_low_load,0.3,58,11,0.28,0.32,56,60,1.6,76
2023-08-06,1.644973814141592,2.5673780085731444e-05,1.0697408369054768,1.621751862225034,0.8164272390382559,G1M1_new,g1m1_low_load,0.3,58,11,0.28,0.32,56,60,1.6,76
2023-08-07,1.6449994879216778,2.5673780085731444e-05,1.0697408369054768,1.621751862225034,0.8164272390382559,G1M1_new,g1m1_low_load,0.3,58,11,0.28,0.32,56,60,1.6,76
2023-08-08,1.6450251617017635,2.5673780085731444e-05,1.0697408369054768,1.621751862225034,0.8164272390382559,G1M1_new,g1m1_low_load,0.3,58,11,0.28,0.32,56,60,1.6,76
2023-08-09,1.6450508354818492,2.5673780085731444e-05,1.0697408369054768,1.621751862225034,0.8164272390382559,G1M1_new,g1m1_low_load,0.3,58,11,0.28,0.32,56,60,1.6,76
2023-08-10,1.645076509261935,2.5673780085731444e-05,1.0697408369054768,1.621751862225034,0.8164272390382559,G1M1_new,g1m1_low_load,0.3,58,11,0.28,0.32,56,60,1.6,76
2023-08-11,1.6451021830420207,2.5673780085731444e-05,1.0697408369054768,1.621751862225034,0.8164272390382559,G1M1_new,g1m1_low_load,0.3,58,11,0.28,0.32,56,60,1.6,76
2023-08-12,1.6451278568221064,2.5673780085731444e-05,1.0697408369054768,1.621751862225034,0.8164272390382559,G1M1_new,g1m1_low_load,0.3,58,11,0.28,0.32,56,60,1.6,76
2023-08-13,1.645153530602192,2.5673780085731444e-05,1.0697408369054768,1.621751862225034,0.8164272390382559,G1M1_new,g1m1_low_load,0.3,58,11,0.28,0.32,56,60,1.6,76
2023-08-14,1.645179204382278,2.5673780085731444e-05,1.0697408369054768,1.621751862225034,0.8164272390382559,G1M1_new,g1m1_low_load,0.3,58,11,0.28,0.32,56,60,1.6,76
2023-08-15,1.6452048781623636,2.5673780085731444e-05,1.0697408369054768,1.621751862225034,0.8164272390382559,G1M1_new,g1m1_low_load,0.3,58,11,0.28,0.32,56,60,1.6,76
2023-08-16,1.6452305519424493,2.5673780085731444e-05,1.0697408369054768,1.621751862225034,0.8164272390382559,G1M1_new,g1m1_low_load,0.3,58,11,0.28,0.32,56,60,1.6,76
2023-08-17,1.6452562257225352,2.5673780085731444e-05,1.0697408369054768,1.621751862225034,0.8164272390382559,G1M1_new,g1m1_low_load,0.3,58,11,0.28,0.32,56,60,1.6,76
2023-08-18,1.6452818995026208,2.5673780085731444e-05,1.0697408369054768,1.621751862225034,0.8164272390382559,G1M1_new,g1m1_low_load,0.3,58,11,0.28,0.32,56,60,1.6,76
2023-08-19,1.6453075732827065,2.5673780085731444e-05,1.0697408369054768,1.621751862225034,0.8164272390382559,G1M1_new,g1m1_low_load,0.3,58,11,0.28,0.32,56,60,1.6,76
2023-08-20,1.6453332470627922,2.5673780085731444e-05,1.0697408369054768,1.621751862225034,0.8164272390382559,G1M1_new,g1m1_low_load,0.3,58,11,0.28,0.32,56,60,1.6,76
2023-08-21,1.645358920842878,2.5673780085731444e-05,1.0697408369054768,1.621751862225034,0.8164272390382559,G1M1_new,g1m1_low_load,0.3,58,11,0.28,0.32,56,60,1.6,76
2023-08-22,1.6453845946229637,2.5673780085731444e-05,1.0697408369054768,1.621751862225034,0.8164272390382559,G1M1_new,g1m1_low_load,0.3,58,11,0.28,0.32,56,60,1.6,76
2023-08-23,1.6454102684030494,2.5673780085731444e-05,1.0697408369054768,1.621751862225034,0.8164272390382559,G1M1_new,g1m1_low_load,0.3,58,11,0.28,0.32,56,60,1.6,76
2023-08-24,1.6454359421831353,2.5673780085731444e-05,1.0697408369054768,1.621751862225034,0.8164272390382559,G1M1_new,g1m1_low_load,0.3,58,11,0.28,0.32,56,60,1.6,76
2023-08-25,1.645461615963221,2.5673780085731444e-05,1.0697408369054768,1.621751862225034,0.8164272390382559,G1M1_new,g1m1_low_load,0.3,58,11,0.28,0.32,56,60,1.6,76
2023-08-26,1.6454872897433066,2.5673780085731444e-05,1.0697408369054768,1.621751862225034,0.8164272390382559,G1M1_new,g1m1_low_load,0.3,58,11,0.28,0.32,56,60,1.6,76
2023-08-27,1.6455129635233923,2.5673780085731444e-05,1.0697408369054768,1.621751862225034,0.8164272390382559,G1M1_new,g1m1_low_load,0.3,58,11,0.28,0.32,56,60,1.6,76
2023-08-28,1.6455386373034782,2.5673780085731444e-05,1.0697408369054768,1.621751862225034,0.8164272390382559,G1M1_new,g1m1_low_load,0.3,58,11,0.28,0.32,56,60,1.6,76
2023-08-29,1.6455643110835638,2.5673780085731444e-05,1.0697408369054768,1.621751862225034,0.8164272390382559,G1M1_new,g1m1_low_load,0.3,58,11,0.28,0.32,56,60,1.6,76
2023-08-30,1.6455899848636495,2.5673780085731444e-05,1.0697408369054768,1.621751862225034,0.8164272390382559,G1M1_new,g1m1_low_load,0.3,58,11,0.28,0.32,56,60,1.6,76
2023-08-31,1.6456156586437354,2.5673780085731444e-05,1.0697408369054768,1.621751862225034,0.8164272390382559,G1M1_new,g1m1_low_load,0.3,58,11,0.28,0.32,56,60,1.6,76
2023-09-01,1.645641332423821,2.5673780085731444e-05,1.0697408369054768,1.621751862225034,0.8164272390382559,G1M1_new,g1m1_low_load,0.3,58,11,0.28,0.32,56,60,1.6,76
2023-09-02,1.6456670062039067,2.5673780085731444e-05,1.0697408369054768,1.621751862225034,0.8164272390382559,G1M1_new,g1m1_low_load,0.3,58,11,0.28,0.32,56,60,1.6,76
2023-09-03,1.6456926799839926,2.5673780085731444e-05,1.0697408369054768,1.621751862225034,0.8164272390382559,G1M1_new,g1m1_low_load,0.3,58,11,0.28,0.32,56,60,1.6,76
2023-09-04,1.6457183537640783,2.5673780085731444e-05,1.0697408369054768,1.621751862225034,0.8164272390382559,G1M1_new,g1m1_low_load,0.3,58,11,0.28,0.32,56,60,1.6,76
2023-09-05,1.645744027544164,2.5673780085731444e-05,1.0697408369054768,1.621751862225034,0.8164272390382559,G1M1_new,g1m1_low_load,0.3,58,11,0.28,0.32,56,60,1.6,76
2023-09-06,1.6457697013242496,2.5673780085731444e-05,1.0697408369054768,1.621751862225034,0.8164272390382559,G1M1_new,g1m1_low_load,0.3,58,11,0.28,0.32,56,60,1.6,76
2023-09-07,1.6457953751043355,2.5673780085731444e-05,1.0697408369054768,1.621751862225034,0.8164272390382559,G1M1_new,g1m1_low_load,0.3,58,11,0.28,0.32,56,60,1.6,76
2023-09-08,1.6458210488844212,2.5673780085731444e-05,1.0697408369054768,1.621751862225034,0.8164272390382559,G1M1_new,g1m1_low_load,0.3,58,11,0.28,0.32,56,60,1.6,76
2023-09-09,1.6458467226645068,2.5673780085731444e-05,1.0697408369054768,1.621751862225034,0.8164272390382559,G1M1_new,g1m1_low_load,0.3,58,11,0.28,0.32,56,60,1.6,76
2023-09-10,1.6458723964445927,2.5673780085731444e-05,1.0697408369054768,1.621751862225034,0.8164272390382559,G1M1_new,g1m1_low_load,0.3,58,11,0.28,0.32,56,60,1.6,76
2023-09-11,1.6458980702246784,2.5673780085731444e-05,1.0697408369054768,1.621751862225034,0.8164272390382559,G1M1_new,g1m1_low_load,0.3,58,11,0.28,0.32,56,60,1.6,76
2023-09-12,1.645923744004764,2.5673780085731444e-05,1.0697408369054768,1.621751862225034,0.8164272390382559,G1M1_new,g1m1_low_load,0.3,58,11,0.28,0.32,56,60,1.6,76
2023-09-13,1.6459494177848497,2.5673780085731444e-05,1.0697408369054768,1.621751862225034,0.8164272390382559,G1M1_new,g1m1_low_load,0.3,58,11,0.28,0.32,56,60,1.6,76
2023-09-14,1.6459750915649356,2.5673780085731444e-05,1.0697408369054768,1.621751862225034,0.8164272390382559,G1M1_new,g1m1_low_load,0.3,58,11,0.28,0.32,56,60,1.6,76
2023-09-15,1.6460007653450213,2.5673780085731444e-05,1.0697408369054768,1.621751862225034,0.8164272390382559,G1M1_new,g1m1_low_load,0.3,58,11,0.28,0.32,56,60,1.6,76
2023-09-16,1.646026439125107,2.5673780085731444e-05,1.0697408369054768,1.621751862225034,0.8164272390382559,G1M1_new,g1m1_low_load,0.3,58,11,0.28,0.32,56,60,1.6,76
2023-09-17,1.6460521129051928,2.5673780085731444e-05,1.0697408369054768,1.621751862225034,0.8164272390382559,G1M1_new,g1m1_low_load,0.3,58,11,0.28,0.32,56,60,1.6,76
2023-09-18,1.6460777866852785,2.5673780085731444e-05,1.0697408369054768,1.621751862225034,0.8164272390382559,G1M1_new,g1m1_low_load,0.3,58,11,0.28,0.32,56,60,1.6,76
2023-09-19,1.6461034604653642,2.5673780085731444e-05,1.0697408369054768,1.621751862225034,0.8164272390382559,G1M1_new,g1m1_low_load,0.3,58,11,0.28,0.32,56,60,1.6,76
2023-09-20,1.64612913424545,2.5673780085731444e-05,1.0697408369054768,1.621751862225034,0.8164272390382559,G1M1_new,g1m1_low_load,0.3,58,11,0.28,0.32,56,60,1.6,76
2023-09-21,1.6461548080255357,2.5673780085731444e-05,1.0697408369054768,1.621751862225034,0.8164272390382559,G1M1_new,g1m1_low_load,0.3,58,11,0.28,0.32,56,60,1.6,76
2023-09-22,1.6461804818056214,2.5673780085731444e-05,1.0697408369054768,1.621751862225034,0.8164272390382559,G1M1_new,g1m1_low_load,0.3,58,11,0.28,0.32,56,60,1.6,76
2023-09-23,1.646206155585707,2.5673780085731444e-05,1.0697408369054768,1.621751862225034,0.8164272390382559,G1M1_new,g1m1_low_load,0.3,58,11,0.28,0.32,56,60,1.6,76
2023-09-24,1.646231829365793,2.5673780085731444e-05,1.0697408369054768,1.621751862225034,0.8164272390382559,G1M1_new,g1m1_low_load,0.3,58,11,0.28,0.32,56,60,1.6,76
2023-09-25,1.6462575031458786,2.5673780085731444e-05,1.0697408369054768,1.621751862225034,0.8164272390382559,G1M1_new,g1m1_low_load,0.3,58,11,0.28,0.32,56,60,1.6,76
2023-09-26,1.6462831769259643,2.5673780085731444e-05,1.0697408369054768,1.621751862225034,0.8164272390382559,G1M1_new,g1m1_low_load,0.3,58,11,0.28,0.32,56,60,1.6,76
2023-09-27,1.6463088507060502,2.5673780085731444e-05,1.0697408369054768,1.621751862225034,0.8164272390382559,G1M1_new,g1m1_low_load,0.3,58,11,0.28,0.32,56,60,1.6,76
2023-09-28,1.6463345244861358,2.5673780085731444e-05,1.0697408369054768,1.621751862225034,0.8164272390382559,G1M1_new,g1m1_low_load,0.3,58,11,0.28,0.32,56,60,1.6,76
2023-09-29,1.6463601982662215,2.5673780085731444e-05,1.0697408369054768,1.621751862225034,0.8164272390382559,G1M1_new,g1m1_low_load,0.3,58,11,0.28,0.32,56,60,1.6,76
2023-09-30,1.6463858720463072,2.5673780085731444e-05,1.0697408369054768,1.621751862225034,0.8164272390382559,G1M1_new,g1m1_low_load,0.3,58,11,0.28,0.32,56,60,1.6,76
2023-10-01,1.646411545826393,2.5673780085731444e-05,1.0697408369054768,1.621751862225034,0.8164272390382559,G1M1_new,g1m1_low_load,0.3,58,11,0.28,0.32,56,60,1.6,76
2023-10-02,1.6464372196064787,2.5673780085731444e-05,1.0697408369054768,1.621751862225034,0.8164272390382559,G1M1_new,g1m1_low_load,0.3,58,11,0.28,0.32,56,60,1.6,76
2023-10-03,1.6464628933865644,2.5673780085731444e-05,1.0697408369054768,1.621751862225034,0.8164272390382559,G1M1_new,g1m1_low_load,0.3,58,11,0.28,0.32,56,60,1.6,76
2023-10-04,1.6464885671666503,2.5673780085731444e-05,1.0697408369054768,1.621751862225034,0.8164272390382559,G1M1_new,g1m1_low_load,0.3,58,11,0.28,0.32,56,60,1.6,76
2023-10-05,1.646514240946736,2.5673780085731444e-05,1.0697408369054768,1.621751862225034,0.8164272390382559,G1M1_new,g1m1_low_load,0.3,58,11,0.28,0.32,56,60,1.6,76
2023-10-06,1.6465399147268216,2.5673780085731444e-05,1.0697408369054768,1.621751862225034,0.8164272390382559,G1M1_new,g1m1_low_load,0.3,58,11,0.28,0.32,56,60,1.6,76
2023-10-07,1.6465655885069073,2.5673780085731444e-05,1.0697408369054768,1.621751862225034,0.8164272390382559,G1M1_new,g1m1_low_load,0.3,58,11,0.28,0.32,56,60,1.6,76
2023-10-08,1.6465912622869932,2.5673780085731444e-05,1.0697408369054768,1.621751862225034,0.8164272390382559,G1M1_new,g1m1_low_load,0.3,58,11,0.28,0.32,56,60,1.6,76
2023-10-09,1.6466169360670788,2.5673780085731444e-05,1.0697408369054768,1.621751862225034,0.8164272390382559,G1M1_new,g1m1_low_load,0.3,58,11,0.28,0.32,56,60,1.6,76
2023-10-10,1.6466426098471645,2.5673780085731444e-05,1.0697408369054768,1.621751862225034,0.8164272390382559,G1M1_new,g1m1_low_load,0.3,58,11,0.28,0.32,56,60,1.6,76
2023-10-11,1.6466682836272504,2.5673780085731444e-05,1.0697408369054768,1.621751862225034,0.8164272390382559,G1M1_new,g1m1_low_load,0.3,58,11,0.28,0.32,56,60,1.6,76
2023-10-12,1.646693957407336,2.5673780085731444e-05,1.0697408369054768,1.621751862225034,0.8164272390382559,G1M1_new,g1m1_low_load,0.3,58,11,0.28,0.32,56,60,1.6,76
2023-10-13,1.6467196311874217,2.5673780085731444e-05,1.0697408369054768,1.621751862225034,0.8164272390382559,G1M1_new,g1m1_low_load,0.3,58,11,0.28,0.32,56,60,1.6,76
2023-10-14,1.6467453049675076,2.5673780085731444e-05,1.0697408369054768,1.621751862225034,0.8164272390382559,G1M1_new,g1m1_low_load,0.3,58,11,0.28,0.32,56,60,1.6,76
2023-10-15,1.6467709787475933,2.5673780085731444e-05,1.0697408369054768,1.621751862225034,0.8164272390382559,G1M1_new,g1m1_low_load,0.3,58,11,0.28,0.32,56,60,1.6,76
2023-10-16,1.646796652527679,2.5673780085731444e-05,1.0697408369054768,1.621751862225034,0.8164272390382559,G1M1_new,g1m1_low_load,0.3,58,11,0.28,0.32,56,60,1.6,76
2023-10-17,1.6468223263077646,2.5673780085731444e-05,1.0697408369054768,1.621751862225034,0.8164272390382559,G1M1_new,g1m1_low_load,0.3,58,11,0.28,0.32,56,60,1.6,76
2023-10-18,1.6468480000878505,2.5673780085731444e-05,1.0697408369054768,1.621751862225034,0.8164272390382559,G1M1_new,g1m1_low_load,0.3,58,11,0.28,0.32,56,60,1.6,76
2023-10-19,1.6468736738679361,2.5673780085731444e-05,1.0697408369054768,1.621751862225034,0.8164272390382559,G1M1_new,g1m1_low_load,0.3,58,11,0.28,0.32,56,60,1.6,76
2023-10-20,1.6468993476480218,2.5673780085731444e-05,1.0697408369054768,1.621751862225034,0.8164272390382559,G1M1_new,g1m1_low_load,0.3,58,11,0.28,0.32,56,60,1.6,76
2023-10-21,1.6469250214281077,2.5673780085731444e-05,1.0697408369054768,1.621751862225034,0.8164272390382559,G1M1_new,g1m1_low_load,0.3,58,11,0.28,0.32,56,60,1.6,76
2023-10-22,1.6469506952081934,2.5673780085731444e-05,1.0697408369054768,1.621751862225034,0.8164272390382559,G1M1_new,g1m1_low_load,0.3,58,11,0.28,0.32,56,60,1.6,76
2023-10-23,1.646976368988279,2.5673780085731444e-05,1.0697408369054768,1.621751862225034,0.8164272390382559,G1M1_new,g1m1_low_load,0.3,58,11,0.28,0.32,56,60,1.6,76
2023-10-24,1.6470020427683647,2.5673780085731444e-05,1.0697408369054768,1.621751862225034,0.8164272390382559,G1M1_new,g1m1_low_load,0.3,58,11,0.28,0.32,56,60,1.6,76
2023-10-25,1.6470277165484506,2.5673780085731444e-05,1.0697408369054768,1.621751862225034,0.8164272390382559,G1M1_new,g1m1_low_load,0.3,58,11,0.28,0.32,56,60,1.6,76
2023-10-26,1.6470533903285363,2.5673780085731444e-05,1.0697408369054768,1.621751862225034,0.8164272390382559,G1M1_new,g1m1_low_load,0.3,58,11,0.28,0.32,56,60,1.6,76
2023-10-27,1.647079064108622,2.5673780085731444e-05,1.0697408369054768,1.621751862225034,0.8164272390382559,G1M1_new,g1m1_low_load,0.3,58,11,0.28,0.32,56,60,1.6,76
2023-10-28,1.6471047378887078,2.5673780085731444e-05,1.0697408369054768,1.621751862225034,0.8164272390382559,G1M1_new,g1m1_low_load,0.3,58,11,0.28,0.32,56,60,1.6,76
2023-10-29,1.6471304116687935,2.5673780085731444e-05,1.0697408369054768,1.621751862225034,0.8164272390382559,G1M1_new,g1m1_low_load,0.3,58,11,0.28,0.32,56,60,1.6,76
2023-10-30,1.6471560854488791,2.5673780085731444e-05,1.0697408369054768,1.621751862225034,0.8164272390382559,G1M1_new,g1m1_low_load,0.3,58,11,0.28,0.32,56,60,1.6,76
2023-10-31,1.6471817592289648,2.5673780085731444e-05,1.0697408369054768,1.621751862225034,0.8164272390382559,G1M1_new,g1m1_low_load,0.3,58,11,0.28,0.32,56,60,1.6,76
2023-11-01,1.6472074330090507,2.5673780085731444e-05,1.0697408369054768,1.621751862225034,0.8164272390382559,G1M1_new,g1m1_low_load,0.3,58,11,0.28,0.32,56,60,1.6,76
2023-11-02,1.6472331067891364,2.5673780085731444e-05,1.0697408369054768,1.621751862225034,0.8164272390382559,G1M1_new,g1m1_low_load,0.3,58,11,0.28,0.32,56,60,1.6,76
2023-11-03,1.647258780569222,2.5673780085731444e-05,1.0697408369054768,1.621751862225034,0.8164272390382559,G1M1_new,g1m1_low_load,0.3,58,11,0.28,0.32,56,60,1.6,76
2023-11-04,1.647284454349308,2.5673780085731444e-05,1.0697408369054768,1.621751862225034,0.8164272390382559,G1M1_new,g1m1_low_load,0.3,58,11,0.28,0.32,56,60,1.6,76
2023-11-05,1.6473101281293936,2.5673780085731444e-05,1.0697408369054768,1.621751862225034,0.8164272390382559,G1M1_new,g1m1_low_load,0.3,58,11,0.28,0.32,56,60,1.6,76
2023-11-06,1.6473358019094793,2.5673780085731444e-05,1.0697408369054768,1.621751862225034,0.8164272390382559,G1M1_new,g1m1_low_load,0.3,58,11,0.28,0.32,56,60,1.6,76
2023-11-07,1.6473614756895651,2.5673780085731444e-05,1.0697408369054768,1.621751862225034,0.8164272390382559,G1M1_new,g1m1_low_load,0.3,58,11,0.28,0.32,56,60,1.6,76
2023-11-08,1.6473871494696508,2.5673780085731444e-05,1.0697408369054768,1.621751862225034,0.8164272390382559,G1M1_new,g1m1_low_load,0.3,58,11,0.28,0.32,56,60,1.6,76
2023-11-09,1.6474128232497365,2.5673780085731444e-05,1.0697408369054768,1.621751862225034,0.8164272390382559,G1M1_new,g1m1_low_load,0.3,58,11,0.28,0.32,56,60,1.6,76
2023-11-10,1.6474384970298221,2.5673780085731444e-05,1.0697408369054768,1.621751862225034,0.8164272390382559,G1M1_new,g1m1_low_load,0.3,58,11,0.28,0.32,56,60,1.6,76
2023-11-11,1.647464170809908,2.5673780085731444e-05,1.0697408369054768,1.621751862225034,0.8164272390382559,G1M1_new,g1m1_low_load,0.3,58,11,0.28,0.32,56,60,1.6,76
2023-11-12,1.6474898445899937,2.5673780085731444e-05,1.0697408369054768,1.621751862225034,0.8164272390382559,G1M1_new,g1m1_low_load,0.3,58,11,0.28,0.32,56,60,1.6,76
2023-11-13,1.6475155183700794,2.5673780085731444e-05,1.0697408369054768,1.621751862225034,0.8164272390382559,G1M1_new,g1m1_low_load,0.3,58,11,0.28,0.32,56,60,1.6,76
2023-11-14,1.6475411921501653,2.5673780085731444e-05,1.0697408369054768,1.621751862225034,0.8164272390382559,G1M1_new,g1m1_low_load,0.3,58,11,0.28,0.32,56,60,1.6,76
2023-11-15,1.647566865930251,2.5673780085731444e-05,1.0697408369054768,1.621751862225034,0.8164272390382559,G1M1_new,g1m1_low_load,0.3,58,11,0.28,0.32,56,60,1.6,76
2023-11-16,1.6475925397103366,2.5673780085731444e-05,1.0697408369054768,1.621751862225034,0.8164272390382559,G1M1_new,g1m1_low_load,0.3,58,11,0.28,0.32,56,60,1.6,76
2023-11-17,1.6476182134904223,2.5673780085731444e-05,1.0697408369054768,1.621751862225034,0.8164272390382559,G1M1_new,g1m1_low_load,0.3,58,11,0.28,0.32,56,60,1.6,76
2023-11-18,1.6476438872705081,2.5673780085731444e-05,1.0697408369054768,1.621751862225034,0.8164272390382559,G1M1_new,g1m1_low_load,0.3,58,11,0.28,0.32,56,60,1.6,76
2023-11-19,1.6476695610505938,2.5673780085731444e-05,1.0697408369054768,1.621751862225034,0.8164272390382559,G1M1_new,g1m1_low_load,0.3,58,11,0.28,0.32,56,60,1.6,76
2023-11-20,1.6476952348306795,2.5673780085731444e-05,1.0697408369054768,1.621751862225034,0.8164272390382559,G1M1_new,g1m1_low_load,0.3,58,11,0.28,0.32,56,60,1.6,76
2023-11-21,1.6477209086107654,2.5673780085731444e-05,1.0697408369054768,1.621751862225034,0.8164272390382559,G1M1_new,g1m1_low_load,0.3,58,11,0.28,0.32,56,60,1.6,76
2023-11-22,1.647746582390851,2.5673780085731444e-05,1.0697408369054768,1.621751862225034,0.8164272390382559,G1M1_new,g1m1_low_load,0.3,58,11,0.28,0.32,56,60,1.6,76
2023-11-23,1.6477722561709367,2.5673780085731444e-05,1.0697408369054768,1.621751862225034,0.8164272390382559,G1M1_new,g1m1_low_load,0.3,58,11,0.28,0.32,56,60,1.6,76
2023-11-24,1.6477979299510226,2.5673780085731444e-05,1.0697408369054768,1.621751862225034,0.8164272390382559,G1M1_new,g1m1_low_load,0.3,58,11,0.28,0.32,56,60,1.6,76
2023-11-25,1.6478236037311083,2.5673780085731444e-05,1.0697408369054768,1.621751862225034,0.8164272390382559,G1M1_new,g1m1_low_load,0.3,58,11,0.28,0.32,56,60,1.6,76
2023-11-26,1.647849277511194,2.5673780085731444e-05,1.0697408369054768,1.621751862225034,0.8164272390382559,G1M1_new,g1m1_low_load,0.3,58,11,0.28,0.32,56,60,1.6,76
2023-11-27,1.6478749512912796,2.5673780085731444e-05,1.0697408369054768,1.621751862225034,0.8164272390382559,G1M1_new,g1m1_low_load,0.3,58,11,0.28,0.32,56,60,1.6,76
2023-11-28,1.6479006250713655,2.5673780085731444e-05,1.0697408369054768,1.621751862225034,0.8164272390382559,G1M1_new,g1m1_low_load,0.3,58,11,0.28,0.32,56,60,1.6,76
2023-11-29,1.6479262988514511,2.5673780085731444e-05,1.0697408369054768,1.621751862225034,0.8164272390382559,G1M1_new,g1m1_low_load,0.3,58,11,0.28,0.32,56,60,1.6,76
2023-11-30,1.6479519726315368,2.5673780085731444e-05,1.0697408369054768,1.621751862225034,0.8164272390382559,G1M1_new,g1m1_low_load,0.3,58,11,0.28,0.32,56,60,1.6,76
2023-12-01,1.6479776464116227,2.5673780085731444e-05,1.0697408369054768,1.621751862225034,0.8164272390382559,G1M1_new,g1m1_low_load,0.3,58,11,0.28,0.32,56,60,1.6,76
2023-12-02,1.6480033201917084,2.5673780085731444e-05,1.0697408369054768,1.621751862225034,0.8164272390382559,G1M1_new,g1m1_low_load,0.3,58,11,0.28,0.32,56,60,1.6,76
2023-12-03,1.648028993971794,2.5673780085731444e-05,1.0697408369054768,1.621751862225034,0.8164272390382559,G1M1_new,g1m1_low_load,0.3,58,11,0.28,0.32,56,60,1.6,76
2023-12-04,1.6480546677518797,2.5673780085731444e-05,1.0697408369054768,1.621751862225034,0.8164272390382559,G1M1_new,g1m1_low_load,0.3,58,11,0.28,0.32,56,60,1.6,76
2023-12-05,1.6480803415319656,2.5673780085731444e-05,1.0697408369054768,1.621751862225034,0.8164272390382559,G1M1_new,g1m1_low_load,0.3,58,11,0.28,0.32,56,60,1.6,76
2023-12-06,1.6481060153120513,2.5673780085731444e-05,1.0697408369054768,1.621751862225034,0.8164272390382559,G1M1_new,g1m1_low_load,0.3,58,11,0.28,0.32,56,60,1.6,76
2023-12-07,1.648131689092137,2.5673780085731444e-05,1.0697408369054768,1.621751862225034,0.8164272390382559,G1M1_new,g1m1_low_load,0.3,58,11,0.28,0.32,56,60,1.6,76
2023-12-08,1.6481573628722228,2.5673780085731444e-05,1.0697408369054768,1.621751862225034,0.8164272390382559,G1M1_new,g1m1_low_load,0.3,58,11,0.28,0.32,56,60,1.6,76
2023-12-09,1.6481830366523085,2.5673780085731444e-05,1.0697408369054768,1.621751862225034,0.8164272390382559,G1M1_new,g1m1_low_load,0.3,58,11,0.28,0.32,56,60,1.6,76
2023-12-10,1.6482087104323941,2.5673780085731444e-05,1.0697408369054768,1.621751862225034,0.8164272390382559,G1M1_new,g1m1_low_load,0.3,58,11,0.28,0.32,56,60,1.6,76
2023-12-11,1.6482343842124798,2.5673780085731444e-05,1.0697408369054768,1.621751862225034,0.8164272390382559,G1M1_new,g1m1_low_load,0.3,58,11,0.28,0.32,56,60,1.6,76
2023-12-12,1.6482600579925657,2.5673780085731444e-05,1.0697408369054768,1.621751862225034,0.8164272390382559,G1M1_new,g1m1_low_load,0.3,58,11,0.28,0.32,56,60,1.6,76
2023-12-13,1.6482857317726514,2.5673780085731444e-05,1.0697408369054768,1.621751862225034,0.8164272390382559,G1M1_new,g1m1_low_load,0.3,58,11,0.28,0.32,56,60,1.6,76
2023-12-14,1.648311405552737,2.5673780085731444e-05,1.0697408369054768,1.621751862225034,0.8164272390382559,G1M1_new,g1m1_low_load,0.3,58,11,0.28,0.32,56,60,1.6,76
2023-12-15,1.648337079332823,2.5673780085731444e-05,1.0697408369054768,1.621751862225034,0.8164272390382559,G1M1_new,g1m1_low_load,0.3,58,11,0.28,0.32,56,60,1.6,76
2023-12-16,1.6483627531129086,2.5673780085731444e-05,1.0697408369054768,1.621751862225034,0.8164272390382559,G1M1_new,g1m1_low_load,0.3,58,11,0.28,0.32,56,60,1.6,76
2023-12-17,1.6483884268929943,2.5673780085731444e-05,1.0697408369054768,1.621751862225034,0.8164272390382559,G1M1_new,g1m1_low_load,0.3,58,11,0.28,0.32,56,60,1.6,76
2023-12-18,1.6484141006730801,2.5673780085731444e-05,1.0697408369054768,1.621751862225034,0.8164272390382559,G1M1_new,g1m1_low_load,0.3,58,11,0.28,0.32,56,60,1.6,76
2023-12-19,1.6484397744531658,2.5673780085731444e-05,1.0697408369054768,1.621751862225034,0.8164272390382559,G1M1_new,g1m1_low_load,0.3,58,11,0.28,0.32,56,60,1.6,76
2023-12-20,1.6484654482332515,2.5673780085731444e-05,1.0697408369054768,1.621751862225034,0.8164272390382559,G1M1_new,g1m1_low_load,0.3,58,11,0.28,0.32,56,60,1.6,76
2023-12-21,1.6484911220133371,2.5673780085731444e-05,1.0697408369054768,1.621751862225034,0.8164272390382559,G1M1_new,g1m1_low_load,0.3,58,11,0.28,0.32,56,60,1.6,76
2023-12-22,1.648516795793423,2.5673780085731444e-05,1.0697408369054768,1.621751862225034,0.8164272390382559,G1M1_new,g1m1_low_load,0.3,58,11,0.28,0.32,56,60,1.6,76
2023-12-23,1.6485424695735087,2.5673780085731444e-05,1.0697408369054768,1.621751862225034,0.8164272390382559,G1M1_new,g1m1_low_load,0.3,58,11,0.28,0.32,56,60,1.6,76
2023-12-24,1.6485681433535944,2.5673780085731444e-05,1.0697408369054768,1.621751862225034,0.8164272390382559,G1M1_new,g1m1_low_load,0.3,58,11,0.28,0.32,56,60,1.6,76
2023-12-25,1.6485938171336803,2.5673780085731444e-05,1.0697408369054768,1.621751862225034,0.8164272390382559,G1M1_new,g1m1_low_load,0.3,58,11,0.28,0.32,56,60,1.6,76
2023-12-26,1.648619490913766,2.5673780085731444e-05,1.0697408369054768,1.621751862225034,0.8164272390382559,G1M1_new,g1m1_low_load,0.3,58,11,0.28,0.32,56,60,1.6,76
2023-12-27,1.6486451646938516,2.5673780085731444e-05,1.0697408369054768,1.621751862225034,0.8164272390382559,G1M1_new,g1m1_low_load,0.3,58,11,0.28,0.32,56,60,1.6,76
2023-12-28,1.6486708384739373,2.5673780085731444e-05,1.0697408369054768,1.621751862225034,0.8164272390382559,G1M1_new,g1m1_low_load,0.3,58,11,0.28,0.32,56,60,1.6,76
2023-12-29,1.6486965122540231,2.5673780085731444e-05,1.0697408369054768,1.621751862225034,0.8164272390382559,G1M1_new,g1m1_low_load,0.3,58,11,0.28,0.32,56,60,1.6,76
2023-12-30,1.6487221860341088,2.5673780085731444e-05,1.0697408369054768,1.621751862225034,0.8164272390382559,G1M1_new,g1m1_low_load,0.3,58,11,0.28,0.32,56,60,1.6,76
2023-12-31,1.6487478598141945,2.5673780085731444e-05,1.0697408369054768,1.621751862225034,0.8164272390382559,G1M1_new,g1m1_low_load,0.3,58,11,0.28,0.32,56,60,1.6,76
2024-01-01,1.6487735335942804,2.5673780085731444e-05,1.0697408369054768,1.621751862225034,0.8164272390382559,G1M1_new,g1m1_low_load,0.3,58,11,0.28,0.32,56,60,1.6,76
2024-01-02,1.648799207374366,2.5673780085731444e-05,1.0697408369054768,1.621751862225034,0.8164272390382559,G1M1_new,g1m1_low_load,0.3,58,11,0.28,0.32,56,60,1.6,76
2024-01-03,1.6488248811544517,2.5673780085731444e-05,1.0697408369054768,1.621751862225034,0.8164272390382559,G1M1_new,g1m1_low_load,0.3,58,11,0.28,0.32,56,60,1.6,76
2024-01-04,1.6488505549345374,2.5673780085731444e-05,1.0697408369054768,1.621751862225034,0.8164272390382559,G1M1_new,g1m1_low_load,0.3,58,11,0.28,0.32,56,60,1.6,76
2024-01-05,1.6488762287146232,2.5673780085731444e-05,1.0697408369054768,1.621751862225034,0.8164272390382559,G1M1_new,g1m1_low_load,0.3,58,11,0.28,0.32,56,60,1.6,76
2024-01-06,1.648901902494709,2.5673780085731444e-05,1.0697408369054768,1.621751862225034,0.8164272390382559,G1M1_new,g1m1_low_load,0.3,58,11,0.28,0.32,56,60,1.6,76
2024-01-07,1.6489275762747946,2.5673780085731444e-05,1.0697408369054768,1.621751862225034,0.8164272390382559,G1M1_new,g1m1_low_load,0.3,58,11,0.28,0.32,56,60,1.6,76
2024-01-08,1.6489532500548805,2.5673780085731444e-05,1.0697408369054768,1.621751862225034,0.8164272390382559,G1M1_new,g1m1_low_load,0.3,58,11,0.28,0.32,56,60,1.6,76
2024-01-09,1.6489789238349661,2.5673780085731444e-05,1.0697408369054768,1.621751862225034,0.8164272390382559,G1M1_new,g1m1_low_load,0.3,58,11,0.28,0.32,56,60,1.6,76
2024-01-10,1.6490045976150518,2.5673780085731444e-05,1.0697408369054768,1.621751862225034,0.8164272390382559,G1M1_new,g1m1_low_load,0.3,58,11,0.28,0.32,56,60,1.6,76
2024-01-11,1.6490302713951377,2.5673780085731444e-05,1.0697408369054768,1.621751862225034,0.8164272390382559,G1M1_new,g1m1_low_load,0.3,58,11,0.28,0.32,56,60,1.6,76
2024-01-12,1.6490559451752234,2.5673780085731444e-05,1.0697408369054768,1.621751862225034,0.8164272390382559,G1M1_new,g1m1_low_load,0.3,58,11,0.28,0.32,56,60,1.6,76
2024-01-13,1.649081618955309,2.5673780085731444e-05,1.0697408369054768,1.621751862225034,0.8164272390382559,G1M1_new,g1m1_low_load,0.3,58,11,0.28,0.32,56,60,1.6,76
2024-01-14,1.6491072927353947,2.5673780085731444e-05,1.0697408369054768,1.621751862225034,0.8164272390382559,G1M1_new,g1m1_low_load,0.3,58,11,0.28,0.32,56,60,1.6,76
2024-01-15,1.6491329665154806,2.5673780085731444e-05,1.0697408369054768,1.621751862225034,0.8164272390382559,G1M1_new,g1m1_low_load,0.3,58,11,0.28,0.32,56,60,1.6,76
2024-01-16,1.6491586402955662,2.5673780085731444e-05,1.0697408369054768,1.621751862225034,0.8164272390382559,G1M1_new,g1m1_low_load,0.3,58,11,0.28,0.32,56,60,1.6,76
2024-01-17,1.649184314075652,2.5673780085731444e-05,1.0697408369054768,1.621751862225034,0.8164272390382559,G1M1_new,g1m1_low_load,0.3,58,11,0.28,0.32,56,60,1.6,76
2024-01-18,1.6492099878557378,2.5673780085731444e-05,1.0697408369054768,1.621751862225034,0.8164272390382559,G1M1_new,g1m1_low_load,0.3,58,11,0.28,0.32,56,60,1.6,76
2024-01-19,1.6492356616358235,2.5673780085731444e-05,1.0697408369054768,1.621751862225034,0.8164272390382559,G1M1_new,g1m1_low_load,0.3,58,11,0.28,0.32,56,60,1.6,76
2024-01-20,1.6492613354159091,2.5673780085731444e-05,1.0697408369054768,1.621751862225034,0.8164272390382559,G1M1_new,g1m1_low_load,0.3,58,11,0.28,0.32,56,60,1.6,76
2024-01-21,1.6492870091959948,2.5673780085731444e-05,1.0697408369054768,1.621751862225034,0.8164272390382559,G1M1_new,g1m1_low_load,0.3,58,11,0.28,0.32,56,60,1.6,76
2024-01-22,1.6493126829760807,2.5673780085731444e-05,1.0697408369054768,1.621751862225034,0.8164272390382559,G1M1_new,g1m1_low_load,0.3,58,11,0.28,0.32,56,60,1.6,76
2024-01-23,1.6493383567561664,2.5673780085731444e-05,1.0697408369054768,1.621751862225034,0.8164272390382559,G1M1_new,g1m1_low_load,0.3,58,11,0.28,0.32,56,60,1.6,76
2024-01-24,1.649364030536252,2.5673780085731444e-05,1.0697408369054768,1.621751862225034,0.8164272390382559,G1M1_new,g1m1_low_load,0.3,58,11,0.28,0.32,56,60,1.6,76
2024-01-25,1.649389704316338,2.5673780085731444e-05,1.0697408369054768,1.621751862225034,0.8164272390382559,G1M1_new,g1m1_low_load,0.3,58,11,0.28,0.32,56,60,1.6,76
2024-01-26,1.6494153780964236,2.5673780085731444e-05,1.0697408369054768,1.621751862225034,0.8164272390382559,G1M1_new,g1m1_low_load,0.3,58,11,0.28,0.32,56,60,1.6,76
2024-01-27,1.6494410518765092,2.5673780085731444e-05,1.0697408369054768,1.621751862225034,0.8164272390382559,G1M1_new,g1m1_low_load,0.3,58,11,0.28,0.32,56,60,1.6,76
2024-01-28,1.6494667256565951,2.5673780085731444e-05,1.0697408369054768,1.621751862225034,0.8164272390382559,G1M1_new,g1m1_low_load,0.3,58,11,0.28,0.32,56,60,1.6,76
2024-01-29,1.6494923994366808,2.5673780085731444e-05,1.0697408369054768,1.621751862225034,0.8164272390382559,G1M1_new,g1m1_low_load,0.3,58,11,0.28,0.32,56,60,1.6,76
2024-01-30,1.6495180732167665,2.5673780085731444e-05,1.0697408369054768,1.621751862225034,0.8164272390382559,G1M1_new,g1m1_low_load,0.3,58,11,0.28,0.32,56,60,1.6,76
2024-01-31,1.6495437469968521,2.5673780085731444e-05,1.0697408369054768,1.621751862225034,0.8164272390382559,G1M1_new,g1m1_low_load,0.3,58,11,0.28,0.32,56,60,1.6,76
2024-02-01,1.649569420776938,2.5673780085731444e-05,1.0697408369054768,1.621751862225034,0.8164272390382559,G1M1_new,g1m1_low_load,0.3,58,11,0.28,0.32,56,60,1.6,76
2024-02-02,1.6495950945570237,2.5673780085731444e-05,1.0697408369054768,1.621751862225034,0.8164272390382559,G1M1_new,g1m1_low_load,0.3,58,11,0.28,0.32,56,60,1.6,76
2024-02-03,1.6496207683371094,2.5673780085731444e-05,1.0697408369054768,1.621751862225034,0.8164272390382559,G1M1_new,g1m1_low_load,0.3,58,11,0.28,0.32,56,60,1.6,76
2024-02-04,1.6496464421171952,2.5673780085731444e-05,1.0697408369054768,1.621751862225034,0.8164272390382559,G1M1_new,g1m1_low_load,0.3,58,11,0.28,0.32,56,60,1.6,76
2024-02-05,1.649672115897281,2.5673780085731444e-05,1.0697408369054768,1.621751862225034,0.8164272390382559,G1M1_new,g1m1_low_load,0.3,58,11,0.28,0.32,56,60,1.6,76
2024-02-06,1.6496977896773666,2.5673780085731444e-05,1.0697408369054768,1.621751862225034,0.8164272390382559,G1M1_new,g1m1_low_load,0.3,58,11,0.28,0.32,56,60,1.6,76
2024-02-07,1.6497234634574522,2.5673780085731444e-05,1.0697408369054768,1.621751862225034,0.8164272390382559,G1M1_new,g1m1_low_load,0.3,58,11,0.28,0.32,56,60,1.6,76
2024-02-08,1.6497491372375381,2.5673780085731444e-05,1.0697408369054768,1.621751862225034,0.8164272390382559,G1M1_new,g1m1_low_load,0.3,58,11,0.28,0.32,56,60,1.6,76
2024-02-09,1.6497748110176238,2.5673780085731444e-05,1.0697408369054768,1.621751862225034,0.8164272390382559,G1M1_new,g1m1_low_load,0.3,58,11,0.28,0.32,56,60,1.6,76
2024-02-10,1.6498004847977095,2.5673780085731444e-05,1.0697408369054768,1.621751862225034,0.8164272390382559,G1M1_new,g1m1_low_load,0.3,58,11,0.28,0.32,56,60,1.6,76
2024-02-11,1.6498261585777954,2.5673780085731444e-05,1.0697408369054768,1.621751862225034,0.8164272390382559,G1M1_new,g1m1_low_load,0.3,58,11,0.28,0.32,56,60,1.6,76
2024-02-12,1.649851832357881,2.5673780085731444e-05,1.0697408369054768,1.621751862225034,0.8164272390382559,G1M1_new,g1m1_low_load,0.3,58,11,0.28,0.32,56,60,1.6,76
2024-02-13,1.6498775061379667,2.5673780085731444e-05,1.0697408369054768,1.621751862225034,0.8164272390382559,G1M1_new,g1m1_low_load,0.3,58,11,0.28,0.32,56,60,1.6,76
2024-02-14,1.6499031799180524,2.5673780085731444e-05,1.0697408369054768,1.621751862225034,0.8164272390382559,G1M1_new,g1m1_low_load,0.3,58,11,0.28,0.32,56,60,1.6,76
2024-02-15,1.6499288536981382,2.5673780085731444e-05,1.0697408369054768,1.621751862225034,0.8164272390382559,G1M1_new,g1m1_low_load,0.3,58,11,0.28,0.32,56,60,1.6,76
2024-02-16,1.649954527478224,2.5673780085731444e-05,1.0697408369054768,1.621751862225034,0.8164272390382559,G1M1_new,g1m1_low_load,0.3,58,11,0.28,0.32,56,60,1.6,76
2024-02-17,1.6499802012583096,2.5673780085731444e-05,1.0697408369054768,1.621751862225034,0.8164272390382559,G1M1_new,g1m1_low_load,0.3,58,11,0.28,0.32,56,60,1.6,76
2024-02-18,1.6500058750383955,2.5673780085731444e-05,1.0697408369054768,1.621751862225034,0.8164272390382559,G1M1_new,g1m1_low_load,0.3,58,11,0.28,0.32,56,60,1.6,76
2024-02-19,1.6500315488184811,2.5673780085731444e-05,1.0697408369054768,1.621751862225034,0.8164272390382559,G1M1_new,g1m1_low_load,0.3,58,11,0.28,0.32,56,60,1.6,76
2024-02-20,1.6500572225985668,2.5673780085731444e-05,1.0697408369054768,1.621751862225034,0.8164272390382559,G1M1_new,g1m1_low_load,0.3,58,11,0.28,0.32,56,60,1.6,76
2024-02-21,1.6500828963786525,2.5673780085731444e-05,1.0697408369054768,1.621751862225034,0.8164272390382559,G1M1_new,g1m1_low_load,0.3,58,11,0.28,0.32,56,60,1.6,76
2024-02-22,1.6501085701587384,2.5673780085731444e-05,1.0697408369054768,1.621751862225034,0.8164272390382559,G1M1_new,g1m1_low_load,0.3,58,11,0.28,0.32,56,60,1.6,76
2024-02-23,1.650134243938824,2.5673780085731444e-05,1.0697408369054768,1.621751862225034,0.8164272390382559,G1M1_new,g1m1_low_load,0.3,58,11,0.28,0.32,56,60,1.6,76
2024-02-24,1.6501599177189097,2.5673780085731444e-05,1.0697408369054768,1.621751862225034,0.8164272390382559,G1M1_new,g1m1_low_load,0.3,58,11,0.28,0.32,56,60,1.6,76
2024-02-25,1.6501855914989956,2.5673780085731444e-05,1.0697408369054768,1.621751862225034,0.8164272390382559,G1M1_new,g1m1_low_load,0.3,58,11,0.28,0.32,56,60,1.6,76
2024-02-26,1.6502112652790812,2.5673780085731444e-05,1.0697408369054768,1.621751862225034,0.8164272390382559,G1M1_new,g1m1_low_load,0.3,58,11,0.28,0.32,56,60,1.6,76
2024-02-27,1.650236939059167,2.5673780085731444e-05,1.0697408369054768,1.621751862225034,0.8164272390382559,G1M1_new,g1m1_low_load,0.3,58,11,0.28,0.32,56,60,1.6,76
2024-02-28,1.6502626128392528,2.5673780085731444e-05,1.0697408369054768,1.621751862225034,0.8164272390382559,G1M1_new,g1m1_low_load,0.3,58,11,0.28,0.32,56,60,1.6,76
2024-02-29,1.6502882866193385,2.5673780085731444e-05,1.0697408369054768,1.621751862225034,0.8164272390382559,G1M1_new,g1m1_low_load,0.3,58,11,0.28,0.32,56,60,1.6,76
2024-03-01,1.6503139603994241,2.5673780085731444e-05,1.0697408369054768,1.621751862225034,0.8164272390382559,G1M1_new,g1m1_low_load,0.3,58,11,0.28,0.32,56,60,1.6,76
2024-03-02,1.6503396341795098,2.5673780085731444e-05,1.0697408369054768,1.621751862225034,0.8164272390382559,G1M1_new,g1m1_low_load,0.3,58,11,0.28,0.32,56,60,1.6,76
2024-03-03,1.6503653079595957,2.5673780085731444e-05,1.0697408369054768,1.621751862225034,0.8164272390382559,G1M1_new,g1m1_low_load,0.3,58,11,0.28,0.32,56,60,1.6,76
2024-03-04,1.6503909817396814,2.5673780085731444e-05,1.0697408369054768,1.621751862225034,0.8164272390382559,G1M1_new,g1m1_low_load,0.3,58,11,0.28,0.32,56,60,1.6,76
2024-03-05,1.650416655519767,2.5673780085731444e-05,1.0697408369054768,1.621751862225034,0.8164272390382559,G1M1_new,g1m1_low_load,0.3,58,11,0.28,0.32,56,60,1.6,76
2024-03-06,1.650442329299853,2.5673780085731444e-05,1.0697408369054768,1.621751862225034,0.8164272390382559,G1M1_new,g1m1_low_load,0.3,58,11,0.28,0.32,56,60,1.6,76
2024-03-07,1.6504680030799386,2.5673780085731444e-05,1.0697408369054768,1.621751862225034,0.8164272390382559,G1M1_new,g1m1_low_load,0.3,58,11,0.28,0.32,56,60,1.6,76
2024-03-08,1.6504936768600242,2.5673780085731444e-05,1.0697408369054768,1.621751862225034,0.8164272390382559,G1M1_new,g1m1_low_load,0.3,58,11,0.28,0.32,56,60,1.6,76
2024-03-09,1.65051935064011,2.5673780085731444e-05,1.0697408369054768,1.621751862225034,0.8164272390382559,G1M1_new,g1m1_low_load,0.3,58,11,0.28,0.32,56,60,1.6,76
2024-03-10,1.6505450244201958,2.5673780085731444e-05,1.0697408369054768,1.621751862225034,0.8164272390382559,G1M1_new,g1m1_low_load,0.3,58,11,0.28,0.32,56,60,1.6,76
2024-03-11,1.6505706982002815,2.5673780085731444e-05,1.0697408369054768,1.621751862225034,0.8164272390382559,G1M1_new,g1m1_low_load,0.3,58,11,0.28,0.32,56,60,1.6,76
2024-03-12,1.6505963719803671,2.5673780085731444e-05,1.0697408369054768,1.621751862225034,0.8164272390382559,G1M1_new,g1m1_low_load,0.3,58,11,0.28,0.32,56,60,1.6,76
2024-03-13,1.650622045760453,2.5673780085731444e-05,1.0697408369054768,1.621751862225034,0.8164272390382559,G1M1_new,g1m1_low_load,0.3,58,11,0.28,0.32,56,60,1.6,76
2024-03-14,1.6506477195405387,2.5673780085731444e-05,1.0697408369054768,1.621751862225034,0.8164272390382559,G1M1_new,g1m1_low_load,0.3,58,11,0.28,0.32,56,60,1.6,76
2024-03-15,1.6506733933206243,2.5673780085731444e-05,1.0697408369054768,1.621751862225034,0.8164272390382559,G1M1_new,g1m1_low_load,0.3,58,11,0.28,0.32,56,60,1.6,76
2024-03-16,1.6506990671007102,2.5673780085731444e-05,1.0697408369054768,1.621751862225034,0.8164272390382559,G1M1_new,g1m1_low_load,0.3,58,11,0.28,0.32,56,60,1.6,76
2024-03-17,1.650724740880796,2.5673780085731444e-05,1.0697408369054768,1.621751862225034,0.8164272390382559,G1M1_new,g1m1_low_load,0.3,58,11,0.28,0.32,56,60,1.6,76
2024-03-18,1.6507504146608816,2.5673780085731444e-05,1.0697408369054768,1.621751862225034,0.8164272390382559,G1M1_new,g1m1_low_load,0.3,58,11,0.28,0.32,56,60,1.6,76
2024-03-19,1.6507760884409672,2.5673780085731444e-05,1.0697408369054768,1.621751862225034,0.8164272390382559,G1M1_new,g1m1_low_load,0.3,58,11,0.28,0.32,56,60,1.6,76
2024-03-20,1.6508017622210531,2.5673780085731444e-05,1.0697408369054768,1.621751862225034,0.8164272390382559,G1M1_new,g1m1_low_load,0.3,58,11,0.28,0.32,56,60,1.6,76
2024-03-21,1.6508274360011388,2.5673780085731444e-05,1.0697408369054768,1.621751862225034,0.8164272390382559,G1M1_new,g1m1_low_load,0.3,58,11,0.28,0.32,56,60,1.6,76
2024-03-22,1.6508531097812245,2.5673780085731444e-05,1.0697408369054768,1.621751862225034,0.8164272390382559,G1M1_new,g1m1_low_load,0.3,58,11,0.28,0.32,56,60,1.6,76
2024-03-23,1.6508787835613103,2.5673780085731444e-05,1.0697408369054768,1.621751862225034,0.8164272390382559,G1M1_new,g1m1_low_load,0.3,58,11,0.28,0.32,56,60,1.6,76
2024-03-24,1.650904457341396,2.5673780085731444e-05,1.0697408369054768,1.621751862225034,0.8164272390382559,G1M1_new,g1m1_low_load,0.3,58,11,0.28,0.32,56,60,1.6,76
2024-03-25,1.6509301311214817,2.5673780085731444e-05,1.0697408369054768,1.621751862225034,0.8164272390382559,G1M1_new,g1m1_low_load,0.3,58,11,0.28,0.32,56,60,1.6,76
2024-03-26,1.6509558049015673,2.5673780085731444e-05,1.0697408369054768,1.621751862225034,0.8164272390382559,G1M1_new,g1m1_low_load,0.3,58,11,0.28,0.32,56,60,1.6,76
2024-03-27,1.6509814786816532,2.5673780085731444e-05,1.0697408369054768,1.621751862225034,0.8164272390382559,G1M1_new,g1m1_low_load,0.3,58,11,0.28,0.32,56,60,1.6,76
2024-03-28,1.651007152461739,2.5673780085731444e-05,1.0697408369054768,1.621751862225034,0.8164272390382559,G1M1_new,g1m1_low_load,0.3,58,11,0.28,0.32,56,60,1.6,76
2024-03-29,1.6510328262418246,2.5673780085731444e-05,1.0697408369054768,1.621751862225034,0.8164272390382559,G1M1_new,g1m1_low_load,0.3,58,11,0.28,0.32,56,60,1.6,76
2024-03-30,1.6510585000219105,2.5673780085731444e-05,1.0697408369054768,1.621751862225034,0.8164272390382559,G1M1_new,g1m1_low_load,0.3,58,11,0.28,0.32,56,60,1.6,76
2024-03-31,1.6510841738019961,2.5673780085731444e-05,1.0697408369054768,1.621751862225034,0.8164272390382559,G1M1_new,g1m1_low_load,0.3,58,11,0.28,0.32,56,60,1.6,76
2024-04-01,1.6511098475820818,2.5673780085731444e-05,1.0697408369054768,1.621751862225034,0.8164272390382559,G1M1_new,g1m1_low_load,0.3,58,11,0.28,0.32,56,60,1.6,76
2024-04-02,1.6511355213621675,2.5673780085731444e-05,1.0697408369054768,1.621751862225034,0.8164272390382559,G1M1_new,g1m1_low_load,0.3,58,11,0.28,0.32,56,60,1.6,76
2024-04-03,1.6511611951422533,2.5673780085731444e-05,1.0697408369054768,1.621751862225034,0.8164272390382559,G1M1_new,g1m1_low_load,0.3,58,11,0.28,0.32,56,60,1.6,76
2024-04-04,1.651186868922339,2.5673780085731444e-05,1.0697408369054768,1.621751862225034,0.8164272390382559,G1M1_new,g1m1_low_load,0.3,58,11,0.28,0.32,56,60,1.6,76
2024-04-05,1.6512125427024247,2.5673780085731444e-05,1.0697408369054768,1.621751862225034,0.8164272390382559,G1M1_new,g1m1_low_load,0.3,58,11,0.28,0.32,56,60,1.6,76
2024-04-06,1.6512382164825106,2.5673780085731444e-05,1.0697408369054768,1.621751862225034,0.8164272390382559,G1M1_new,g1m1_low_load,0.3,58,11,0.28,0.32,56,60,1.6,76
2024-04-07,1.6512638902625962,2.5673780085731444e-05,1.0697408369054768,1.621751862225034,0.8164272390382559,G1M1_new,g1m1_low_load,0.3,58,11,0.28,0.32,56,60,1.6,76
2024-04-08,1.651289564042682,2.5673780085731444e-05,1.0697408369054768,1.621751862225034,0.8164272390382559,G1M1_new,g1m1_low_load,0.3,58,11,0.28,0.32,56,60,1.6,76
2024-04-09,1.6513152378227678,2.5673780085731444e-05,1.0697408369054768,1.621751862225034,0.8164272390382559,G1M1_new,g1m1_low_load,0.3,58,11,0.28,0.32,56,60,1.6,76
2024-04-10,1.6513409116028535,2.5673780085731444e-05,1.0697408369054768,1.621751862225034,0.8164272390382559,G1M1_new,g1m1_low_load,0.3,58,11,0.28,0.32,56,60,1.6,76
2024-04-11,1.6513665853829391,2.5673780085731444e-05,1.0697408369054768,1.621751862225034,0.8164272390382559,G1M1_new,g1m1_low_load,0.3,58,11,0.28,0.32,56,60,1.6,76
2024-04-12,1.6513922591630248,2.5673780085731444e-05,1.0697408369054768,1.621751862225034,0.8164272390382559,G1M1_new,g1m1_low_load,0.3,58,11,0.28,0.32,56,60,1.6,76
2024-04-13,1.6514179329431107,2.5673780085731444e-05,1.0697408369054768,1.621751862225034,0.8164272390382559,G1M1_new,g1m1_low_load,0.3,58,11,0.28,0.32,56,60,1.6,76
2024-04-14,1.6514436067231963,2.5673780085731444e-05,1.0697408369054768,1.621751862225034,0.8164272390382559,G1M1_new,g1m1_low_load,0.3,58,11,0.28,0.32,56,60,1.6,76
2024-04-15,1.651469280503282,2.5673780085731444e-05,1.0697408369054768,1.621751862225034,0.8164272390382559,G1M1_new,g1m1_low_load,0.3,58,11,0.28,0.32,56,60,1.6,76
2024-04-16,1.651494954283368,2.5673780085731444e-05,1.0697408369054768,1.621751862225034,0.8164272390382559,G1M1_new,g1m1_low_load,0.3,58,11,0.28,0.32,56,60,1.6,76
2024-04-17,1.6515206280634536,2.5673780085731444e-05,1.0697408369054768,1.621751862225034,0.8164272390382559,G1M1_new,g1m1_low_load,0.3,58,11,0.28,0.32,56,60,1.6,76
2024-04-18,1.6515463018435392,2.5673780085731444e-05,1.0697408369054768,1.621751862225034,0.8164272390382559,G1M1_new,g1m1_low_load,0.3,58,11,0.28,0.32,56,60,1.6,76
2024-04-19,1.651571975623625,2.5673780085731444e-05,1.0697408369054768,1.621751862225034,0.8164272390382559,G1M1_new,g1m1_low_load,0.3,58,11,0.28,0.32,56,60,1.6,76
2024-04-20,1.6515976494037108,2.5673780085731444e-05,1.0697408369054768,1.621751862225034,0.8164272390382559,G1M1_new,g1m1_low_load,0.3,58,11,0.28,0.32,56,60,1.6,76
2024-04-21,1.6516233231837965,2.5673780085731444e-05,1.0697408369054768,1.621751862225034,0.8164272390382559,G1M1_new,g1m1_low_load,0.3,58,11,0.28,0.32,56,60,1.6,76
2024-04-22,1.6516489969638821,2.5673780085731444e-05,1.0697408369054768,1.621751862225034,0.8164272390382559,G1M1_new,g1m1_low_load,0.3,58,11,0.28,0.32,56,60,1.6,76
2024-04-23,1.651674670743968,2.5673780085731444e-05,1.0697408369054768,1.621751862225034,0.8164272390382559,G1M1_new,g1m1_low_load,0.3,58,11,0.28,0.32,56,60,1.6,76
2024-04-24,1.6517003445240537,2.5673780085731444e-05,1.0697408369054768,1.621751862225034,0.8164272390382559,G1M1_new,g1m1_low_load,0.3,58,11,0.28,0.32,56,60,1.6,76
2024-04-25,1.6517260183041393,2.5673780085731444e-05,1.0697408369054768,1.621751862225034,0.8164272390382559,G1M1_new,g1m1_low_load,0.3,58,11,0.28,0.32,56,60,1.6,76
2024-04-26,1.651751692084225,2.5673780085731444e-05,1.0697408369054768,1.621751862225034,0.8164272390382559,G1M1_new,g1m1_low_load,0.3,58,11,0.28,0.32,56,60,1.6,76
2024-04-27,1.651777365864311,2.5673780085731444e-05,1.0697408369054768,1.621751862225034,0.8164272390382559,G1M1_new,g1m1_low_load,0.3,58,11,0.28,0.32,56,60,1.6,76
2024-04-28,1.6518030396443966,2.5673780085731444e-05,1.0697408369054768,1.621751862225034,0.8164272390382559,G1M1_new,g1m1_low_load,0.3,58,11,0.28,0.32,56,60,1.6,76
2024-04-29,1.6518287134244822,2.5673780085731444e-05,1.0697408369054768,1.621751862225034,0.8164272390382559,G1M1_new,g1m1_low_load,0.3,58,11,0.28,0.32,56,60,1.6,76
2024-04-30,1.6518543872045681,2.5673780085731444e-05,1.0697408369054768,1.621751862225034,0.8164272390382559,G1M1_new,g1m1_low_load,0.3,58,11,0.28,0.32,56,60,1.6,76
2024-05-01,1.6518800609846538,2.5673780085731444e-05,1.0697408369054768,1.621751862225034,0.8164272390382559,G1M1_new,g1m1_low_load,0.3,58,11,0.28,0.32,56,60,1.6,76
2024-05-02,1.6519057347647395,2.5673780085731444e-05,1.0697408369054768,1.621751862225034,0.8164272390382559,G1M1_new,g1m1_low_load,0.3,58,11,0.28,0.32,56,60,1.6,76
2024-05-03,1.6519314085448253,2.5673780085731444e-05,1.0697408369054768,1.621751862225034,0.8164272390382559,G1M1_new,g1m1_low_load,0.3,58,11,0.28,0.32,56,60,1.6,76
2024-05-04,1.651957082324911,2.5673780085731444e-05,1.0697408369054768,1.621751862225034,0.8164272390382559,G1M1_new,g1m1_low_load,0.3,58,11,0.28,0.32,56,60,1.6,76
2024-05-05,1.6519827561049967,2.5673780085731444e-05,1.0697408369054768,1.621751862225034,0.8164272390382559,G1M1_new,g1m1_low_load,0.3,58,11,0.28,0.32,56,60,1.6,76
2024-05-06,1.6520084298850823,2.5673780085731444e-05,1.0697408369054768,1.621751862225034,0.8164272390382559,G1M1_new,g1m1_low_load,0.3,58,11,0.28,0.32,56,60,1.6,76
2024-05-07,1.6520341036651682,2.5673780085731444e-05,1.0697408369054768,1.621751862225034,0.8164272390382559,G1M1_new,g1m1_low_load,0.3,58,11,0.28,0.32,56,60,1.6,76
2024-05-08,1.652059777445254,2.5673780085731444e-05,1.0697408369054768,1.621751862225034,0.8164272390382559,G1M1_new,g1m1_low_load,0.3,58,11,0.28,0.32,56,60,1.6,76
2024-05-09,1.6520854512253396,2.5673780085731444e-05,1.0697408369054768,1.621751862225034,0.8164272390382559,G1M1_new,g1m1_low_load,0.3,58,11,0.28,0.32,56,60,1.6,76
2024-05-10,1.6521111250054255,2.5673780085731444e-05,1.0697408369054768,1.621751862225034,0.8164272390382559,G1M1_new,g1m1_low_load,0.3,58,11,0.28,0.32,56,60,1.6,76
2024-05-11,1.6521367987855111,2.5673780085731444e-05,1.0697408369054768,1.621751862225034,0.8164272390382559,G1M1_new,g1m1_low_load,0.3,58,11,0.28,0.32,56,60,1.6,76
2024-05-12,1.6521624725655968,2.5673780085731444e-05,1.0697408369054768,1.621751862225034,0.8164272390382559,G1M1_new,g1m1_low_load,0.3,58,11,0.28,0.32,56,60,1.6,76
2024-05-13,1.6521881463456825,2.5673780085731444e-05,1.0697408369054768,1.621751862225034,0.8164272390382559,G1M1_new,g1m1_low_load,0.3,58,11,0.28,0.32,56,60,1.6,76
2024-05-14,1.6522138201257683,2.5673780085731444e-05,1.0697408369054768,1.621751862225034,0.8164272390382559,G1M1_new,g1m1_low_load,0.3,58,11,0.28,0.32,56,60,1.6,76
2024-05-15,1.652239493905854,2.5673780085731444e-05,1.0697408369054768,1.621751862225034,0.8164272390382559,G1M1_new,g1m1_low_load,0.3,58,11,0.28,0.32,56,60,1.6,76
2024-05-16,1.6522651676859397,2.5673780085731444e-05,1.0697408369054768,1.621751862225034,0.8164272390382559,G1M1_new,g1m1_low_load,0.3,58,11,0.28,0.32,56,60,1.6,76
2024-05-17,1.6522908414660256,2.5673780085731444e-05,1.0697408369054768,1.621751862225034,0.8164272390382559,G1M1_new,g1m1_low_load,0.3,58,11,0.28,0.32,56,60,1.6,76
2024-05-18,1.6523165152461112,2.5673780085731444e-05,1.0697408369054768,1.621751862225034,0.8164272390382559,G1M1_new,g1m1_low_load,0.3,58,11,0.28,0.32,56,60,1.6,76
2024-05-19,1.652342189026197,2.5673780085731444e-05,1.0697408369054768,1.621751862225034,0.8164272390382559,G1M1_new,g1m1_low_load,0.3,58,11,0.28,0.32,56,60,1.6,76
2024-05-20,1.6523678628062828,2.5673780085731444e-05,1.0697408369054768,1.621751862225034,0.8164272390382559,G1M1_new,g1m1_low_load,0.3,58,11,0.28,0.32,56,60,1.6,76
2024-05-21,1.6523935365863684,2.5673780085731444e-05,1.0697408369054768,1.621751862225034,0.8164272390382559,G1M1_new,g1m1_low_load,0.3,58,11,0.28,0.32,56,60,1.6,76
2024-05-22,1.6524192103664541,2.5673780085731444e-05,1.0697408369054768,1.621751862225034,0.8164272390382559,G1M1_new,g1m1_low_load,0.3,58,11,0.28,0.32,56,60,1.6,76
2024-05-23,1.6524448841465398,2.5673780085731444e-05,1.0697408369054768,1.621751862225034,0.8164272390382559,G1M1_new,g1m1_low_load,0.3,58,11,0.28,0.32,56,60,1.6,76
2024-05-24,1.6524705579266257,2.5673780085731444e-05,1.0697408369054768,1.621751862225034,0.8164272390382559,G1M1_new,g1m1_low_load,0.3,58,11,0.28,0.32,56,60,1.6,76
2024-05-25,1.6524962317067113,2.5673780085731444e-05,1.0697408369054768,1.621751862225034,0.8164272390382559,G1M1_new,g1m1_low_load,0.3,58,11,0.28,0.32,56,60,1.6,76
2024-05-26,1.652521905486797,2.5673780085731444e-05,1.0697408369054768,1.621751862225034,0.8164272390382559,G1M1_new,g1m1_low_load,0.3,58,11,0.28,0.32,56,60,1.6,76
2024-05-27,1.652547579266883,2.5673780085731444e-05,1.0697408369054768,1.621751862225034,0.8164272390382559,G1M1_new,g1m1_low_load,0.3,58,11,0.28,0.32,56,60,1.6,76
2024-05-28,1.6525732530469686,2.5673780085731444e-05,1.0697408369054768,1.621751862225034,0.8164272390382559,G1M1_new,g1m1_low_load,0.3,58,11,0.28,0.32,56,60,1.6,76
2024-05-29,1.6525989268270542,2.5673780085731444e-05,1.0697408369054768,1.621751862225034,0.8164272390382559,G1M1_new,g1m1_low_load,0.3,58,11,0.28,0.32,56,60,1.6,76
2024-05-30,1.65262460060714,2.5673780085731444e-05,1.0697408369054768,1.621751862225034,0.8164272390382559,G1M1_new,g1m1_low_load,0.3,58,11,0.28,0.32,56,60,1.6,76
2024-05-31,1.6526502743872258,2.5673780085731444e-05,1.0697408369054768,1.621751862225034,0.8164272390382559,G1M1_new,g1m1_low_load,0.3,58,11,0.28,0.32,56,60,1.6,76
2024-06-01,1.6526759481673114,2.5673780085731444e-05,1.0697408369054768,1.621751862225034,0.8164272390382559,G1M1_new,g1m1_low_load,0.3,58,11,0.28,0.32,56,60,1.6,76
2024-06-02,1.6527016219473971,2.5673780085731444e-05,1.0697408369054768,1.621751862225034,0.8164272390382559,G1M1_new,g1m1_low_load,0.3,58,11,0.28,0.32,56,60,1.6,76
2024-06-03,1.652727295727483,2.5673780085731444e-05,1.0697408369054768,1.621751862225034,0.8164272390382559,G1M1_new,g1m1_low_load,0.3,58,11,0.28,0.32,56,60,1.6,76
2024-06-04,1.6527529695075687,2.5673780085731444e-05,1.0697408369054768,1.621751862225034,0.8164272390382559,G1M1_new,g1m1_low_load,0.3,58,11,0.28,0.32,56,60,1.6,76
2024-06-05,1.6527786432876543,2.5673780085731444e-05,1.0697408369054768,1.621751862225034,0.8164272390382559,G1M1_new,g1m1_low_load,0.3,58,11,0.28,0.32,56,60,1.6,76
2024-06-06,1.65280431706774,2.5673780085731444e-05,1.0697408369054768,1.621751862225034,0.8164272390382559,G1M1_new,g1m1_low_load,0.3,58,11,0.28,0.32,56,60,1.6,76
2024-06-07,1.652829990847826,2.5673780085731444e-05,1.0697408369054768,1.621751862225034,0.8164272390382559,G1M1_new,g1m1_low_load,0.3,58,11,0.28,0.32,56,60,1.6,76
2024-06-08,1.6528556646279116,2.5673780085731444e-05,1.0697408369054768,1.621751862225034,0.8164272390382559,G1M1_new,g1m1_low_load,0.3,58,11,0.28,0.32,56,60,1.6,76
2024-06-09,1.6528813384079972,2.5673780085731444e-05,1.0697408369054768,1.621751862225034,0.8164272390382559,G1M1_new,g1m1_low_load,0.3,58,11,0.28,0.32,56,60,1.6,76
2024-06-10,1.6529070121880831,2.5673780085731444e-05,1.0697408369054768,1.621751862225034,0.8164272390382559,G1M1_new,g1m1_low_load,0.3,58,11,0.28,0.32,56,60,1.6,76
2024-06-11,1.6529326859681688,2.5673780085731444e-05,1.0697408369054768,1.621751862225034,0.8164272390382559,G1M1_new,g1m1_low_load,0.3,58,11,0.28,0.32,56,60,1.6,76
2024-06-12,1.6529583597482544,2.5673780085731444e-05,1.0697408369054768,1.621751862225034,0.8164272390382559,G1M1_new,g1m1_low_load,0.3,58,11,0.28,0.32,56,60,1.6,76
2024-06-13,1.6529840335283403,2.5673780085731444e-05,1.0697408369054768,1.621751862225034,0.8164272390382559,G1M1_new,g1m1_low_load,0.3,58,11,0.28,0.32,56,60,1.6,76
2024-06-14,1.653009707308426,2.5673780085731444e-05,1.0697408369054768,1.621751862225034,0.8164272390382559,G1M1_new,g1m1_low_load,0.3,58,11,0.28,0.32,56,60,1.6,76
2024-06-15,1.6530353810885117,2.5673780085731444e-05,1.0697408369054768,1.621751862225034,0.8164272390382559,G1M1_new,g1m1_low_load,0.3,58,11,0.28,0.32,56,60,1.6,76
2024-06-16,1.6530610548685973,2.5673780085731444e-05,1.0697408369054768,1.621751862225034,0.8164272390382559,G1M1_new,g1m1_low_load,0.3,58,11,0.28,0.32,56,60,1.6,76
2024-06-17,1.6530867286486832,2.5673780085731444e-05,1.0697408369054768,1.621751862225034,0.8164272390382559,G1M1_new,g1m1_low_load,0.3,58,11,0.28,0.32,56,60,1.6,76
2024-06-18,1.653112402428769,2.5673780085731444e-05,1.0697408369054768,1.621751862225034,0.8164272390382559,G1M1_new,g1m1_low_load,0.3,58,11,0.28,0.32,56,60,1.6,76
2024-06-19,1.6531380762088546,2.5673780085731444e-05,1.0697408369054768,1.621751862225034,0.8164272390382559,G1M1_new,g1m1_low_load,0.3,58,11,0.28,0.32,56,60,1.6,76
2024-06-20,1.6531637499889404,2.5673780085731444e-05,1.0697408369054768,1.621751862225034,0.8164272390382559,G1M1_new,g1m1_low_load,0.3,58,11,0.28,0.32,56,60,1.6,76
2024-06-21,1.6531894237690261,2.5673780085731444e-05,1.0697408369054768,1.621751862225034,0.8164272390382559,G1M1_new,g1m1_low_load,0.3,58,11,0.28,0.32,56,60,1.6,76
2024-06-22,1.6532150975491118,2.5673780085731444e-05,1.0697408369054768,1.621751862225034,0.8164272390382559,G1M1_new,g1m1_low_load,0.3,58,11,0.28,0.32,56,60,1.6,76
2024-06-23,1.6532407713291974,2.5673780085731444e-05,1.0697408369054768,1.621751862225034,0.8164272390382559,G1M1_new,g1m1_low_load,0.3,58,11,0.28,0.32,56,60,1.6,76
2024-06-24,1.6532664451092833,2.5673780085731444e-05,1.0697408369054768,1.621751862225034,0.8164272390382559,G1M1_new,g1m1_low_load,0.3,58,11,0.28,0.32,56,60,1.6,76
2024-06-25,1.653292118889369,2.5673780085731444e-05,1.0697408369054768,1.621751862225034,0.8164272390382559,G1M1_new,g1m1_low_load,0.3,58,11,0.28,0.32,56,60,1.6,76
2024-06-26,1.6533177926694547,2.5673780085731444e-05,1.0697408369054768,1.621751862225034,0.8164272390382559,G1M1_new,g1m1_low_load,0.3,58,11,0.28,0.32,56,60,1.6,76
2024-06-27,1.6533434664495406,2.5673780085731444e-05,1.0697408369054768,1.621751862225034,0.8164272390382559,G1M1_new,g1m1_low_load,0.3,58,11,0.28,0.32,56,60,1.6,76
2024-06-28,1.6533691402296262,2.5673780085731444e-05,1.0697408369054768,1.621751862225034,0.8164272390382559,G1M1_new,g1m1_low_load,0.3,58,11,0.28,0.32,56,60,1.6,76
2024-06-29,1.6533948140097119,2.5673780085731444e-05,1.0697408369054768,1.621751862225034,0.8164272390382559,G1M1_new,g1m1_low_load,0.3,58,11,0.28,0.32,56,60,1.6,76
2024-06-30,1.6534204877897976,2.5673780085731444e-05,1.0697408369054768,1.621751862225034,0.8164272390382559,G1M1_new,g1m1_low_load,0.3,58,11,0.28,0.32,56,60,1.6,76
2024-07-01,1.6534461615698834,2.5673780085731444e-05,1.0697408369054768,1.621751862225034,0.8164272390382559,G1M1_new,g1m1_low_load,0.3,58,11,0.28,0.32,56,60,1.6,76
2024-07-02,1.653471835349969,2.5673780085731444e-05,1.0697408369054768,1.621751862225034,0.8164272390382559,G1M1_new,g1m1_low_load,0.3,58,11,0.28,0.32,56,60,1.6,76
2024-07-03,1.6534975091300548,2.5673780085731444e-05,1.0697408369054768,1.621751862225034,0.8164272390382559,G1M1_new,g1m1_low_load,0.3,58,11,0.28,0.32,56,60,1.6,76
2024-07-04,1.6535231829101407,2.5673780085731444e-05,1.0697408369054768,1.621751862225034,0.8164272390382559,G1M1_new,g1m1_low_load,0.3,58,11,0.28,0.32,56,60,1.6,76
2024-07-05,1.6535488566902263,2.5673780085731444e-05,1.0697408369054768,1.621751862225034,0.8164272390382559,G1M1_new,g1m1_low_load,0.3,58,11,0.28,0.32,56,60,1.6,76
2024-07-06,1.653574530470312,2.5673780085731444e-05,1.0697408369054768,1.621751862225034,0.8164272390382559,G1M1_new,g1m1_low_load,0.3,58,11,0.28,0.32,56,60,1.6,76
2024-07-07,1.6536002042503979,2.5673780085731444e-05,1.0697408369054768,1.621751862225034,0.8164272390382559,G1M1_new,g1m1_low_load,0.3,58,11,0.28,0.32,56,60,1.6,76
2024-07-08,1.6536258780304836,2.5673780085731444e-05,1.0697408369054768,1.621751862225034,0.8164272390382559,G1M1_new,g1m1_low_load,0.3,58,11,0.28,0.32,56,60,1.6,76
2024-07-09,1.6536515518105692,2.5673780085731444e-05,1.0697408369054768,1.621751862225034,0.8164272390382559,G1M1_new,g1m1_low_load,0.3,58,11,0.28,0.32,56,60,1.6,76
2024-07-10,1.6536772255906549,2.5673780085731444e-05,1.0697408369054768,1.621751862225034,0.8164272390382559,G1M1_new,g1m1_low_load,0.3,58,11,0.28,0.32,56,60,1.6,76
2024-07-11,1.6537028993707408,2.5673780085731444e-05,1.0697408369054768,1.621751862225034,0.8164272390382559,G1M1_new,g1m1_low_load,0.3,58,11,0.28,0.32,56,60,1.6,76
2024-07-12,1.6537285731508264,2.5673780085731444e-05,1.0697408369054768,1.621751862225034,0.8164272390382559,G1M1_new,g1m1_low_load,0.3,58,11,0.28,0.32,56,60,1.6,76
2024-07-13,1.653754246930912,2.5673780085731444e-05,1.0697408369054768,1.621751862225034,0.8164272390382559,G1M1_new,g1m1_low_load,0.3,58,11,0.28,0.32,56,60,1.6,76
2024-07-14,1.653779920710998,2.5673780085731444e-05,1.0697408369054768,1.621751862225034,0.8164272390382559,G1M1_new,g1m1_low_load,0.3,58,11,0.28,0.32,56,60,1.6,76
2024-07-15,1.6538055944910837,2.5673780085731444e-05,1.0697408369054768,1.621751862225034,0.8164272390382559,G1M1_new,g1m1_low_load,0.3,58,11,0.28,0.32,56,60,1.6,76
2024-07-16,1.6538312682711693,2.5673780085731444e-05,1.0697408369054768,1.621751862225034,0.8164272390382559,G1M1_new,g1m1_low_load,0.3,58,11,0.28,0.32,56,60,1.6,76
2024-07-17,1.653856942051255,2.5673780085731444e-05,1.0697408369054768,1.621751862225034,0.8164272390382559,G1M1_new,g1m1_low_load,0.3,58,11,0.28,0.32,56,60,1.6,76
2024-07-18,1.6538826158313409,2.5673780085731444e-05,1.0697408369054768,1.621751862225034,0.8164272390382559,G1M1_new,g1m1_low_load,0.3,58,11,0.28,0.32,56,60,1.6,76
2024-07-19,1.6539082896114266,2.5673780085731444e-05,1.0697408369054768,1.621751862225034,0.8164272390382559,G1M1_new,g1m1_low_load,0.3,58,11,0.28,0.32,56,60,1.6,76
2024-07-20,1.6539339633915122,2.5673780085731444e-05,1.0697408369054768,1.621751862225034,0.8164272390382559,G1M1_new,g1m1_low_load,0.3,58,11,0.28,0.32,56,60,1.6,76
2024-07-21,1.653959637171598,2.5673780085731444e-05,1.0697408369054768,1.621751862225034,0.8164272390382559,G1M1_new,g1m1_low_load,0.3,58,11,0.28,0.32,56,60,1.6,76
2024-07-22,1.6539853109516838,2.5673780085731444e-05,1.0697408369054768,1.621751862225034,0.8164272390382559,G1M1_new,g1m1_low_load,0.3,58,11,0.28,0.32,56,60,1.6,76
2024-07-23,1.6540109847317694,2.5673780085731444e-05,1.0697408369054768,1.621751862225034,0.8164272390382559,G1M1_new,g1m1_low_load,0.3,58,11,0.28,0.32,56,60,1.6,76
2024-07-24,1.6540366585118553,2.5673780085731444e-05,1.0697408369054768,1.621751862225034,0.8164272390382559,G1M1_new,g1m1_low_load,0.3,58,11,0.28,0.32,56,60,1.6,76
2024-07-25,1.654062332291941,2.5673780085731444e-05,1.0697408369054768,1.621751862225034,0.8164272390382559,G1M1_new,g1m1_low_load,0.3,58,11,0.28,0.32,56,60,1.6,76
2024-07-26,1.6540880060720267,2.5673780085731444e-05,1.0697408369054768,1.621751862225034,0.8164272390382559,G1M1_new,g1m1_low_load,0.3,58,11,0.28,0.32,56,60,1.6,76
2024-07-27,1.6541136798521123,2.5673780085731444e-05,1.0697408369054768,1.621751862225034,0.8164272390382559,G1M1_new,g1m1_low_load,0.3,58,11,0.28,0.32,56,60,1.6,76
2024-07-28,1.6541393536321982,2.5673780085731444e-05,1.0697408369054768,1.621751862225034,0.8164272390382559,G1M1_new,g1m1_low_load,0.3,58,11,0.28,0.32,56,60,1.6,76
2024-07-29,1.6541650274122839,2.5673780085731444e-05,1.0697408369054768,1.621751862225034,0.8164272390382559,G1M1_new,g1m1_low_load,0.3,58,11,0.28,0.32,56,60,1.6,76
2024-07-30,1.6541907011923696,2.5673780085731444e-05,1.0697408369054768,1.621751862225034,0.8164272390382559,G1M1_new,g1m1_low_load,0.3,58,11,0.28,0.32,56,60,1.6,76
2024-07-31,1.6542163749724554,2.5673780085731444e-05,1.0697408369054768,1.621751862225034,0.8164272390382559,G1M1_new,g1m1_low_load,0.3,58,11,0.28,0.32,56,60,1.6,76
2024-08-01,1.654242048752541,2.5673780085731444e-05,1.0697408369054768,1.621751862225034,0.8164272390382559,G1M1_new,g1m1_low_load,0.3,58,11,0.28,0.32,56,60,1.6,76
2024-08-02,1.6542677225326268,2.5673780085731444e-05,1.0697408369054768,1.621751862225034,0.8164272390382559,G1M1_new,g1m1_low_load,0.3,58,11,0.28,0.32,56,60,1.6,76
2024-08-03,1.6542933963127124,2.5673780085731444e-05,1.0697408369054768,1.621751862225034,0.8164272390382559,G1M1_new,g1m1_low_load,0.3,58,11,0.28,0.32,56,60,1.6,76
2024-08-04,1.6543190700927983,2.5673780085731444e-05,1.0697408369054768,1.621751862225034,0.8164272390382559,G1M1_new,g1m1_low_load,0.3,58,11,0.28,0.32,56,60,1.6,76
2024-08-05,1.654344743872884,2.5673780085731444e-05,1.0697408369054768,1.621751862225034,0.8164272390382559,G1M1_new,g1m1_low_load,0.3,58,11,0.28,0.32,56,60,1.6,76
2024-08-06,1.6543704176529697,2.5673780085731444e-05,1.0697408369054768,1.621751862225034,0.8164272390382559,G1M1_new,g1m1_low_load,0.3,58,11,0.28,0.32,56,60,1.6,76
2024-08-07,1.6543960914330555,2.5673780085731444e-05,1.0697408369054768,1.621751862225034,0.8164272390382559,G1M1_new,g1m1_low_load,0.3,58,11,0.28,0.32,56,60,1.6,76
2024-08-08,1.6544217652131412,2.5673780085731444e-05,1.0697408369054768,1.621751862225034,0.8164272390382559,G1M1_new,g1m1_low_load,0.3,58,11,0.28,0.32,56,60,1.6,76
2024-08-09,1.6544474389932269,2.5673780085731444e-05,1.0697408369054768,1.621751862225034,0.8164272390382559,G1M1_new,g1m1_low_load,0.3,58,11,0.28,0.32,56,60,1.6,76
2024-08-10,1.6544731127733125,2.5673780085731444e-05,1.0697408369054768,1.621751862225034,0.8164272390382559,G1M1_new,g1m1_low_load,0.3,58,11,0.28,0.32,56,60,1.6,76
2024-08-11,1.6544987865533984,2.5673780085731444e-05,1.0697408369054768,1.621751862225034,0.8164272390382559,G1M1_new,g1m1_low_load,0.3,58,11,0.28,0.32,56,60,1.6,76
2024-08-12,1.654524460333484,2.5673780085731444e-05,1.0697408369054768,1.621751862225034,0.8164272390382559,G1M1_new,g1m1_low_load,0.3,58,11,0.28,0.32,56,60,1.6,76
2024-08-13,1.6545501341135698,2.5673780085731444e-05,1.0697408369054768,1.621751862225034,0.8164272390382559,G1M1_new,g1m1_low_load,0.3,58,11,0.28,0.32,56,60,1.6,76
2024-08-14,1.6545758078936557,2.5673780085731444e-05,1.0697408369054768,1.621751862225034,0.8164272390382559,G1M1_new,g1m1_low_load,0.3,58,11,0.28,0.32,56,60,1.6,76
2024-08-15,1.6546014816737413,2.5673780085731444e-05,1.0697408369054768,1.621751862225034,0.8164272390382559,G1M1_new,g1m1_low_load,0.3,58,11,0.28,0.32,56,60,1.6,76
2024-08-16,1.654627155453827,2.5673780085731444e-05,1.0697408369054768,1.621751862225034,0.8164272390382559,G1M1_new,g1m1_low_load,0.3,58,11,0.28,0.32,56,60,1.6,76
2024-08-17,1.6546528292339127,2.5673780085731444e-05,1.0697408369054768,1.621751862225034,0.8164272390382559,G1M1_new,g1m1_low_load,0.3,58,11,0.28,0.32,56,60,1.6,76
2024-08-18,1.6546785030139985,2.5673780085731444e-05,1.0697408369054768,1.621751862225034,0.8164272390382559,G1M1_new,g1m1_low_load,0.3,58,11,0.28,0.32,56,60,1.6,76
2024-08-19,1.6547041767940842,2.5673780085731444e-05,1.0697408369054768,1.621751862225034,0.8164272390382559,G1M1_new,g1m1_low_load,0.3,58,11,0.28,0.32,56,60,1.6,76
2024-08-20,1.6547298505741699,2.5673780085731444e-05,1.0697408369054768,1.621751862225034,0.8164272390382559,G1M1_new,g1m1_low_load,0.3,58,11,0.28,0.32,56,60,1.6,76
2024-08-21,1.6547555243542558,2.5673780085731444e-05,1.0697408369054768,1.621751862225034,0.8164272390382559,G1M1_new,g1m1_low_load,0.3,58,11,0.28,0.32,56,60,1.6,76
2024-08-22,1.6547811981343414,2.5673780085731444e-05,1.0697408369054768,1.621751862225034,0.8164272390382559,G1M1_new,g1m1_low_load,0.3,58,11,0.28,0.32,56,60,1.6,76
2024-08-23,1.654806871914427,2.5673780085731444e-05,1.0697408369054768,1.621751862225034,0.8164272390382559,G1M1_new,g1m1_low_load,0.3,58,11,0.28,0.32,56,60,1.6,76
2024-08-24,1.654832545694513,2.5673780085731444e-05,1.0697408369054768,1.621751862225034,0.8164272390382559,G1M1_new,g1m1_low_load,0.3,58,11,0.28,0.32,56,60,1.6,76
2024-08-25,1.6548582194745987,2.5673780085731444e-05,1.0697408369054768,1.621751862225034,0.8164272390382559,G1M1_new,g1m1_low_load,0.3,58,11,0.28,0.32,56,60,1.6,76
2024-08-26,1.6548838932546843,2.5673780085731444e-05,1.0697408369054768,1.621751862225034,0.8164272390382559,G1M1_new,g1m1_low_load,0.3,58,11,0.28,0.32,56,60,1.6,76
2024-08-27,1.65490956703477,2.5673780085731444e-05,1.0697408369054768,1.621751862225034,0.8164272390382559,G1M1_new,g1m1_low_load,0.3,58,11,0.28,0.32,56,60,1.6,76
2024-08-28,1.6549352408148559,2.5673780085731444e-05,1.0697408369054768,1.621751862225034,0.8164272390382559,G1M1_new,g1m1_low_load,0.3,58,11,0.28,0.32,56,60,1.6,76
2024-08-29,1.6549609145949415,2.5673780085731444e-05,1.0697408369054768,1.621751862225034,0.8164272390382559,G1M1_new,g1m1_low_load,0.3,58,11,0.28,0.32,56,60,1.6,76
2024-08-30,1.6549865883750272,2.5673780085731444e-05,1.0697408369054768,1.621751862225034,0.8164272390382559,G1M1_new,g1m1_low_load,0.3,58,11,0.28,0.32,56,60,1.6,76
2024-08-31,1.655012262155113,2.5673780085731444e-05,1.0697408369054768,1.621751862225034,0.8164272390382559,G1M1_new,g1m1_low_load,0.3,58,11,0.28,0.32,56,60,1.6,76
2024-09-01,1.6550379359351988,2.5673780085731444e-05,1.0697408369054768,1.621751862225034,0.8164272390382559,G1M1_new,g1m1_low_load,0.3,58,11,0.28,0.32,56,60,1.6,76
2024-09-02,1.6550636097152844,2.5673780085731444e-05,1.0697408369054768,1.621751862225034,0.8164272390382559,G1M1_new,g1m1_low_load,0.3,58,11,0.28,0.32,56,60,1.6,76
2024-09-03,1.65508928349537,2.5673780085731444e-05,1.0697408369054768,1.621751862225034,0.8164272390382559,G1M1_new,g1m1_low_load,0.3,58,11,0.28,0.32,56,60,1.6,76
2024-09-04,1.655114957275456,2.5673780085731444e-05,1.0697408369054768,1.621751862225034,0.8164272390382559,G1M1_new,g1m1_low_load,0.3,58,11,0.28,0.32,56,60,1.6,76
2024-09-05,1.6551406310555417,2.5673780085731444e-05,1.0697408369054768,1.621751862225034,0.8164272390382559,G1M1_new,g1m1_low_load,0.3,58,11,0.28,0.32,56,60,1.6,76
2024-09-06,1.6551663048356273,2.5673780085731444e-05,1.0697408369054768,1.621751862225034,0.8164272390382559,G1M1_new,g1m1_low_load,0.3,58,11,0.28,0.32,56,60,1.6,76
2024-09-07,1.6551919786157132,2.5673780085731444e-05,1.0697408369054768,1.621751862225034,0.8164272390382559,G1M1_new,g1m1_low_load,0.3,58,11,0.28,0.32,56,60,1.6,76
2024-09-08,1.6552176523957989,2.5673780085731444e-05,1.0697408369054768,1.621751862225034,0.8164272390382559,G1M1_new,g1m1_low_load,0.3,58,11,0.28,0.32,56,60,1.6,76
2024-09-09,1.6552433261758845,2.5673780085731444e-05,1.0697408369054768,1.621751862225034,0.8164272390382559,G1M1_new,g1m1_low_load,0.3,58,11,0.28,0.32,56,60,1.6,76
2024-09-10,1.6552689999559704,2.5673780085731444e-05,1.0697408369054768,1.621751862225034,0.8164272390382559,G1M1_new,g1m1_low_load,0.3,58,11,0.28,0.32,56,60,1.6,76
2024-09-11,1.655294673736056,2.5673780085731444e-05,1.0697408369054768,1.621751862225034,0.8164272390382559,G1M1_new,g1m1_low_load,0.3,58,11,0.28,0.32,56,60,1.6,76
2024-09-12,1.6553203475161418,2.5673780085731444e-05,1.0697408369054768,1.621751862225034,0.8164272390382559,G1M1_new,g1m1_low_load,0.3,58,11,0.28,0.32,56,60,1.6,76
2024-09-13,1.6553460212962274,2.5673780085731444e-05,1.0697408369054768,1.621751862225034,0.8164272390382559,G1M1_new,g1m1_low_load,0.3,58,11,0.28,0.32,56,60,1.6,76
2024-09-14,1.6553716950763133,2.5673780085731444e-05,1.0697408369054768,1.621751862225034,0.8164272390382559,G1M1_new,g1m1_low_load,0.3,58,11,0.28,0.32,56,60,1.6,76
2024-09-15,1.655397368856399,2.5673780085731444e-05,1.0697408369054768,1.621751862225034,0.8164272390382559,G1M1_new,g1m1_low_load,0.3,58,11,0.28,0.32,56,60,1.6,76
2024-09-16,1.6554230426364847,2.5673780085731444e-05,1.0697408369054768,1.621751862225034,0.8164272390382559,G1M1_new,g1m1_low_load,0.3,58,11,0.28,0.32,56,60,1.6,76
2024-09-17,1.6554487164165705,2.5673780085731444e-05,1.0697408369054768,1.621751862225034,0.8164272390382559,G1M1_new,g1m1_low_load,0.3,58,11,0.28,0.32,56,60,1.6,76
2024-09-18,1.6554743901966562,2.5673780085731444e-05,1.0697408369054768,1.621751862225034,0.8164272390382559,G1M1_new,g1m1_low_load,0.3,58,11,0.28,0.32,56,60,1.6,76
2024-09-19,1.6555000639767419,2.5673780085731444e-05,1.0697408369054768,1.621751862225034,0.8164272390382559,G1M1_new,g1m1_low_load,0.3,58,11,0.28,0.32,56,60,1.6,76
2024-09-20,1.6555257377568275,2.5673780085731444e-05,1.0697408369054768,1.621751862225034,0.8164272390382559,G1M1_new,g1m1_low_load,0.3,58,11,0.28,0.32,56,60,1.6,76
2024-09-21,1.6555514115369134,2.5673780085731444e-05,1.0697408369054768,1.621751862225034,0.8164272390382559,G1M1_new,g1m1_low_load,0.3,58,11,0.28,0.32,56,60,1.6,76
2024-09-22,1.655577085316999,2.5673780085731444e-05,1.0697408369054768,1.621751862225034,0.8164272390382559,G1M1_new,g1m1_low_load,0.3,58,11,0.28,0.32,56,60,1.6,76
2024-09-23,1.6556027590970848,2.5673780085731444e-05,1.0697408369054768,1.621751862225034,0.8164272390382559,G1M1_new,g1m1_low_load,0.3,58,11,0.28,0.32,56,60,1.6,76
2024-09-24,1.6556284328771707,2.5673780085731444e-05,1.0697408369054768,1.621751862225034,0.8164272390382559,G1M1_new,g1m1_low_load,0.3,58,11,0.28,0.32,56,60,1.6,76
2024-09-25,1.6556541066572563,2.5673780085731444e-05,1.0697408369054768,1.621751862225034,0.8164272390382559,G1M1_new,g1m1_low_load,0.3,58,11,0.28,0.32,56,60,1.6,76
2024-09-26,1.655679780437342,2.5673780085731444e-05,1.0697408369054768,1.621751862225034,0.8164272390382559,G1M1_new,g1m1_low_load,0.3,58,11,0.28,0.32,56,60,1.6,76
2024-09-27,1.6557054542174279,2.5673780085731444e-05,1.0697408369054768,1.621751862225034,0.8164272390382559,G1M1_new,g1m1_low_load,0.3,58,11,0.28,0.32,56,60,1.6,76
2024-09-28,1.6557311279975135,2.5673780085731444e-05,1.0697408369054768,1.621751862225034,0.8164272390382559,G1M1_new,g1m1_low_load,0.3,58,11,0.28,0.32,56,60,1.6,76
2024-09-29,1.6557568017775992,2.5673780085731444e-05,1.0697408369054768,1.621751862225034,0.8164272390382559,G1M1_new,g1m1_low_load,0.3,58,11,0.28,0.32,56,60,1.6,76
2024-09-30,1.6557824755576849,2.5673780085731444e-05,1.0697408369054768,1.621751862225034,0.8164272390382559,G1M1_new,g1m1_low_load,0.3,58,11,0.28,0.32,56,60,1.6,76
2024-10-01,1.6558081493377708,2.5673780085731444e-05,1.0697408369054768,1.621751862225034,0.8164272390382559,G1M1_new,g1m1_low_load,0.3,58,11,0.28,0.32,56,60,1.6,76
2024-10-02,1.6558338231178564,2.5673780085731444e-05,1.0697408369054768,1.621751862225034,0.8164272390382559,G1M1_new,g1m1_low_load,0.3,58,11,0.28,0.32,56,60,1.6,76
2024-10-03,1.655859496897942,2.5673780085731444e-05,1.0697408369054768,1.621751862225034,0.8164272390382559,G1M1_new,g1m1_low_load,0.3,58,11,0.28,0.32,56,60,1.6,76
2024-10-04,1.655885170678028,2.5673780085731444e-05,1.0697408369054768,1.621751862225034,0.8164272390382559,G1M1_new,g1m1_low_load,0.3,58,11,0.28,0.32,56,60,1.6,76
2024-10-05,1.6559108444581137,2.5673780085731444e-05,1.0697408369054768,1.621751862225034,0.8164272390382559,G1M1_new,g1m1_low_load,0.3,58,11,0.28,0.32,56,60,1.6,76
2024-10-06,1.6559365182381993,2.5673780085731444e-05,1.0697408369054768,1.621751862225034,0.8164272390382559,G1M1_new,g1m1_low_load,0.3,58,11,0.28,0.32,56,60,1.6,76
2024-10-07,1.655962192018285,2.5673780085731444e-05,1.0697408369054768,1.621751862225034,0.8164272390382559,G1M1_new,g1m1_low_load,0.3,58,11,0.28,0.32,56,60,1.6,76
2024-10-08,1.6559878657983709,2.5673780085731444e-05,1.0697408369054768,1.621751862225034,0.8164272390382559,G1M1_new,g1m1_low_load,0.3,58,11,0.28,0.32,56,60,1.6,76
2024-10-09,1.6560135395784565,2.5673780085731444e-05,1.0697408369054768,1.621751862225034,0.8164272390382559,G1M1_new,g1m1_low_load,0.3,58,11,0.28,0.32,56,60,1.6,76
2024-10-10,1.6560392133585422,2.5673780085731444e-05,1.0697408369054768,1.621751862225034,0.8164272390382559,G1M1_new,g1m1_low_load,0.3,58,11,0.28,0.32,56,60,1.6,76
2024-10-11,1.656064887138628,2.5673780085731444e-05,1.0697408369054768,1.621751862225034,0.8164272390382559,G1M1_new,g1m1_low_load,0.3,58,11,0.28,0.32,56,60,1.6,76
2024-10-12,1.6560905609187138,2.5673780085731444e-05,1.0697408369054768,1.621751862225034,0.8164272390382559,G1M1_new,g1m1_low_load,0.3,58,11,0.28,0.32,56,60,1.6,76
2024-10-13,1.6561162346987994,2.5673780085731444e-05,1.0697408369054768,1.621751862225034,0.8164272390382559,G1M1_new,g1m1_low_load,0.3,58,11,0.28,0.32,56,60,1.6,76
2024-10-14,1.656141908478885,2.5673780085731444e-05,1.0697408369054768,1.621751862225034,0.8164272390382559,G1M1_new,g1m1_low_load,0.3,58,11,0.28,0.32,56,60,1.6,76
2024-10-15,1.656167582258971,2.5673780085731444e-05,1.0697408369054768,1.621751862225034,0.8164272390382559,G1M1_new,g1m1_low_load,0.3,58,11,0.28,0.32,56,60,1.6,76
2024-10-16,1.6561932560390566,2.5673780085731444e-05,1.0697408369054768,1.621751862225034,0.8164272390382559,G1M1_new,g1m1_low_load,0.3,58,11,0.28,0.32,56,60,1.6,76
2024-10-17,1.6562189298191423,2.5673780085731444e-05,1.0697408369054768,1.621751862225034,0.8164272390382559,G1M1_new,g1m1_low_load,0.3,58,11,0.28,0.32,56,60,1.6,76
2024-10-18,1.6562446035992282,2.5673780085731444e-05,1.0697408369054768,1.621751862225034,0.8164272390382559,G1M1_new,g1m1_low_load,0.3,58,11,0.28,0.32,56,60,1.6,76
2024-10-19,1.6562702773793139,2.5673780085731444e-05,1.0697408369054768,1.621751862225034,0.8164272390382559,G1M1_new,g1m1_low_load,0.3,58,11,0.28,0.32,56,60,1.6,76
2024-10-20,1.6562959511593995,2.5673780085731444e-05,1.0697408369054768,1.621751862225034,0.8164272390382559,G1M1_new,g1m1_low_load,0.3,58,11,0.28,0.32,56,60,1.6,76
2024-10-21,1.6563216249394852,2.5673780085731444e-05,1.0697408369054768,1.621751862225034,0.8164272390382559,G1M1_new,g1m1_low_load,0.3,58,11,0.28,0.32,56,60,1.6,76
2024-10-22,1.656347298719571,2.5673780085731444e-05,1.0697408369054768,1.621751862225034,0.8164272390382559,G1M1_new,g1m1_low_load,0.3,58,11,0.28,0.32,56,60,1.6,76
2024-10-23,1.6563729724996568,2.5673780085731444e-05,1.0697408369054768,1.621751862225034,0.8164272390382559,G1M1_new,g1m1_low_load,0.3,58,11,0.28,0.32,56,60,1.6,76
2024-10-24,1.6563986462797424,2.5673780085731444e-05,1.0697408369054768,1.621751862225034,0.8164272390382559,G1M1_new,g1m1_low_load,0.3,58,11,0.28,0.32,56,60,1.6,76
2024-10-25,1.6564243200598283,2.5673780085731444e-05,1.0697408369054768,1.621751862225034,0.8164272390382559,G1M1_new,g1m1_low_load,0.3,58,11,0.28,0.32,56,60,1.6,76
2024-10-26,1.656449993839914,2.5673780085731444e-05,1.0697408369054768,1.621751862225034,0.8164272390382559,G1M1_new,g1m1_low_load,0.3,58,11,0.28,0.32,56,60,1.6,76
2024-10-27,1.6564756676199996,2.5673780085731444e-05,1.0697408369054768,1.621751862225034,0.8164272390382559,G1M1_new,g1m1_low_load,0.3,58,11,0.28,0.32,56,60,1.6,76
2024-10-28,1.6565013414000855,2.5673780085731444e-05,1.0697408369054768,1.621751862225034,0.8164272390382559,G1M1_new,g1m1_low_load,0.3,58,11,0.28,0.32,56,60,1.6,76
2024-10-29,1.6565270151801712,2.5673780085731444e-05,1.0697408369054768,1.621751862225034,0.8164272390382559,G1M1_new,g1m1_low_load,0.3,58,11,0.28,0.32,56,60,1.6,76
2024-10-30,1.6565526889602569,2.5673780085731444e-05,1.0697408369054768,1.621751862225034,0.8164272390382559,G1M1_new,g1m1_low_load,0.3,58,11,0.28,0.32,56,60,1.6,76
2024-10-31,1.6565783627403425,2.5673780085731444e-05,1.0697408369054768,1.621751862225034,0.8164272390382559,G1M1_new,g1m1_low_load,0.3,58,11,0.28,0.32,56,60,1.6,76
2024-11-01,1.6566040365204284,2.5673780085731444e-05,1.0697408369054768,1.621751862225034,0.8164272390382559,G1M1_new,g1m1_low_load,0.3,58,11,0.28,0.32,56,60,1.6,76
2024-11-02,1.656629710300514,2.5673780085731444e-05,1.0697408369054768,1.621751862225034,0.8164272390382559,G1M1_new,g1m1_low_load,0.3,58,11,0.28,0.32,56,60,1.6,76
2024-11-03,1.6566553840805998,2.5673780085731444e-05,1.0697408369054768,1.621751862225034,0.8164272390382559,G1M1_new,g1m1_low_load,0.3,58,11,0.28,0.32,56,60,1.6,76
2024-11-04,1.6566810578606856,2.5673780085731444e-05,1.0697408369054768,1.621751862225034,0.8164272390382559,G1M1_new,g1m1_low_load,0.3,58,11,0.28,0.32,56,60,1.6,76
2024-11-05,1.6567067316407713,2.5673780085731444e-05,1.0697408369054768,1.621751862225034,0.8164272390382559,G1M1_new,g1m1_low_load,0.3,58,11,0.28,0.32,56,60,1.6,76
2024-11-06,1.656732405420857,2.5673780085731444e-05,1.0697408369054768,1.621751862225034,0.8164272390382559,G1M1_new,g1m1_low_load,0.3,58,11,0.28,0.32,56,60,1.6,76
2024-11-07,1.6567580792009426,2.5673780085731444e-05,1.0697408369054768,1.621751862225034,0.8164272390382559,G1M1_new,g1m1_low_load,0.3,58,11,0.28,0.32,56,60,1.6,76
2024-11-08,1.6567837529810285,2.5673780085731444e-05,1.0697408369054768,1.621751862225034,0.8164272390382559,G1M1_new,g1m1_low_load,0.3,58,11,0.28,0.32,56,60,1.6,76
2024-11-09,1.6568094267611142,2.5673780085731444e-05,1.0697408369054768,1.621751862225034,0.8164272390382559,G1M1_new,g1m1_low_load,0.3,58,11,0.28,0.32,56,60,1.6,76
2024-11-10,1.6568351005411999,2.5673780085731444e-05,1.0697408369054768,1.621751862225034,0.8164272390382559,G1M1_new,g1m1_low_load,0.3,58,11,0.28,0.32,56,60,1.6,76
2024-11-11,1.6568607743212858,2.5673780085731444e-05,1.0697408369054768,1.621751862225034,0.8164272390382559,G1M1_new,g1m1_low_load,0.3,58,11,0.28,0.32,56,60,1.6,76
2024-11-12,1.6568864481013714,2.5673780085731444e-05,1.0697408369054768,1.621751862225034,0.8164272390382559,G1M1_new,g1m1_low_load,0.3,58,11,0.28,0.32,56,60,1.6,76
2024-11-13,1.656912121881457,2.5673780085731444e-05,1.0697408369054768,1.621751862225034,0.8164272390382559,G1M1_new,g1m1_low_load,0.3,58,11,0.28,0.32,56,60,1.6,76
2024-11-14,1.656937795661543,2.5673780085731444e-05,1.0697408369054768,1.621751862225034,0.8164272390382559,G1M1_new,g1m1_low_load,0.3,58,11,0.28,0.32,56,60,1.6,76
2024-11-15,1.6569634694416286,2.5673780085731444e-05,1.0697408369054768,1.621751862225034,0.8164272390382559,G1M1_new,g1m1_low_load,0.3,58,11,0.28,0.32,56,60,1.6,76
2024-11-16,1.6569891432217143,2.5673780085731444e-05,1.0697408369054768,1.621751862225034,0.8164272390382559,G1M1_new,g1m1_low_load,0.3,58,11,0.28,0.32,56,60,1.6,76
2024-11-17,1.6570148170018,2.5673780085731444e-05,1.0697408369054768,1.621751862225034,0.8164272390382559,G1M1_new,g1m1_low_load,0.3,58,11,0.28,0.32,56,60,1.6,76
2024-11-18,1.6570404907818859,2.5673780085731444e-05,1.0697408369054768,1.621751862225034,0.8164272390382559,G1M1_new,g1m1_low_load,0.3,58,11,0.28,0.32,56,60,1.6,76
2024-11-19,1.6570661645619715,2.5673780085731444e-05,1.0697408369054768,1.621751862225034,0.8164272390382559,G1M1_new,g1m1_low_load,0.3,58,11,0.28,0.32,56,60,1.6,76
2024-11-20,1.6570918383420572,2.5673780085731444e-05,1.0697408369054768,1.621751862225034,0.8164272390382559,G1M1_new,g1m1_low_load,0.3,58,11,0.28,0.32,56,60,1.6,76
2024-11-21,1.657117512122143,2.5673780085731444e-05,1.0697408369054768,1.621751862225034,0.8164272390382559,G1M1_new,g1m1_low_load,0.3,58,11,0.28,0.32,56,60,1.6,76
2024-11-22,1.6571431859022288,2.5673780085731444e-05,1.0697408369054768,1.621751862225034,0.8164272390382559,G1M1_new,g1m1_low_load,0.3,58,11,0.28,0.32,56,60,1.6,76
2024-11-23,1.6571688596823144,2.5673780085731444e-05,1.0697408369054768,1.621751862225034,0.8164272390382559,G1M1_new,g1m1_low_load,0.3,58,11,0.28,0.32,56,60,1.6,76
2024-11-24,1.6571945334624,2.5673780085731444e-05,1.0697408369054768,1.621751862225034,0.8164272390382559,G1M1_new,g1m1_low_load,0.3,58,11,0.28,0.32,56,60,1.6,76
2024-11-25,1.657220207242486,2.5673780085731444e-05,1.0697408369054768,1.621751862225034,0.8164272390382559,G1M1_new,g1m1_low_load,0.3,58,11,0.28,0.32,56,60,1.6,76
2024-11-26,1.6572458810225716,2.5673780085731444e-05,1.0697408369054768,1.621751862225034,0.8164272390382559,G1M1_new,g1m1_low_load,0.3,58,11,0.28,0.32,56,60,1.6,76
2024-11-27,1.6572715548026573,2.5673780085731444e-05,1.0697408369054768,1.621751862225034,0.8164272390382559,G1M1_new,g1m1_low_load,0.3,58,11,0.28,0.32,56,60,1.6,76
2024-11-28,1.6572972285827432,2.5673780085731444e-05,1.0697408369054768,1.621751862225034,0.8164272390382559,G1M1_new,g1m1_low_load,0.3,58,11,0.28,0.32,56,60,1.6,76
2024-11-29,1.6573229023628289,2.5673780085731444e-05,1.0697408369054768,1.621751862225034,0.8164272390382559,G1M1_new,g1m1_low_load,0.3,58,11,0.28,0.32,56,60,1.6,76
2024-11-30,1.6573485761429145,2.5673780085731444e-05,1.0697408369054768,1.621751862225034,0.8164272390382559,G1M1_new,g1m1_low_load,0.3,58,11,0.28,0.32,56,60,1.6,76
2024-12-01,1.6573742499230004,2.5673780085731444e-05,1.0697408369054768,1.621751862225034,0.8164272390382559,G1M1_new,g1m1_low_load,0.3,58,11,0.28,0.32,56,60,1.6,76
2024-12-02,1.657399923703086,2.5673780085731444e-05,1.0697408369054768,1.621751862225034,0.8164272390382559,G1M1_new,g1m1_low_load,0.3,58,11,0.28,0.32,56,60,1.6,76
2024-12-03,1.6574255974831718,2.5673780085731444e-05,1.0697408369054768,1.621751862225034,0.8164272390382559,G1M1_new,g1m1_low_load,0.3,58,11,0.28,0.32,56,60,1.6,76
2024-12-04,1.6574512712632574,2.5673780085731444e-05,1.0697408369054768,1.621751862225034,0.8164272390382559,G1M1_new,g1m1_low_load,0.3,58,11,0.28,0.32,56,60,1.6,76
2024-12-05,1.6574769450433433,2.5673780085731444e-05,1.0697408369054768,1.621751862225034,0.8164272390382559,G1M1_new,g1m1_low_load,0.3,58,11,0.28,0.32,56,60,1.6,76
2024-12-06,1.657502618823429,2.5673780085731444e-05,1.0697408369054768,1.621751862225034,0.8164272390382559,G1M1_new,g1m1_low_load,0.3,58,11,0.28,0.32,56,60,1.6,76
2024-12-07,1.6575282926035146,2.5673780085731444e-05,1.0697408369054768,1.621751862225034,0.8164272390382559,G1M1_new,g1m1_low_load,0.3,58,11,0.28,0.32,56,60,1.6,76
2024-12-08,1.6575539663836005,2.5673780085731444e-05,1.0697408369054768,1.621751862225034,0.8164272390382559,G1M1_new,g1m1_low_load,0.3,58,11,0.28,0.32,56,60,1.6,76
2024-12-09,1.6575796401636862,2.5673780085731444e-05,1.0697408369054768,1.621751862225034,0.8164272390382559,G1M1_new,g1m1_low_load,0.3,58,11,0.28,0.32,56,60,1.6,76
2024-12-10,1.6576053139437719,2.5673780085731444e-05,1.0697408369054768,1.621751862225034,0.8164272390382559,G1M1_new,g1m1_low_load,0.3,58,11,0.28,0.32,56,60,1.6,76
2024-12-11,1.6576309877238575,2.5673780085731444e-05,1.0697408369054768,1.621751862225034,0.8164272390382559,G1M1_new,g1m1_low_load,0.3,58,11,0.28,0.32,56,60,1.6,76
2024-12-12,1.6576566615039434,2.5673780085731444e-05,1.0697408369054768,1.621751862225034,0.8164272390382559,G1M1_new,g1m1_low_load,0.3,58,11,0.28,0.32,56,60,1.6,76
2024-12-13,1.657682335284029,2.5673780085731444e-05,1.0697408369054768,1.621751862225034,0.8164272390382559,G1M1_new,g1m1_low_load,0.3,58,11,0.28,0.32,56,60,1.6,76
2024-12-14,1.6577080090641148,2.5673780085731444e-05,1.0697408369054768,1.621751862225034,0.8164272390382559,G1M1_new,g1m1_low_load,0.3,58,11,0.28,0.32,56,60,1.6,76
2024-12-15,1.6577336828442006,2.5673780085731444e-05,1.0697408369054768,1.621751862225034,0.8164272390382559,G1M1_new,g1m1_low_load,0.3,58,11,0.28,0.32,56,60,1.6,76
2024-12-16,1.6577593566242863,2.5673780085731444e-05,1.0697408369054768,1.621751862225034,0.8164272390382559,G1M1_new,g1m1_low_load,0.3,58,11,0.28,0.32,56,60,1.6,76
2024-12-17,1.657785030404372,2.5673780085731444e-05,1.0697408369054768,1.621751862225034,0.8164272390382559,G1M1_new,g1m1_low_load,0.3,58,11,0.28,0.32,56,60,1.6,76
2024-12-18,1.6578107041844576,2.5673780085731444e-05,1.0697408369054768,1.621751862225034,0.8164272390382559,G1M1_new,g1m1_low_load,0.3,58,11,0.28,0.32,56,60,1.6,76
2024-12-19,1.6578363779645435,2.5673780085731444e-05,1.0697408369054768,1.621751862225034,0.8164272390382559,G1M1_new,g1m1_low_load,0.3,58,11,0.28,0.32,56,60,1.6,76
2024-12-20,1.6578620517446292,2.5673780085731444e-05,1.0697408369054768,1.621751862225034,0.8164272390382559,G1M1_new,g1m1_low_load,0.3,58,11,0.28,0.32,56,60,1.6,76
2024-12-21,1.6578877255247149,2.5673780085731444e-05,1.0697408369054768,1.621751862225034,0.8164272390382559,G1M1_new,g1m1_low_load,0.3,58,11,0.28,0.32,56,60,1.6,76
2024-12-22,1.6579133993048008,2.5673780085731444e-05,1.0697408369054768,1.621751862225034,0.8164272390382559,G1M1_new,g1m1_low_load,0.3,58,11,0.28,0.32,56,60,1.6,76
2024-12-23,1.6579390730848864,2.5673780085731444e-05,1.0697408369054768,1.621751862225034,0.8164272390382559,G1M1_new,g1m1_low_load,0.3,58,11,0.28,0.32,56,60,1.6,76
2024-12-24,1.657964746864972,2.5673780085731444e-05,1.0697408369054768,1.621751862225034,0.8164272390382559,G1M1_new,g1m1_low_load,0.3,58,11,0.28,0.32,56,60,1.6,76
2024-12-25,1.6579904206450577,2.5673780085731444e-05,1.0697408369054768,1.621751862225034,0.8164272390382559,G1M1_new,g1m1_low_load,0.3,58,11,0.28,0.32,56,60,1.6,76
2024-12-26,1.6580160944251436,2.5673780085731444e-05,1.0697408369054768,1.621751862225034,0.8164272390382559,G1M1_new,g1m1_low_load,0.3,58,11,0.28,0.32,56,60,1.6,76
2024-12-27,1.6580417682052293,2.5673780085731444e-05,1.0697408369054768,1.621751862225034,0.8164272390382559,G1M1_new,g1m1_low_load,0.3,58,11,0.28,0.32,56,60,1.6,76
2024-12-28,1.658067441985315,2.5673780085731444e-05,1.0697408369054768,1.621751862225034,0.8164272390382559,G1M1_new,g1m1_low_load,0.3,58,11,0.28,0.32,56,60,1.6,76
2024-12-29,1.6580931157654009,2.5673780085731444e-05,1.0697408369054768,1.621751862225034,0.8164272390382559,G1M1_new,g1m1_low_load,0.3,58,11,0.28,0.32,56,60,1.6,76
2024-12-30,1.6581187895454865,2.5673780085731444e-05,1.0697408369054768,1.621751862225034,0.8164272390382559,G1M1_new,g1m1_low_load,0.3,58,11,0.28,0.32,56,60,1.6,76
2024-12-31,1.6581444633255722,2.5673780085731444e-05,1.0697408369054768,1.621751862225034,0.8164272390382559,G1M1_new,g1m1_low_load,0.3,58,11,0.28,0.32,56,60,1.6,76
2025-01-01,1.658170137105658,2.5673780085731444e-05,1.0697408369054768,1.621751862225034,0.8164272390382559,G1M1_new,g1m1_low_load,0.3,58,11,0.28,0.32,56,60,1.6,76
2025-01-02,1.6581958108857437,2.5673780085731444e-05,1.0697408369054768,1.621751862225034,0.8164272390382559,G1M1_new,g1m1_low_load,0.3,58,11,0.28,0.32,56,60,1.6,76
2025-01-03,1.6582214846658294,2.5673780085731444e-05,1.0697408369054768,1.621751862225034,0.8164272390382559,G1M1_new,g1m1_low_load,0.3,58,11,0.28,0.32,56,60,1.6,76
2025-01-04,1.658247158445915,2.5673780085731444e-05,1.0697408369054768,1.621751862225034,0.8164272390382559,G1M1_new,g1m1_low_load,0.3,58,11,0.28,0.32,56,60,1.6,76
2025-01-05,1.658272832226001,2.5673780085731444e-05,1.0697408369054768,1.621751862225034,0.8164272390382559,G1M1_new,g1m1_low_load,0.3,58,11,0.28,0.32,56,60,1.6,76
2025-01-06,1.6582985060060866,2.5673780085731444e-05,1.0697408369054768,1.621751862225034,0.8164272390382559,G1M1_new,g1m1_low_load,0.3,58,11,0.28,0.32,56,60,1.6,76
2025-01-07,1.6583241797861723,2.5673780085731444e-05,1.0697408369054768,1.621751862225034,0.8164272390382559,G1M1_new,g1m1_low_load,0.3,58,11,0.28,0.32,56,60,1.6,76
2025-01-08,1.6583498535662582,2.5673780085731444e-05,1.0697408369054768,1.621751862225034,0.8164272390382559,G1M1_new,g1m1_low_load,0.3,58,11,0.28,0.32,56,60,1.6,76
2025-01-09,1.6583755273463439,2.5673780085731444e-05,1.0697408369054768,1.621751862225034,0.8164272390382559,G1M1_new,g1m1_low_load,0.3,58,11,0.28,0.32,56,60,1.6,76
2025-01-10,1.6584012011264295,2.5673780085731444e-05,1.0697408369054768,1.621751862225034,0.8164272390382559,G1M1_new,g1m1_low_load,0.3,58,11,0.28,0.32,56,60,1.6,76
2025-01-11,1.6584268749065152,2.5673780085731444e-05,1.0697408369054768,1.621751862225034,0.8164272390382559,G1M1_new,g1m1_low_load,0.3,58,11,0.28,0.32,56,60,1.6,76
2025-01-12,1.658452548686601,2.5673780085731444e-05,1.0697408369054768,1.621751862225034,0.8164272390382559,G1M1_new,g1m1_low_load,0.3,58,11,0.28,0.32,56,60,1.6,76
2025-01-13,1.6584782224666867,2.5673780085731444e-05,1.0697408369054768,1.621751862225034,0.8164272390382559,G1M1_new,g1m1_low_load,0.3,58,11,0.28,0.32,56,60,1.6,76
2025-01-14,1.6585038962467724,2.5673780085731444e-05,1.0697408369054768,1.621751862225034,0.8164272390382559,G1M1_new,g1m1_low_load,0.3,58,11,0.28,0.32,56,60,1.6,76
2025-01-15,1.6585295700268583,2.5673780085731444e-05,1.0697408369054768,1.621751862225034,0.8164272390382559,G1M1_new,g1m1_low_load,0.3,58,11,0.28,0.32,56,60,1.6,76
2025-01-16,1.658555243806944,2.5673780085731444e-05,1.0697408369054768,1.621751862225034,0.8164272390382559,G1M1_new,g1m1_low_load,0.3,58,11,0.28,0.32,56,60,1.6,76
2025-01-17,1.6585809175870296,2.5673780085731444e-05,1.0697408369054768,1.621751862225034,0.8164272390382559,G1M1_new,g1m1_low_load,0.3,58,11,0.28,0.32,56,60,1.6,76
2025-01-18,1.6586065913671155,2.5673780085731444e-05,1.0697408369054768,1.621751862225034,0.8164272390382559,G1M1_new,g1m1_low_load,0.3,58,11,0.28,0.32,56,60,1.6,76
2025-01-19,1.6586322651472012,2.5673780085731444e-05,1.0697408369054768,1.621751862225034,0.8164272390382559,G1M1_new,g1m1_low_load,0.3,58,11,0.28,0.32,56,60,1.6,76
2025-01-20,1.6586579389272869,2.5673780085731444e-05,1.0697408369054768,1.621751862225034,0.8164272390382559,G1M1_new,g1m1_low_load,0.3,58,11,0.28,0.32,56,60,1.6,76
2025-01-21,1.6586836127073725,2.5673780085731444e-05,1.0697408369054768,1.621751862225034,0.8164272390382559,G1M1_new,g1m1_low_load,0.3,58,11,0.28,0.32,56,60,1.6,76
2025-01-22,1.6587092864874584,2.5673780085731444e-05,1.0697408369054768,1.621751862225034,0.8164272390382559,G1M1_new,g1m1_low_load,0.3,58,11,0.28,0.32,56,60,1.6,76
2025-01-23,1.658734960267544,2.5673780085731444e-05,1.0697408369054768,1.621751862225034,0.8164272390382559,G1M1_new,g1m1_low_load,0.3,58,11,0.28,0.32,56,60,1.6,76
2025-01-24,1.6587606340476297,2.5673780085731444e-05,1.0697408369054768,1.621751862225034,0.8164272390382559,G1M1_new,g1m1_low_load,0.3,58,11,0.28,0.32,56,60,1.6,76
2025-01-25,1.6587863078277156,2.5673780085731444e-05,1.0697408369054768,1.621751862225034,0.8164272390382559,G1M1_new,g1m1_low_load,0.3,58,11,0.28,0.32,56,60,1.6,76
2025-01-26,1.6588119816078013,2.5673780085731444e-05,1.0697408369054768,1.621751862225034,0.8164272390382559,G1M1_new,g1m1_low_load,0.3,58,11,0.28,0.32,56,60,1.6,76
2025-01-27,1.658837655387887,2.5673780085731444e-05,1.0697408369054768,1.621751862225034,0.8164272390382559,G1M1_new,g1m1_low_load,0.3,58,11,0.28,0.32,56,60,1.6,76
2025-01-28,1.6588633291679726,2.5673780085731444e-05,1.0697408369054768,1.621751862225034,0.8164272390382559,G1M1_new,g1m1_low_load,0.3,58,11,0.28,0.32,56,60,1.6,76
2025-01-29,1.6588890029480585,2.5673780085731444e-05,1.0697408369054768,1.621751862225034,0.8164272390382559,G1M1_new,g1m1_low_load,0.3,58,11,0.28,0.32,56,60,1.6,76
2025-01-30,1.6589146767281442,2.5673780085731444e-05,1.0697408369054768,1.621751862225034,0.8164272390382559,G1M1_new,g1m1_low_load,0.3,58,11,0.28,0.32,56,60,1.6,76
2025-01-31,1.6589403505082299,2.5673780085731444e-05,1.0697408369054768,1.621751862225034,0.8164272390382559,G1M1_new,g1m1_low_load,0.3,58,11,0.28,0.32,56,60,1.6,76
2025-02-01,1.6589660242883157,2.5673780085731444e-05,1.0697408369054768,1.621751862225034,0.8164272390382559,G1M1_new,g1m1_low_load,0.3,58,11,0.28,0.32,56,60,1.6,76
2025-02-02,1.6589916980684014,2.5673780085731444e-05,1.0697408369054768,1.621751862225034,0.8164272390382559,G1M1_new,g1m1_low_load,0.3,58,11,0.28,0.32,56,60,1.6,76
2025-02-03,1.659017371848487,2.5673780085731444e-05,1.0697408369054768,1.621751862225034,0.8164272390382559,G1M1_new,g1m1_low_load,0.3,58,11,0.28,0.32,56,60,1.6,76
2025-02-04,1.6590430456285727,2.5673780085731444e-05,1.0697408369054768,1.621751862225034,0.8164272390382559,G1M1_new,g1m1_low_load,0.3,58,11,0.28,0.32,56,60,1.6,76
2025-02-05,1.6590687194086586,2.5673780085731444e-05,1.0697408369054768,1.621751862225034,0.8164272390382559,G1M1_new,g1m1_low_load,0.3,58,11,0.28,0.32,56,60,1.6,76
2025-02-06,1.6590943931887443,2.5673780085731444e-05,1.0697408369054768,1.621751862225034,0.8164272390382559,G1M1_new,g1m1_low_load,0.3,58,11,0.28,0.32,56,60,1.6,76
2025-02-07,1.65912006696883,2.5673780085731444e-05,1.0697408369054768,1.621751862225034,0.8164272390382559,G1M1_new,g1m1_low_load,0.3,58,11,0.28,0.32,56,60,1.6,76
2025-02-08,1.6591457407489159,2.5673780085731444e-05,1.0697408369054768,1.621751862225034,0.8164272390382559,G1M1_new,g1m1_low_load,0.3,58,11,0.28,0.32,56,60,1.6,76
2025-02-09,1.6591714145290015,2.5673780085731444e-05,1.0697408369054768,1.621751862225034,0.8164272390382559,G1M1_new,g1m1_low_load,0.3,58,11,0.28,0.32,56,60,1.6,76
2025-02-10,1.6591970883090872,2.5673780085731444e-05,1.0697408369054768,1.621751862225034,0.8164272390382559,G1M1_new,g1m1_low_load,0.3,58,11,0.28,0.32,56,60,1.6,76
2025-02-11,1.659222762089173,2.5673780085731444e-05,1.0697408369054768,1.621751862225034,0.8164272390382559,G1M1_new,g1m1_low_load,0.3,58,11,0.28,0.32,56,60,1.6,76
2025-02-12,1.6592484358692587,2.5673780085731444e-05,1.0697408369054768,1.621751862225034,0.8164272390382559,G1M1_new,g1m1_low_load,0.3,58,11,0.28,0.32,56,60,1.6,76
2025-02-13,1.6592741096493444,2.5673780085731444e-05,1.0697408369054768,1.621751862225034,0.8164272390382559,G1M1_new,g1m1_low_load,0.3,58,11,0.28,0.32,56,60,1.6,76
2025-02-14,1.65929978342943,2.5673780085731444e-05,1.0697408369054768,1.621751862225034,0.8164272390382559,G1M1_new,g1m1_low_load,0.3,58,11,0.28,0.32,56,60,1.6,76
2025-02-15,1.659325457209516,2.5673780085731444e-05,1.0697408369054768,1.621751862225034,0.8164272390382559,G1M1_new,g1m1_low_load,0.3,58,11,0.28,0.32,56,60,1.6,76
2025-02-16,1.6593511309896016,2.5673780085731444e-05,1.0697408369054768,1.621751862225034,0.8164272390382559,G1M1_new,g1m1_low_load,0.3,58,11,0.28,0.32,56,60,1.6,76
2025-02-17,1.6593768047696873,2.5673780085731444e-05,1.0697408369054768,1.621751862225034,0.8164272390382559,G1M1_new,g1m1_low_load,0.3,58,11,0.28,0.32,56,60,1.6,76
2025-02-18,1.6594024785497732,2.5673780085731444e-05,1.0697408369054768,1.621751862225034,0.8164272390382559,G1M1_new,g1m1_low_load,0.3,58,11,0.28,0.32,56,60,1.6,76
2025-02-19,1.6594281523298589,2.5673780085731444e-05,1.0697408369054768,1.621751862225034,0.8164272390382559,G1M1_new,g1m1_low_load,0.3,58,11,0.28,0.32,56,60,1.6,76
2025-02-20,1.6594538261099445,2.5673780085731444e-05,1.0697408369054768,1.621751862225034,0.8164272390382559,G1M1_new,g1m1_low_load,0.3,58,11,0.28,0.32,56,60,1.6,76
2025-02-21,1.6594794998900302,2.5673780085731444e-05,1.0697408369054768,1.621751862225034,0.8164272390382559,G1M1_new,g1m1_low_load,0.3,58,11,0.28,0.32,56,60,1.6,76
2025-02-22,1.659505173670116,2.5673780085731444e-05,1.0697408369054768,1.621751862225034,0.8164272390382559,G1M1_new,g1m1_low_load,0.3,58,11,0.28,0.32,56,60,1.6,76
2025-02-23,1.6595308474502017,2.5673780085731444e-05,1.0697408369054768,1.621751862225034,0.8164272390382559,G1M1_new,g1m1_low_load,0.3,58,11,0.28,0.32,56,60,1.6,76
2025-02-24,1.6595565212302874,2.5673780085731444e-05,1.0697408369054768,1.621751862225034,0.8164272390382559,G1M1_new,g1m1_low_load,0.3,58,11,0.28,0.32,56,60,1.6,76
2025-02-25,1.6595821950103733,2.5673780085731444e-05,1.0697408369054768,1.621751862225034,0.8164272390382559,G1M1_new,g1m1_low_load,0.3,58,11,0.28,0.32,56,60,1.6,76
2025-02-26,1.659607868790459,2.5673780085731444e-05,1.0697408369054768,1.621751862225034,0.8164272390382559,G1M1_new,g1m1_low_load,0.3,58,11,0.28,0.32,56,60,1.6,76
2025-02-27,1.6596335425705446,2.5673780085731444e-05,1.0697408369054768,1.621751862225034,0.8164272390382559,G1M1_new,g1m1_low_load,0.3,58,11,0.28,0.32,56,60,1.6,76
2025-02-28,1.6596592163506303,2.5673780085731444e-05,1.0697408369054768,1.621751862225034,0.8164272390382559,G1M1_new,g1m1_low_load,0.3,58,11,0.28,0.32,56,60,1.6,76
2025-03-01,1.6596848901307162,2.5673780085731444e-05,1.0697408369054768,1.621751862225034,0.8164272390382559,G1M1_new,g1m1_low_load,0.3,58,11,0.28,0.32,56,60,1.6,76
2025-03-02,1.6597105639108019,2.5673780085731444e-05,1.0697408369054768,1.621751862225034,0.8164272390382559,G1M1_new,g1m1_low_load,0.3,58,11,0.28,0.32,56,60,1.6,76
2025-03-03,1.6597362376908875,2.5673780085731444e-05,1.0697408369054768,1.621751862225034,0.8164272390382559,G1M1_new,g1m1_low_load,0.3,58,11,0.28,0.32,56,60,1.6,76
2025-03-04,1.6597619114709734,2.5673780085731444e-05,1.0697408369054768,1.621751862225034,0.8164272390382559,G1M1_new,g1m1_low_load,0.3,58,11,0.28,0.32,56,60,1.6,76
2025-03-05,1.659787585251059,2.5673780085731444e-05,1.0697408369054768,1.621751862225034,0.8164272390382559,G1M1_new,g1m1_low_load,0.3,58,11,0.28,0.32,56,60,1.6,76
2025-03-06,1.6598132590311447,2.5673780085731444e-05,1.0697408369054768,1.621751862225034,0.8164272390382559,G1M1_new,g1m1_low_load,0.3,58,11,0.28,0.32,56,60,1.6,76
2025-03-07,1.6598389328112306,2.5673780085731444e-05,1.0697408369054768,1.621751862225034,0.8164272390382559,G1M1_new,g1m1_low_load,0.3,58,11,0.28,0.32,56,60,1.6,76
2025-03-08,1.6598646065913163,2.5673780085731444e-05,1.0697408369054768,1.621751862225034,0.8164272390382559,G1M1_new,g1m1_low_load,0.3,58,11,0.28,0.32,56,60,1.6,76
2025-03-09,1.659890280371402,2.5673780085731444e-05,1.0697408369054768,1.621751862225034,0.8164272390382559,G1M1_new,g1m1_low_load,0.3,58,11,0.28,0.32,56,60,1.6,76
2025-03-10,1.6599159541514876,2.5673780085731444e-05,1.0697408369054768,1.621751862225034,0.8164272390382559,G1M1_new,g1m1_low_load,0.3,58,11,0.28,0.32,56,60,1.6,76
2025-03-11,1.6599416279315735,2.5673780085731444e-05,1.0697408369054768,1.621751862225034,0.8164272390382559,G1M1_new,g1m1_low_load,0.3,58,11,0.28,0.32,56,60,1.6,76
2025-03-12,1.6599673017116592,2.5673780085731444e-05,1.0697408369054768,1.621751862225034,0.8164272390382559,G1M1_new,g1m1_low_load,0.3,58,11,0.28,0.32,56,60,1.6,76
2025-03-13,1.6599929754917448,2.5673780085731444e-05,1.0697408369054768,1.621751862225034,0.8164272390382559,G1M1_new,g1m1_low_load,0.3,58,11,0.28,0.32,56,60,1.6,76
2025-03-14,1.6600186492718307,2.5673780085731444e-05,1.0697408369054768,1.621751862225034,0.8164272390382559,G1M1_new,g1m1_low_load,0.3,58,11,0.28,0.32,56,60,1.6,76
2025-03-15,1.6600443230519164,2.5673780085731444e-05,1.0697408369054768,1.621751862225034,0.8164272390382559,G1M1_new,g1m1_low_load,0.3,58,11,0.28,0.32,56,60,1.6,76
2025-03-16,1.660069996832002,2.5673780085731444e-05,1.0697408369054768,1.621751862225034,0.8164272390382559,G1M1_new,g1m1_low_load,0.3,58,11,0.28,0.32,56,60,1.6,76
2025-03-17,1.6600956706120877,2.5673780085731444e-05,1.0697408369054768,1.621751862225034,0.8164272390382559,G1M1_new,g1m1_low_load,0.3,58,11,0.28,0.32,56,60,1.6,76
2025-03-18,1.6601213443921736,2.5673780085731444e-05,1.0697408369054768,1.621751862225034,0.8164272390382559,G1M1_new,g1m1_low_load,0.3,58,11,0.28,0.32,56,60,1.6,76
2025-03-19,1.6601470181722593,2.5673780085731444e-05,1.0697408369054768,1.621751862225034,0.8164272390382559,G1M1_new,g1m1_low_load,0.3,58,11,0.28,0.32,56,60,1.6,76
2025-03-20,1.660172691952345,2.5673780085731444e-05,1.0697408369054768,1.621751862225034,0.8164272390382559,G1M1_new,g1m1_low_load,0.3,58,11,0.28,0.32,56,60,1.6,76
2025-03-21,1.6601983657324308,2.5673780085731444e-05,1.0697408369054768,1.621751862225034,0.8164272390382559,G1M1_new,g1m1_low_load,0.3,58,11,0.28,0.32,56,60,1.6,76
2025-03-22,1.6602240395125165,2.5673780085731444e-05,1.0697408369054768,1.621751862225034,0.8164272390382559,G1M1_new,g1m1_low_load,0.3,58,11,0.28,0.32,56,60,1.6,76
2025-03-23,1.6602497132926022,2.5673780085731444e-05,1.0697408369054768,1.621751862225034,0.8164272390382559,G1M1_new,g1m1_low_load,0.3,58,11,0.28,0.32,56,60,1.6,76
2025-03-24,1.660275387072688,2.5673780085731444e-05,1.0697408369054768,1.621751862225034,0.8164272390382559,G1M1_new,g1m1_low_load,0.3,58,11,0.28,0.32,56,60,1.6,76
2025-03-25,1.6603010608527737,2.5673780085731444e-05,1.0697408369054768,1.621751862225034,0.8164272390382559,G1M1_new,g1m1_low_load,0.3,58,11,0.28,0.32,56,60,1.6,76
2025-03-26,1.6603267346328594,2.5673780085731444e-05,1.0697408369054768,1.621751862225034,0.8164272390382559,G1M1_new,g1m1_low_load,0.3,58,11,0.28,0.32,56,60,1.6,76
2025-03-27,1.660352408412945,2.5673780085731444e-05,1.0697408369054768,1.621751862225034,0.8164272390382559,G1M1_new,g1m1_low_load,0.3,58,11,0.28,0.32,56,60,1.6,76
2025-03-28,1.660378082193031,2.5673780085731444e-05,1.0697408369054768,1.621751862225034,0.8164272390382559,G1M1_new,g1m1_low_load,0.3,58,11,0.28,0.32,56,60,1.6,76
2025-03-29,1.6604037559731166,2.5673780085731444e-05,1.0697408369054768,1.621751862225034,0.8164272390382559,G1M1_new,g1m1_low_load,0.3,58,11,0.28,0.32,56,60,1.6,76
2025-03-30,1.6604294297532023,2.5673780085731444e-05,1.0697408369054768,1.621751862225034,0.8164272390382559,G1M1_new,g1m1_low_load,0.3,58,11,0.28,0.32,56,60,1.6,76
2025-03-31,1.6604551035332882,2.5673780085731444e-05,1.0697408369054768,1.621751862225034,0.8164272390382559,G1M1_new,g1m1_low_load,0.3,58,11,0.28,0.32,56,60,1.6,76
2025-04-01,1.6604807773133738,2.5673780085731444e-05,1.0697408369054768,1.621751862225034,0.8164272390382559,G1M1_new,g1m1_low_load,0.3,58,11,0.28,0.32,56,60,1.6,76
2025-04-02,1.6605064510934595,2.5673780085731444e-05,1.0697408369054768,1.621751862225034,0.8164272390382559,G1M1_new,g1m1_low_load,0.3,58,11,0.28,0.32,56,60,1.6,76
2025-04-03,1.6605321248735452,2.5673780085731444e-05,1.0697408369054768,1.621751862225034,0.8164272390382559,G1M1_new,g1m1_low_load,0.3,58,11,0.28,0.32,56,60,1.6,76
2025-04-04,1.660557798653631,2.5673780085731444e-05,1.0697408369054768,1.621751862225034,0.8164272390382559,G1M1_new,g1m1_low_load,0.3,58,11,0.28,0.32,56,60,1.6,76
2025-04-05,1.6605834724337167,2.5673780085731444e-05,1.0697408369054768,1.621751862225034,0.8164272390382559,G1M1_new,g1m1_low_load,0.3,58,11,0.28,0.32,56,60,1.6,76
2025-04-06,1.6606091462138024,2.5673780085731444e-05,1.0697408369054768,1.621751862225034,0.8164272390382559,G1M1_new,g1m1_low_load,0.3,58,11,0.28,0.32,56,60,1.6,76
2025-04-07,1.6606348199938883,2.5673780085731444e-05,1.0697408369054768,1.621751862225034,0.8164272390382559,G1M1_new,g1m1_low_load,0.3,58,11,0.28,0.32,56,60,1.6,76
2025-04-08,1.660660493773974,2.5673780085731444e-05,1.0697408369054768,1.621751862225034,0.8164272390382559,G1M1_new,g1m1_low_load,0.3,58,11,0.28,0.32,56,60,1.6,76
2025-04-09,1.6606861675540596,2.5673780085731444e-05,1.0697408369054768,1.621751862225034,0.8164272390382559,G1M1_new,g1m1_low_load,0.3,58,11,0.28,0.32,56,60,1.6,76
2025-04-10,1.6607118413341453,2.5673780085731444e-05,1.0697408369054768,1.621751862225034,0.8164272390382559,G1M1_new,g1m1_low_load,0.3,58,11,0.28,0.32,56,60,1.6,76
2025-04-11,1.6607375151142312,2.5673780085731444e-05,1.0697408369054768,1.621751862225034,0.8164272390382559,G1M1_new,g1m1_low_load,0.3,58,11,0.28,0.32,56,60,1.6,76
2025-04-12,1.6607631888943168,2.5673780085731444e-05,1.0697408369054768,1.621751862225034,0.8164272390382559,G1M1_new,g1m1_low_load,0.3,58,11,0.28,0.32,56,60,1.6,76
2025-04-13,1.6607888626744025,2.5673780085731444e-05,1.0697408369054768,1.621751862225034,0.8164272390382559,G1M1_new,g1m1_low_load,0.3,58,11,0.28,0.32,56,60,1.6,76
2025-04-14,1.6608145364544884,2.5673780085731444e-05,1.0697408369054768,1.621751862225034,0.8164272390382559,G1M1_new,g1m1_low_load,0.3,58,11,0.28,0.32,56,60,1.6,76
2025-04-15,1.660840210234574,2.5673780085731444e-05,1.0697408369054768,1.621751862225034,0.8164272390382559,G1M1_new,g1m1_low_load,0.3,58,11,0.28,0.32,56,60,1.6,76
2025-04-16,1.6608658840146597,2.5673780085731444e-05,1.0697408369054768,1.621751862225034,0.8164272390382559,G1M1_new,g1m1_low_load,0.3,58,11,0.28,0.32,56,60,1.6,76
2025-04-17,1.6608915577947456,2.5673780085731444e-05,1.0697408369054768,1.621751862225034,0.8164272390382559,G1M1_new,g1m1_low_load,0.3,58,11,0.28,0.32,56,60,1.6,76
2025-04-18,1.6609172315748313,2.5673780085731444e-05,1.0697408369054768,1.621751862225034,0.8164272390382559,G1M1_new,g1m1_low_load,0.3,58,11,0.28,0.32,56,60,1.6,76
2025-04-19,1.660942905354917,2.5673780085731444e-05,1.0697408369054768,1.621751862225034,0.8164272390382559,G1M1_new,g1m1_low_load,0.3,58,11,0.28,0.32,56,60,1.6,76
2025-04-20,1.6609685791350026,2.5673780085731444e-05,1.0697408369054768,1.621751862225034,0.8164272390382559,G1M1_new,g1m1_low_load,0.3,58,11,0.28,0.32,56,60,1.6,76
2025-04-21,1.6609942529150885,2.5673780085731444e-05,1.0697408369054768,1.621751862225034,0.8164272390382559,G1M1_new,g1m1_low_load,0.3,58,11,0.28,0.32,56,60,1.6,76
2025-04-22,1.6610199266951742,2.5673780085731444e-05,1.0697408369054768,1.621751862225034,0.8164272390382559,G1M1_new,g1m1_low_load,0.3,58,11,0.28,0.32,56,60,1.6,76
2025-04-23,1.6610456004752598,2.5673780085731444e-05,1.0697408369054768,1.621751862225034,0.8164272390382559,G1M1_new,g1m1_low_load,0.3,58,11,0.28,0.32,56,60,1.6,76
2025-04-24,1.6610712742553457,2.5673780085731444e-05,1.0697408369054768,1.621751862225034,0.8164272390382559,G1M1_new,g1m1_low_load,0.3,58,11,0.28,0.32,56,60,1.6,76
2025-04-25,1.6610969480354314,2.5673780085731444e-05,1.0697408369054768,1.621751862225034,0.8164272390382559,G1M1_new,g1m1_low_load,0.3,58,11,0.28,0.32,56,60,1.6,76
2025-04-26,1.661122621815517,2.5673780085731444e-05,1.0697408369054768,1.621751862225034,0.8164272390382559,G1M1_new,g1m1_low_load,0.3,58,11,0.28,0.32,56,60,1.6,76
2025-04-27,1.6611482955956027,2.5673780085731444e-05,1.0697408369054768,1.621751862225034,0.8164272390382559,G1M1_new,g1m1_low_load,0.3,58,11,0.28,0.32,56,60,1.6,76
2025-04-28,1.6611739693756886,2.5673780085731444e-05,1.0697408369054768,1.621751862225034,0.8164272390382559,G1M1_new,g1m1_low_load,0.3,58,11,0.28,0.32,56,60,1.6,76
2025-04-29,1.6611996431557743,2.5673780085731444e-05,1.0697408369054768,1.621751862225034,0.8164272390382559,G1M1_new,g1m1_low_load,0.3,58,11,0.28,0.32,56,60,1.6,76
2025-04-30,1.66122531693586,2.5673780085731444e-05,1.0697408369054768,1.621751862225034,0.8164272390382559,G1M1_new,g1m1_low_load,0.3,58,11,0.28,0.32,56,60,1.6,76
2025-05-01,1.6612509907159458,2.5673780085731444e-05,1.0697408369054768,1.621751862225034,0.8164272390382559,G1M1_new,g1m1_low_load,0.3,58,11,0.28,0.32,56,60,1.6,76
2025-05-02,1.6612766644960315,2.5673780085731444e-05,1.0697408369054768,1.621751862225034,0.8164272390382559,G1M1_new,g1m1_low_load,0.3,58,11,0.28,0.32,56,60,1.6,76
2025-05-03,1.6613023382761172,2.5673780085731444e-05,1.0697408369054768,1.621751862225034,0.8164272390382559,G1M1_new,g1m1_low_load,0.3,58,11,0.28,0.32,56,60,1.6,76
2025-05-04,1.6613280120562028,2.5673780085731444e-05,1.0697408369054768,1.621751862225034,0.8164272390382559,G1M1_new,g1m1_low_load,0.3,58,11,0.28,0.32,56,60,1.6,76
2025-05-05,1.6613536858362887,2.5673780085731444e-05,1.0697408369054768,1.621751862225034,0.8164272390382559,G1M1_new,g1m1_low_load,0.3,58,11,0.28,0.32,56,60,1.6,76
2025-05-06,1.6613793596163744,2.5673780085731444e-05,1.0697408369054768,1.621751862225034,0.8164272390382559,G1M1_new,g1m1_low_load,0.3,58,11,0.28,0.32,56,60,1.6,76
2025-05-07,1.66140503339646,2.5673780085731444e-05,1.0697408369054768,1.621751862225034,0.8164272390382559,G1M1_new,g1m1_low_load,0.3,58,11,0.28,0.32,56,60,1.6,76
2025-05-08,1.661430707176546,2.5673780085731444e-05,1.0697408369054768,1.621751862225034,0.8164272390382559,G1M1_new,g1m1_low_load,0.3,58,11,0.28,0.32,56,60,1.6,76
2025-05-09,1.6614563809566316,2.5673780085731444e-05,1.0697408369054768,1.621751862225034,0.8164272390382559,G1M1_new,g1m1_low_load,0.3,58,11,0.28,0.32,56,60,1.6,76
2025-05-10,1.6614820547367173,2.5673780085731444e-05,1.0697408369054768,1.621751862225034,0.8164272390382559,G1M1_new,g1m1_low_load,0.3,58,11,0.28,0.32,56,60,1.6,76
2025-05-11,1.6615077285168032,2.5673780085731444e-05,1.0697408369054768,1.621751862225034,0.8164272390382559,G1M1_new,g1m1_low_load,0.3,58,11,0.28,0.32,56,60,1.6,76
2025-05-12,1.6615334022968888,2.5673780085731444e-05,1.0697408369054768,1.621751862225034,0.8164272390382559,G1M1_new,g1m1_low_load,0.3,58,11,0.28,0.32,56,60,1.6,76
2025-05-13,1.6615590760769745,2.5673780085731444e-05,1.0697408369054768,1.621751862225034,0.8164272390382559,G1M1_new,g1m1_low_load,0.3,58,11,0.28,0.32,56,60,1.6,76
2025-05-14,1.6615847498570602,2.5673780085731444e-05,1.0697408369054768,1.621751862225034,0.8164272390382559,G1M1_new,g1m1_low_load,0.3,58,11,0.28,0.32,56,60,1.6,76
2025-05-15,1.661610423637146,2.5673780085731444e-05,1.0697408369054768,1.621751862225034,0.8164272390382559,G1M1_new,g1m1_low_load,0.3,58,11,0.28,0.32,56,60,1.6,76
2025-05-16,1.6616360974172317,2.5673780085731444e-05,1.0697408369054768,1.621751862225034,0.8164272390382559,G1M1_new,g1m1_low_load,0.3,58,11,0.28,0.32,56,60,1.6,76
2025-05-17,1.6616617711973174,2.5673780085731444e-05,1.0697408369054768,1.621751862225034,0.8164272390382559,G1M1_new,g1m1_low_load,0.3,58,11,0.28,0.32,56,60,1.6,76
2025-05-18,1.6616874449774033,2.5673780085731444e-05,1.0697408369054768,1.621751862225034,0.8164272390382559,G1M1_new,g1m1_low_load,0.3,58,11,0.28,0.32,56,60,1.6,76
2025-05-19,1.661713118757489,2.5673780085731444e-05,1.0697408369054768,1.621751862225034,0.8164272390382559,G1M1_new,g1m1_low_load,0.3,58,11,0.28,0.32,56,60,1.6,76
2025-05-20,1.6617387925375746,2.5673780085731444e-05,1.0697408369054768,1.621751862225034,0.8164272390382559,G1M1_new,g1m1_low_load,0.3,58,11,0.28,0.32,56,60,1.6,76
2025-05-21,1.6617644663176603,2.5673780085731444e-05,1.0697408369054768,1.621751862225034,0.8164272390382559,G1M1_new,g1m1_low_load,0.3,58,11,0.28,0.32,56,60,1.6,76
2025-05-22,1.6617901400977462,2.5673780085731444e-05,1.0697408369054768,1.621751862225034,0.8164272390382559,G1M1_new,g1m1_low_load,0.3,58,11,0.28,0.32,56,60,1.6,76
2025-05-23,1.6618158138778318,2.5673780085731444e-05,1.0697408369054768,1.621751862225034,0.8164272390382559,G1M1_new,g1m1_low_load,0.3,58,11,0.28,0.32,56,60,1.6,76
2025-05-24,1.6618414876579175,2.5673780085731444e-05,1.0697408369054768,1.621751862225034,0.8164272390382559,G1M1_new,g1m1_low_load,0.3,58,11,0.28,0.32,56,60,1.6,76
2025-05-25,1.6618671614380034,2.5673780085731444e-05,1.0697408369054768,1.621751862225034,0.8164272390382559,G1M1_new,g1m1_low_load,0.3,58,11,0.28,0.32,56,60,1.6,76
2025-05-26,1.661892835218089,2.5673780085731444e-05,1.0697408369054768,1.621751862225034,0.8164272390382559,G1M1_new,g1m1_low_load,0.3,58,11,0.28,0.32,56,60,1.6,76
2025-05-27,1.6619185089981747,2.5673780085731444e-05,1.0697408369054768,1.621751862225034,0.8164272390382559,G1M1_new,g1m1_low_load,0.3,58,11,0.28,0.32,56,60,1.6,76
2025-05-28,1.6619441827782606,2.5673780085731444e-05,1.0697408369054768,1.621751862225034,0.8164272390382559,G1M1_new,g1m1_low_load,0.3,58,11,0.28,0.32,56,60,1.6,76
2025-05-29,1.6619698565583463,2.5673780085731444e-05,1.0697408369054768,1.621751862225034,0.8164272390382559,G1M1_new,g1m1_low_load,0.3,58,11,0.28,0.32,56,60,1.6,76
2025-05-30,1.661995530338432,2.5673780085731444e-05,1.0697408369054768,1.621751862225034,0.8164272390382559,G1M1_new,g1m1_low_load,0.3,58,11,0.28,0.32,56,60,1.6,76
2025-05-31,1.6620212041185176,2.5673780085731444e-05,1.0697408369054768,1.621751862225034,0.8164272390382559,G1M1_new,g1m1_low_load,0.3,58,11,0.28,0.32,56,60,1.6,76
2025-06-01,1.6620468778986035,2.5673780085731444e-05,1.0697408369054768,1.621751862225034,0.8164272390382559,G1M1_new,g1m1_low_load,0.3,58,11,0.28,0.32,56,60,1.6,76
2025-06-02,1.6620725516786892,2.5673780085731444e-05,1.0697408369054768,1.621751862225034,0.8164272390382559,G1M1_new,g1m1_low_load,0.3,58,11,0.28,0.32,56,60,1.6,76
2025-06-03,1.6620982254587748,2.5673780085731444e-05,1.0697408369054768,1.621751862225034,0.8164272390382559,G1M1_new,g1m1_low_load,0.3,58,11,0.28,0.32,56,60,1.6,76
2025-06-04,1.6621238992388607,2.5673780085731444e-05,1.0697408369054768,1.621751862225034,0.8164272390382559,G1M1_new,g1m1_low_load,0.3,58,11,0.28,0.32,56,60,1.6,76
2025-06-05,1.6621495730189464,2.5673780085731444e-05,1.0697408369054768,1.621751862225034,0.8164272390382559,G1M1_new,g1m1_low_load,0.3,58,11,0.28,0.32,56,60,1.6,76
2025-06-06,1.662175246799032,2.5673780085731444e-05,1.0697408369054768,1.621751862225034,0.8164272390382559,G1M1_new,g1m1_low_load,0.3,58,11,0.28,0.32,56,60,1.6,76
2025-06-07,1.6622009205791177,2.5673780085731444e-05,1.0697408369054768,1.621751862225034,0.8164272390382559,G1M1_new,g1m1_low_load,0.3,58,11,0.28,0.32,56,60,1.6,76
2025-06-08,1.6622265943592036,2.5673780085731444e-05,1.0697408369054768,1.621751862225034,0.8164272390382559,G1M1_new,g1m1_low_load,0.3,58,11,0.28,0.32,56,60,1.6,76
2025-06-09,1.6622522681392893,2.5673780085731444e-05,1.0697408369054768,1.621751862225034,0.8164272390382559,G1M1_new,g1m1_low_load,0.3,58,11,0.28,0.32,56,60,1.6,76
2025-06-10,1.662277941919375,2.5673780085731444e-05,1.0697408369054768,1.621751862225034,0.8164272390382559,G1M1_new,g1m1_low_load,0.3,58,11,0.28,0.32,56,60,1.6,76
2025-06-11,1.6623036156994608,2.5673780085731444e-05,1.0697408369054768,1.621751862225034,0.8164272390382559,G1M1_new,g1m1_low_load,0.3,58,11,0.28,0.32,56,60,1.6,76
2025-06-12,1.6623292894795465,2.5673780085731444e-05,1.0697408369054768,1.621751862225034,0.8164272390382559,G1M1_new,g1m1_low_load,0.3,58,11,0.28,0.32,56,60,1.6,76
2025-06-13,1.6623549632596322,2.5673780085731444e-05,1.0697408369054768,1.621751862225034,0.8164272390382559,G1M1_new,g1m1_low_load,0.3,58,11,0.28,0.32,56,60,1.6,76
2025-06-14,1.6623806370397178,2.5673780085731444e-05,1.0697408369054768,1.621751862225034,0.8164272390382559,G1M1_new,g1m1_low_load,0.3,58,11,0.28,0.32,56,60,1.6,76
2025-06-15,1.6624063108198037,2.5673780085731444e-05,1.0697408369054768,1.621751862225034,0.8164272390382559,G1M1_new,g1m1_low_load,0.3,58,11,0.28,0.32,56,60,1.6,76
2025-06-16,1.6624319845998894,2.5673780085731444e-05,1.0697408369054768,1.621751862225034,0.8164272390382559,G1M1_new,g1m1_low_load,0.3,58,11,0.28,0.32,56,60,1.6,76
2025-06-17,1.662457658379975,2.5673780085731444e-05,1.0697408369054768,1.621751862225034,0.8164272390382559,G1M1_new,g1m1_low_load,0.3,58,11,0.28,0.32,56,60,1.6,76
2025-06-18,1.662483332160061,2.5673780085731444e-05,1.0697408369054768,1.621751862225034,0.8164272390382559,G1M1_new,g1m1_low_load,0.3,58,11,0.28,0.32,56,60,1.6,76
2025-06-19,1.6625090059401466,2.5673780085731444e-05,1.0697408369054768,1.621751862225034,0.8164272390382559,G1M1_new,g1m1_low_load,0.3,58,11,0.28,0.32,56,60,1.6,76
2025-06-20,1.6625346797202323,2.5673780085731444e-05,1.0697408369054768,1.621751862225034,0.8164272390382559,G1M1_new,g1m1_low_load,0.3,58,11,0.28,0.32,56,60,1.6,76
2025-06-21,1.662560353500318,2.5673780085731444e-05,1.0697408369054768,1.621751862225034,0.8164272390382559,G1M1_new,g1m1_low_load,0.3,58,11,0.28,0.32,56,60,1.6,76
2025-06-22,1.6625860272804038,2.5673780085731444e-05,1.0697408369054768,1.621751862225034,0.8164272390382559,G1M1_new,g1m1_low_load,0.3,58,11,0.28,0.32,56,60,1.6,76
2025-06-23,1.6626117010604895,2.5673780085731444e-05,1.0697408369054768,1.621751862225034,0.8164272390382559,G1M1_new,g1m1_low_load,0.3,58,11,0.28,0.32,56,60,1.6,76
2025-06-24,1.6626373748405752,2.5673780085731444e-05,1.0697408369054768,1.621751862225034,0.8164272390382559,G1M1_new,g1m1_low_load,0.3,58,11,0.28,0.32,56,60,1.6,76
2025-06-25,1.662663048620661,2.5673780085731444e-05,1.0697408369054768,1.621751862225034,0.8164272390382559,G1M1_new,g1m1_low_load,0.3,58,11,0.28,0.32,56,60,1.6,76
2025-06-26,1.6626887224007467,2.5673780085731444e-05,1.0697408369054768,1.621751862225034,0.8164272390382559,G1M1_new,g1m1_low_load,0.3,58,11,0.28,0.32,56,60,1.6,76
2025-06-27,1.6627143961808324,2.5673780085731444e-05,1.0697408369054768,1.621751862225034,0.8164272390382559,G1M1_new,g1m1_low_load,0.3,58,11,0.28,0.32,56,60,1.6,76
2025-06-28,1.6627400699609183,2.5673780085731444e-05,1.0697408369054768,1.621751862225034,0.8164272390382559,G1M1_new,g1m1_low_load,0.3,58,11,0.28,0.32,56,60,1.6,76
2025-06-29,1.662765743741004,2.5673780085731444e-05,1.0697408369054768,1.621751862225034,0.8164272390382559,G1M1_new,g1m1_low_load,0.3,58,11,0.28,0.32,56,60,1.6,76
2025-06-30,1.6627914175210896,2.5673780085731444e-05,1.0697408369054768,1.621751862225034,0.8164272390382559,G1M1_new,g1m1_low_load,0.3,58,11,0.28,0.32,56,60,1.6,76
2025-07-01,1.6628170913011753,2.5673780085731444e-05,1.0697408369054768,1.621751862225034,0.8164272390382559,G1M1_new,g1m1_low_load,0.3,58,11,0.28,0.32,56,60,1.6,76
2025-07-02,1.6628427650812612,2.5673780085731444e-05,1.0697408369054768,1.621751862225034,0.8164272390382559,G1M1_new,g1m1_low_load,0.3,58,11,0.28,0.32,56,60,1.6,76
2025-07-03,1.6628684388613468,2.5673780085731444e-05,1.0697408369054768,1.621751862225034,0.8164272390382559,G1M1_new,g1m1_low_load,0.3,58,11,0.28,0.32,56,60,1.6,76
2025-07-04,1.6628941126414325,2.5673780085731444e-05,1.0697408369054768,1.621751862225034,0.8164272390382559,G1M1_new,g1m1_low_load,0.3,58,11,0.28,0.32,56,60,1.6,76
2025-07-05,1.6629197864215184,2.5673780085731444e-05,1.0697408369054768,1.621751862225034,0.8164272390382559,G1M1_new,g1m1_low_load,0.3,58,11,0.28,0.32,56,60,1.6,76
2025-07-06,1.662945460201604,2.5673780085731444e-05,1.0697408369054768,1.621751862225034,0.8164272390382559,G1M1_new,g1m1_low_load,0.3,58,11,0.28,0.32,56,60,1.6,76
2025-07-07,1.6629711339816897,2.5673780085731444e-05,1.0697408369054768,1.621751862225034,0.8164272390382559,G1M1_new,g1m1_low_load,0.3,58,11,0.28,0.32,56,60,1.6,76
2025-07-08,1.6629968077617754,2.5673780085731444e-05,1.0697408369054768,1.621751862225034,0.8164272390382559,G1M1_new,g1m1_low_load,0.3,58,11,0.28,0.32,56,60,1.6,76
2025-07-09,1.6630224815418613,2.5673780085731444e-05,1.0697408369054768,1.621751862225034,0.8164272390382559,G1M1_new,g1m1_low_load,0.3,58,11,0.28,0.32,56,60,1.6,76
2025-07-10,1.663048155321947,2.5673780085731444e-05,1.0697408369054768,1.621751862225034,0.8164272390382559,G1M1_new,g1m1_low_load,0.3,58,11,0.28,0.32,56,60,1.6,76
2025-07-11,1.6630738291020326,2.5673780085731444e-05,1.0697408369054768,1.621751862225034,0.8164272390382559,G1M1_new,g1m1_low_load,0.3,58,11,0.28,0.32,56,60,1.6,76
2025-07-12,1.6630995028821185,2.5673780085731444e-05,1.0697408369054768,1.621751862225034,0.8164272390382559,G1M1_new,g1m1_low_load,0.3,58,11,0.28,0.32,56,60,1.6,76
2025-07-13,1.6631251766622042,2.5673780085731444e-05,1.0697408369054768,1.621751862225034,0.8164272390382559,G1M1_new,g1m1_low_load,0.3,58,11,0.28,0.32,56,60,1.6,76
2025-07-14,1.6631508504422898,2.5673780085731444e-05,1.0697408369054768,1.621751862225034,0.8164272390382559,G1M1_new,g1m1_low_load,0.3,58,11,0.28,0.32,56,60,1.6,76
2025-07-15,1.6631765242223757,2.5673780085731444e-05,1.0697408369054768,1.621751862225034,0.8164272390382559,G1M1_new,g1m1_low_load,0.3,58,11,0.28,0.32,56,60,1.6,76
2025-07-16,1.6632021980024614,2.5673780085731444e-05,1.0697408369054768,1.621751862225034,0.8164272390382559,G1M1_new,g1m1_low_load,0.3,58,11,0.28,0.32,56,60,1.6,76
2025-07-17,1.663227871782547,2.5673780085731444e-05,1.0697408369054768,1.621751862225034,0.8164272390382559,G1M1_new,g1m1_low_load,0.3,58,11,0.28,0.32,56,60,1.6,76
2025-07-18,1.6632535455626327,2.5673780085731444e-05,1.0697408369054768,1.621751862225034,0.8164272390382559,G1M1_new,g1m1_low_load,0.3,58,11,0.28,0.32,56,60,1.6,76
2025-07-19,1.6632792193427186,2.5673780085731444e-05,1.0697408369054768,1.621751862225034,0.8164272390382559,G1M1_new,g1m1_low_load,0.3,58,11,0.28,0.32,56,60,1.6,76
2025-07-20,1.6633048931228043,2.5673780085731444e-05,1.0697408369054768,1.621751862225034,0.8164272390382559,G1M1_new,g1m1_low_load,0.3,58,11,0.28,0.32,56,60,1.6,76
2025-07-21,1.66333056690289,2.5673780085731444e-05,1.0697408369054768,1.621751862225034,0.8164272390382559,G1M1_new,g1m1_low_load,0.3,58,11,0.28,0.32,56,60,1.6,76
2025-07-22,1.6633562406829758,2.5673780085731444e-05,1.0697408369054768,1.621751862225034,0.8164272390382559,G1M1_new,g1m1_low_load,0.3,58,11,0.28,0.32,56,60,1.6,76
2025-07-23,1.6633819144630615,2.5673780085731444e-05,1.0697408369054768,1.621751862225034,0.8164272390382559,G1M1_new,g1m1_low_load,0.3,58,11,0.28,0.32,56,60,1.6,76
2025-07-24,1.6634075882431472,2.5673780085731444e-05,1.0697408369054768,1.621751862225034,0.8164272390382559,G1M1_new,g1m1_low_load,0.3,58,11,0.28,0.32,56,60,1.6,76
2025-07-25,1.6634332620232328,2.5673780085731444e-05,1.0697408369054768,1.621751862225034,0.8164272390382559,G1M1_new,g1m1_low_load,0.3,58,11,0.28,0.32,56,60,1.6,76
2025-07-26,1.6634589358033187,2.5673780085731444e-05,1.0697408369054768,1.621751862225034,0.8164272390382559,G1M1_new,g1m1_low_load,0.3,58,11,0.28,0.32,56,60,1.6,76
2025-07-27,1.6634846095834044,2.5673780085731444e-05,1.0697408369054768,1.621751862225034,0.8164272390382559,G1M1_new,g1m1_low_load,0.3,58,11,0.28,0.32,56,60,1.6,76
2025-07-28,1.66351028336349,2.5673780085731444e-05,1.0697408369054768,1.621751862225034,0.8164272390382559,G1M1_new,g1m1_low_load,0.3,58,11,0.28,0.32,56,60,1.6,76
2025-07-29,1.663535957143576,2.5673780085731444e-05,1.0697408369054768,1.621751862225034,0.8164272390382559,G1M1_new,g1m1_low_load,0.3,58,11,0.28,0.32,56,60,1.6,76
2025-07-30,1.6635616309236616,2.5673780085731444e-05,1.0697408369054768,1.621751862225034,0.8164272390382559,G1M1_new,g1m1_low_load,0.3,58,11,0.28,0.32,56,60,1.6,76
2025-07-31,1.6635873047037473,2.5673780085731444e-05,1.0697408369054768,1.621751862225034,0.8164272390382559,G1M1_new,g1m1_low_load,0.3,58,11,0.28,0.32,56,60,1.6,76
2025-08-01,1.6636129784838332,2.5673780085731444e-05,1.0697408369054768,1.621751862225034,0.8164272390382559,G1M1_new,g1m1_low_load,0.3,58,11,0.28,0.32,56,60,1.6,76
2025-08-02,1.6636386522639188,2.5673780085731444e-05,1.0697408369054768,1.621751862225034,0.8164272390382559,G1M1_new,g1m1_low_load,0.3,58,11,0.28,0.32,56,60,1.6,76
2025-08-03,1.6636643260440045,2.5673780085731444e-05,1.0697408369054768,1.621751862225034,0.8164272390382559,G1M1_new,g1m1_low_load,0.3,58,11,0.28,0.32,56,60,1.6,76
2025-08-04,1.6636899998240902,2.5673780085731444e-05,1.0697408369054768,1.621751862225034,0.8164272390382559,G1M1_new,g1m1_low_load,0.3,58,11,0.28,0.32,56,60,1.6,76
2025-08-05,1.663715673604176,2.5673780085731444e-05,1.0697408369054768,1.621751862225034,0.8164272390382559,G1M1_new,g1m1_low_load,0.3,58,11,0.28,0.32,56,60,1.6,76
2025-08-06,1.6637413473842617,2.5673780085731444e-05,1.0697408369054768,1.621751862225034,0.8164272390382559,G1M1_new,g1m1_low_load,0.3,58,11,0.28,0.32,56,60,1.6,76
2025-08-07,1.6637670211643474,2.5673780085731444e-05,1.0697408369054768,1.621751862225034,0.8164272390382559,G1M1_new,g1m1_low_load,0.3,58,11,0.28,0.32,56,60,1.6,76
2025-08-08,1.6637926949444333,2.5673780085731444e-05,1.0697408369054768,1.621751862225034,0.8164272390382559,G1M1_new,g1m1_low_load,0.3,58,11,0.28,0.32,56,60,1.6,76
2025-08-09,1.663818368724519,2.5673780085731444e-05,1.0697408369054768,1.621751862225034,0.8164272390382559,G1M1_new,g1m1_low_load,0.3,58,11,0.28,0.32,56,60,1.6,76
2025-08-10,1.6638440425046046,2.5673780085731444e-05,1.0697408369054768,1.621751862225034,0.8164272390382559,G1M1_new,g1m1_low_load,0.3,58,11,0.28,0.32,56,60,1.6,76
2025-08-11,1.6638697162846903,2.5673780085731444e-05,1.0697408369054768,1.621751862225034,0.8164272390382559,G1M1_new,g1m1_low_load,0.3,58,11,0.28,0.32,56,60,1.6,76
2025-08-12,1.6638953900647762,2.5673780085731444e-05,1.0697408369054768,1.621751862225034,0.8164272390382559,G1M1_new,g1m1_low_load,0.3,58,11,0.28,0.32,56,60,1.6,76
2025-08-13,1.6639210638448618,2.5673780085731444e-05,1.0697408369054768,1.621751862225034,0.8164272390382559,G1M1_new,g1m1_low_load,0.3,58,11,0.28,0.32,56,60,1.6,76
2025-08-14,1.6639467376249475,2.5673780085731444e-05,1.0697408369054768,1.621751862225034,0.8164272390382559,G1M1_new,g1m1_low_load,0.3,58,11,0.28,0.32,56,60,1.6,76
2025-08-15,1.6639724114050334,2.5673780085731444e-05,1.0697408369054768,1.621751862225034,0.8164272390382559,G1M1_new,g1m1_low_load,0.3,58,11,0.28,0.32,56,60,1.6,76
2025-08-16,1.663998085185119,2.5673780085731444e-05,1.0697408369054768,1.621751862225034,0.8164272390382559,G1M1_new,g1m1_low_load,0.3,58,11,0.28,0.32,56,60,1.6,76
2025-08-17,1.6640237589652047,2.5673780085731444e-05,1.0697408369054768,1.621751862225034,0.8164272390382559,G1M1_new,g1m1_low_load,0.3,58,11,0.28,0.32,56,60,1.6,76
2025-08-18,1.6640494327452904,2.5673780085731444e-05,1.0697408369054768,1.621751862225034,0.8164272390382559,G1M1_new,g1m1_low_load,0.3,58,11,0.28,0.32,56,60,1.6,76
2025-08-19,1.6640751065253763,2.5673780085731444e-05,1.0697408369054768,1.621751862225034,0.8164272390382559,G1M1_new,g1m1_low_load,0.3,58,11,0.28,0.32,56,60,1.6,76
2025-08-20,1.664100780305462,2.5673780085731444e-05,1.0697408369054768,1.621751862225034,0.8164272390382559,G1M1_new,g1m1_low_load,0.3,58,11,0.28,0.32,56,60,1.6,76
2025-08-21,1.6641264540855476,2.5673780085731444e-05,1.0697408369054768,1.621751862225034,0.8164272390382559,G1M1_new,g1m1_low_load,0.3,58,11,0.28,0.32,56,60,1.6,76
2025-08-22,1.6641521278656335,2.5673780085731444e-05,1.0697408369054768,1.621751862225034,0.8164272390382559,G1M1_new,g1m1_low_load,0.3,58,11,0.28,0.32,56,60,1.6,76
2025-08-23,1.6641778016457192,2.5673780085731444e-05,1.0697408369054768,1.621751862225034,0.8164272390382559,G1M1_new,g1m1_low_load,0.3,58,11,0.28,0.32,56,60,1.6,76
2025-08-24,1.6642034754258048,2.5673780085731444e-05,1.0697408369054768,1.621751862225034,0.8164272390382559,G1M1_new,g1m1_low_load,0.3,58,11,0.28,0.32,56,60,1.6,76
2025-08-25,1.6642291492058905,2.5673780085731444e-05,1.0697408369054768,1.621751862225034,0.8164272390382559,G1M1_new,g1m1_low_load,0.3,58,11,0.28,0.32,56,60,1.6,76
2025-08-26,1.6642548229859764,2.5673780085731444e-05,1.0697408369054768,1.621751862225034,0.8164272390382559,G1M1_new,g1m1_low_load,0.3,58,11,0.28,0.32,56,60,1.6,76
2025-08-27,1.664280496766062,2.5673780085731444e-05,1.0697408369054768,1.621751862225034,0.8164272390382559,G1M1_new,g1m1_low_load,0.3,58,11,0.28,0.32,56,60,1.6,76
2025-08-28,1.6643061705461477,2.5673780085731444e-05,1.0697408369054768,1.621751862225034,0.8164272390382559,G1M1_new,g1m1_low_load,0.3,58,11,0.28,0.32,56,60,1.6,76
2025-08-29,1.6643318443262336,2.5673780085731444e-05,1.0697408369054768,1.621751862225034,0.8164272390382559,G1M1_new,g1m1_low_load,0.3,58,11,0.28,0.32,56,60,1.6,76
2025-08-30,1.6643575181063193,2.5673780085731444e-05,1.0697408369054768,1.621751862225034,0.8164272390382559,G1M1_new,g1m1_low_load,0.3,58,11,0.28,0.32,56,60,1.6,76
2025-08-31,1.664383191886405,2.5673780085731444e-05,1.0697408369054768,1.621751862225034,0.8164272390382559,G1M1_new,g1m1_low_load,0.3,58,11,0.28,0.32,56,60,1.6,76
2025-09-01,1.6644088656664908,2.5673780085731444e-05,1.0697408369054768,1.621751862225034,0.8164272390382559,G1M1_new,g1m1_low_load,0.3,58,11,0.28,0.32,56,60,1.6,76
2025-09-02,1.6644345394465765,2.5673780085731444e-05,1.0697408369054768,1.621751862225034,0.8164272390382559,G1M1_new,g1m1_low_load,0.3,58,11,0.28,0.32,56,60,1.6,76
2025-09-03,1.6644602132266622,2.5673780085731444e-05,1.0697408369054768,1.621751862225034,0.8164272390382559,G1M1_new,g1m1_low_load,0.3,58,11,0.28,0.32,56,60,1.6,76
2025-09-04,1.6644858870067478,2.5673780085731444e-05,1.0697408369054768,1.621751862225034,0.8164272390382559,G1M1_new,g1m1_low_load,0.3,58,11,0.28,0.32,56,60,1.6,76
2025-09-05,1.6645115607868337,2.5673780085731444e-05,1.0697408369054768,1.621751862225034,0.8164272390382559,G1M1_new,g1m1_low_load,0.3,58,11,0.28,0.32,56,60,1.6,76
2025-09-06,1.6645372345669194,2.5673780085731444e-05,1.0697408369054768,1.621751862225034,0.8164272390382559,G1M1_new,g1m1_low_load,0.3,58,11,0.28,0.32,56,60,1.6,76
2025-09-07,1.664562908347005,2.5673780085731444e-05,1.0697408369054768,1.621751862225034,0.8164272390382559,G1M1_new,g1m1_low_load,0.3,58,11,0.28,0.32,56,60,1.6,76
2025-09-08,1.664588582127091,2.5673780085731444e-05,1.0697408369054768,1.621751862225034,0.8164272390382559,G1M1_new,g1m1_low_load,0.3,58,11,0.28,0.32,56,60,1.6,76
2025-09-09,1.6646142559071766,2.5673780085731444e-05,1.0697408369054768,1.621751862225034,0.8164272390382559,G1M1_new,g1m1_low_load,0.3,58,11,0.28,0.32,56,60,1.6,76
2025-09-10,1.6646399296872623,2.5673780085731444e-05,1.0697408369054768,1.621751862225034,0.8164272390382559,G1M1_new,g1m1_low_load,0.3,58,11,0.28,0.32,56,60,1.6,76
2025-09-11,1.664665603467348,2.5673780085731444e-05,1.0697408369054768,1.621751862225034,0.8164272390382559,G1M1_new,g1m1_low_load,0.3,58,11,0.28,0.32,56,60,1.6,76
2025-09-12,1.6646912772474338,2.5673780085731444e-05,1.0697408369054768,1.621751862225034,0.8164272390382559,G1M1_new,g1m1_low_load,0.3,58,11,0.28,0.32,56,60,1.6,76
2025-09-13,1.6647169510275195,2.5673780085731444e-05,1.0697408369054768,1.621751862225034,0.8164272390382559,G1M1_new,g1m1_low_load,0.3,58,11,0.28,0.32,56,60,1.6,76
2025-09-14,1.6647426248076052,2.5673780085731444e-05,1.0697408369054768,1.621751862225034,0.8164272390382559,G1M1_new,g1m1_low_load,0.3,58,11,0.28,0.32,56,60,1.6,76
2025-09-15,1.664768298587691,2.5673780085731444e-05,1.0697408369054768,1.621751862225034,0.8164272390382559,G1M1_new,g1m1_low_load,0.3,58,11,0.28,0.32,56,60,1.6,76
2025-09-16,1.6647939723677767,2.5673780085731444e-05,1.0697408369054768,1.621751862225034,0.8164272390382559,G1M1_new,g1m1_low_load,0.3,58,11,0.28,0.32,56,60,1.6,76
2025-09-17,1.6648196461478624,2.5673780085731444e-05,1.0697408369054768,1.621751862225034,0.8164272390382559,G1M1_new,g1m1_low_load,0.3,58,11,0.28,0.32,56,60,1.6,76
2025-09-18,1.6648453199279483,2.5673780085731444e-05,1.0697408369054768,1.621751862225034,0.8164272390382559,G1M1_new,g1m1_low_load,0.3,58,11,0.28,0.32,56,60,1.6,76
2025-09-19,1.664870993708034,2.5673780085731444e-05,1.0697408369054768,1.621751862225034,0.8164272390382559,G1M1_new,g1m1_low_load,0.3,58,11,0.28,0.32,56,60,1.6,76
2025-09-20,1.6648966674881196,2.5673780085731444e-05,1.0697408369054768,1.621751862225034,0.8164272390382559,G1M1_new,g1m1_low_load,0.3,58,11,0.28,0.32,56,60,1.6,76
2025-09-21,1.6649223412682053,2.5673780085731444e-05,1.0697408369054768,1.621751862225034,0.8164272390382559,G1M1_new,g1m1_low_load,0.3,58,11,0.28,0.32,56,60,1.6,76
2025-09-22,1.6649480150482912,2.5673780085731444e-05,1.0697408369054768,1.621751862225034,0.8164272390382559,G1M1_new,g1m1_low_load,0.3,58,11,0.28,0.32,56,60,1.6,76
2025-09-23,1.6649736888283768,2.5673780085731444e-05,1.0697408369054768,1.621751862225034,0.8164272390382559,G1M1_new,g1m1_low_load,0.3,58,11,0.28,0.32,56,60,1.6,76
2025-09-24,1.6649993626084625,2.5673780085731444e-05,1.0697408369054768,1.621751862225034,0.8164272390382559,G1M1_new,g1m1_low_load,0.3,58,11,0.28,0.32,56,60,1.6,76
2025-09-25,1.6650250363885484,2.5673780085731444e-05,1.0697408369054768,1.621751862225034,0.8164272390382559,G1M1_new,g1m1_low_load,0.3,58,11,0.28,0.32,56,60,1.6,76
2025-09-26,1.665050710168634,2.5673780085731444e-05,1.0697408369054768,1.621751862225034,0.8164272390382559,G1M1_new,g1m1_low_load,0.3,58,11,0.28,0.32,56,60,1.6,76
2025-09-27,1.6650763839487197,2.5673780085731444e-05,1.0697408369054768,1.621751862225034,0.8164272390382559,G1M1_new,g1m1_low_load,0.3,58,11,0.28,0.32,56,60,1.6,76
2025-09-28,1.6651020577288054,2.5673780085731444e-05,1.0697408369054768,1.621751862225034,0.8164272390382559,G1M1_new,g1m1_low_load,0.3,58,11,0.28,0.32,56,60,1.6,76
2025-09-29,1.6651277315088913,2.5673780085731444e-05,1.0697408369054768,1.621751862225034,0.8164272390382559,G1M1_new,g1m1_low_load,0.3,58,11,0.28,0.32,56,60,1.6,76
2025-09-30,1.665153405288977,2.5673780085731444e-05,1.0697408369054768,1.621751862225034,0.8164272390382559,G1M1_new,g1m1_low_load,0.3,58,11,0.28,0.32,56,60,1.6,76
2025-10-01,1.6651790790690626,2.5673780085731444e-05,1.0697408369054768,1.621751862225034,0.8164272390382559,G1M1_new,g1m1_low_load,0.3,58,11,0.28,0.32,56,60,1.6,76
2025-10-02,1.6652047528491485,2.5673780085731444e-05,1.0697408369054768,1.621751862225034,0.8164272390382559,G1M1_new,g1m1_low_load,0.3,58,11,0.28,0.32,56,60,1.6,76
2025-10-03,1.6652304266292342,2.5673780085731444e-05,1.0697408369054768,1.621751862225034,0.8164272390382559,G1M1_new,g1m1_low_load,0.3,58,11,0.28,0.32,56,60,1.6,76
2025-10-04,1.6652561004093198,2.5673780085731444e-05,1.0697408369054768,1.621751862225034,0.8164272390382559,G1M1_new,g1m1_low_load,0.3,58,11,0.28,0.32,56,60,1.6,76
2025-10-05,1.6652817741894055,2.5673780085731444e-05,1.0697408369054768,1.621751862225034,0.8164272390382559,G1M1_new,g1m1_low_load,0.3,58,11,0.28,0.32,56,60,1.6,76
2025-10-06,1.6653074479694914,2.5673780085731444e-05,1.0697408369054768,1.621751862225034,0.8164272390382559,G1M1_new,g1m1_low_load,0.3,58,11,0.28,0.32,56,60,1.6,76
2025-10-07,1.665333121749577,2.5673780085731444e-05,1.0697408369054768,1.621751862225034,0.8164272390382559,G1M1_new,g1m1_low_load,0.3,58,11,0.28,0.32,56,60,1.6,76
2025-10-08,1.6653587955296627,2.5673780085731444e-05,1.0697408369054768,1.621751862225034,0.8164272390382559,G1M1_new,g1m1_low_load,0.3,58,11,0.28,0.32,56,60,1.6,76
2025-10-09,1.6653844693097486,2.5673780085731444e-05,1.0697408369054768,1.621751862225034,0.8164272390382559,G1M1_new,g1m1_low_load,0.3,58,11,0.28,0.32,56,60,1.6,76
2025-10-10,1.6654101430898343,2.5673780085731444e-05,1.0697408369054768,1.621751862225034,0.8164272390382559,G1M1_new,g1m1_low_load,0.3,58,11,0.28,0.32,56,60,1.6,76
2025-10-11,1.66543581686992,2.5673780085731444e-05,1.0697408369054768,1.621751862225034,0.8164272390382559,G1M1_new,g1m1_low_load,0.3,58,11,0.28,0.32,56,60,1.6,76
2025-10-12,1.6654614906500058,2.5673780085731444e-05,1.0697408369054768,1.621751862225034,0.8164272390382559,G1M1_new,g1m1_low_load,0.3,58,11,0.28,0.32,56,60,1.6,76
2025-10-13,1.6654871644300915,2.5673780085731444e-05,1.0697408369054768,1.621751862225034,0.8164272390382559,G1M1_new,g1m1_low_load,0.3,58,11,0.28,0.32,56,60,1.6,76
2025-10-14,1.6655128382101771,2.5673780085731444e-05,1.0697408369054768,1.621751862225034,0.8164272390382559,G1M1_new,g1m1_low_load,0.3,58,11,0.28,0.32,56,60,1.6,76
2025-10-15,1.6655385119902628,2.5673780085731444e-05,1.0697408369054768,1.621751862225034,0.8164272390382559,G1M1_new,g1m1_low_load,0.3,58,11,0.28,0.32,56,60,1.6,76
2025-10-16,1.6655641857703487,2.5673780085731444e-05,1.0697408369054768,1.621751862225034,0.8164272390382559,G1M1_new,g1m1_low_load,0.3,58,11,0.28,0.32,56,60,1.6,76
2025-10-17,1.6655898595504344,2.5673780085731444e-05,1.0697408369054768,1.621751862225034,0.8164272390382559,G1M1_new,g1m1_low_load,0.3,58,11,0.28,0.32,56,60,1.6,76
2025-10-18,1.66561553333052,2.5673780085731444e-05,1.0697408369054768,1.621751862225034,0.8164272390382559,G1M1_new,g1m1_low_load,0.3,58,11,0.28,0.32,56,60,1.6,76
2025-10-19,1.665641207110606,2.5673780085731444e-05,1.0697408369054768,1.621751862225034,0.8164272390382559,G1M1_new,g1m1_low_load,0.3,58,11,0.28,0.32,56,60,1.6,76
2025-10-20,1.6656668808906916,2.5673780085731444e-05,1.0697408369054768,1.621751862225034,0.8164272390382559,G1M1_new,g1m1_low_load,0.3,58,11,0.28,0.32,56,60,1.6,76
2025-10-21,1.6656925546707773,2.5673780085731444e-05,1.0697408369054768,1.621751862225034,0.8164272390382559,G1M1_new,g1m1_low_load,0.3,58,11,0.28,0.32,56,60,1.6,76
2025-10-22,1.665718228450863,2.5673780085731444e-05,1.0697408369054768,1.621751862225034,0.8164272390382559,G1M1_new,g1m1_low_load,0.3,58,11,0.28,0.32,56,60,1.6,76
2025-10-23,1.6657439022309488,2.5673780085731444e-05,1.0697408369054768,1.621751862225034,0.8164272390382559,G1M1_new,g1m1_low_load,0.3,58,11,0.28,0.32,56,60,1.6,76
2025-10-24,1.6657695760110345,2.5673780085731444e-05,1.0697408369054768,1.621751862225034,0.8164272390382559,G1M1_new,g1m1_low_load,0.3,58,11,0.28,0.32,56,60,1.6,76
2025-10-25,1.6657952497911201,2.5673780085731444e-05,1.0697408369054768,1.621751862225034,0.8164272390382559,G1M1_new,g1m1_low_load,0.3,58,11,0.28,0.32,56,60,1.6,76
2025-10-26,1.665820923571206,2.5673780085731444e-05,1.0697408369054768,1.621751862225034,0.8164272390382559,G1M1_new,g1m1_low_load,0.3,58,11,0.28,0.32,56,60,1.6,76
2025-10-27,1.6658465973512917,2.5673780085731444e-05,1.0697408369054768,1.621751862225034,0.8164272390382559,G1M1_new,g1m1_low_load,0.3,58,11,0.28,0.32,56,60,1.6,76
2025-10-28,1.6658722711313774,2.5673780085731444e-05,1.0697408369054768,1.621751862225034,0.8164272390382559,G1M1_new,g1m1_low_load,0.3,58,11,0.28,0.32,56,60,1.6,76
2025-10-29,1.665897944911463,2.5673780085731444e-05,1.0697408369054768,1.621751862225034,0.8164272390382559,G1M1_new,g1m1_low_load,0.3,58,11,0.28,0.32,56,60,1.6,76
2025-10-30,1.665923618691549,2.5673780085731444e-05,1.0697408369054768,1.621751862225034,0.8164272390382559,G1M1_new,g1m1_low_load,0.3,58,11,0.28,0.32,56,60,1.6,76
2025-10-31,1.6659492924716346,2.5673780085731444e-05,1.0697408369054768,1.621751862225034,0.8164272390382559,G1M1_new,g1m1_low_load,0.3,58,11,0.28,0.32,56,60,1.6,76
2025-11-01,1.6659749662517203,2.5673780085731444e-05,1.0697408369054768,1.621751862225034,0.8164272390382559,G1M1_new,g1m1_low_load,0.3,58,11,0.28,0.32,56,60,1.6,76
2025-11-02,1.6660006400318061,2.5673780085731444e-05,1.0697408369054768,1.621751862225034,0.8164272390382559,G1M1_new,g1m1_low_load,0.3,58,11,0.28,0.32,56,60,1.6,76
2025-11-03,1.6660263138118918,2.5673780085731444e-05,1.0697408369054768,1.621751862225034,0.8164272390382559,G1M1_new,g1m1_low_load,0.3,58,11,0.28,0.32,56,60,1.6,76
2025-11-04,1.6660519875919775,2.5673780085731444e-05,1.0697408369054768,1.621751862225034,0.8164272390382559,G1M1_new,g1m1_low_load,0.3,58,11,0.28,0.32,56,60,1.6,76
2025-11-05,1.6660776613720634,2.5673780085731444e-05,1.0697408369054768,1.621751862225034,0.8164272390382559,G1M1_new,g1m1_low_load,0.3,58,11,0.28,0.32,56,60,1.6,76
2025-11-06,1.666103335152149,2.5673780085731444e-05,1.0697408369054768,1.621751862225034,0.8164272390382559,G1M1_new,g1m1_low_load,0.3,58,11,0.28,0.32,56,60,1.6,76
2025-11-07,1.6661290089322347,2.5673780085731444e-05,1.0697408369054768,1.621751862225034,0.8164272390382559,G1M1_new,g1m1_low_load,0.3,58,11,0.28,0.32,56,60,1.6,76
2025-11-08,1.6661546827123204,2.5673780085731444e-05,1.0697408369054768,1.621751862225034,0.8164272390382559,G1M1_new,g1m1_low_load,0.3,58,11,0.28,0.32,56,60,1.6,76
2025-11-09,1.6661803564924063,2.5673780085731444e-05,1.0697408369054768,1.621751862225034,0.8164272390382559,G1M1_new,g1m1_low_load,0.3,58,11,0.28,0.32,56,60,1.6,76
2025-11-10,1.666206030272492,2.5673780085731444e-05,1.0697408369054768,1.621751862225034,0.8164272390382559,G1M1_new,g1m1_low_load,0.3,58,11,0.28,0.32,56,60,1.6,76
2025-11-11,1.6662317040525776,2.5673780085731444e-05,1.0697408369054768,1.621751862225034,0.8164272390382559,G1M1_new,g1m1_low_load,0.3,58,11,0.28,0.32,56,60,1.6,76
2025-11-12,1.6662573778326635,2.5673780085731444e-05,1.0697408369054768,1.621751862225034,0.8164272390382559,G1M1_new,g1m1_low_load,0.3,58,11,0.28,0.32,56,60,1.6,76
2025-11-13,1.6662830516127491,2.5673780085731444e-05,1.0697408369054768,1.621751862225034,0.8164272390382559,G1M1_new,g1m1_low_load,0.3,58,11,0.28,0.32,56,60,1.6,76
2025-11-14,1.6663087253928348,2.5673780085731444e-05,1.0697408369054768,1.621751862225034,0.8164272390382559,G1M1_new,g1m1_low_load,0.3,58,11,0.28,0.32,56,60,1.6,76
2025-11-15,1.6663343991729205,2.5673780085731444e-05,1.0697408369054768,1.621751862225034,0.8164272390382559,G1M1_new,g1m1_low_load,0.3,58,11,0.28,0.32,56,60,1.6,76
2025-11-16,1.6663600729530064,2.5673780085731444e-05,1.0697408369054768,1.621751862225034,0.8164272390382559,G1M1_new,g1m1_low_load,0.3,58,11,0.28,0.32,56,60,1.6,76
2025-11-17,1.666385746733092,2.5673780085731444e-05,1.0697408369054768,1.621751862225034,0.8164272390382559,G1M1_new,g1m1_low_load,0.3,58,11,0.28,0.32,56,60,1.6,76
2025-11-18,1.6664114205131777,2.5673780085731444e-05,1.0697408369054768,1.621751862225034,0.8164272390382559,G1M1_new,g1m1_low_load,0.3,58,11,0.28,0.32,56,60,1.6,76
2025-11-19,1.6664370942932636,2.5673780085731444e-05,1.0697408369054768,1.621751862225034,0.8164272390382559,G1M1_new,g1m1_low_load,0.3,58,11,0.28,0.32,56,60,1.6,76
2025-11-20,1.6664627680733493,2.5673780085731444e-05,1.0697408369054768,1.621751862225034,0.8164272390382559,G1M1_new,g1m1_low_load,0.3,58,11,0.28,0.32,56,60,1.6,76
2025-11-21,1.666488441853435,2.5673780085731444e-05,1.0697408369054768,1.621751862225034,0.8164272390382559,G1M1_new,g1m1_low_load,0.3,58,11,0.28,0.32,56,60,1.6,76
2025-11-22,1.6665141156335208,2.5673780085731444e-05,1.0697408369054768,1.621751862225034,0.8164272390382559,G1M1_new,g1m1_low_load,0.3,58,11,0.28,0.32,56,60,1.6,76
2025-11-23,1.6665397894136065,2.5673780085731444e-05,1.0697408369054768,1.621751862225034,0.8164272390382559,G1M1_new,g1m1_low_load,0.3,58,11,0.28,0.32,56,60,1.6,76
2025-11-24,1.6665654631936921,2.5673780085731444e-05,1.0697408369054768,1.621751862225034,0.8164272390382559,G1M1_new,g1m1_low_load,0.3,58,11,0.28,0.32,56,60,1.6,76
2025-11-25,1.6665911369737778,2.5673780085731444e-05,1.0697408369054768,1.621751862225034,0.8164272390382559,G1M1_new,g1m1_low_load,0.3,58,11,0.28,0.32,56,60,1.6,76
2025-11-26,1.6666168107538637,2.5673780085731444e-05,1.0697408369054768,1.621751862225034,0.8164272390382559,G1M1_new,g1m1_low_load,0.3,58,11,0.28,0.32,56,60,1.6,76
2025-11-27,1.6666424845339494,2.5673780085731444e-05,1.0697408369054768,1.621751862225034,0.8164272390382559,G1M1_new,g1m1_low_load,0.3,58,11,0.28,0.32,56,60,1.6,76
2025-11-28,1.666668158314035,2.5673780085731444e-05,1.0697408369054768,1.621751862225034,0.8164272390382559,G1M1_new,g1m1_low_load,0.3,58,11,0.28,0.32,56,60,1.6,76
2025-11-29,1.666693832094121,2.5673780085731444e-05,1.0697408369054768,1.621751862225034,0.8164272390382559,G1M1_new,g1m1_low_load,0.3,58,11,0.28,0.32,56,60,1.6,76
2025-11-30,1.6667195058742066,2.5673780085731444e-05,1.0697408369054768,1.621751862225034,0.8164272390382559,G1M1_new,g1m1_low_load,0.3,58,11,0.28,0.32,56,60,1.6,76
2025-12-01,1.6667451796542923,2.5673780085731444e-05,1.0697408369054768,1.621751862225034,0.8164272390382559,G1M1_new,g1m1_low_load,0.3,58,11,0.28,0.32,56,60,1.6,76
2025-12-02,1.666770853434378,2.5673780085731444e-05,1.0697408369054768,1.621751862225034,0.8164272390382559,G1M1_new,g1m1_low_load,0.3,58,11,0.28,0.32,56,60,1.6,76
2025-12-03,1.6667965272144638,2.5673780085731444e-05,1.0697408369054768,1.621751862225034,0.8164272390382559,G1M1_new,g1m1_low_load,0.3,58,11,0.28,0.32,56,60,1.6,76
2025-12-04,1.6668222009945495,2.5673780085731444e-05,1.0697408369054768,1.621751862225034,0.8164272390382559,G1M1_new,g1m1_low_load,0.3,58,11,0.28,0.32,56,60,1.6,76
2025-12-05,1.6668478747746351,2.5673780085731444e-05,1.0697408369054768,1.621751862225034,0.8164272390382559,G1M1_new,g1m1_low_load,0.3,58,11,0.28,0.32,56,60,1.6,76
2025-12-06,1.666873548554721,2.5673780085731444e-05,1.0697408369054768,1.621751862225034,0.8164272390382559,G1M1_new,g1m1_low_load,0.3,58,11,0.28,0.32,56,60,1.6,76
2025-12-07,1.6668992223348067,2.5673780085731444e-05,1.0697408369054768,1.621751862225034,0.8164272390382559,G1M1_new,g1m1_low_load,0.3,58,11,0.28,0.32,56,60,1.6,76
2025-12-08,1.6669248961148924,2.5673780085731444e-05,1.0697408369054768,1.621751862225034,0.8164272390382559,G1M1_new,g1m1_low_load,0.3,58,11,0.28,0.32,56,60,1.6,76
2025-12-09,1.666950569894978,2.5673780085731444e-05,1.0697408369054768,1.621751862225034,0.8164272390382559,G1M1_new,g1m1_low_load,0.3,58,11,0.28,0.32,56,60,1.6,76
