timestamp,gt_uref_regression,slope_v_per_day,slope_uv_per_h,intercept_v,r2,dataset_name,label,iref,tref,ohref,i_range_low,i_range_high,t_range_low,t_range_high,oh_range_low,oh_range_high
2023-07-10,1.798229009124787,0.000181559695545847,7.564987314410292,1.7982955810131538,0.98570298840869,G6M2,g6m2_high_load,1.31,58.0,18.0,1.29,1.33,56,59.5,4,78
2023-07-11,1.798410568820333,0.000181559695545847,7.564987314410292,1.7982955810131538,0.98570298840869,G6M2,g6m2_high_load,1.31,58.0,18.0,1.29,1.33,56,59.5,4,78
2023-07-12,1.7985921285158786,0.000181559695545847,7.564987314410292,1.7982955810131538,0.98570298840869,G6M2,g6m2_high_load,1.31,58.0,18.0,1.29,1.33,56,59.5,4,78
2023-07-13,1.7987736882114245,0.000181559695545847,7.564987314410292,1.7982955810131538,0.98570298840869,G6M2,g6m2_high_load,1.31,58.0,18.0,1.29,1.33,56,59.5,4,78
2023-07-14,1.7989552479069704,0.000181559695545847,7.564987314410292,1.7982955810131538,0.98570298840869,G6M2,g6m2_high_load,1.31,58.0,18.0,1.29,1.33,56,59.5,4,78
2023-07-15,1.7991368076025163,0.000181559695545847,7.564987314410292,1.7982955810131538,0.98570298840869,G6M2,g6m2_high_load,1.31,58.0,18.0,1.29,1.33,56,59.5,4,78
2023-07-16,1.7993183672980622,0.000181559695545847,7.564987314410292,1.7982955810131538,0.98570298840869,G6M2,g6m2_high_load,1.31,58.0,18.0,1.29,1.33,56,59.5,4,78
2023-07-17,1.7994999269936078,0.000181559695545847,7.564987314410292,1.7982955810131538,0.98570298840869,G6M2,g6m2_high_load,1.31,58.0,18.0,1.29,1.33,56,59.5,4,78
2023-07-18,1.7996814866891537,0.000181559695545847,7.564987314410292,1.7982955810131538,0.98570298840869,G6M2,g6m2_high_load,1.31,58.0,18.0,1.29,1.33,56,59.5,4,78
2023-07-19,1.7998630463846996,0.000181559695545847,7.564987314410292,1.7982955810131538,0.98570298840869,G6M2,g6m2_high_load,1.31,58.0,18.0,1.29,1.33,56,59.5,4,78
2023-07-20,1.8000446060802455,0.000181559695545847,7.564987314410292,1.7982955810131538,0.98570298840869,G6M2,g6m2_high_load,1.31,58.0,18.0,1.29,1.33,56,59.5,4,78
2023-07-21,1.8002261657757912,0.000181559695545847,7.564987314410292,1.7982955810131538,0.98570298840869,G6M2,g6m2_high_load,1.31,58.0,18.0,1.29,1.33,56,59.5,4,78
2023-07-22,1.800407725471337,0.000181559695545847,7.564987314410292,1.7982955810131538,0.98570298840869,G6M2,g6m2_high_load,1.31,58.0,18.0,1.29,1.33,56,59.5,4,78
2023-07-23,1.800589285166883,0.000181559695545847,7.564987314410292,1.7982955810131538,0.98570298840869,G6M2,g6m2_high_load,1.31,58.0,18.0,1.29,1.33,56,59.5,4,78
2023-07-24,1.8007708448624289,0.000181559695545847,7.564987314410292,1.7982955810131538,0.98570298840869,G6M2,g6m2_high_load,1.31,58.0,18.0,1.29,1.33,56,59.5,4,78
2023-07-25,1.8009524045579748,0.000181559695545847,7.564987314410292,1.7982955810131538,0.98570298840869,G6M2,g6m2_high_load,1.31,58.0,18.0,1.29,1.33,56,59.5,4,78
2023-07-26,1.8011339642535205,0.000181559695545847,7.564987314410292,1.7982955810131538,0.98570298840869,G6M2,g6m2_high_load,1.31,58.0,18.0,1.29,1.33,56,59.5,4,78
2023-07-27,1.8013155239490664,0.000181559695545847,7.564987314410292,1.7982955810131538,0.98570298840869,G6M2,g6m2_high_load,1.31,58.0,18.0,1.29,1.33,56,59.5,4,78
2023-07-28,1.8014970836446123,0.000181559695545847,7.564987314410292,1.7982955810131538,0.98570298840869,G6M2,g6m2_high_load,1.31,58.0,18.0,1.29,1.33,56,59.5,4,78
2023-07-29,1.8016786433401581,0.000181559695545847,7.564987314410292,1.7982955810131538,0.98570298840869,G6M2,g6m2_high_load,1.31,58.0,18.0,1.29,1.33,56,59.5,4,78
2023-07-30,1.8018602030357038,0.000181559695545847,7.564987314410292,1.7982955810131538,0.98570298840869,G6M2,g6m2_high_load,1.31,58.0,18.0,1.29,1.33,56,59.5,4,78
2023-07-31,1.8020417627312497,0.000181559695545847,7.564987314410292,1.7982955810131538,0.98570298840869,G6M2,g6m2_high_load,1.31,58.0,18.0,1.29,1.33,56,59.5,4,78
2023-08-01,1.8022233224267956,0.000181559695545847,7.564987314410292,1.7982955810131538,0.98570298840869,G6M2,g6m2_high_load,1.31,58.0,18.0,1.29,1.33,56,59.5,4,78
2023-08-02,1.8024048821223415,0.000181559695545847,7.564987314410292,1.7982955810131538,0.98570298840869,G6M2,g6m2_high_load,1.31,58.0,18.0,1.29,1.33,56,59.5,4,78
2023-08-03,1.8025864418178874,0.000181559695545847,7.564987314410292,1.7982955810131538,0.98570298840869,G6M2,g6m2_high_load,1.31,58.0,18.0,1.29,1.33,56,59.5,4,78
2023-08-04,1.802768001513433,0.000181559695545847,7.564987314410292,1.7982955810131538,0.98570298840869,G6M2,g6m2_high_load,1.31,58.0,18.0,1.29,1.33,56,59.5,4,78
2023-08-05,1.802949561208979,0.000181559695545847,7.564987314410292,1.7982955810131538,0.98570298840869,G6M2,g6m2_high_load,1.31,58.0,18.0,1.29,1.33,56,59.5,4,78
2023-08-06,1.8031311209045249,0.000181559695545847,7.564987314410292,1.7982955810131538,0.98570298840869,G6M2,g6m2_high_load,1.31,58.0,18.0,1.29,1.33,56,59.5,4,78
2023-08-07,1.8033126806000708,0.000181559695545847,7.564987314410292,1.7982955810131538,0.98570298840869,G6M2,g6m2_high_load,1.31,58.0,18.0,1.29,1.33,56,59.5,4,78
2023-08-08,1.8034942402956164,0.000181559695545847,7.564987314410292,1.7982955810131538,0.98570298840869,G6M2,g6m2_high_load,1.31,58.0,18.0,1.29,1.33,56,59.5,4,78
2023-08-09,1.8036757999911623,0.000181559695545847,7.564987314410292,1.7982955810131538,0.98570298840869,G6M2,g6m2_high_load,1.31,58.0,18.0,1.29,1.33,56,59.5,4,78
2023-08-10,1.8038573596867082,0.000181559695545847,7.564987314410292,1.7982955810131538,0.98570298840869,G6M2,g6m2_high_load,1.31,58.0,18.0,1.29,1.33,56,59.5,4,78
2023-08-11,1.8040389193822541,0.000181559695545847,7.564987314410292,1.7982955810131538,0.98570298840869,G6M2,g6m2_high_load,1.31,58.0,18.0,1.29,1.33,56,59.5,4,78
2023-08-12,1.8042204790778,0.000181559695545847,7.564987314410292,1.7982955810131538,0.98570298840869,G6M2,g6m2_high_load,1.31,58.0,18.0,1.29,1.33,56,59.5,4,78
2023-08-13,1.8044020387733457,0.000181559695545847,7.564987314410292,1.7982955810131538,0.98570298840869,G6M2,g6m2_high_load,1.31,58.0,18.0,1.29,1.33,56,59.5,4,78
2023-08-14,1.8045835984688916,0.000181559695545847,7.564987314410292,1.7982955810131538,0.98570298840869,G6M2,g6m2_high_load,1.31,58.0,18.0,1.29,1.33,56,59.5,4,78
2023-08-15,1.8047651581644375,0.000181559695545847,7.564987314410292,1.7982955810131538,0.98570298840869,G6M2,g6m2_high_load,1.31,58.0,18.0,1.29,1.33,56,59.5,4,78
2023-08-16,1.8049467178599834,0.000181559695545847,7.564987314410292,1.7982955810131538,0.98570298840869,G6M2,g6m2_high_load,1.31,58.0,18.0,1.29,1.33,56,59.5,4,78
2023-08-17,1.805128277555529,0.000181559695545847,7.564987314410292,1.7982955810131538,0.98570298840869,G6M2,g6m2_high_load,1.31,58.0,18.0,1.29,1.33,56,59.5,4,78
2023-08-18,1.805309837251075,0.000181559695545847,7.564987314410292,1.7982955810131538,0.98570298840869,G6M2,g6m2_high_load,1.31,58.0,18.0,1.29,1.33,56,59.5,4,78
2023-08-19,1.8054913969466209,0.000181559695545847,7.564987314410292,1.7982955810131538,0.98570298840869,G6M2,g6m2_high_load,1.31,58.0,18.0,1.29,1.33,56,59.5,4,78
2023-08-20,1.8056729566421668,0.000181559695545847,7.564987314410292,1.7982955810131538,0.98570298840869,G6M2,g6m2_high_load,1.31,58.0,18.0,1.29,1.33,56,59.5,4,78
2023-08-21,1.8058545163377127,0.000181559695545847,7.564987314410292,1.7982955810131538,0.98570298840869,G6M2,g6m2_high_load,1.31,58.0,18.0,1.29,1.33,56,59.5,4,78
2023-08-22,1.8060360760332583,0.000181559695545847,7.564987314410292,1.7982955810131538,0.98570298840869,G6M2,g6m2_high_load,1.31,58.0,18.0,1.29,1.33,56,59.5,4,78
2023-08-23,1.8062176357288042,0.000181559695545847,7.564987314410292,1.7982955810131538,0.98570298840869,G6M2,g6m2_high_load,1.31,58.0,18.0,1.29,1.33,56,59.5,4,78
2023-08-24,1.8063991954243501,0.000181559695545847,7.564987314410292,1.7982955810131538,0.98570298840869,G6M2,g6m2_high_load,1.31,58.0,18.0,1.29,1.33,56,59.5,4,78
2023-08-25,1.806580755119896,0.000181559695545847,7.564987314410292,1.7982955810131538,0.98570298840869,G6M2,g6m2_high_load,1.31,58.0,18.0,1.29,1.33,56,59.5,4,78
2023-08-26,1.8067623148154417,0.000181559695545847,7.564987314410292,1.7982955810131538,0.98570298840869,G6M2,g6m2_high_load,1.31,58.0,18.0,1.29,1.33,56,59.5,4,78
2023-08-27,1.8069438745109876,0.000181559695545847,7.564987314410292,1.7982955810131538,0.98570298840869,G6M2,g6m2_high_load,1.31,58.0,18.0,1.29,1.33,56,59.5,4,78
2023-08-28,1.8071254342065335,0.000181559695545847,7.564987314410292,1.7982955810131538,0.98570298840869,G6M2,g6m2_high_load,1.31,58.0,18.0,1.29,1.33,56,59.5,4,78
2023-08-29,1.8073069939020794,0.000181559695545847,7.564987314410292,1.7982955810131538,0.98570298840869,G6M2,g6m2_high_load,1.31,58.0,18.0,1.29,1.33,56,59.5,4,78
2023-08-30,1.8074885535976253,0.000181559695545847,7.564987314410292,1.7982955810131538,0.98570298840869,G6M2,g6m2_high_load,1.31,58.0,18.0,1.29,1.33,56,59.5,4,78
2023-08-31,1.807670113293171,0.000181559695545847,7.564987314410292,1.7982955810131538,0.98570298840869,G6M2,g6m2_high_load,1.31,58.0,18.0,1.29,1.33,56,59.5,4,78
2023-09-01,1.8078516729887169,0.000181559695545847,7.564987314410292,1.7982955810131538,0.98570298840869,G6M2,g6m2_high_load,1.31,58.0,18.0,1.29,1.33,56,59.5,4,78
2023-09-02,1.8080332326842627,0.000181559695545847,7.564987314410292,1.7982955810131538,0.98570298840869,G6M2,g6m2_high_load,1.31,58.0,18.0,1.29,1.33,56,59.5,4,78
2023-09-03,1.8082147923798086,0.000181559695545847,7.564987314410292,1.7982955810131538,0.98570298840869,G6M2,g6m2_high_load,1.31,58.0,18.0,1.29,1.33,56,59.5,4,78
2023-09-04,1.8083963520753543,0.000181559695545847,7.564987314410292,1.7982955810131538,0.98570298840869,G6M2,g6m2_high_load,1.31,58.0,18.0,1.29,1.33,56,59.5,4,78
2023-09-05,1.8085779117709002,0.000181559695545847,7.564987314410292,1.7982955810131538,0.98570298840869,G6M2,g6m2_high_load,1.31,58.0,18.0,1.29,1.33,56,59.5,4,78
2023-09-06,1.8087594714664461,0.000181559695545847,7.564987314410292,1.7982955810131538,0.98570298840869,G6M2,g6m2_high_load,1.31,58.0,18.0,1.29,1.33,56,59.5,4,78
2023-09-07,1.808941031161992,0.000181559695545847,7.564987314410292,1.7982955810131538,0.98570298840869,G6M2,g6m2_high_load,1.31,58.0,18.0,1.29,1.33,56,59.5,4,78
2023-09-08,1.809122590857538,0.000181559695545847,7.564987314410292,1.7982955810131538,0.98570298840869,G6M2,g6m2_high_load,1.31,58.0,18.0,1.29,1.33,56,59.5,4,78
2023-09-09,1.8093041505530836,0.000181559695545847,7.564987314410292,1.7982955810131538,0.98570298840869,G6M2,g6m2_high_load,1.31,58.0,18.0,1.29,1.33,56,59.5,4,78
2023-09-10,1.8094857102486295,0.000181559695545847,7.564987314410292,1.7982955810131538,0.98570298840869,G6M2,g6m2_high_load,1.31,58.0,18.0,1.29,1.33,56,59.5,4,78
2023-09-11,1.8096672699441754,0.000181559695545847,7.564987314410292,1.7982955810131538,0.98570298840869,G6M2,g6m2_high_load,1.31,58.0,18.0,1.29,1.33,56,59.5,4,78
2023-09-12,1.8098488296397213,0.000181559695545847,7.564987314410292,1.7982955810131538,0.98570298840869,G6M2,g6m2_high_load,1.31,58.0,18.0,1.29,1.33,56,59.5,4,78
2023-09-13,1.810030389335267,0.000181559695545847,7.564987314410292,1.7982955810131538,0.98570298840869,G6M2,g6m2_high_load,1.31,58.0,18.0,1.29,1.33,56,59.5,4,78
2023-09-14,1.8102119490308128,0.000181559695545847,7.564987314410292,1.7982955810131538,0.98570298840869,G6M2,g6m2_high_load,1.31,58.0,18.0,1.29,1.33,56,59.5,4,78
2023-09-15,1.8103935087263587,0.000181559695545847,7.564987314410292,1.7982955810131538,0.98570298840869,G6M2,g6m2_high_load,1.31,58.0,18.0,1.29,1.33,56,59.5,4,78
2023-09-16,1.8105750684219046,0.000181559695545847,7.564987314410292,1.7982955810131538,0.98570298840869,G6M2,g6m2_high_load,1.31,58.0,18.0,1.29,1.33,56,59.5,4,78
2023-09-17,1.8107566281174505,0.000181559695545847,7.564987314410292,1.7982955810131538,0.98570298840869,G6M2,g6m2_high_load,1.31,58.0,18.0,1.29,1.33,56,59.5,4,78
2023-09-18,1.8109381878129962,0.000181559695545847,7.564987314410292,1.7982955810131538,0.98570298840869,G6M2,g6m2_high_load,1.31,58.0,18.0,1.29,1.33,56,59.5,4,78
2023-09-19,1.811119747508542,0.000181559695545847,7.564987314410292,1.7982955810131538,0.98570298840869,G6M2,g6m2_high_load,1.31,58.0,18.0,1.29,1.33,56,59.5,4,78
2023-09-20,1.811301307204088,0.000181559695545847,7.564987314410292,1.7982955810131538,0.98570298840869,G6M2,g6m2_high_load,1.31,58.0,18.0,1.29,1.33,56,59.5,4,78
2023-09-21,1.811482866899634,0.000181559695545847,7.564987314410292,1.7982955810131538,0.98570298840869,G6M2,g6m2_high_load,1.31,58.0,18.0,1.29,1.33,56,59.5,4,78
2023-09-22,1.8116644265951796,0.000181559695545847,7.564987314410292,1.7982955810131538,0.98570298840869,G6M2,g6m2_high_load,1.31,58.0,18.0,1.29,1.33,56,59.5,4,78
2023-09-23,1.8118459862907255,0.000181559695545847,7.564987314410292,1.7982955810131538,0.98570298840869,G6M2,g6m2_high_load,1.31,58.0,18.0,1.29,1.33,56,59.5,4,78
2023-09-24,1.8120275459862714,0.000181559695545847,7.564987314410292,1.7982955810131538,0.98570298840869,G6M2,g6m2_high_load,1.31,58.0,18.0,1.29,1.33,56,59.5,4,78
2023-09-25,1.8122091056818173,0.000181559695545847,7.564987314410292,1.7982955810131538,0.98570298840869,G6M2,g6m2_high_load,1.31,58.0,18.0,1.29,1.33,56,59.5,4,78
2023-09-26,1.8123906653773632,0.000181559695545847,7.564987314410292,1.7982955810131538,0.98570298840869,G6M2,g6m2_high_load,1.31,58.0,18.0,1.29,1.33,56,59.5,4,78
2023-09-27,1.8125722250729088,0.000181559695545847,7.564987314410292,1.7982955810131538,0.98570298840869,G6M2,g6m2_high_load,1.31,58.0,18.0,1.29,1.33,56,59.5,4,78
2023-09-28,1.8127537847684547,0.000181559695545847,7.564987314410292,1.7982955810131538,0.98570298840869,G6M2,g6m2_high_load,1.31,58.0,18.0,1.29,1.33,56,59.5,4,78
2023-09-29,1.8129353444640006,0.000181559695545847,7.564987314410292,1.7982955810131538,0.98570298840869,G6M2,g6m2_high_load,1.31,58.0,18.0,1.29,1.33,56,59.5,4,78
2023-09-30,1.8131169041595465,0.000181559695545847,7.564987314410292,1.7982955810131538,0.98570298840869,G6M2,g6m2_high_load,1.31,58.0,18.0,1.29,1.33,56,59.5,4,78
2023-10-01,1.8132984638550922,0.000181559695545847,7.564987314410292,1.7982955810131538,0.98570298840869,G6M2,g6m2_high_load,1.31,58.0,18.0,1.29,1.33,56,59.5,4,78
2023-10-02,1.813480023550638,0.000181559695545847,7.564987314410292,1.7982955810131538,0.98570298840869,G6M2,g6m2_high_load,1.31,58.0,18.0,1.29,1.33,56,59.5,4,78
2023-10-03,1.813661583246184,0.000181559695545847,7.564987314410292,1.7982955810131538,0.98570298840869,G6M2,g6m2_high_load,1.31,58.0,18.0,1.29,1.33,56,59.5,4,78
2023-10-04,1.8138431429417299,0.000181559695545847,7.564987314410292,1.7982955810131538,0.98570298840869,G6M2,g6m2_high_load,1.31,58.0,18.0,1.29,1.33,56,59.5,4,78
2023-10-05,1.8140247026372758,0.000181559695545847,7.564987314410292,1.7982955810131538,0.98570298840869,G6M2,g6m2_high_load,1.31,58.0,18.0,1.29,1.33,56,59.5,4,78
2023-10-06,1.8142062623328215,0.000181559695545847,7.564987314410292,1.7982955810131538,0.98570298840869,G6M2,g6m2_high_load,1.31,58.0,18.0,1.29,1.33,56,59.5,4,78
2023-10-07,1.8143878220283673,0.000181559695545847,7.564987314410292,1.7982955810131538,0.98570298840869,G6M2,g6m2_high_load,1.31,58.0,18.0,1.29,1.33,56,59.5,4,78
2023-10-08,1.8145693817239132,0.000181559695545847,7.564987314410292,1.7982955810131538,0.98570298840869,G6M2,g6m2_high_load,1.31,58.0,18.0,1.29,1.33,56,59.5,4,78
2023-10-09,1.8147509414194591,0.000181559695545847,7.564987314410292,1.7982955810131538,0.98570298840869,G6M2,g6m2_high_load,1.31,58.0,18.0,1.29,1.33,56,59.5,4,78
2023-10-10,1.8149325011150048,0.000181559695545847,7.564987314410292,1.7982955810131538,0.98570298840869,G6M2,g6m2_high_load,1.31,58.0,18.0,1.29,1.33,56,59.5,4,78
2023-10-11,1.8151140608105507,0.000181559695545847,7.564987314410292,1.7982955810131538,0.98570298840869,G6M2,g6m2_high_load,1.31,58.0,18.0,1.29,1.33,56,59.5,4,78
2023-10-12,1.8152956205060966,0.000181559695545847,7.564987314410292,1.7982955810131538,0.98570298840869,G6M2,g6m2_high_load,1.31,58.0,18.0,1.29,1.33,56,59.5,4,78
2023-10-13,1.8154771802016425,0.000181559695545847,7.564987314410292,1.7982955810131538,0.98570298840869,G6M2,g6m2_high_load,1.31,58.0,18.0,1.29,1.33,56,59.5,4,78
2023-10-14,1.8156587398971884,0.000181559695545847,7.564987314410292,1.7982955810131538,0.98570298840869,G6M2,g6m2_high_load,1.31,58.0,18.0,1.29,1.33,56,59.5,4,78
2023-10-15,1.815840299592734,0.000181559695545847,7.564987314410292,1.7982955810131538,0.98570298840869,G6M2,g6m2_high_load,1.31,58.0,18.0,1.29,1.33,56,59.5,4,78
2023-10-16,1.81602185928828,0.000181559695545847,7.564987314410292,1.7982955810131538,0.98570298840869,G6M2,g6m2_high_load,1.31,58.0,18.0,1.29,1.33,56,59.5,4,78
2023-10-17,1.8162034189838259,0.000181559695545847,7.564987314410292,1.7982955810131538,0.98570298840869,G6M2,g6m2_high_load,1.31,58.0,18.0,1.29,1.33,56,59.5,4,78
2023-10-18,1.8163849786793718,0.000181559695545847,7.564987314410292,1.7982955810131538,0.98570298840869,G6M2,g6m2_high_load,1.31,58.0,18.0,1.29,1.33,56,59.5,4,78
2023-10-19,1.8165665383749174,0.000181559695545847,7.564987314410292,1.7982955810131538,0.98570298840869,G6M2,g6m2_high_load,1.31,58.0,18.0,1.29,1.33,56,59.5,4,78
2023-10-20,1.8167480980704633,0.000181559695545847,7.564987314410292,1.7982955810131538,0.98570298840869,G6M2,g6m2_high_load,1.31,58.0,18.0,1.29,1.33,56,59.5,4,78
2023-10-21,1.8169296577660092,0.000181559695545847,7.564987314410292,1.7982955810131538,0.98570298840869,G6M2,g6m2_high_load,1.31,58.0,18.0,1.29,1.33,56,59.5,4,78
2023-10-22,1.8171112174615551,0.000181559695545847,7.564987314410292,1.7982955810131538,0.98570298840869,G6M2,g6m2_high_load,1.31,58.0,18.0,1.29,1.33,56,59.5,4,78
2023-10-23,1.817292777157101,0.000181559695545847,7.564987314410292,1.7982955810131538,0.98570298840869,G6M2,g6m2_high_load,1.31,58.0,18.0,1.29,1.33,56,59.5,4,78
2023-10-24,1.8174743368526467,0.000181559695545847,7.564987314410292,1.7982955810131538,0.98570298840869,G6M2,g6m2_high_load,1.31,58.0,18.0,1.29,1.33,56,59.5,4,78
2023-10-25,1.8176558965481926,0.000181559695545847,7.564987314410292,1.7982955810131538,0.98570298840869,G6M2,g6m2_high_load,1.31,58.0,18.0,1.29,1.33,56,59.5,4,78
2023-10-26,1.8178374562437385,0.000181559695545847,7.564987314410292,1.7982955810131538,0.98570298840869,G6M2,g6m2_high_load,1.31,58.0,18.0,1.29,1.33,56,59.5,4,78
2023-10-27,1.8180190159392844,0.000181559695545847,7.564987314410292,1.7982955810131538,0.98570298840869,G6M2,g6m2_high_load,1.31,58.0,18.0,1.29,1.33,56,59.5,4,78
2023-10-28,1.81820057563483,0.000181559695545847,7.564987314410292,1.7982955810131538,0.98570298840869,G6M2,g6m2_high_load,1.31,58.0,18.0,1.29,1.33,56,59.5,4,78
2023-10-29,1.818382135330376,0.000181559695545847,7.564987314410292,1.7982955810131538,0.98570298840869,G6M2,g6m2_high_load,1.31,58.0,18.0,1.29,1.33,56,59.5,4,78
2023-10-30,1.8185636950259219,0.000181559695545847,7.564987314410292,1.7982955810131538,0.98570298840869,G6M2,g6m2_high_load,1.31,58.0,18.0,1.29,1.33,56,59.5,4,78
2023-10-31,1.8187452547214678,0.000181559695545847,7.564987314410292,1.7982955810131538,0.98570298840869,G6M2,g6m2_high_load,1.31,58.0,18.0,1.29,1.33,56,59.5,4,78
2023-11-01,1.8189268144170134,0.000181559695545847,7.564987314410292,1.7982955810131538,0.98570298840869,G6M2,g6m2_high_load,1.31,58.0,18.0,1.29,1.33,56,59.5,4,78
2023-11-02,1.8191083741125593,0.000181559695545847,7.564987314410292,1.7982955810131538,0.98570298840869,G6M2,g6m2_high_load,1.31,58.0,18.0,1.29,1.33,56,59.5,4,78
2023-11-03,1.8192899338081052,0.000181559695545847,7.564987314410292,1.7982955810131538,0.98570298840869,G6M2,g6m2_high_load,1.31,58.0,18.0,1.29,1.33,56,59.5,4,78
2023-11-04,1.8194714935036511,0.000181559695545847,7.564987314410292,1.7982955810131538,0.98570298840869,G6M2,g6m2_high_load,1.31,58.0,18.0,1.29,1.33,56,59.5,4,78
2023-11-05,1.819653053199197,0.000181559695545847,7.564987314410292,1.7982955810131538,0.98570298840869,G6M2,g6m2_high_load,1.31,58.0,18.0,1.29,1.33,56,59.5,4,78
2023-11-06,1.8198346128947427,0.000181559695545847,7.564987314410292,1.7982955810131538,0.98570298840869,G6M2,g6m2_high_load,1.31,58.0,18.0,1.29,1.33,56,59.5,4,78
2023-11-07,1.8200161725902886,0.000181559695545847,7.564987314410292,1.7982955810131538,0.98570298840869,G6M2,g6m2_high_load,1.31,58.0,18.0,1.29,1.33,56,59.5,4,78
2023-11-08,1.8201977322858345,0.000181559695545847,7.564987314410292,1.7982955810131538,0.98570298840869,G6M2,g6m2_high_load,1.31,58.0,18.0,1.29,1.33,56,59.5,4,78
2023-11-09,1.8203792919813804,0.000181559695545847,7.564987314410292,1.7982955810131538,0.98570298840869,G6M2,g6m2_high_load,1.31,58.0,18.0,1.29,1.33,56,59.5,4,78
2023-11-10,1.820560851676926,0.000181559695545847,7.564987314410292,1.7982955810131538,0.98570298840869,G6M2,g6m2_high_load,1.31,58.0,18.0,1.29,1.33,56,59.5,4,78
2023-11-11,1.820742411372472,0.000181559695545847,7.564987314410292,1.7982955810131538,0.98570298840869,G6M2,g6m2_high_load,1.31,58.0,18.0,1.29,1.33,56,59.5,4,78
2023-11-12,1.8209239710680178,0.000181559695545847,7.564987314410292,1.7982955810131538,0.98570298840869,G6M2,g6m2_high_load,1.31,58.0,18.0,1.29,1.33,56,59.5,4,78
2023-11-13,1.8211055307635637,0.000181559695545847,7.564987314410292,1.7982955810131538,0.98570298840869,G6M2,g6m2_high_load,1.31,58.0,18.0,1.29,1.33,56,59.5,4,78
2023-11-14,1.8212870904591096,0.000181559695545847,7.564987314410292,1.7982955810131538,0.98570298840869,G6M2,g6m2_high_load,1.31,58.0,18.0,1.29,1.33,56,59.5,4,78
2023-11-15,1.8214686501546553,0.000181559695545847,7.564987314410292,1.7982955810131538,0.98570298840869,G6M2,g6m2_high_load,1.31,58.0,18.0,1.29,1.33,56,59.5,4,78
2023-11-16,1.8216502098502012,0.000181559695545847,7.564987314410292,1.7982955810131538,0.98570298840869,G6M2,g6m2_high_load,1.31,58.0,18.0,1.29,1.33,56,59.5,4,78
2023-11-17,1.821831769545747,0.000181559695545847,7.564987314410292,1.7982955810131538,0.98570298840869,G6M2,g6m2_high_load,1.31,58.0,18.0,1.29,1.33,56,59.5,4,78
2023-11-18,1.822013329241293,0.000181559695545847,7.564987314410292,1.7982955810131538,0.98570298840869,G6M2,g6m2_high_load,1.31,58.0,18.0,1.29,1.33,56,59.5,4,78
2023-11-19,1.8221948889368387,0.000181559695545847,7.564987314410292,1.7982955810131538,0.98570298840869,G6M2,g6m2_high_load,1.31,58.0,18.0,1.29,1.33,56,59.5,4,78
2023-11-20,1.8223764486323846,0.000181559695545847,7.564987314410292,1.7982955810131538,0.98570298840869,G6M2,g6m2_high_load,1.31,58.0,18.0,1.29,1.33,56,59.5,4,78
2023-11-21,1.8225580083279305,0.000181559695545847,7.564987314410292,1.7982955810131538,0.98570298840869,G6M2,g6m2_high_load,1.31,58.0,18.0,1.29,1.33,56,59.5,4,78
2023-11-22,1.8227395680234764,0.000181559695545847,7.564987314410292,1.7982955810131538,0.98570298840869,G6M2,g6m2_high_load,1.31,58.0,18.0,1.29,1.33,56,59.5,4,78
2023-11-23,1.8229211277190223,0.000181559695545847,7.564987314410292,1.7982955810131538,0.98570298840869,G6M2,g6m2_high_load,1.31,58.0,18.0,1.29,1.33,56,59.5,4,78
2023-11-24,1.823102687414568,0.000181559695545847,7.564987314410292,1.7982955810131538,0.98570298840869,G6M2,g6m2_high_load,1.31,58.0,18.0,1.29,1.33,56,59.5,4,78
2023-11-25,1.8232842471101138,0.000181559695545847,7.564987314410292,1.7982955810131538,0.98570298840869,G6M2,g6m2_high_load,1.31,58.0,18.0,1.29,1.33,56,59.5,4,78
2023-11-26,1.8234658068056597,0.000181559695545847,7.564987314410292,1.7982955810131538,0.98570298840869,G6M2,g6m2_high_load,1.31,58.0,18.0,1.29,1.33,56,59.5,4,78
2023-11-27,1.8236473665012056,0.000181559695545847,7.564987314410292,1.7982955810131538,0.98570298840869,G6M2,g6m2_high_load,1.31,58.0,18.0,1.29,1.33,56,59.5,4,78
2023-11-28,1.8238289261967513,0.000181559695545847,7.564987314410292,1.7982955810131538,0.98570298840869,G6M2,g6m2_high_load,1.31,58.0,18.0,1.29,1.33,56,59.5,4,78
2023-11-29,1.8240104858922972,0.000181559695545847,7.564987314410292,1.7982955810131538,0.98570298840869,G6M2,g6m2_high_load,1.31,58.0,18.0,1.29,1.33,56,59.5,4,78
2023-11-30,1.824192045587843,0.000181559695545847,7.564987314410292,1.7982955810131538,0.98570298840869,G6M2,g6m2_high_load,1.31,58.0,18.0,1.29,1.33,56,59.5,4,78
2023-12-01,1.824373605283389,0.000181559695545847,7.564987314410292,1.7982955810131538,0.98570298840869,G6M2,g6m2_high_load,1.31,58.0,18.0,1.29,1.33,56,59.5,4,78
2023-12-02,1.8245551649789349,0.000181559695545847,7.564987314410292,1.7982955810131538,0.98570298840869,G6M2,g6m2_high_load,1.31,58.0,18.0,1.29,1.33,56,59.5,4,78
2023-12-03,1.8247367246744806,0.000181559695545847,7.564987314410292,1.7982955810131538,0.98570298840869,G6M2,g6m2_high_load,1.31,58.0,18.0,1.29,1.33,56,59.5,4,78
2023-12-04,1.8249182843700265,0.000181559695545847,7.564987314410292,1.7982955810131538,0.98570298840869,G6M2,g6m2_high_load,1.31,58.0,18.0,1.29,1.33,56,59.5,4,78
2023-12-05,1.8250998440655724,0.000181559695545847,7.564987314410292,1.7982955810131538,0.98570298840869,G6M2,g6m2_high_load,1.31,58.0,18.0,1.29,1.33,56,59.5,4,78
2023-12-06,1.8252814037611182,0.000181559695545847,7.564987314410292,1.7982955810131538,0.98570298840869,G6M2,g6m2_high_load,1.31,58.0,18.0,1.29,1.33,56,59.5,4,78
2023-12-07,1.825462963456664,0.000181559695545847,7.564987314410292,1.7982955810131538,0.98570298840869,G6M2,g6m2_high_load,1.31,58.0,18.0,1.29,1.33,56,59.5,4,78
2023-12-08,1.8256445231522098,0.000181559695545847,7.564987314410292,1.7982955810131538,0.98570298840869,G6M2,g6m2_high_load,1.31,58.0,18.0,1.29,1.33,56,59.5,4,78
2023-12-09,1.8258260828477557,0.000181559695545847,7.564987314410292,1.7982955810131538,0.98570298840869,G6M2,g6m2_high_load,1.31,58.0,18.0,1.29,1.33,56,59.5,4,78
2023-12-10,1.8260076425433016,0.000181559695545847,7.564987314410292,1.7982955810131538,0.98570298840869,G6M2,g6m2_high_load,1.31,58.0,18.0,1.29,1.33,56,59.5,4,78
2023-12-11,1.8261892022388475,0.000181559695545847,7.564987314410292,1.7982955810131538,0.98570298840869,G6M2,g6m2_high_load,1.31,58.0,18.0,1.29,1.33,56,59.5,4,78
2023-12-12,1.8263707619343932,0.000181559695545847,7.564987314410292,1.7982955810131538,0.98570298840869,G6M2,g6m2_high_load,1.31,58.0,18.0,1.29,1.33,56,59.5,4,78
2023-12-13,1.826552321629939,0.000181559695545847,7.564987314410292,1.7982955810131538,0.98570298840869,G6M2,g6m2_high_load,1.31,58.0,18.0,1.29,1.33,56,59.5,4,78
2023-12-14,1.826733881325485,0.000181559695545847,7.564987314410292,1.7982955810131538,0.98570298840869,G6M2,g6m2_high_load,1.31,58.0,18.0,1.29,1.33,56,59.5,4,78
2023-12-15,1.8269154410210309,0.000181559695545847,7.564987314410292,1.7982955810131538,0.98570298840869,G6M2,g6m2_high_load,1.31,58.0,18.0,1.29,1.33,56,59.5,4,78
2023-12-16,1.8270970007165765,0.000181559695545847,7.564987314410292,1.7982955810131538,0.98570298840869,G6M2,g6m2_high_load,1.31,58.0,18.0,1.29,1.33,56,59.5,4,78
2023-12-17,1.8272785604121224,0.000181559695545847,7.564987314410292,1.7982955810131538,0.98570298840869,G6M2,g6m2_high_load,1.31,58.0,18.0,1.29,1.33,56,59.5,4,78
2023-12-18,1.8274601201076683,0.000181559695545847,7.564987314410292,1.7982955810131538,0.98570298840869,G6M2,g6m2_high_load,1.31,58.0,18.0,1.29,1.33,56,59.5,4,78
2023-12-19,1.8276416798032142,0.000181559695545847,7.564987314410292,1.7982955810131538,0.98570298840869,G6M2,g6m2_high_load,1.31,58.0,18.0,1.29,1.33,56,59.5,4,78
2023-12-20,1.8278232394987601,0.000181559695545847,7.564987314410292,1.7982955810131538,0.98570298840869,G6M2,g6m2_high_load,1.31,58.0,18.0,1.29,1.33,56,59.5,4,78
2023-12-21,1.8280047991943058,0.000181559695545847,7.564987314410292,1.7982955810131538,0.98570298840869,G6M2,g6m2_high_load,1.31,58.0,18.0,1.29,1.33,56,59.5,4,78
2023-12-22,1.8281863588898517,0.000181559695545847,7.564987314410292,1.7982955810131538,0.98570298840869,G6M2,g6m2_high_load,1.31,58.0,18.0,1.29,1.33,56,59.5,4,78
2023-12-23,1.8283679185853976,0.000181559695545847,7.564987314410292,1.7982955810131538,0.98570298840869,G6M2,g6m2_high_load,1.31,58.0,18.0,1.29,1.33,56,59.5,4,78
2023-12-24,1.8285494782809435,0.000181559695545847,7.564987314410292,1.7982955810131538,0.98570298840869,G6M2,g6m2_high_load,1.31,58.0,18.0,1.29,1.33,56,59.5,4,78
2023-12-25,1.8287310379764892,0.000181559695545847,7.564987314410292,1.7982955810131538,0.98570298840869,G6M2,g6m2_high_load,1.31,58.0,18.0,1.29,1.33,56,59.5,4,78
2023-12-26,1.828912597672035,0.000181559695545847,7.564987314410292,1.7982955810131538,0.98570298840869,G6M2,g6m2_high_load,1.31,58.0,18.0,1.29,1.33,56,59.5,4,78
2023-12-27,1.829094157367581,0.000181559695545847,7.564987314410292,1.7982955810131538,0.98570298840869,G6M2,g6m2_high_load,1.31,58.0,18.0,1.29,1.33,56,59.5,4,78
2023-12-28,1.8292757170631269,0.000181559695545847,7.564987314410292,1.7982955810131538,0.98570298840869,G6M2,g6m2_high_load,1.31,58.0,18.0,1.29,1.33,56,59.5,4,78
2023-12-29,1.8294572767586728,0.000181559695545847,7.564987314410292,1.7982955810131538,0.98570298840869,G6M2,g6m2_high_load,1.31,58.0,18.0,1.29,1.33,56,59.5,4,78
2023-12-30,1.8296388364542184,0.000181559695545847,7.564987314410292,1.7982955810131538,0.98570298840869,G6M2,g6m2_high_load,1.31,58.0,18.0,1.29,1.33,56,59.5,4,78
2023-12-31,1.8298203961497643,0.000181559695545847,7.564987314410292,1.7982955810131538,0.98570298840869,G6M2,g6m2_high_load,1.31,58.0,18.0,1.29,1.33,56,59.5,4,78
2024-01-01,1.8300019558453102,0.000181559695545847,7.564987314410292,1.7982955810131538,0.98570298840869,G6M2,g6m2_high_load,1.31,58.0,18.0,1.29,1.33,56,59.5,4,78
2024-01-02,1.8301835155408561,0.000181559695545847,7.564987314410292,1.7982955810131538,0.98570298840869,G6M2,g6m2_high_load,1.31,58.0,18.0,1.29,1.33,56,59.5,4,78
2024-01-03,1.8303650752364018,0.000181559695545847,7.564987314410292,1.7982955810131538,0.98570298840869,G6M2,g6m2_high_load,1.31,58.0,18.0,1.29,1.33,56,59.5,4,78
2024-01-04,1.8305466349319477,0.000181559695545847,7.564987314410292,1.7982955810131538,0.98570298840869,G6M2,g6m2_high_load,1.31,58.0,18.0,1.29,1.33,56,59.5,4,78
2024-01-05,1.8307281946274936,0.000181559695545847,7.564987314410292,1.7982955810131538,0.98570298840869,G6M2,g6m2_high_load,1.31,58.0,18.0,1.29,1.33,56,59.5,4,78
2024-01-06,1.8309097543230395,0.000181559695545847,7.564987314410292,1.7982955810131538,0.98570298840869,G6M2,g6m2_high_load,1.31,58.0,18.0,1.29,1.33,56,59.5,4,78
2024-01-07,1.8310913140185854,0.000181559695545847,7.564987314410292,1.7982955810131538,0.98570298840869,G6M2,g6m2_high_load,1.31,58.0,18.0,1.29,1.33,56,59.5,4,78
2024-01-08,1.831272873714131,0.000181559695545847,7.564987314410292,1.7982955810131538,0.98570298840869,G6M2,g6m2_high_load,1.31,58.0,18.0,1.29,1.33,56,59.5,4,78
2024-01-09,1.831454433409677,0.000181559695545847,7.564987314410292,1.7982955810131538,0.98570298840869,G6M2,g6m2_high_load,1.31,58.0,18.0,1.29,1.33,56,59.5,4,78
2024-01-10,1.8316359931052228,0.000181559695545847,7.564987314410292,1.7982955810131538,0.98570298840869,G6M2,g6m2_high_load,1.31,58.0,18.0,1.29,1.33,56,59.5,4,78
2024-01-11,1.8318175528007687,0.000181559695545847,7.564987314410292,1.7982955810131538,0.98570298840869,G6M2,g6m2_high_load,1.31,58.0,18.0,1.29,1.33,56,59.5,4,78
2024-01-12,1.8319991124963144,0.000181559695545847,7.564987314410292,1.7982955810131538,0.98570298840869,G6M2,g6m2_high_load,1.31,58.0,18.0,1.29,1.33,56,59.5,4,78
2024-01-13,1.8321806721918603,0.000181559695545847,7.564987314410292,1.7982955810131538,0.98570298840869,G6M2,g6m2_high_load,1.31,58.0,18.0,1.29,1.33,56,59.5,4,78
2024-01-14,1.8323622318874062,0.000181559695545847,7.564987314410292,1.7982955810131538,0.98570298840869,G6M2,g6m2_high_load,1.31,58.0,18.0,1.29,1.33,56,59.5,4,78
2024-01-15,1.832543791582952,0.000181559695545847,7.564987314410292,1.7982955810131538,0.98570298840869,G6M2,g6m2_high_load,1.31,58.0,18.0,1.29,1.33,56,59.5,4,78
2024-01-16,1.832725351278498,0.000181559695545847,7.564987314410292,1.7982955810131538,0.98570298840869,G6M2,g6m2_high_load,1.31,58.0,18.0,1.29,1.33,56,59.5,4,78
2024-01-17,1.8329069109740437,0.000181559695545847,7.564987314410292,1.7982955810131538,0.98570298840869,G6M2,g6m2_high_load,1.31,58.0,18.0,1.29,1.33,56,59.5,4,78
2024-01-18,1.8330884706695896,0.000181559695545847,7.564987314410292,1.7982955810131538,0.98570298840869,G6M2,g6m2_high_load,1.31,58.0,18.0,1.29,1.33,56,59.5,4,78
2024-01-19,1.8332700303651355,0.000181559695545847,7.564987314410292,1.7982955810131538,0.98570298840869,G6M2,g6m2_high_load,1.31,58.0,18.0,1.29,1.33,56,59.5,4,78
2024-01-20,1.8334515900606814,0.000181559695545847,7.564987314410292,1.7982955810131538,0.98570298840869,G6M2,g6m2_high_load,1.31,58.0,18.0,1.29,1.33,56,59.5,4,78
2024-01-21,1.833633149756227,0.000181559695545847,7.564987314410292,1.7982955810131538,0.98570298840869,G6M2,g6m2_high_load,1.31,58.0,18.0,1.29,1.33,56,59.5,4,78
2024-01-22,1.833814709451773,0.000181559695545847,7.564987314410292,1.7982955810131538,0.98570298840869,G6M2,g6m2_high_load,1.31,58.0,18.0,1.29,1.33,56,59.5,4,78
2024-01-23,1.8339962691473188,0.000181559695545847,7.564987314410292,1.7982955810131538,0.98570298840869,G6M2,g6m2_high_load,1.31,58.0,18.0,1.29,1.33,56,59.5,4,78
2024-01-24,1.8341778288428647,0.000181559695545847,7.564987314410292,1.7982955810131538,0.98570298840869,G6M2,g6m2_high_load,1.31,58.0,18.0,1.29,1.33,56,59.5,4,78
2024-01-25,1.8343593885384106,0.000181559695545847,7.564987314410292,1.7982955810131538,0.98570298840869,G6M2,g6m2_high_load,1.31,58.0,18.0,1.29,1.33,56,59.5,4,78
2024-01-26,1.8345409482339563,0.000181559695545847,7.564987314410292,1.7982955810131538,0.98570298840869,G6M2,g6m2_high_load,1.31,58.0,18.0,1.29,1.33,56,59.5,4,78
2024-01-27,1.8347225079295022,0.000181559695545847,7.564987314410292,1.7982955810131538,0.98570298840869,G6M2,g6m2_high_load,1.31,58.0,18.0,1.29,1.33,56,59.5,4,78
2024-01-28,1.834904067625048,0.000181559695545847,7.564987314410292,1.7982955810131538,0.98570298840869,G6M2,g6m2_high_load,1.31,58.0,18.0,1.29,1.33,56,59.5,4,78
2024-01-29,1.835085627320594,0.000181559695545847,7.564987314410292,1.7982955810131538,0.98570298840869,G6M2,g6m2_high_load,1.31,58.0,18.0,1.29,1.33,56,59.5,4,78
2024-01-30,1.8352671870161397,0.000181559695545847,7.564987314410292,1.7982955810131538,0.98570298840869,G6M2,g6m2_high_load,1.31,58.0,18.0,1.29,1.33,56,59.5,4,78
2024-01-31,1.8354487467116856,0.000181559695545847,7.564987314410292,1.7982955810131538,0.98570298840869,G6M2,g6m2_high_load,1.31,58.0,18.0,1.29,1.33,56,59.5,4,78
2024-02-01,1.8356303064072315,0.000181559695545847,7.564987314410292,1.7982955810131538,0.98570298840869,G6M2,g6m2_high_load,1.31,58.0,18.0,1.29,1.33,56,59.5,4,78
2024-02-02,1.8358118661027774,0.000181559695545847,7.564987314410292,1.7982955810131538,0.98570298840869,G6M2,g6m2_high_load,1.31,58.0,18.0,1.29,1.33,56,59.5,4,78
2024-02-03,1.8359934257983233,0.000181559695545847,7.564987314410292,1.7982955810131538,0.98570298840869,G6M2,g6m2_high_load,1.31,58.0,18.0,1.29,1.33,56,59.5,4,78
2024-02-04,1.836174985493869,0.000181559695545847,7.564987314410292,1.7982955810131538,0.98570298840869,G6M2,g6m2_high_load,1.31,58.0,18.0,1.29,1.33,56,59.5,4,78
2024-02-05,1.8363565451894148,0.000181559695545847,7.564987314410292,1.7982955810131538,0.98570298840869,G6M2,g6m2_high_load,1.31,58.0,18.0,1.29,1.33,56,59.5,4,78
2024-02-06,1.8365381048849607,0.000181559695545847,7.564987314410292,1.7982955810131538,0.98570298840869,G6M2,g6m2_high_load,1.31,58.0,18.0,1.29,1.33,56,59.5,4,78
2024-02-07,1.8367196645805066,0.000181559695545847,7.564987314410292,1.7982955810131538,0.98570298840869,G6M2,g6m2_high_load,1.31,58.0,18.0,1.29,1.33,56,59.5,4,78
2024-02-08,1.8369012242760523,0.000181559695545847,7.564987314410292,1.7982955810131538,0.98570298840869,G6M2,g6m2_high_load,1.31,58.0,18.0,1.29,1.33,56,59.5,4,78
2024-02-09,1.8370827839715982,0.000181559695545847,7.564987314410292,1.7982955810131538,0.98570298840869,G6M2,g6m2_high_load,1.31,58.0,18.0,1.29,1.33,56,59.5,4,78
2024-02-10,1.837264343667144,0.000181559695545847,7.564987314410292,1.7982955810131538,0.98570298840869,G6M2,g6m2_high_load,1.31,58.0,18.0,1.29,1.33,56,59.5,4,78
2024-02-11,1.83744590336269,0.000181559695545847,7.564987314410292,1.7982955810131538,0.98570298840869,G6M2,g6m2_high_load,1.31,58.0,18.0,1.29,1.33,56,59.5,4,78
2024-02-12,1.8376274630582359,0.000181559695545847,7.564987314410292,1.7982955810131538,0.98570298840869,G6M2,g6m2_high_load,1.31,58.0,18.0,1.29,1.33,56,59.5,4,78
2024-02-13,1.8378090227537816,0.000181559695545847,7.564987314410292,1.7982955810131538,0.98570298840869,G6M2,g6m2_high_load,1.31,58.0,18.0,1.29,1.33,56,59.5,4,78
2024-02-14,1.8379905824493274,0.000181559695545847,7.564987314410292,1.7982955810131538,0.98570298840869,G6M2,g6m2_high_load,1.31,58.0,18.0,1.29,1.33,56,59.5,4,78
2024-02-15,1.8381721421448733,0.000181559695545847,7.564987314410292,1.7982955810131538,0.98570298840869,G6M2,g6m2_high_load,1.31,58.0,18.0,1.29,1.33,56,59.5,4,78
2024-02-16,1.8383537018404192,0.000181559695545847,7.564987314410292,1.7982955810131538,0.98570298840869,G6M2,g6m2_high_load,1.31,58.0,18.0,1.29,1.33,56,59.5,4,78
2024-02-17,1.838535261535965,0.000181559695545847,7.564987314410292,1.7982955810131538,0.98570298840869,G6M2,g6m2_high_load,1.31,58.0,18.0,1.29,1.33,56,59.5,4,78
2024-02-18,1.8387168212315108,0.000181559695545847,7.564987314410292,1.7982955810131538,0.98570298840869,G6M2,g6m2_high_load,1.31,58.0,18.0,1.29,1.33,56,59.5,4,78
2024-02-19,1.8388983809270567,0.000181559695545847,7.564987314410292,1.7982955810131538,0.98570298840869,G6M2,g6m2_high_load,1.31,58.0,18.0,1.29,1.33,56,59.5,4,78
2024-02-20,1.8390799406226026,0.000181559695545847,7.564987314410292,1.7982955810131538,0.98570298840869,G6M2,g6m2_high_load,1.31,58.0,18.0,1.29,1.33,56,59.5,4,78
2024-02-21,1.8392615003181485,0.000181559695545847,7.564987314410292,1.7982955810131538,0.98570298840869,G6M2,g6m2_high_load,1.31,58.0,18.0,1.29,1.33,56,59.5,4,78
2024-02-22,1.8394430600136942,0.000181559695545847,7.564987314410292,1.7982955810131538,0.98570298840869,G6M2,g6m2_high_load,1.31,58.0,18.0,1.29,1.33,56,59.5,4,78
2024-02-23,1.83962461970924,0.000181559695545847,7.564987314410292,1.7982955810131538,0.98570298840869,G6M2,g6m2_high_load,1.31,58.0,18.0,1.29,1.33,56,59.5,4,78
2024-02-24,1.839806179404786,0.000181559695545847,7.564987314410292,1.7982955810131538,0.98570298840869,G6M2,g6m2_high_load,1.31,58.0,18.0,1.29,1.33,56,59.5,4,78
2024-02-25,1.8399877391003319,0.000181559695545847,7.564987314410292,1.7982955810131538,0.98570298840869,G6M2,g6m2_high_load,1.31,58.0,18.0,1.29,1.33,56,59.5,4,78
2024-02-26,1.8401692987958775,0.000181559695545847,7.564987314410292,1.7982955810131538,0.98570298840869,G6M2,g6m2_high_load,1.31,58.0,18.0,1.29,1.33,56,59.5,4,78
2024-02-27,1.8403508584914234,0.000181559695545847,7.564987314410292,1.7982955810131538,0.98570298840869,G6M2,g6m2_high_load,1.31,58.0,18.0,1.29,1.33,56,59.5,4,78
2024-02-28,1.8405324181869693,0.000181559695545847,7.564987314410292,1.7982955810131538,0.98570298840869,G6M2,g6m2_high_load,1.31,58.0,18.0,1.29,1.33,56,59.5,4,78
2024-02-29,1.8407139778825152,0.000181559695545847,7.564987314410292,1.7982955810131538,0.98570298840869,G6M2,g6m2_high_load,1.31,58.0,18.0,1.29,1.33,56,59.5,4,78
2024-03-01,1.8408955375780611,0.000181559695545847,7.564987314410292,1.7982955810131538,0.98570298840869,G6M2,g6m2_high_load,1.31,58.0,18.0,1.29,1.33,56,59.5,4,78
2024-03-02,1.8410770972736068,0.000181559695545847,7.564987314410292,1.7982955810131538,0.98570298840869,G6M2,g6m2_high_load,1.31,58.0,18.0,1.29,1.33,56,59.5,4,78
2024-03-03,1.8412586569691527,0.000181559695545847,7.564987314410292,1.7982955810131538,0.98570298840869,G6M2,g6m2_high_load,1.31,58.0,18.0,1.29,1.33,56,59.5,4,78
2024-03-04,1.8414402166646986,0.000181559695545847,7.564987314410292,1.7982955810131538,0.98570298840869,G6M2,g6m2_high_load,1.31,58.0,18.0,1.29,1.33,56,59.5,4,78
2024-03-05,1.8416217763602445,0.000181559695545847,7.564987314410292,1.7982955810131538,0.98570298840869,G6M2,g6m2_high_load,1.31,58.0,18.0,1.29,1.33,56,59.5,4,78
2024-03-06,1.8418033360557902,0.000181559695545847,7.564987314410292,1.7982955810131538,0.98570298840869,G6M2,g6m2_high_load,1.31,58.0,18.0,1.29,1.33,56,59.5,4,78
2024-03-07,1.841984895751336,0.000181559695545847,7.564987314410292,1.7982955810131538,0.98570298840869,G6M2,g6m2_high_load,1.31,58.0,18.0,1.29,1.33,56,59.5,4,78
2024-03-08,1.842166455446882,0.000181559695545847,7.564987314410292,1.7982955810131538,0.98570298840869,G6M2,g6m2_high_load,1.31,58.0,18.0,1.29,1.33,56,59.5,4,78
2024-03-09,1.8423480151424279,0.000181559695545847,7.564987314410292,1.7982955810131538,0.98570298840869,G6M2,g6m2_high_load,1.31,58.0,18.0,1.29,1.33,56,59.5,4,78
2024-03-10,1.8425295748379737,0.000181559695545847,7.564987314410292,1.7982955810131538,0.98570298840869,G6M2,g6m2_high_load,1.31,58.0,18.0,1.29,1.33,56,59.5,4,78
2024-03-11,1.8427111345335194,0.000181559695545847,7.564987314410292,1.7982955810131538,0.98570298840869,G6M2,g6m2_high_load,1.31,58.0,18.0,1.29,1.33,56,59.5,4,78
2024-03-12,1.8428926942290653,0.000181559695545847,7.564987314410292,1.7982955810131538,0.98570298840869,G6M2,g6m2_high_load,1.31,58.0,18.0,1.29,1.33,56,59.5,4,78
2024-03-13,1.8430742539246112,0.000181559695545847,7.564987314410292,1.7982955810131538,0.98570298840869,G6M2,g6m2_high_load,1.31,58.0,18.0,1.29,1.33,56,59.5,4,78
2024-03-14,1.8432558136201571,0.000181559695545847,7.564987314410292,1.7982955810131538,0.98570298840869,G6M2,g6m2_high_load,1.31,58.0,18.0,1.29,1.33,56,59.5,4,78
2024-03-15,1.8434373733157028,0.000181559695545847,7.564987314410292,1.7982955810131538,0.98570298840869,G6M2,g6m2_high_load,1.31,58.0,18.0,1.29,1.33,56,59.5,4,78
2024-03-16,1.8436189330112487,0.000181559695545847,7.564987314410292,1.7982955810131538,0.98570298840869,G6M2,g6m2_high_load,1.31,58.0,18.0,1.29,1.33,56,59.5,4,78
2024-03-17,1.8438004927067946,0.000181559695545847,7.564987314410292,1.7982955810131538,0.98570298840869,G6M2,g6m2_high_load,1.31,58.0,18.0,1.29,1.33,56,59.5,4,78
2024-03-18,1.8439820524023405,0.000181559695545847,7.564987314410292,1.7982955810131538,0.98570298840869,G6M2,g6m2_high_load,1.31,58.0,18.0,1.29,1.33,56,59.5,4,78
2024-03-19,1.8441636120978862,0.000181559695545847,7.564987314410292,1.7982955810131538,0.98570298840869,G6M2,g6m2_high_load,1.31,58.0,18.0,1.29,1.33,56,59.5,4,78
2024-03-20,1.844345171793432,0.000181559695545847,7.564987314410292,1.7982955810131538,0.98570298840869,G6M2,g6m2_high_load,1.31,58.0,18.0,1.29,1.33,56,59.5,4,78
2024-03-21,1.844526731488978,0.000181559695545847,7.564987314410292,1.7982955810131538,0.98570298840869,G6M2,g6m2_high_load,1.31,58.0,18.0,1.29,1.33,56,59.5,4,78
2024-03-22,1.8447082911845238,0.000181559695545847,7.564987314410292,1.7982955810131538,0.98570298840869,G6M2,g6m2_high_load,1.31,58.0,18.0,1.29,1.33,56,59.5,4,78
2024-03-23,1.8448898508800697,0.000181559695545847,7.564987314410292,1.7982955810131538,0.98570298840869,G6M2,g6m2_high_load,1.31,58.0,18.0,1.29,1.33,56,59.5,4,78
2024-03-24,1.8450714105756154,0.000181559695545847,7.564987314410292,1.7982955810131538,0.98570298840869,G6M2,g6m2_high_load,1.31,58.0,18.0,1.29,1.33,56,59.5,4,78
2024-03-25,1.8452529702711613,0.000181559695545847,7.564987314410292,1.7982955810131538,0.98570298840869,G6M2,g6m2_high_load,1.31,58.0,18.0,1.29,1.33,56,59.5,4,78
2024-03-26,1.8454345299667072,0.000181559695545847,7.564987314410292,1.7982955810131538,0.98570298840869,G6M2,g6m2_high_load,1.31,58.0,18.0,1.29,1.33,56,59.5,4,78
2024-03-27,1.845616089662253,0.000181559695545847,7.564987314410292,1.7982955810131538,0.98570298840869,G6M2,g6m2_high_load,1.31,58.0,18.0,1.29,1.33,56,59.5,4,78
2024-03-28,1.8457976493577988,0.000181559695545847,7.564987314410292,1.7982955810131538,0.98570298840869,G6M2,g6m2_high_load,1.31,58.0,18.0,1.29,1.33,56,59.5,4,78
2024-03-29,1.8459792090533447,0.000181559695545847,7.564987314410292,1.7982955810131538,0.98570298840869,G6M2,g6m2_high_load,1.31,58.0,18.0,1.29,1.33,56,59.5,4,78
2024-03-30,1.8461607687488906,0.000181559695545847,7.564987314410292,1.7982955810131538,0.98570298840869,G6M2,g6m2_high_load,1.31,58.0,18.0,1.29,1.33,56,59.5,4,78
2024-03-31,1.8463423284444365,0.000181559695545847,7.564987314410292,1.7982955810131538,0.98570298840869,G6M2,g6m2_high_load,1.31,58.0,18.0,1.29,1.33,56,59.5,4,78
2024-04-01,1.8465238881399824,0.000181559695545847,7.564987314410292,1.7982955810131538,0.98570298840869,G6M2,g6m2_high_load,1.31,58.0,18.0,1.29,1.33,56,59.5,4,78
2024-04-02,1.846705447835528,0.000181559695545847,7.564987314410292,1.7982955810131538,0.98570298840869,G6M2,g6m2_high_load,1.31,58.0,18.0,1.29,1.33,56,59.5,4,78
2024-04-03,1.846887007531074,0.000181559695545847,7.564987314410292,1.7982955810131538,0.98570298840869,G6M2,g6m2_high_load,1.31,58.0,18.0,1.29,1.33,56,59.5,4,78
2024-04-04,1.8470685672266198,0.000181559695545847,7.564987314410292,1.7982955810131538,0.98570298840869,G6M2,g6m2_high_load,1.31,58.0,18.0,1.29,1.33,56,59.5,4,78
2024-04-05,1.8472501269221657,0.000181559695545847,7.564987314410292,1.7982955810131538,0.98570298840869,G6M2,g6m2_high_load,1.31,58.0,18.0,1.29,1.33,56,59.5,4,78
2024-04-06,1.8474316866177114,0.000181559695545847,7.564987314410292,1.7982955810131538,0.98570298840869,G6M2,g6m2_high_load,1.31,58.0,18.0,1.29,1.33,56,59.5,4,78
2024-04-07,1.8476132463132573,0.000181559695545847,7.564987314410292,1.7982955810131538,0.98570298840869,G6M2,g6m2_high_load,1.31,58.0,18.0,1.29,1.33,56,59.5,4,78
2024-04-08,1.8477948060088032,0.000181559695545847,7.564987314410292,1.7982955810131538,0.98570298840869,G6M2,g6m2_high_load,1.31,58.0,18.0,1.29,1.33,56,59.5,4,78
2024-04-09,1.847976365704349,0.000181559695545847,7.564987314410292,1.7982955810131538,0.98570298840869,G6M2,g6m2_high_load,1.31,58.0,18.0,1.29,1.33,56,59.5,4,78
2024-04-10,1.848157925399895,0.000181559695545847,7.564987314410292,1.7982955810131538,0.98570298840869,G6M2,g6m2_high_load,1.31,58.0,18.0,1.29,1.33,56,59.5,4,78
2024-04-11,1.8483394850954407,0.000181559695545847,7.564987314410292,1.7982955810131538,0.98570298840869,G6M2,g6m2_high_load,1.31,58.0,18.0,1.29,1.33,56,59.5,4,78
2024-04-12,1.8485210447909866,0.000181559695545847,7.564987314410292,1.7982955810131538,0.98570298840869,G6M2,g6m2_high_load,1.31,58.0,18.0,1.29,1.33,56,59.5,4,78
2024-04-13,1.8487026044865325,0.000181559695545847,7.564987314410292,1.7982955810131538,0.98570298840869,G6M2,g6m2_high_load,1.31,58.0,18.0,1.29,1.33,56,59.5,4,78
2024-04-14,1.8488841641820783,0.000181559695545847,7.564987314410292,1.7982955810131538,0.98570298840869,G6M2,g6m2_high_load,1.31,58.0,18.0,1.29,1.33,56,59.5,4,78
2024-04-15,1.849065723877624,0.000181559695545847,7.564987314410292,1.7982955810131538,0.98570298840869,G6M2,g6m2_high_load,1.31,58.0,18.0,1.29,1.33,56,59.5,4,78
2024-04-16,1.84924728357317,0.000181559695545847,7.564987314410292,1.7982955810131538,0.98570298840869,G6M2,g6m2_high_load,1.31,58.0,18.0,1.29,1.33,56,59.5,4,78
2024-04-17,1.8494288432687158,0.000181559695545847,7.564987314410292,1.7982955810131538,0.98570298840869,G6M2,g6m2_high_load,1.31,58.0,18.0,1.29,1.33,56,59.5,4,78
2024-04-18,1.8496104029642617,0.000181559695545847,7.564987314410292,1.7982955810131538,0.98570298840869,G6M2,g6m2_high_load,1.31,58.0,18.0,1.29,1.33,56,59.5,4,78
2024-04-19,1.8497919626598076,0.000181559695545847,7.564987314410292,1.7982955810131538,0.98570298840869,G6M2,g6m2_high_load,1.31,58.0,18.0,1.29,1.33,56,59.5,4,78
2024-04-20,1.8499735223553533,0.000181559695545847,7.564987314410292,1.7982955810131538,0.98570298840869,G6M2,g6m2_high_load,1.31,58.0,18.0,1.29,1.33,56,59.5,4,78
2024-04-21,1.8501550820508992,0.000181559695545847,7.564987314410292,1.7982955810131538,0.98570298840869,G6M2,g6m2_high_load,1.31,58.0,18.0,1.29,1.33,56,59.5,4,78
2024-04-22,1.850336641746445,0.000181559695545847,7.564987314410292,1.7982955810131538,0.98570298840869,G6M2,g6m2_high_load,1.31,58.0,18.0,1.29,1.33,56,59.5,4,78
2024-04-23,1.850518201441991,0.000181559695545847,7.564987314410292,1.7982955810131538,0.98570298840869,G6M2,g6m2_high_load,1.31,58.0,18.0,1.29,1.33,56,59.5,4,78
2024-04-24,1.8506997611375366,0.000181559695545847,7.564987314410292,1.7982955810131538,0.98570298840869,G6M2,g6m2_high_load,1.31,58.0,18.0,1.29,1.33,56,59.5,4,78
2024-04-25,1.8508813208330825,0.000181559695545847,7.564987314410292,1.7982955810131538,0.98570298840869,G6M2,g6m2_high_load,1.31,58.0,18.0,1.29,1.33,56,59.5,4,78
2024-04-26,1.8510628805286284,0.000181559695545847,7.564987314410292,1.7982955810131538,0.98570298840869,G6M2,g6m2_high_load,1.31,58.0,18.0,1.29,1.33,56,59.5,4,78
2024-04-27,1.8512444402241743,0.000181559695545847,7.564987314410292,1.7982955810131538,0.98570298840869,G6M2,g6m2_high_load,1.31,58.0,18.0,1.29,1.33,56,59.5,4,78
2024-04-28,1.8514259999197202,0.000181559695545847,7.564987314410292,1.7982955810131538,0.98570298840869,G6M2,g6m2_high_load,1.31,58.0,18.0,1.29,1.33,56,59.5,4,78
2024-04-29,1.851607559615266,0.000181559695545847,7.564987314410292,1.7982955810131538,0.98570298840869,G6M2,g6m2_high_load,1.31,58.0,18.0,1.29,1.33,56,59.5,4,78
2024-04-30,1.8517891193108118,0.000181559695545847,7.564987314410292,1.7982955810131538,0.98570298840869,G6M2,g6m2_high_load,1.31,58.0,18.0,1.29,1.33,56,59.5,4,78
2024-05-01,1.8519706790063577,0.000181559695545847,7.564987314410292,1.7982955810131538,0.98570298840869,G6M2,g6m2_high_load,1.31,58.0,18.0,1.29,1.33,56,59.5,4,78
2024-05-02,1.8521522387019036,0.000181559695545847,7.564987314410292,1.7982955810131538,0.98570298840869,G6M2,g6m2_high_load,1.31,58.0,18.0,1.29,1.33,56,59.5,4,78
2024-05-03,1.8523337983974493,0.000181559695545847,7.564987314410292,1.7982955810131538,0.98570298840869,G6M2,g6m2_high_load,1.31,58.0,18.0,1.29,1.33,56,59.5,4,78
2024-05-04,1.8525153580929952,0.000181559695545847,7.564987314410292,1.7982955810131538,0.98570298840869,G6M2,g6m2_high_load,1.31,58.0,18.0,1.29,1.33,56,59.5,4,78
2024-05-05,1.852696917788541,0.000181559695545847,7.564987314410292,1.7982955810131538,0.98570298840869,G6M2,g6m2_high_load,1.31,58.0,18.0,1.29,1.33,56,59.5,4,78
2024-05-06,1.852878477484087,0.000181559695545847,7.564987314410292,1.7982955810131538,0.98570298840869,G6M2,g6m2_high_load,1.31,58.0,18.0,1.29,1.33,56,59.5,4,78
2024-05-07,1.8530600371796329,0.000181559695545847,7.564987314410292,1.7982955810131538,0.98570298840869,G6M2,g6m2_high_load,1.31,58.0,18.0,1.29,1.33,56,59.5,4,78
2024-05-08,1.8532415968751785,0.000181559695545847,7.564987314410292,1.7982955810131538,0.98570298840869,G6M2,g6m2_high_load,1.31,58.0,18.0,1.29,1.33,56,59.5,4,78
2024-05-09,1.8534231565707244,0.000181559695545847,7.564987314410292,1.7982955810131538,0.98570298840869,G6M2,g6m2_high_load,1.31,58.0,18.0,1.29,1.33,56,59.5,4,78
2024-05-10,1.8536047162662703,0.000181559695545847,7.564987314410292,1.7982955810131538,0.98570298840869,G6M2,g6m2_high_load,1.31,58.0,18.0,1.29,1.33,56,59.5,4,78
2024-05-11,1.8537862759618162,0.000181559695545847,7.564987314410292,1.7982955810131538,0.98570298840869,G6M2,g6m2_high_load,1.31,58.0,18.0,1.29,1.33,56,59.5,4,78
2024-05-12,1.853967835657362,0.000181559695545847,7.564987314410292,1.7982955810131538,0.98570298840869,G6M2,g6m2_high_load,1.31,58.0,18.0,1.29,1.33,56,59.5,4,78
2024-05-13,1.8541493953529078,0.000181559695545847,7.564987314410292,1.7982955810131538,0.98570298840869,G6M2,g6m2_high_load,1.31,58.0,18.0,1.29,1.33,56,59.5,4,78
2024-05-14,1.8543309550484537,0.000181559695545847,7.564987314410292,1.7982955810131538,0.98570298840869,G6M2,g6m2_high_load,1.31,58.0,18.0,1.29,1.33,56,59.5,4,78
2024-05-15,1.8545125147439996,0.000181559695545847,7.564987314410292,1.7982955810131538,0.98570298840869,G6M2,g6m2_high_load,1.31,58.0,18.0,1.29,1.33,56,59.5,4,78
2024-05-16,1.8546940744395455,0.000181559695545847,7.564987314410292,1.7982955810131538,0.98570298840869,G6M2,g6m2_high_load,1.31,58.0,18.0,1.29,1.33,56,59.5,4,78
2024-05-17,1.8548756341350912,0.000181559695545847,7.564987314410292,1.7982955810131538,0.98570298840869,G6M2,g6m2_high_load,1.31,58.0,18.0,1.29,1.33,56,59.5,4,78
2024-05-18,1.855057193830637,0.000181559695545847,7.564987314410292,1.7982955810131538,0.98570298840869,G6M2,g6m2_high_load,1.31,58.0,18.0,1.29,1.33,56,59.5,4,78
2024-05-19,1.855238753526183,0.000181559695545847,7.564987314410292,1.7982955810131538,0.98570298840869,G6M2,g6m2_high_load,1.31,58.0,18.0,1.29,1.33,56,59.5,4,78
2024-05-20,1.8554203132217288,0.000181559695545847,7.564987314410292,1.7982955810131538,0.98570298840869,G6M2,g6m2_high_load,1.31,58.0,18.0,1.29,1.33,56,59.5,4,78
2024-05-21,1.8556018729172745,0.000181559695545847,7.564987314410292,1.7982955810131538,0.98570298840869,G6M2,g6m2_high_load,1.31,58.0,18.0,1.29,1.33,56,59.5,4,78
2024-05-22,1.8557834326128204,0.000181559695545847,7.564987314410292,1.7982955810131538,0.98570298840869,G6M2,g6m2_high_load,1.31,58.0,18.0,1.29,1.33,56,59.5,4,78
2024-05-23,1.8559649923083663,0.000181559695545847,7.564987314410292,1.7982955810131538,0.98570298840869,G6M2,g6m2_high_load,1.31,58.0,18.0,1.29,1.33,56,59.5,4,78
2024-05-24,1.8561465520039122,0.000181559695545847,7.564987314410292,1.7982955810131538,0.98570298840869,G6M2,g6m2_high_load,1.31,58.0,18.0,1.29,1.33,56,59.5,4,78
2024-05-25,1.856328111699458,0.000181559695545847,7.564987314410292,1.7982955810131538,0.98570298840869,G6M2,g6m2_high_load,1.31,58.0,18.0,1.29,1.33,56,59.5,4,78
2024-05-26,1.8565096713950038,0.000181559695545847,7.564987314410292,1.7982955810131538,0.98570298840869,G6M2,g6m2_high_load,1.31,58.0,18.0,1.29,1.33,56,59.5,4,78
2024-05-27,1.8566912310905497,0.000181559695545847,7.564987314410292,1.7982955810131538,0.98570298840869,G6M2,g6m2_high_load,1.31,58.0,18.0,1.29,1.33,56,59.5,4,78
2024-05-28,1.8568727907860956,0.000181559695545847,7.564987314410292,1.7982955810131538,0.98570298840869,G6M2,g6m2_high_load,1.31,58.0,18.0,1.29,1.33,56,59.5,4,78
2024-05-29,1.8570543504816415,0.000181559695545847,7.564987314410292,1.7982955810131538,0.98570298840869,G6M2,g6m2_high_load,1.31,58.0,18.0,1.29,1.33,56,59.5,4,78
2024-05-30,1.8572359101771871,0.000181559695545847,7.564987314410292,1.7982955810131538,0.98570298840869,G6M2,g6m2_high_load,1.31,58.0,18.0,1.29,1.33,56,59.5,4,78
2024-05-31,1.857417469872733,0.000181559695545847,7.564987314410292,1.7982955810131538,0.98570298840869,G6M2,g6m2_high_load,1.31,58.0,18.0,1.29,1.33,56,59.5,4,78
2024-06-01,1.857599029568279,0.000181559695545847,7.564987314410292,1.7982955810131538,0.98570298840869,G6M2,g6m2_high_load,1.31,58.0,18.0,1.29,1.33,56,59.5,4,78
2024-06-02,1.8577805892638248,0.000181559695545847,7.564987314410292,1.7982955810131538,0.98570298840869,G6M2,g6m2_high_load,1.31,58.0,18.0,1.29,1.33,56,59.5,4,78
2024-06-03,1.8579621489593707,0.000181559695545847,7.564987314410292,1.7982955810131538,0.98570298840869,G6M2,g6m2_high_load,1.31,58.0,18.0,1.29,1.33,56,59.5,4,78
2024-06-04,1.8581437086549164,0.000181559695545847,7.564987314410292,1.7982955810131538,0.98570298840869,G6M2,g6m2_high_load,1.31,58.0,18.0,1.29,1.33,56,59.5,4,78
2024-06-05,1.8583252683504623,0.000181559695545847,7.564987314410292,1.7982955810131538,0.98570298840869,G6M2,g6m2_high_load,1.31,58.0,18.0,1.29,1.33,56,59.5,4,78
2024-06-06,1.8585068280460082,0.000181559695545847,7.564987314410292,1.7982955810131538,0.98570298840869,G6M2,g6m2_high_load,1.31,58.0,18.0,1.29,1.33,56,59.5,4,78
2024-06-07,1.858688387741554,0.000181559695545847,7.564987314410292,1.7982955810131538,0.98570298840869,G6M2,g6m2_high_load,1.31,58.0,18.0,1.29,1.33,56,59.5,4,78
2024-06-08,1.8588699474370998,0.000181559695545847,7.564987314410292,1.7982955810131538,0.98570298840869,G6M2,g6m2_high_load,1.31,58.0,18.0,1.29,1.33,56,59.5,4,78
2024-06-09,1.8590515071326457,0.000181559695545847,7.564987314410292,1.7982955810131538,0.98570298840869,G6M2,g6m2_high_load,1.31,58.0,18.0,1.29,1.33,56,59.5,4,78
2024-06-10,1.8592330668281916,0.000181559695545847,7.564987314410292,1.7982955810131538,0.98570298840869,G6M2,g6m2_high_load,1.31,58.0,18.0,1.29,1.33,56,59.5,4,78
2024-06-11,1.8594146265237375,0.000181559695545847,7.564987314410292,1.7982955810131538,0.98570298840869,G6M2,g6m2_high_load,1.31,58.0,18.0,1.29,1.33,56,59.5,4,78
2024-06-12,1.8595961862192834,0.000181559695545847,7.564987314410292,1.7982955810131538,0.98570298840869,G6M2,g6m2_high_load,1.31,58.0,18.0,1.29,1.33,56,59.5,4,78
2024-06-13,1.859777745914829,0.000181559695545847,7.564987314410292,1.7982955810131538,0.98570298840869,G6M2,g6m2_high_load,1.31,58.0,18.0,1.29,1.33,56,59.5,4,78
2024-06-14,1.859959305610375,0.000181559695545847,7.564987314410292,1.7982955810131538,0.98570298840869,G6M2,g6m2_high_load,1.31,58.0,18.0,1.29,1.33,56,59.5,4,78
2024-06-15,1.8601408653059208,0.000181559695545847,7.564987314410292,1.7982955810131538,0.98570298840869,G6M2,g6m2_high_load,1.31,58.0,18.0,1.29,1.33,56,59.5,4,78
2024-06-16,1.8603224250014667,0.000181559695545847,7.564987314410292,1.7982955810131538,0.98570298840869,G6M2,g6m2_high_load,1.31,58.0,18.0,1.29,1.33,56,59.5,4,78
2024-06-17,1.8605039846970124,0.000181559695545847,7.564987314410292,1.7982955810131538,0.98570298840869,G6M2,g6m2_high_load,1.31,58.0,18.0,1.29,1.33,56,59.5,4,78
2024-06-18,1.8606855443925583,0.000181559695545847,7.564987314410292,1.7982955810131538,0.98570298840869,G6M2,g6m2_high_load,1.31,58.0,18.0,1.29,1.33,56,59.5,4,78
2024-06-19,1.8608671040881042,0.000181559695545847,7.564987314410292,1.7982955810131538,0.98570298840869,G6M2,g6m2_high_load,1.31,58.0,18.0,1.29,1.33,56,59.5,4,78
2024-06-20,1.86104866378365,0.000181559695545847,7.564987314410292,1.7982955810131538,0.98570298840869,G6M2,g6m2_high_load,1.31,58.0,18.0,1.29,1.33,56,59.5,4,78
2024-06-21,1.861230223479196,0.000181559695545847,7.564987314410292,1.7982955810131538,0.98570298840869,G6M2,g6m2_high_load,1.31,58.0,18.0,1.29,1.33,56,59.5,4,78
2024-06-22,1.8614117831747417,0.000181559695545847,7.564987314410292,1.7982955810131538,0.98570298840869,G6M2,g6m2_high_load,1.31,58.0,18.0,1.29,1.33,56,59.5,4,78
2024-06-23,1.8615933428702875,0.000181559695545847,7.564987314410292,1.7982955810131538,0.98570298840869,G6M2,g6m2_high_load,1.31,58.0,18.0,1.29,1.33,56,59.5,4,78
2024-06-24,1.8617749025658334,0.000181559695545847,7.564987314410292,1.7982955810131538,0.98570298840869,G6M2,g6m2_high_load,1.31,58.0,18.0,1.29,1.33,56,59.5,4,78
2024-06-25,1.8619564622613793,0.000181559695545847,7.564987314410292,1.7982955810131538,0.98570298840869,G6M2,g6m2_high_load,1.31,58.0,18.0,1.29,1.33,56,59.5,4,78
2024-06-26,1.862138021956925,0.000181559695545847,7.564987314410292,1.7982955810131538,0.98570298840869,G6M2,g6m2_high_load,1.31,58.0,18.0,1.29,1.33,56,59.5,4,78
2024-06-27,1.862319581652471,0.000181559695545847,7.564987314410292,1.7982955810131538,0.98570298840869,G6M2,g6m2_high_load,1.31,58.0,18.0,1.29,1.33,56,59.5,4,78
2024-06-28,1.8625011413480168,0.000181559695545847,7.564987314410292,1.7982955810131538,0.98570298840869,G6M2,g6m2_high_load,1.31,58.0,18.0,1.29,1.33,56,59.5,4,78
2024-06-29,1.8626827010435627,0.000181559695545847,7.564987314410292,1.7982955810131538,0.98570298840869,G6M2,g6m2_high_load,1.31,58.0,18.0,1.29,1.33,56,59.5,4,78
2024-06-30,1.8628642607391086,0.000181559695545847,7.564987314410292,1.7982955810131538,0.98570298840869,G6M2,g6m2_high_load,1.31,58.0,18.0,1.29,1.33,56,59.5,4,78
2024-07-01,1.8630458204346543,0.000181559695545847,7.564987314410292,1.7982955810131538,0.98570298840869,G6M2,g6m2_high_load,1.31,58.0,18.0,1.29,1.33,56,59.5,4,78
2024-07-02,1.8632273801302002,0.000181559695545847,7.564987314410292,1.7982955810131538,0.98570298840869,G6M2,g6m2_high_load,1.31,58.0,18.0,1.29,1.33,56,59.5,4,78
2024-07-03,1.863408939825746,0.000181559695545847,7.564987314410292,1.7982955810131538,0.98570298840869,G6M2,g6m2_high_load,1.31,58.0,18.0,1.29,1.33,56,59.5,4,78
2024-07-04,1.863590499521292,0.000181559695545847,7.564987314410292,1.7982955810131538,0.98570298840869,G6M2,g6m2_high_load,1.31,58.0,18.0,1.29,1.33,56,59.5,4,78
2024-07-05,1.8637720592168376,0.000181559695545847,7.564987314410292,1.7982955810131538,0.98570298840869,G6M2,g6m2_high_load,1.31,58.0,18.0,1.29,1.33,56,59.5,4,78
2024-07-06,1.8639536189123835,0.000181559695545847,7.564987314410292,1.7982955810131538,0.98570298840869,G6M2,g6m2_high_load,1.31,58.0,18.0,1.29,1.33,56,59.5,4,78
2024-07-07,1.8641351786079294,0.000181559695545847,7.564987314410292,1.7982955810131538,0.98570298840869,G6M2,g6m2_high_load,1.31,58.0,18.0,1.29,1.33,56,59.5,4,78
2024-07-08,1.8643167383034753,0.000181559695545847,7.564987314410292,1.7982955810131538,0.98570298840869,G6M2,g6m2_high_load,1.31,58.0,18.0,1.29,1.33,56,59.5,4,78
2024-07-09,1.8644982979990212,0.000181559695545847,7.564987314410292,1.7982955810131538,0.98570298840869,G6M2,g6m2_high_load,1.31,58.0,18.0,1.29,1.33,56,59.5,4,78
2024-07-10,1.864679857694567,0.000181559695545847,7.564987314410292,1.7982955810131538,0.98570298840869,G6M2,g6m2_high_load,1.31,58.0,18.0,1.29,1.33,56,59.5,4,78
2024-07-11,1.8648614173901128,0.000181559695545847,7.564987314410292,1.7982955810131538,0.98570298840869,G6M2,g6m2_high_load,1.31,58.0,18.0,1.29,1.33,56,59.5,4,78
2024-07-12,1.8650429770856587,0.000181559695545847,7.564987314410292,1.7982955810131538,0.98570298840869,G6M2,g6m2_high_load,1.31,58.0,18.0,1.29,1.33,56,59.5,4,78
2024-07-13,1.8652245367812046,0.000181559695545847,7.564987314410292,1.7982955810131538,0.98570298840869,G6M2,g6m2_high_load,1.31,58.0,18.0,1.29,1.33,56,59.5,4,78
2024-07-14,1.8654060964767503,0.000181559695545847,7.564987314410292,1.7982955810131538,0.98570298840869,G6M2,g6m2_high_load,1.31,58.0,18.0,1.29,1.33,56,59.5,4,78
2024-07-15,1.8655876561722962,0.000181559695545847,7.564987314410292,1.7982955810131538,0.98570298840869,G6M2,g6m2_high_load,1.31,58.0,18.0,1.29,1.33,56,59.5,4,78
2024-07-16,1.865769215867842,0.000181559695545847,7.564987314410292,1.7982955810131538,0.98570298840869,G6M2,g6m2_high_load,1.31,58.0,18.0,1.29,1.33,56,59.5,4,78
2024-07-17,1.865950775563388,0.000181559695545847,7.564987314410292,1.7982955810131538,0.98570298840869,G6M2,g6m2_high_load,1.31,58.0,18.0,1.29,1.33,56,59.5,4,78
2024-07-18,1.8661323352589338,0.000181559695545847,7.564987314410292,1.7982955810131538,0.98570298840869,G6M2,g6m2_high_load,1.31,58.0,18.0,1.29,1.33,56,59.5,4,78
2024-07-19,1.8663138949544795,0.000181559695545847,7.564987314410292,1.7982955810131538,0.98570298840869,G6M2,g6m2_high_load,1.31,58.0,18.0,1.29,1.33,56,59.5,4,78
2024-07-20,1.8664954546500254,0.000181559695545847,7.564987314410292,1.7982955810131538,0.98570298840869,G6M2,g6m2_high_load,1.31,58.0,18.0,1.29,1.33,56,59.5,4,78
2024-07-21,1.8666770143455713,0.000181559695545847,7.564987314410292,1.7982955810131538,0.98570298840869,G6M2,g6m2_high_load,1.31,58.0,18.0,1.29,1.33,56,59.5,4,78
2024-07-22,1.8668585740411172,0.000181559695545847,7.564987314410292,1.7982955810131538,0.98570298840869,G6M2,g6m2_high_load,1.31,58.0,18.0,1.29,1.33,56,59.5,4,78
2024-07-23,1.8670401337366629,0.000181559695545847,7.564987314410292,1.7982955810131538,0.98570298840869,G6M2,g6m2_high_load,1.31,58.0,18.0,1.29,1.33,56,59.5,4,78
2024-07-24,1.8672216934322088,0.000181559695545847,7.564987314410292,1.7982955810131538,0.98570298840869,G6M2,g6m2_high_load,1.31,58.0,18.0,1.29,1.33,56,59.5,4,78
2024-07-25,1.8674032531277547,0.000181559695545847,7.564987314410292,1.7982955810131538,0.98570298840869,G6M2,g6m2_high_load,1.31,58.0,18.0,1.29,1.33,56,59.5,4,78
2024-07-26,1.8675848128233006,0.000181559695545847,7.564987314410292,1.7982955810131538,0.98570298840869,G6M2,g6m2_high_load,1.31,58.0,18.0,1.29,1.33,56,59.5,4,78
2024-07-27,1.8677663725188465,0.000181559695545847,7.564987314410292,1.7982955810131538,0.98570298840869,G6M2,g6m2_high_load,1.31,58.0,18.0,1.29,1.33,56,59.5,4,78
2024-07-28,1.8679479322143921,0.000181559695545847,7.564987314410292,1.7982955810131538,0.98570298840869,G6M2,g6m2_high_load,1.31,58.0,18.0,1.29,1.33,56,59.5,4,78
2024-07-29,1.868129491909938,0.000181559695545847,7.564987314410292,1.7982955810131538,0.98570298840869,G6M2,g6m2_high_load,1.31,58.0,18.0,1.29,1.33,56,59.5,4,78
2024-07-30,1.868311051605484,0.000181559695545847,7.564987314410292,1.7982955810131538,0.98570298840869,G6M2,g6m2_high_load,1.31,58.0,18.0,1.29,1.33,56,59.5,4,78
2024-07-31,1.8684926113010298,0.000181559695545847,7.564987314410292,1.7982955810131538,0.98570298840869,G6M2,g6m2_high_load,1.31,58.0,18.0,1.29,1.33,56,59.5,4,78
2024-08-01,1.8686741709965755,0.000181559695545847,7.564987314410292,1.7982955810131538,0.98570298840869,G6M2,g6m2_high_load,1.31,58.0,18.0,1.29,1.33,56,59.5,4,78
2024-08-02,1.8688557306921214,0.000181559695545847,7.564987314410292,1.7982955810131538,0.98570298840869,G6M2,g6m2_high_load,1.31,58.0,18.0,1.29,1.33,56,59.5,4,78
2024-08-03,1.8690372903876673,0.000181559695545847,7.564987314410292,1.7982955810131538,0.98570298840869,G6M2,g6m2_high_load,1.31,58.0,18.0,1.29,1.33,56,59.5,4,78
2024-08-04,1.8692188500832132,0.000181559695545847,7.564987314410292,1.7982955810131538,0.98570298840869,G6M2,g6m2_high_load,1.31,58.0,18.0,1.29,1.33,56,59.5,4,78
2024-08-05,1.869400409778759,0.000181559695545847,7.564987314410292,1.7982955810131538,0.98570298840869,G6M2,g6m2_high_load,1.31,58.0,18.0,1.29,1.33,56,59.5,4,78
2024-08-06,1.8695819694743048,0.000181559695545847,7.564987314410292,1.7982955810131538,0.98570298840869,G6M2,g6m2_high_load,1.31,58.0,18.0,1.29,1.33,56,59.5,4,78
2024-08-07,1.8697635291698507,0.000181559695545847,7.564987314410292,1.7982955810131538,0.98570298840869,G6M2,g6m2_high_load,1.31,58.0,18.0,1.29,1.33,56,59.5,4,78
2024-08-08,1.8699450888653966,0.000181559695545847,7.564987314410292,1.7982955810131538,0.98570298840869,G6M2,g6m2_high_load,1.31,58.0,18.0,1.29,1.33,56,59.5,4,78
2024-08-09,1.8701266485609425,0.000181559695545847,7.564987314410292,1.7982955810131538,0.98570298840869,G6M2,g6m2_high_load,1.31,58.0,18.0,1.29,1.33,56,59.5,4,78
2024-08-10,1.8703082082564881,0.000181559695545847,7.564987314410292,1.7982955810131538,0.98570298840869,G6M2,g6m2_high_load,1.31,58.0,18.0,1.29,1.33,56,59.5,4,78
2024-08-11,1.870489767952034,0.000181559695545847,7.564987314410292,1.7982955810131538,0.98570298840869,G6M2,g6m2_high_load,1.31,58.0,18.0,1.29,1.33,56,59.5,4,78
2024-08-12,1.87067132764758,0.000181559695545847,7.564987314410292,1.7982955810131538,0.98570298840869,G6M2,g6m2_high_load,1.31,58.0,18.0,1.29,1.33,56,59.5,4,78
2024-08-13,1.8708528873431258,0.000181559695545847,7.564987314410292,1.7982955810131538,0.98570298840869,G6M2,g6m2_high_load,1.31,58.0,18.0,1.29,1.33,56,59.5,4,78
2024-08-14,1.8710344470386717,0.000181559695545847,7.564987314410292,1.7982955810131538,0.98570298840869,G6M2,g6m2_high_load,1.31,58.0,18.0,1.29,1.33,56,59.5,4,78
2024-08-15,1.8712160067342174,0.000181559695545847,7.564987314410292,1.7982955810131538,0.98570298840869,G6M2,g6m2_high_load,1.31,58.0,18.0,1.29,1.33,56,59.5,4,78
2024-08-16,1.8713975664297633,0.000181559695545847,7.564987314410292,1.7982955810131538,0.98570298840869,G6M2,g6m2_high_load,1.31,58.0,18.0,1.29,1.33,56,59.5,4,78
2024-08-17,1.8715791261253092,0.000181559695545847,7.564987314410292,1.7982955810131538,0.98570298840869,G6M2,g6m2_high_load,1.31,58.0,18.0,1.29,1.33,56,59.5,4,78
2024-08-18,1.871760685820855,0.000181559695545847,7.564987314410292,1.7982955810131538,0.98570298840869,G6M2,g6m2_high_load,1.31,58.0,18.0,1.29,1.33,56,59.5,4,78
2024-08-19,1.8719422455164008,0.000181559695545847,7.564987314410292,1.7982955810131538,0.98570298840869,G6M2,g6m2_high_load,1.31,58.0,18.0,1.29,1.33,56,59.5,4,78
2024-08-20,1.8721238052119467,0.000181559695545847,7.564987314410292,1.7982955810131538,0.98570298840869,G6M2,g6m2_high_load,1.31,58.0,18.0,1.29,1.33,56,59.5,4,78
2024-08-21,1.8723053649074926,0.000181559695545847,7.564987314410292,1.7982955810131538,0.98570298840869,G6M2,g6m2_high_load,1.31,58.0,18.0,1.29,1.33,56,59.5,4,78
2024-08-22,1.8724869246030384,0.000181559695545847,7.564987314410292,1.7982955810131538,0.98570298840869,G6M2,g6m2_high_load,1.31,58.0,18.0,1.29,1.33,56,59.5,4,78
2024-08-23,1.8726684842985843,0.000181559695545847,7.564987314410292,1.7982955810131538,0.98570298840869,G6M2,g6m2_high_load,1.31,58.0,18.0,1.29,1.33,56,59.5,4,78
2024-08-24,1.87285004399413,0.000181559695545847,7.564987314410292,1.7982955810131538,0.98570298840869,G6M2,g6m2_high_load,1.31,58.0,18.0,1.29,1.33,56,59.5,4,78
2024-08-25,1.873031603689676,0.000181559695545847,7.564987314410292,1.7982955810131538,0.98570298840869,G6M2,g6m2_high_load,1.31,58.0,18.0,1.29,1.33,56,59.5,4,78
2024-08-26,1.8732131633852218,0.000181559695545847,7.564987314410292,1.7982955810131538,0.98570298840869,G6M2,g6m2_high_load,1.31,58.0,18.0,1.29,1.33,56,59.5,4,78
2024-08-27,1.8733947230807677,0.000181559695545847,7.564987314410292,1.7982955810131538,0.98570298840869,G6M2,g6m2_high_load,1.31,58.0,18.0,1.29,1.33,56,59.5,4,78
2024-08-28,1.8735762827763134,0.000181559695545847,7.564987314410292,1.7982955810131538,0.98570298840869,G6M2,g6m2_high_load,1.31,58.0,18.0,1.29,1.33,56,59.5,4,78
2024-08-29,1.8737578424718593,0.000181559695545847,7.564987314410292,1.7982955810131538,0.98570298840869,G6M2,g6m2_high_load,1.31,58.0,18.0,1.29,1.33,56,59.5,4,78
2024-08-30,1.8739394021674052,0.000181559695545847,7.564987314410292,1.7982955810131538,0.98570298840869,G6M2,g6m2_high_load,1.31,58.0,18.0,1.29,1.33,56,59.5,4,78
2024-08-31,1.874120961862951,0.000181559695545847,7.564987314410292,1.7982955810131538,0.98570298840869,G6M2,g6m2_high_load,1.31,58.0,18.0,1.29,1.33,56,59.5,4,78
2024-09-01,1.874302521558497,0.000181559695545847,7.564987314410292,1.7982955810131538,0.98570298840869,G6M2,g6m2_high_load,1.31,58.0,18.0,1.29,1.33,56,59.5,4,78
2024-09-02,1.8744840812540426,0.000181559695545847,7.564987314410292,1.7982955810131538,0.98570298840869,G6M2,g6m2_high_load,1.31,58.0,18.0,1.29,1.33,56,59.5,4,78
2024-09-03,1.8746656409495885,0.000181559695545847,7.564987314410292,1.7982955810131538,0.98570298840869,G6M2,g6m2_high_load,1.31,58.0,18.0,1.29,1.33,56,59.5,4,78
2024-09-04,1.8748472006451344,0.000181559695545847,7.564987314410292,1.7982955810131538,0.98570298840869,G6M2,g6m2_high_load,1.31,58.0,18.0,1.29,1.33,56,59.5,4,78
2024-09-05,1.8750287603406803,0.000181559695545847,7.564987314410292,1.7982955810131538,0.98570298840869,G6M2,g6m2_high_load,1.31,58.0,18.0,1.29,1.33,56,59.5,4,78
2024-09-06,1.875210320036226,0.000181559695545847,7.564987314410292,1.7982955810131538,0.98570298840869,G6M2,g6m2_high_load,1.31,58.0,18.0,1.29,1.33,56,59.5,4,78
2024-09-07,1.875391879731772,0.000181559695545847,7.564987314410292,1.7982955810131538,0.98570298840869,G6M2,g6m2_high_load,1.31,58.0,18.0,1.29,1.33,56,59.5,4,78
2024-09-08,1.8755734394273178,0.000181559695545847,7.564987314410292,1.7982955810131538,0.98570298840869,G6M2,g6m2_high_load,1.31,58.0,18.0,1.29,1.33,56,59.5,4,78
2024-09-09,1.8757549991228637,0.000181559695545847,7.564987314410292,1.7982955810131538,0.98570298840869,G6M2,g6m2_high_load,1.31,58.0,18.0,1.29,1.33,56,59.5,4,78
2024-09-10,1.8759365588184096,0.000181559695545847,7.564987314410292,1.7982955810131538,0.98570298840869,G6M2,g6m2_high_load,1.31,58.0,18.0,1.29,1.33,56,59.5,4,78
2024-09-11,1.8761181185139553,0.000181559695545847,7.564987314410292,1.7982955810131538,0.98570298840869,G6M2,g6m2_high_load,1.31,58.0,18.0,1.29,1.33,56,59.5,4,78
2024-09-12,1.8762996782095012,0.000181559695545847,7.564987314410292,1.7982955810131538,0.98570298840869,G6M2,g6m2_high_load,1.31,58.0,18.0,1.29,1.33,56,59.5,4,78
2024-09-13,1.876481237905047,0.000181559695545847,7.564987314410292,1.7982955810131538,0.98570298840869,G6M2,g6m2_high_load,1.31,58.0,18.0,1.29,1.33,56,59.5,4,78
2024-09-14,1.876662797600593,0.000181559695545847,7.564987314410292,1.7982955810131538,0.98570298840869,G6M2,g6m2_high_load,1.31,58.0,18.0,1.29,1.33,56,59.5,4,78
2024-09-15,1.8768443572961386,0.000181559695545847,7.564987314410292,1.7982955810131538,0.98570298840869,G6M2,g6m2_high_load,1.31,58.0,18.0,1.29,1.33,56,59.5,4,78
2024-09-16,1.8770259169916845,0.000181559695545847,7.564987314410292,1.7982955810131538,0.98570298840869,G6M2,g6m2_high_load,1.31,58.0,18.0,1.29,1.33,56,59.5,4,78
2024-09-17,1.8772074766872304,0.000181559695545847,7.564987314410292,1.7982955810131538,0.98570298840869,G6M2,g6m2_high_load,1.31,58.0,18.0,1.29,1.33,56,59.5,4,78
2024-09-18,1.8773890363827763,0.000181559695545847,7.564987314410292,1.7982955810131538,0.98570298840869,G6M2,g6m2_high_load,1.31,58.0,18.0,1.29,1.33,56,59.5,4,78
2024-09-19,1.8775705960783222,0.000181559695545847,7.564987314410292,1.7982955810131538,0.98570298840869,G6M2,g6m2_high_load,1.31,58.0,18.0,1.29,1.33,56,59.5,4,78
2024-09-20,1.877752155773868,0.000181559695545847,7.564987314410292,1.7982955810131538,0.98570298840869,G6M2,g6m2_high_load,1.31,58.0,18.0,1.29,1.33,56,59.5,4,78
2024-09-21,1.8779337154694138,0.000181559695545847,7.564987314410292,1.7982955810131538,0.98570298840869,G6M2,g6m2_high_load,1.31,58.0,18.0,1.29,1.33,56,59.5,4,78
2024-09-22,1.8781152751649597,0.000181559695545847,7.564987314410292,1.7982955810131538,0.98570298840869,G6M2,g6m2_high_load,1.31,58.0,18.0,1.29,1.33,56,59.5,4,78
2024-09-23,1.8782968348605056,0.000181559695545847,7.564987314410292,1.7982955810131538,0.98570298840869,G6M2,g6m2_high_load,1.31,58.0,18.0,1.29,1.33,56,59.5,4,78
2024-09-24,1.8784783945560513,0.000181559695545847,7.564987314410292,1.7982955810131538,0.98570298840869,G6M2,g6m2_high_load,1.31,58.0,18.0,1.29,1.33,56,59.5,4,78
2024-09-25,1.8786599542515972,0.000181559695545847,7.564987314410292,1.7982955810131538,0.98570298840869,G6M2,g6m2_high_load,1.31,58.0,18.0,1.29,1.33,56,59.5,4,78
2024-09-26,1.878841513947143,0.000181559695545847,7.564987314410292,1.7982955810131538,0.98570298840869,G6M2,g6m2_high_load,1.31,58.0,18.0,1.29,1.33,56,59.5,4,78
2024-09-27,1.879023073642689,0.000181559695545847,7.564987314410292,1.7982955810131538,0.98570298840869,G6M2,g6m2_high_load,1.31,58.0,18.0,1.29,1.33,56,59.5,4,78
2024-09-28,1.8792046333382348,0.000181559695545847,7.564987314410292,1.7982955810131538,0.98570298840869,G6M2,g6m2_high_load,1.31,58.0,18.0,1.29,1.33,56,59.5,4,78
2024-09-29,1.8793861930337805,0.000181559695545847,7.564987314410292,1.7982955810131538,0.98570298840869,G6M2,g6m2_high_load,1.31,58.0,18.0,1.29,1.33,56,59.5,4,78
2024-09-30,1.8795677527293264,0.000181559695545847,7.564987314410292,1.7982955810131538,0.98570298840869,G6M2,g6m2_high_load,1.31,58.0,18.0,1.29,1.33,56,59.5,4,78
2024-10-01,1.8797493124248723,0.000181559695545847,7.564987314410292,1.7982955810131538,0.98570298840869,G6M2,g6m2_high_load,1.31,58.0,18.0,1.29,1.33,56,59.5,4,78
2024-10-02,1.8799308721204182,0.000181559695545847,7.564987314410292,1.7982955810131538,0.98570298840869,G6M2,g6m2_high_load,1.31,58.0,18.0,1.29,1.33,56,59.5,4,78
2024-10-03,1.8801124318159639,0.000181559695545847,7.564987314410292,1.7982955810131538,0.98570298840869,G6M2,g6m2_high_load,1.31,58.0,18.0,1.29,1.33,56,59.5,4,78
2024-10-04,1.8802939915115098,0.000181559695545847,7.564987314410292,1.7982955810131538,0.98570298840869,G6M2,g6m2_high_load,1.31,58.0,18.0,1.29,1.33,56,59.5,4,78
2024-10-05,1.8804755512070557,0.000181559695545847,7.564987314410292,1.7982955810131538,0.98570298840869,G6M2,g6m2_high_load,1.31,58.0,18.0,1.29,1.33,56,59.5,4,78
2024-10-06,1.8806571109026016,0.000181559695545847,7.564987314410292,1.7982955810131538,0.98570298840869,G6M2,g6m2_high_load,1.31,58.0,18.0,1.29,1.33,56,59.5,4,78
2024-10-07,1.8808386705981475,0.000181559695545847,7.564987314410292,1.7982955810131538,0.98570298840869,G6M2,g6m2_high_load,1.31,58.0,18.0,1.29,1.33,56,59.5,4,78
2024-10-08,1.8810202302936931,0.000181559695545847,7.564987314410292,1.7982955810131538,0.98570298840869,G6M2,g6m2_high_load,1.31,58.0,18.0,1.29,1.33,56,59.5,4,78
2024-10-09,1.881201789989239,0.000181559695545847,7.564987314410292,1.7982955810131538,0.98570298840869,G6M2,g6m2_high_load,1.31,58.0,18.0,1.29,1.33,56,59.5,4,78
2024-10-10,1.881383349684785,0.000181559695545847,7.564987314410292,1.7982955810131538,0.98570298840869,G6M2,g6m2_high_load,1.31,58.0,18.0,1.29,1.33,56,59.5,4,78
2024-10-11,1.8815649093803308,0.000181559695545847,7.564987314410292,1.7982955810131538,0.98570298840869,G6M2,g6m2_high_load,1.31,58.0,18.0,1.29,1.33,56,59.5,4,78
2024-10-12,1.8817464690758765,0.000181559695545847,7.564987314410292,1.7982955810131538,0.98570298840869,G6M2,g6m2_high_load,1.31,58.0,18.0,1.29,1.33,56,59.5,4,78
2024-10-13,1.8819280287714224,0.000181559695545847,7.564987314410292,1.7982955810131538,0.98570298840869,G6M2,g6m2_high_load,1.31,58.0,18.0,1.29,1.33,56,59.5,4,78
2024-10-14,1.8821095884669683,0.000181559695545847,7.564987314410292,1.7982955810131538,0.98570298840869,G6M2,g6m2_high_load,1.31,58.0,18.0,1.29,1.33,56,59.5,4,78
2024-10-15,1.8822911481625142,0.000181559695545847,7.564987314410292,1.7982955810131538,0.98570298840869,G6M2,g6m2_high_load,1.31,58.0,18.0,1.29,1.33,56,59.5,4,78
2024-10-16,1.88247270785806,0.000181559695545847,7.564987314410292,1.7982955810131538,0.98570298840869,G6M2,g6m2_high_load,1.31,58.0,18.0,1.29,1.33,56,59.5,4,78
2024-10-17,1.8826542675536058,0.000181559695545847,7.564987314410292,1.7982955810131538,0.98570298840869,G6M2,g6m2_high_load,1.31,58.0,18.0,1.29,1.33,56,59.5,4,78
2024-10-18,1.8828358272491517,0.000181559695545847,7.564987314410292,1.7982955810131538,0.98570298840869,G6M2,g6m2_high_load,1.31,58.0,18.0,1.29,1.33,56,59.5,4,78
2024-10-19,1.8830173869446976,0.000181559695545847,7.564987314410292,1.7982955810131538,0.98570298840869,G6M2,g6m2_high_load,1.31,58.0,18.0,1.29,1.33,56,59.5,4,78
2024-10-20,1.8831989466402435,0.000181559695545847,7.564987314410292,1.7982955810131538,0.98570298840869,G6M2,g6m2_high_load,1.31,58.0,18.0,1.29,1.33,56,59.5,4,78
2024-10-21,1.8833805063357891,0.000181559695545847,7.564987314410292,1.7982955810131538,0.98570298840869,G6M2,g6m2_high_load,1.31,58.0,18.0,1.29,1.33,56,59.5,4,78
2024-10-22,1.883562066031335,0.000181559695545847,7.564987314410292,1.7982955810131538,0.98570298840869,G6M2,g6m2_high_load,1.31,58.0,18.0,1.29,1.33,56,59.5,4,78
2024-10-23,1.883743625726881,0.000181559695545847,7.564987314410292,1.7982955810131538,0.98570298840869,G6M2,g6m2_high_load,1.31,58.0,18.0,1.29,1.33,56,59.5,4,78
2024-10-24,1.8839251854224268,0.000181559695545847,7.564987314410292,1.7982955810131538,0.98570298840869,G6M2,g6m2_high_load,1.31,58.0,18.0,1.29,1.33,56,59.5,4,78
2024-10-25,1.8841067451179727,0.000181559695545847,7.564987314410292,1.7982955810131538,0.98570298840869,G6M2,g6m2_high_load,1.31,58.0,18.0,1.29,1.33,56,59.5,4,78
2024-10-26,1.8842883048135184,0.000181559695545847,7.564987314410292,1.7982955810131538,0.98570298840869,G6M2,g6m2_high_load,1.31,58.0,18.0,1.29,1.33,56,59.5,4,78
2024-10-27,1.8844698645090643,0.000181559695545847,7.564987314410292,1.7982955810131538,0.98570298840869,G6M2,g6m2_high_load,1.31,58.0,18.0,1.29,1.33,56,59.5,4,78
2024-10-28,1.8846514242046102,0.000181559695545847,7.564987314410292,1.7982955810131538,0.98570298840869,G6M2,g6m2_high_load,1.31,58.0,18.0,1.29,1.33,56,59.5,4,78
2024-10-29,1.884832983900156,0.000181559695545847,7.564987314410292,1.7982955810131538,0.98570298840869,G6M2,g6m2_high_load,1.31,58.0,18.0,1.29,1.33,56,59.5,4,78
2024-10-30,1.8850145435957018,0.000181559695545847,7.564987314410292,1.7982955810131538,0.98570298840869,G6M2,g6m2_high_load,1.31,58.0,18.0,1.29,1.33,56,59.5,4,78
2024-10-31,1.8851961032912476,0.000181559695545847,7.564987314410292,1.7982955810131538,0.98570298840869,G6M2,g6m2_high_load,1.31,58.0,18.0,1.29,1.33,56,59.5,4,78
2024-11-01,1.8853776629867935,0.000181559695545847,7.564987314410292,1.7982955810131538,0.98570298840869,G6M2,g6m2_high_load,1.31,58.0,18.0,1.29,1.33,56,59.5,4,78
2024-11-02,1.8855592226823394,0.000181559695545847,7.564987314410292,1.7982955810131538,0.98570298840869,G6M2,g6m2_high_load,1.31,58.0,18.0,1.29,1.33,56,59.5,4,78
2024-11-03,1.8857407823778853,0.000181559695545847,7.564987314410292,1.7982955810131538,0.98570298840869,G6M2,g6m2_high_load,1.31,58.0,18.0,1.29,1.33,56,59.5,4,78
2024-11-04,1.885922342073431,0.000181559695545847,7.564987314410292,1.7982955810131538,0.98570298840869,G6M2,g6m2_high_load,1.31,58.0,18.0,1.29,1.33,56,59.5,4,78
2024-11-05,1.886103901768977,0.000181559695545847,7.564987314410292,1.7982955810131538,0.98570298840869,G6M2,g6m2_high_load,1.31,58.0,18.0,1.29,1.33,56,59.5,4,78
2024-11-06,1.8862854614645228,0.000181559695545847,7.564987314410292,1.7982955810131538,0.98570298840869,G6M2,g6m2_high_load,1.31,58.0,18.0,1.29,1.33,56,59.5,4,78
2024-11-07,1.8864670211600687,0.000181559695545847,7.564987314410292,1.7982955810131538,0.98570298840869,G6M2,g6m2_high_load,1.31,58.0,18.0,1.29,1.33,56,59.5,4,78
2024-11-08,1.8866485808556144,0.000181559695545847,7.564987314410292,1.7982955810131538,0.98570298840869,G6M2,g6m2_high_load,1.31,58.0,18.0,1.29,1.33,56,59.5,4,78
2024-11-09,1.8868301405511603,0.000181559695545847,7.564987314410292,1.7982955810131538,0.98570298840869,G6M2,g6m2_high_load,1.31,58.0,18.0,1.29,1.33,56,59.5,4,78
2024-11-10,1.8870117002467062,0.000181559695545847,7.564987314410292,1.7982955810131538,0.98570298840869,G6M2,g6m2_high_load,1.31,58.0,18.0,1.29,1.33,56,59.5,4,78
2024-11-11,1.887193259942252,0.000181559695545847,7.564987314410292,1.7982955810131538,0.98570298840869,G6M2,g6m2_high_load,1.31,58.0,18.0,1.29,1.33,56,59.5,4,78
2024-11-12,1.887374819637798,0.000181559695545847,7.564987314410292,1.7982955810131538,0.98570298840869,G6M2,g6m2_high_load,1.31,58.0,18.0,1.29,1.33,56,59.5,4,78
2024-11-13,1.8875563793333436,0.000181559695545847,7.564987314410292,1.7982955810131538,0.98570298840869,G6M2,g6m2_high_load,1.31,58.0,18.0,1.29,1.33,56,59.5,4,78
2024-11-14,1.8877379390288895,0.000181559695545847,7.564987314410292,1.7982955810131538,0.98570298840869,G6M2,g6m2_high_load,1.31,58.0,18.0,1.29,1.33,56,59.5,4,78
2024-11-15,1.8879194987244354,0.000181559695545847,7.564987314410292,1.7982955810131538,0.98570298840869,G6M2,g6m2_high_load,1.31,58.0,18.0,1.29,1.33,56,59.5,4,78
2024-11-16,1.8881010584199813,0.000181559695545847,7.564987314410292,1.7982955810131538,0.98570298840869,G6M2,g6m2_high_load,1.31,58.0,18.0,1.29,1.33,56,59.5,4,78
2024-11-17,1.888282618115527,0.000181559695545847,7.564987314410292,1.7982955810131538,0.98570298840869,G6M2,g6m2_high_load,1.31,58.0,18.0,1.29,1.33,56,59.5,4,78
2024-11-18,1.888464177811073,0.000181559695545847,7.564987314410292,1.7982955810131538,0.98570298840869,G6M2,g6m2_high_load,1.31,58.0,18.0,1.29,1.33,56,59.5,4,78
2024-11-19,1.8886457375066188,0.000181559695545847,7.564987314410292,1.7982955810131538,0.98570298840869,G6M2,g6m2_high_load,1.31,58.0,18.0,1.29,1.33,56,59.5,4,78
2024-11-20,1.8888272972021647,0.000181559695545847,7.564987314410292,1.7982955810131538,0.98570298840869,G6M2,g6m2_high_load,1.31,58.0,18.0,1.29,1.33,56,59.5,4,78
2024-11-21,1.8890088568977106,0.000181559695545847,7.564987314410292,1.7982955810131538,0.98570298840869,G6M2,g6m2_high_load,1.31,58.0,18.0,1.29,1.33,56,59.5,4,78
2024-11-22,1.8891904165932563,0.000181559695545847,7.564987314410292,1.7982955810131538,0.98570298840869,G6M2,g6m2_high_load,1.31,58.0,18.0,1.29,1.33,56,59.5,4,78
2024-11-23,1.8893719762888022,0.000181559695545847,7.564987314410292,1.7982955810131538,0.98570298840869,G6M2,g6m2_high_load,1.31,58.0,18.0,1.29,1.33,56,59.5,4,78
2024-11-24,1.889553535984348,0.000181559695545847,7.564987314410292,1.7982955810131538,0.98570298840869,G6M2,g6m2_high_load,1.31,58.0,18.0,1.29,1.33,56,59.5,4,78
2024-11-25,1.889735095679894,0.000181559695545847,7.564987314410292,1.7982955810131538,0.98570298840869,G6M2,g6m2_high_load,1.31,58.0,18.0,1.29,1.33,56,59.5,4,78
2024-11-26,1.8899166553754396,0.000181559695545847,7.564987314410292,1.7982955810131538,0.98570298840869,G6M2,g6m2_high_load,1.31,58.0,18.0,1.29,1.33,56,59.5,4,78
2024-11-27,1.8900982150709855,0.000181559695545847,7.564987314410292,1.7982955810131538,0.98570298840869,G6M2,g6m2_high_load,1.31,58.0,18.0,1.29,1.33,56,59.5,4,78
2024-11-28,1.8902797747665314,0.000181559695545847,7.564987314410292,1.7982955810131538,0.98570298840869,G6M2,g6m2_high_load,1.31,58.0,18.0,1.29,1.33,56,59.5,4,78
2024-11-29,1.8904613344620773,0.000181559695545847,7.564987314410292,1.7982955810131538,0.98570298840869,G6M2,g6m2_high_load,1.31,58.0,18.0,1.29,1.33,56,59.5,4,78
2024-11-30,1.8906428941576232,0.000181559695545847,7.564987314410292,1.7982955810131538,0.98570298840869,G6M2,g6m2_high_load,1.31,58.0,18.0,1.29,1.33,56,59.5,4,78
2024-12-01,1.8908244538531689,0.000181559695545847,7.564987314410292,1.7982955810131538,0.98570298840869,G6M2,g6m2_high_load,1.31,58.0,18.0,1.29,1.33,56,59.5,4,78
2024-12-02,1.8910060135487148,0.000181559695545847,7.564987314410292,1.7982955810131538,0.98570298840869,G6M2,g6m2_high_load,1.31,58.0,18.0,1.29,1.33,56,59.5,4,78
2024-12-03,1.8911875732442607,0.000181559695545847,7.564987314410292,1.7982955810131538,0.98570298840869,G6M2,g6m2_high_load,1.31,58.0,18.0,1.29,1.33,56,59.5,4,78
2024-12-04,1.8913691329398066,0.000181559695545847,7.564987314410292,1.7982955810131538,0.98570298840869,G6M2,g6m2_high_load,1.31,58.0,18.0,1.29,1.33,56,59.5,4,78
2024-12-05,1.8915506926353522,0.000181559695545847,7.564987314410292,1.7982955810131538,0.98570298840869,G6M2,g6m2_high_load,1.31,58.0,18.0,1.29,1.33,56,59.5,4,78
2024-12-06,1.8917322523308981,0.000181559695545847,7.564987314410292,1.7982955810131538,0.98570298840869,G6M2,g6m2_high_load,1.31,58.0,18.0,1.29,1.33,56,59.5,4,78
2024-12-07,1.891913812026444,0.000181559695545847,7.564987314410292,1.7982955810131538,0.98570298840869,G6M2,g6m2_high_load,1.31,58.0,18.0,1.29,1.33,56,59.5,4,78
2024-12-08,1.89209537172199,0.000181559695545847,7.564987314410292,1.7982955810131538,0.98570298840869,G6M2,g6m2_high_load,1.31,58.0,18.0,1.29,1.33,56,59.5,4,78
2024-12-09,1.8922769314175358,0.000181559695545847,7.564987314410292,1.7982955810131538,0.98570298840869,G6M2,g6m2_high_load,1.31,58.0,18.0,1.29,1.33,56,59.5,4,78
2024-12-10,1.8924584911130815,0.000181559695545847,7.564987314410292,1.7982955810131538,0.98570298840869,G6M2,g6m2_high_load,1.31,58.0,18.0,1.29,1.33,56,59.5,4,78
2024-12-11,1.8926400508086274,0.000181559695545847,7.564987314410292,1.7982955810131538,0.98570298840869,G6M2,g6m2_high_load,1.31,58.0,18.0,1.29,1.33,56,59.5,4,78
2024-12-12,1.8928216105041733,0.000181559695545847,7.564987314410292,1.7982955810131538,0.98570298840869,G6M2,g6m2_high_load,1.31,58.0,18.0,1.29,1.33,56,59.5,4,78
2024-12-13,1.8930031701997192,0.000181559695545847,7.564987314410292,1.7982955810131538,0.98570298840869,G6M2,g6m2_high_load,1.31,58.0,18.0,1.29,1.33,56,59.5,4,78
2024-12-14,1.8931847298952649,0.000181559695545847,7.564987314410292,1.7982955810131538,0.98570298840869,G6M2,g6m2_high_load,1.31,58.0,18.0,1.29,1.33,56,59.5,4,78
2024-12-15,1.8933662895908108,0.000181559695545847,7.564987314410292,1.7982955810131538,0.98570298840869,G6M2,g6m2_high_load,1.31,58.0,18.0,1.29,1.33,56,59.5,4,78
2024-12-16,1.8935478492863567,0.000181559695545847,7.564987314410292,1.7982955810131538,0.98570298840869,G6M2,g6m2_high_load,1.31,58.0,18.0,1.29,1.33,56,59.5,4,78
2024-12-17,1.8937294089819026,0.000181559695545847,7.564987314410292,1.7982955810131538,0.98570298840869,G6M2,g6m2_high_load,1.31,58.0,18.0,1.29,1.33,56,59.5,4,78
2024-12-18,1.8939109686774485,0.000181559695545847,7.564987314410292,1.7982955810131538,0.98570298840869,G6M2,g6m2_high_load,1.31,58.0,18.0,1.29,1.33,56,59.5,4,78
2024-12-19,1.8940925283729941,0.000181559695545847,7.564987314410292,1.7982955810131538,0.98570298840869,G6M2,g6m2_high_load,1.31,58.0,18.0,1.29,1.33,56,59.5,4,78
2024-12-20,1.89427408806854,0.000181559695545847,7.564987314410292,1.7982955810131538,0.98570298840869,G6M2,g6m2_high_load,1.31,58.0,18.0,1.29,1.33,56,59.5,4,78
2024-12-21,1.894455647764086,0.000181559695545847,7.564987314410292,1.7982955810131538,0.98570298840869,G6M2,g6m2_high_load,1.31,58.0,18.0,1.29,1.33,56,59.5,4,78
2024-12-22,1.8946372074596318,0.000181559695545847,7.564987314410292,1.7982955810131538,0.98570298840869,G6M2,g6m2_high_load,1.31,58.0,18.0,1.29,1.33,56,59.5,4,78
2024-12-23,1.8948187671551775,0.000181559695545847,7.564987314410292,1.7982955810131538,0.98570298840869,G6M2,g6m2_high_load,1.31,58.0,18.0,1.29,1.33,56,59.5,4,78
2024-12-24,1.8950003268507234,0.000181559695545847,7.564987314410292,1.7982955810131538,0.98570298840869,G6M2,g6m2_high_load,1.31,58.0,18.0,1.29,1.33,56,59.5,4,78
2024-12-25,1.8951818865462693,0.000181559695545847,7.564987314410292,1.7982955810131538,0.98570298840869,G6M2,g6m2_high_load,1.31,58.0,18.0,1.29,1.33,56,59.5,4,78
2024-12-26,1.8953634462418152,0.000181559695545847,7.564987314410292,1.7982955810131538,0.98570298840869,G6M2,g6m2_high_load,1.31,58.0,18.0,1.29,1.33,56,59.5,4,78
2024-12-27,1.8955450059373609,0.000181559695545847,7.564987314410292,1.7982955810131538,0.98570298840869,G6M2,g6m2_high_load,1.31,58.0,18.0,1.29,1.33,56,59.5,4,78
2024-12-28,1.8957265656329068,0.000181559695545847,7.564987314410292,1.7982955810131538,0.98570298840869,G6M2,g6m2_high_load,1.31,58.0,18.0,1.29,1.33,56,59.5,4,78
2024-12-29,1.8959081253284527,0.000181559695545847,7.564987314410292,1.7982955810131538,0.98570298840869,G6M2,g6m2_high_load,1.31,58.0,18.0,1.29,1.33,56,59.5,4,78
2024-12-30,1.8960896850239986,0.000181559695545847,7.564987314410292,1.7982955810131538,0.98570298840869,G6M2,g6m2_high_load,1.31,58.0,18.0,1.29,1.33,56,59.5,4,78
2024-12-31,1.8962712447195444,0.000181559695545847,7.564987314410292,1.7982955810131538,0.98570298840869,G6M2,g6m2_high_load,1.31,58.0,18.0,1.29,1.33,56,59.5,4,78
2025-01-01,1.8964528044150901,0.000181559695545847,7.564987314410292,1.7982955810131538,0.98570298840869,G6M2,g6m2_high_load,1.31,58.0,18.0,1.29,1.33,56,59.5,4,78
2025-01-02,1.896634364110636,0.000181559695545847,7.564987314410292,1.7982955810131538,0.98570298840869,G6M2,g6m2_high_load,1.31,58.0,18.0,1.29,1.33,56,59.5,4,78
2025-01-03,1.896815923806182,0.000181559695545847,7.564987314410292,1.7982955810131538,0.98570298840869,G6M2,g6m2_high_load,1.31,58.0,18.0,1.29,1.33,56,59.5,4,78
2025-01-04,1.8969974835017278,0.000181559695545847,7.564987314410292,1.7982955810131538,0.98570298840869,G6M2,g6m2_high_load,1.31,58.0,18.0,1.29,1.33,56,59.5,4,78
2025-01-05,1.8971790431972735,0.000181559695545847,7.564987314410292,1.7982955810131538,0.98570298840869,G6M2,g6m2_high_load,1.31,58.0,18.0,1.29,1.33,56,59.5,4,78
2025-01-06,1.8973606028928194,0.000181559695545847,7.564987314410292,1.7982955810131538,0.98570298840869,G6M2,g6m2_high_load,1.31,58.0,18.0,1.29,1.33,56,59.5,4,78
2025-01-07,1.8975421625883653,0.000181559695545847,7.564987314410292,1.7982955810131538,0.98570298840869,G6M2,g6m2_high_load,1.31,58.0,18.0,1.29,1.33,56,59.5,4,78
2025-01-08,1.8977237222839112,0.000181559695545847,7.564987314410292,1.7982955810131538,0.98570298840869,G6M2,g6m2_high_load,1.31,58.0,18.0,1.29,1.33,56,59.5,4,78
2025-01-09,1.897905281979457,0.000181559695545847,7.564987314410292,1.7982955810131538,0.98570298840869,G6M2,g6m2_high_load,1.31,58.0,18.0,1.29,1.33,56,59.5,4,78
2025-01-10,1.8980868416750027,0.000181559695545847,7.564987314410292,1.7982955810131538,0.98570298840869,G6M2,g6m2_high_load,1.31,58.0,18.0,1.29,1.33,56,59.5,4,78
2025-01-11,1.8982684013705486,0.000181559695545847,7.564987314410292,1.7982955810131538,0.98570298840869,G6M2,g6m2_high_load,1.31,58.0,18.0,1.29,1.33,56,59.5,4,78
2025-01-12,1.8984499610660945,0.000181559695545847,7.564987314410292,1.7982955810131538,0.98570298840869,G6M2,g6m2_high_load,1.31,58.0,18.0,1.29,1.33,56,59.5,4,78
2025-01-13,1.8986315207616404,0.000181559695545847,7.564987314410292,1.7982955810131538,0.98570298840869,G6M2,g6m2_high_load,1.31,58.0,18.0,1.29,1.33,56,59.5,4,78
2025-01-14,1.898813080457186,0.000181559695545847,7.564987314410292,1.7982955810131538,0.98570298840869,G6M2,g6m2_high_load,1.31,58.0,18.0,1.29,1.33,56,59.5,4,78
2025-01-15,1.898994640152732,0.000181559695545847,7.564987314410292,1.7982955810131538,0.98570298840869,G6M2,g6m2_high_load,1.31,58.0,18.0,1.29,1.33,56,59.5,4,78
2025-01-16,1.899176199848278,0.000181559695545847,7.564987314410292,1.7982955810131538,0.98570298840869,G6M2,g6m2_high_load,1.31,58.0,18.0,1.29,1.33,56,59.5,4,78
2025-01-17,1.8993577595438238,0.000181559695545847,7.564987314410292,1.7982955810131538,0.98570298840869,G6M2,g6m2_high_load,1.31,58.0,18.0,1.29,1.33,56,59.5,4,78
2025-01-18,1.8995393192393697,0.000181559695545847,7.564987314410292,1.7982955810131538,0.98570298840869,G6M2,g6m2_high_load,1.31,58.0,18.0,1.29,1.33,56,59.5,4,78
2025-01-19,1.8997208789349154,0.000181559695545847,7.564987314410292,1.7982955810131538,0.98570298840869,G6M2,g6m2_high_load,1.31,58.0,18.0,1.29,1.33,56,59.5,4,78
2025-01-20,1.8999024386304613,0.000181559695545847,7.564987314410292,1.7982955810131538,0.98570298840869,G6M2,g6m2_high_load,1.31,58.0,18.0,1.29,1.33,56,59.5,4,78
2025-01-21,1.9000839983260072,0.000181559695545847,7.564987314410292,1.7982955810131538,0.98570298840869,G6M2,g6m2_high_load,1.31,58.0,18.0,1.29,1.33,56,59.5,4,78
2025-01-22,1.900265558021553,0.000181559695545847,7.564987314410292,1.7982955810131538,0.98570298840869,G6M2,g6m2_high_load,1.31,58.0,18.0,1.29,1.33,56,59.5,4,78
2025-01-23,1.9004471177170987,0.000181559695545847,7.564987314410292,1.7982955810131538,0.98570298840869,G6M2,g6m2_high_load,1.31,58.0,18.0,1.29,1.33,56,59.5,4,78
2025-01-24,1.9006286774126446,0.000181559695545847,7.564987314410292,1.7982955810131538,0.98570298840869,G6M2,g6m2_high_load,1.31,58.0,18.0,1.29,1.33,56,59.5,4,78
2025-01-25,1.9008102371081905,0.000181559695545847,7.564987314410292,1.7982955810131538,0.98570298840869,G6M2,g6m2_high_load,1.31,58.0,18.0,1.29,1.33,56,59.5,4,78
2025-01-26,1.9009917968037364,0.000181559695545847,7.564987314410292,1.7982955810131538,0.98570298840869,G6M2,g6m2_high_load,1.31,58.0,18.0,1.29,1.33,56,59.5,4,78
2025-01-27,1.9011733564992823,0.000181559695545847,7.564987314410292,1.7982955810131538,0.98570298840869,G6M2,g6m2_high_load,1.31,58.0,18.0,1.29,1.33,56,59.5,4,78
2025-01-28,1.901354916194828,0.000181559695545847,7.564987314410292,1.7982955810131538,0.98570298840869,G6M2,g6m2_high_load,1.31,58.0,18.0,1.29,1.33,56,59.5,4,78
2025-01-29,1.901536475890374,0.000181559695545847,7.564987314410292,1.7982955810131538,0.98570298840869,G6M2,g6m2_high_load,1.31,58.0,18.0,1.29,1.33,56,59.5,4,78
2025-01-30,1.9017180355859198,0.000181559695545847,7.564987314410292,1.7982955810131538,0.98570298840869,G6M2,g6m2_high_load,1.31,58.0,18.0,1.29,1.33,56,59.5,4,78
2025-01-31,1.9018995952814657,0.000181559695545847,7.564987314410292,1.7982955810131538,0.98570298840869,G6M2,g6m2_high_load,1.31,58.0,18.0,1.29,1.33,56,59.5,4,78
2025-02-01,1.9020811549770114,0.000181559695545847,7.564987314410292,1.7982955810131538,0.98570298840869,G6M2,g6m2_high_load,1.31,58.0,18.0,1.29,1.33,56,59.5,4,78
2025-02-02,1.9022627146725573,0.000181559695545847,7.564987314410292,1.7982955810131538,0.98570298840869,G6M2,g6m2_high_load,1.31,58.0,18.0,1.29,1.33,56,59.5,4,78
2025-02-03,1.9024442743681031,0.000181559695545847,7.564987314410292,1.7982955810131538,0.98570298840869,G6M2,g6m2_high_load,1.31,58.0,18.0,1.29,1.33,56,59.5,4,78
2025-02-04,1.902625834063649,0.000181559695545847,7.564987314410292,1.7982955810131538,0.98570298840869,G6M2,g6m2_high_load,1.31,58.0,18.0,1.29,1.33,56,59.5,4,78
2025-02-05,1.902807393759195,0.000181559695545847,7.564987314410292,1.7982955810131538,0.98570298840869,G6M2,g6m2_high_load,1.31,58.0,18.0,1.29,1.33,56,59.5,4,78
2025-02-06,1.9029889534547406,0.000181559695545847,7.564987314410292,1.7982955810131538,0.98570298840869,G6M2,g6m2_high_load,1.31,58.0,18.0,1.29,1.33,56,59.5,4,78
2025-02-07,1.9031705131502865,0.000181559695545847,7.564987314410292,1.7982955810131538,0.98570298840869,G6M2,g6m2_high_load,1.31,58.0,18.0,1.29,1.33,56,59.5,4,78
2025-02-08,1.9033520728458324,0.000181559695545847,7.564987314410292,1.7982955810131538,0.98570298840869,G6M2,g6m2_high_load,1.31,58.0,18.0,1.29,1.33,56,59.5,4,78
2025-02-09,1.9035336325413783,0.000181559695545847,7.564987314410292,1.7982955810131538,0.98570298840869,G6M2,g6m2_high_load,1.31,58.0,18.0,1.29,1.33,56,59.5,4,78
2025-02-10,1.903715192236924,0.000181559695545847,7.564987314410292,1.7982955810131538,0.98570298840869,G6M2,g6m2_high_load,1.31,58.0,18.0,1.29,1.33,56,59.5,4,78
2025-02-11,1.9038967519324699,0.000181559695545847,7.564987314410292,1.7982955810131538,0.98570298840869,G6M2,g6m2_high_load,1.31,58.0,18.0,1.29,1.33,56,59.5,4,78
2025-02-12,1.9040783116280158,0.000181559695545847,7.564987314410292,1.7982955810131538,0.98570298840869,G6M2,g6m2_high_load,1.31,58.0,18.0,1.29,1.33,56,59.5,4,78
2025-02-13,1.9042598713235617,0.000181559695545847,7.564987314410292,1.7982955810131538,0.98570298840869,G6M2,g6m2_high_load,1.31,58.0,18.0,1.29,1.33,56,59.5,4,78
2025-02-14,1.9044414310191076,0.000181559695545847,7.564987314410292,1.7982955810131538,0.98570298840869,G6M2,g6m2_high_load,1.31,58.0,18.0,1.29,1.33,56,59.5,4,78
2025-02-15,1.9046229907146532,0.000181559695545847,7.564987314410292,1.7982955810131538,0.98570298840869,G6M2,g6m2_high_load,1.31,58.0,18.0,1.29,1.33,56,59.5,4,78
2025-02-16,1.9048045504101991,0.000181559695545847,7.564987314410292,1.7982955810131538,0.98570298840869,G6M2,g6m2_high_load,1.31,58.0,18.0,1.29,1.33,56,59.5,4,78
2025-02-17,1.904986110105745,0.000181559695545847,7.564987314410292,1.7982955810131538,0.98570298840869,G6M2,g6m2_high_load,1.31,58.0,18.0,1.29,1.33,56,59.5,4,78
2025-02-18,1.905167669801291,0.000181559695545847,7.564987314410292,1.7982955810131538,0.98570298840869,G6M2,g6m2_high_load,1.31,58.0,18.0,1.29,1.33,56,59.5,4,78
2025-02-19,1.9053492294968366,0.000181559695545847,7.564987314410292,1.7982955810131538,0.98570298840869,G6M2,g6m2_high_load,1.31,58.0,18.0,1.29,1.33,56,59.5,4,78
2025-02-20,1.9055307891923825,0.000181559695545847,7.564987314410292,1.7982955810131538,0.98570298840869,G6M2,g6m2_high_load,1.31,58.0,18.0,1.29,1.33,56,59.5,4,78
2025-02-21,1.9057123488879284,0.000181559695545847,7.564987314410292,1.7982955810131538,0.98570298840869,G6M2,g6m2_high_load,1.31,58.0,18.0,1.29,1.33,56,59.5,4,78
2025-02-22,1.9058939085834743,0.000181559695545847,7.564987314410292,1.7982955810131538,0.98570298840869,G6M2,g6m2_high_load,1.31,58.0,18.0,1.29,1.33,56,59.5,4,78
2025-02-23,1.9060754682790202,0.000181559695545847,7.564987314410292,1.7982955810131538,0.98570298840869,G6M2,g6m2_high_load,1.31,58.0,18.0,1.29,1.33,56,59.5,4,78
2025-02-24,1.9062570279745659,0.000181559695545847,7.564987314410292,1.7982955810131538,0.98570298840869,G6M2,g6m2_high_load,1.31,58.0,18.0,1.29,1.33,56,59.5,4,78
2025-02-25,1.9064385876701118,0.000181559695545847,7.564987314410292,1.7982955810131538,0.98570298840869,G6M2,g6m2_high_load,1.31,58.0,18.0,1.29,1.33,56,59.5,4,78
2025-02-26,1.9066201473656577,0.000181559695545847,7.564987314410292,1.7982955810131538,0.98570298840869,G6M2,g6m2_high_load,1.31,58.0,18.0,1.29,1.33,56,59.5,4,78
2025-02-27,1.9068017070612036,0.000181559695545847,7.564987314410292,1.7982955810131538,0.98570298840869,G6M2,g6m2_high_load,1.31,58.0,18.0,1.29,1.33,56,59.5,4,78
2025-02-28,1.9069832667567492,0.000181559695545847,7.564987314410292,1.7982955810131538,0.98570298840869,G6M2,g6m2_high_load,1.31,58.0,18.0,1.29,1.33,56,59.5,4,78
2025-03-01,1.9071648264522951,0.000181559695545847,7.564987314410292,1.7982955810131538,0.98570298840869,G6M2,g6m2_high_load,1.31,58.0,18.0,1.29,1.33,56,59.5,4,78
2025-03-02,1.907346386147841,0.000181559695545847,7.564987314410292,1.7982955810131538,0.98570298840869,G6M2,g6m2_high_load,1.31,58.0,18.0,1.29,1.33,56,59.5,4,78
2025-03-03,1.907527945843387,0.000181559695545847,7.564987314410292,1.7982955810131538,0.98570298840869,G6M2,g6m2_high_load,1.31,58.0,18.0,1.29,1.33,56,59.5,4,78
2025-03-04,1.9077095055389328,0.000181559695545847,7.564987314410292,1.7982955810131538,0.98570298840869,G6M2,g6m2_high_load,1.31,58.0,18.0,1.29,1.33,56,59.5,4,78
2025-03-05,1.9078910652344785,0.000181559695545847,7.564987314410292,1.7982955810131538,0.98570298840869,G6M2,g6m2_high_load,1.31,58.0,18.0,1.29,1.33,56,59.5,4,78
2025-03-06,1.9080726249300244,0.000181559695545847,7.564987314410292,1.7982955810131538,0.98570298840869,G6M2,g6m2_high_load,1.31,58.0,18.0,1.29,1.33,56,59.5,4,78
2025-03-07,1.9082541846255703,0.000181559695545847,7.564987314410292,1.7982955810131538,0.98570298840869,G6M2,g6m2_high_load,1.31,58.0,18.0,1.29,1.33,56,59.5,4,78
2025-03-08,1.9084357443211162,0.000181559695545847,7.564987314410292,1.7982955810131538,0.98570298840869,G6M2,g6m2_high_load,1.31,58.0,18.0,1.29,1.33,56,59.5,4,78
2025-03-09,1.9086173040166619,0.000181559695545847,7.564987314410292,1.7982955810131538,0.98570298840869,G6M2,g6m2_high_load,1.31,58.0,18.0,1.29,1.33,56,59.5,4,78
2025-03-10,1.9087988637122077,0.000181559695545847,7.564987314410292,1.7982955810131538,0.98570298840869,G6M2,g6m2_high_load,1.31,58.0,18.0,1.29,1.33,56,59.5,4,78
2025-03-11,1.9089804234077536,0.000181559695545847,7.564987314410292,1.7982955810131538,0.98570298840869,G6M2,g6m2_high_load,1.31,58.0,18.0,1.29,1.33,56,59.5,4,78
2025-03-12,1.9091619831032995,0.000181559695545847,7.564987314410292,1.7982955810131538,0.98570298840869,G6M2,g6m2_high_load,1.31,58.0,18.0,1.29,1.33,56,59.5,4,78
2025-03-13,1.9093435427988454,0.000181559695545847,7.564987314410292,1.7982955810131538,0.98570298840869,G6M2,g6m2_high_load,1.31,58.0,18.0,1.29,1.33,56,59.5,4,78
2025-03-14,1.9095251024943911,0.000181559695545847,7.564987314410292,1.7982955810131538,0.98570298840869,G6M2,g6m2_high_load,1.31,58.0,18.0,1.29,1.33,56,59.5,4,78
2025-03-15,1.909706662189937,0.000181559695545847,7.564987314410292,1.7982955810131538,0.98570298840869,G6M2,g6m2_high_load,1.31,58.0,18.0,1.29,1.33,56,59.5,4,78
2025-03-16,1.909888221885483,0.000181559695545847,7.564987314410292,1.7982955810131538,0.98570298840869,G6M2,g6m2_high_load,1.31,58.0,18.0,1.29,1.33,56,59.5,4,78
2025-03-17,1.9100697815810288,0.000181559695545847,7.564987314410292,1.7982955810131538,0.98570298840869,G6M2,g6m2_high_load,1.31,58.0,18.0,1.29,1.33,56,59.5,4,78
2025-03-18,1.9102513412765745,0.000181559695545847,7.564987314410292,1.7982955810131538,0.98570298840869,G6M2,g6m2_high_load,1.31,58.0,18.0,1.29,1.33,56,59.5,4,78
2025-03-19,1.9104329009721204,0.000181559695545847,7.564987314410292,1.7982955810131538,0.98570298840869,G6M2,g6m2_high_load,1.31,58.0,18.0,1.29,1.33,56,59.5,4,78
2025-03-20,1.9106144606676663,0.000181559695545847,7.564987314410292,1.7982955810131538,0.98570298840869,G6M2,g6m2_high_load,1.31,58.0,18.0,1.29,1.33,56,59.5,4,78
2025-03-21,1.9107960203632122,0.000181559695545847,7.564987314410292,1.7982955810131538,0.98570298840869,G6M2,g6m2_high_load,1.31,58.0,18.0,1.29,1.33,56,59.5,4,78
2025-03-22,1.9109775800587578,0.000181559695545847,7.564987314410292,1.7982955810131538,0.98570298840869,G6M2,g6m2_high_load,1.31,58.0,18.0,1.29,1.33,56,59.5,4,78
2025-03-23,1.9111591397543037,0.000181559695545847,7.564987314410292,1.7982955810131538,0.98570298840869,G6M2,g6m2_high_load,1.31,58.0,18.0,1.29,1.33,56,59.5,4,78
2025-03-24,1.9113406994498496,0.000181559695545847,7.564987314410292,1.7982955810131538,0.98570298840869,G6M2,g6m2_high_load,1.31,58.0,18.0,1.29,1.33,56,59.5,4,78
2025-03-25,1.9115222591453955,0.000181559695545847,7.564987314410292,1.7982955810131538,0.98570298840869,G6M2,g6m2_high_load,1.31,58.0,18.0,1.29,1.33,56,59.5,4,78
2025-03-26,1.9117038188409414,0.000181559695545847,7.564987314410292,1.7982955810131538,0.98570298840869,G6M2,g6m2_high_load,1.31,58.0,18.0,1.29,1.33,56,59.5,4,78
2025-03-27,1.911885378536487,0.000181559695545847,7.564987314410292,1.7982955810131538,0.98570298840869,G6M2,g6m2_high_load,1.31,58.0,18.0,1.29,1.33,56,59.5,4,78
2025-03-28,1.912066938232033,0.000181559695545847,7.564987314410292,1.7982955810131538,0.98570298840869,G6M2,g6m2_high_load,1.31,58.0,18.0,1.29,1.33,56,59.5,4,78
2025-03-29,1.912248497927579,0.000181559695545847,7.564987314410292,1.7982955810131538,0.98570298840869,G6M2,g6m2_high_load,1.31,58.0,18.0,1.29,1.33,56,59.5,4,78
2025-03-30,1.9124300576231248,0.000181559695545847,7.564987314410292,1.7982955810131538,0.98570298840869,G6M2,g6m2_high_load,1.31,58.0,18.0,1.29,1.33,56,59.5,4,78
2025-03-31,1.9126116173186705,0.000181559695545847,7.564987314410292,1.7982955810131538,0.98570298840869,G6M2,g6m2_high_load,1.31,58.0,18.0,1.29,1.33,56,59.5,4,78
2025-04-01,1.9127931770142164,0.000181559695545847,7.564987314410292,1.7982955810131538,0.98570298840869,G6M2,g6m2_high_load,1.31,58.0,18.0,1.29,1.33,56,59.5,4,78
2025-04-02,1.9129747367097623,0.000181559695545847,7.564987314410292,1.7982955810131538,0.98570298840869,G6M2,g6m2_high_load,1.31,58.0,18.0,1.29,1.33,56,59.5,4,78
2025-04-03,1.9131562964053082,0.000181559695545847,7.564987314410292,1.7982955810131538,0.98570298840869,G6M2,g6m2_high_load,1.31,58.0,18.0,1.29,1.33,56,59.5,4,78
2025-04-04,1.913337856100854,0.000181559695545847,7.564987314410292,1.7982955810131538,0.98570298840869,G6M2,g6m2_high_load,1.31,58.0,18.0,1.29,1.33,56,59.5,4,78
2025-04-05,1.9135194157963997,0.000181559695545847,7.564987314410292,1.7982955810131538,0.98570298840869,G6M2,g6m2_high_load,1.31,58.0,18.0,1.29,1.33,56,59.5,4,78
2025-04-06,1.9137009754919456,0.000181559695545847,7.564987314410292,1.7982955810131538,0.98570298840869,G6M2,g6m2_high_load,1.31,58.0,18.0,1.29,1.33,56,59.5,4,78
2025-04-07,1.9138825351874915,0.000181559695545847,7.564987314410292,1.7982955810131538,0.98570298840869,G6M2,g6m2_high_load,1.31,58.0,18.0,1.29,1.33,56,59.5,4,78
2025-04-08,1.9140640948830374,0.000181559695545847,7.564987314410292,1.7982955810131538,0.98570298840869,G6M2,g6m2_high_load,1.31,58.0,18.0,1.29,1.33,56,59.5,4,78
2025-04-09,1.914245654578583,0.000181559695545847,7.564987314410292,1.7982955810131538,0.98570298840869,G6M2,g6m2_high_load,1.31,58.0,18.0,1.29,1.33,56,59.5,4,78
2025-04-10,1.914427214274129,0.000181559695545847,7.564987314410292,1.7982955810131538,0.98570298840869,G6M2,g6m2_high_load,1.31,58.0,18.0,1.29,1.33,56,59.5,4,78
2025-04-11,1.9146087739696749,0.000181559695545847,7.564987314410292,1.7982955810131538,0.98570298840869,G6M2,g6m2_high_load,1.31,58.0,18.0,1.29,1.33,56,59.5,4,78
2025-04-12,1.9147903336652208,0.000181559695545847,7.564987314410292,1.7982955810131538,0.98570298840869,G6M2,g6m2_high_load,1.31,58.0,18.0,1.29,1.33,56,59.5,4,78
2025-04-13,1.9149718933607667,0.000181559695545847,7.564987314410292,1.7982955810131538,0.98570298840869,G6M2,g6m2_high_load,1.31,58.0,18.0,1.29,1.33,56,59.5,4,78
2025-04-14,1.9151534530563123,0.000181559695545847,7.564987314410292,1.7982955810131538,0.98570298840869,G6M2,g6m2_high_load,1.31,58.0,18.0,1.29,1.33,56,59.5,4,78
2025-04-15,1.9153350127518582,0.000181559695545847,7.564987314410292,1.7982955810131538,0.98570298840869,G6M2,g6m2_high_load,1.31,58.0,18.0,1.29,1.33,56,59.5,4,78
2025-04-16,1.9155165724474041,0.000181559695545847,7.564987314410292,1.7982955810131538,0.98570298840869,G6M2,g6m2_high_load,1.31,58.0,18.0,1.29,1.33,56,59.5,4,78
2025-04-17,1.91569813214295,0.000181559695545847,7.564987314410292,1.7982955810131538,0.98570298840869,G6M2,g6m2_high_load,1.31,58.0,18.0,1.29,1.33,56,59.5,4,78
2025-04-18,1.9158796918384957,0.000181559695545847,7.564987314410292,1.7982955810131538,0.98570298840869,G6M2,g6m2_high_load,1.31,58.0,18.0,1.29,1.33,56,59.5,4,78
2025-04-19,1.9160612515340416,0.000181559695545847,7.564987314410292,1.7982955810131538,0.98570298840869,G6M2,g6m2_high_load,1.31,58.0,18.0,1.29,1.33,56,59.5,4,78
2025-04-20,1.9162428112295875,0.000181559695545847,7.564987314410292,1.7982955810131538,0.98570298840869,G6M2,g6m2_high_load,1.31,58.0,18.0,1.29,1.33,56,59.5,4,78
2025-04-21,1.9164243709251334,0.000181559695545847,7.564987314410292,1.7982955810131538,0.98570298840869,G6M2,g6m2_high_load,1.31,58.0,18.0,1.29,1.33,56,59.5,4,78
2025-04-22,1.9166059306206793,0.000181559695545847,7.564987314410292,1.7982955810131538,0.98570298840869,G6M2,g6m2_high_load,1.31,58.0,18.0,1.29,1.33,56,59.5,4,78
2025-04-23,1.916787490316225,0.000181559695545847,7.564987314410292,1.7982955810131538,0.98570298840869,G6M2,g6m2_high_load,1.31,58.0,18.0,1.29,1.33,56,59.5,4,78
2025-04-24,1.9169690500117709,0.000181559695545847,7.564987314410292,1.7982955810131538,0.98570298840869,G6M2,g6m2_high_load,1.31,58.0,18.0,1.29,1.33,56,59.5,4,78
2025-04-25,1.9171506097073168,0.000181559695545847,7.564987314410292,1.7982955810131538,0.98570298840869,G6M2,g6m2_high_load,1.31,58.0,18.0,1.29,1.33,56,59.5,4,78
2025-04-26,1.9173321694028627,0.000181559695545847,7.564987314410292,1.7982955810131538,0.98570298840869,G6M2,g6m2_high_load,1.31,58.0,18.0,1.29,1.33,56,59.5,4,78
2025-04-27,1.9175137290984083,0.000181559695545847,7.564987314410292,1.7982955810131538,0.98570298840869,G6M2,g6m2_high_load,1.31,58.0,18.0,1.29,1.33,56,59.5,4,78
2025-04-28,1.9176952887939542,0.000181559695545847,7.564987314410292,1.7982955810131538,0.98570298840869,G6M2,g6m2_high_load,1.31,58.0,18.0,1.29,1.33,56,59.5,4,78
2025-04-29,1.9178768484895001,0.000181559695545847,7.564987314410292,1.7982955810131538,0.98570298840869,G6M2,g6m2_high_load,1.31,58.0,18.0,1.29,1.33,56,59.5,4,78
2025-04-30,1.918058408185046,0.000181559695545847,7.564987314410292,1.7982955810131538,0.98570298840869,G6M2,g6m2_high_load,1.31,58.0,18.0,1.29,1.33,56,59.5,4,78
2025-05-01,1.918239967880592,0.000181559695545847,7.564987314410292,1.7982955810131538,0.98570298840869,G6M2,g6m2_high_load,1.31,58.0,18.0,1.29,1.33,56,59.5,4,78
2025-05-02,1.9184215275761376,0.000181559695545847,7.564987314410292,1.7982955810131538,0.98570298840869,G6M2,g6m2_high_load,1.31,58.0,18.0,1.29,1.33,56,59.5,4,78
2025-05-03,1.9186030872716835,0.000181559695545847,7.564987314410292,1.7982955810131538,0.98570298840869,G6M2,g6m2_high_load,1.31,58.0,18.0,1.29,1.33,56,59.5,4,78
2025-05-04,1.9187846469672294,0.000181559695545847,7.564987314410292,1.7982955810131538,0.98570298840869,G6M2,g6m2_high_load,1.31,58.0,18.0,1.29,1.33,56,59.5,4,78
2025-05-05,1.9189662066627753,0.000181559695545847,7.564987314410292,1.7982955810131538,0.98570298840869,G6M2,g6m2_high_load,1.31,58.0,18.0,1.29,1.33,56,59.5,4,78
2025-05-06,1.919147766358321,0.000181559695545847,7.564987314410292,1.7982955810131538,0.98570298840869,G6M2,g6m2_high_load,1.31,58.0,18.0,1.29,1.33,56,59.5,4,78
2025-05-07,1.9193293260538669,0.000181559695545847,7.564987314410292,1.7982955810131538,0.98570298840869,G6M2,g6m2_high_load,1.31,58.0,18.0,1.29,1.33,56,59.5,4,78
2025-05-08,1.9195108857494128,0.000181559695545847,7.564987314410292,1.7982955810131538,0.98570298840869,G6M2,g6m2_high_load,1.31,58.0,18.0,1.29,1.33,56,59.5,4,78
2025-05-09,1.9196924454449587,0.000181559695545847,7.564987314410292,1.7982955810131538,0.98570298840869,G6M2,g6m2_high_load,1.31,58.0,18.0,1.29,1.33,56,59.5,4,78
2025-05-10,1.9198740051405045,0.000181559695545847,7.564987314410292,1.7982955810131538,0.98570298840869,G6M2,g6m2_high_load,1.31,58.0,18.0,1.29,1.33,56,59.5,4,78
2025-05-11,1.9200555648360502,0.000181559695545847,7.564987314410292,1.7982955810131538,0.98570298840869,G6M2,g6m2_high_load,1.31,58.0,18.0,1.29,1.33,56,59.5,4,78
2025-05-12,1.9202371245315961,0.000181559695545847,7.564987314410292,1.7982955810131538,0.98570298840869,G6M2,g6m2_high_load,1.31,58.0,18.0,1.29,1.33,56,59.5,4,78
2025-05-13,1.920418684227142,0.000181559695545847,7.564987314410292,1.7982955810131538,0.98570298840869,G6M2,g6m2_high_load,1.31,58.0,18.0,1.29,1.33,56,59.5,4,78
2025-05-14,1.920600243922688,0.000181559695545847,7.564987314410292,1.7982955810131538,0.98570298840869,G6M2,g6m2_high_load,1.31,58.0,18.0,1.29,1.33,56,59.5,4,78
2025-05-15,1.9207818036182336,0.000181559695545847,7.564987314410292,1.7982955810131538,0.98570298840869,G6M2,g6m2_high_load,1.31,58.0,18.0,1.29,1.33,56,59.5,4,78
2025-05-16,1.9209633633137795,0.000181559695545847,7.564987314410292,1.7982955810131538,0.98570298840869,G6M2,g6m2_high_load,1.31,58.0,18.0,1.29,1.33,56,59.5,4,78
2025-05-17,1.9211449230093254,0.000181559695545847,7.564987314410292,1.7982955810131538,0.98570298840869,G6M2,g6m2_high_load,1.31,58.0,18.0,1.29,1.33,56,59.5,4,78
2025-05-18,1.9213264827048713,0.000181559695545847,7.564987314410292,1.7982955810131538,0.98570298840869,G6M2,g6m2_high_load,1.31,58.0,18.0,1.29,1.33,56,59.5,4,78
2025-05-19,1.9215080424004172,0.000181559695545847,7.564987314410292,1.7982955810131538,0.98570298840869,G6M2,g6m2_high_load,1.31,58.0,18.0,1.29,1.33,56,59.5,4,78
2025-05-20,1.9216896020959628,0.000181559695545847,7.564987314410292,1.7982955810131538,0.98570298840869,G6M2,g6m2_high_load,1.31,58.0,18.0,1.29,1.33,56,59.5,4,78
2025-05-21,1.9218711617915087,0.000181559695545847,7.564987314410292,1.7982955810131538,0.98570298840869,G6M2,g6m2_high_load,1.31,58.0,18.0,1.29,1.33,56,59.5,4,78
2025-05-22,1.9220527214870546,0.000181559695545847,7.564987314410292,1.7982955810131538,0.98570298840869,G6M2,g6m2_high_load,1.31,58.0,18.0,1.29,1.33,56,59.5,4,78
2025-05-23,1.9222342811826005,0.000181559695545847,7.564987314410292,1.7982955810131538,0.98570298840869,G6M2,g6m2_high_load,1.31,58.0,18.0,1.29,1.33,56,59.5,4,78
2025-05-24,1.9224158408781462,0.000181559695545847,7.564987314410292,1.7982955810131538,0.98570298840869,G6M2,g6m2_high_load,1.31,58.0,18.0,1.29,1.33,56,59.5,4,78
2025-05-25,1.922597400573692,0.000181559695545847,7.564987314410292,1.7982955810131538,0.98570298840869,G6M2,g6m2_high_load,1.31,58.0,18.0,1.29,1.33,56,59.5,4,78
2025-05-26,1.922778960269238,0.000181559695545847,7.564987314410292,1.7982955810131538,0.98570298840869,G6M2,g6m2_high_load,1.31,58.0,18.0,1.29,1.33,56,59.5,4,78
2025-05-27,1.922960519964784,0.000181559695545847,7.564987314410292,1.7982955810131538,0.98570298840869,G6M2,g6m2_high_load,1.31,58.0,18.0,1.29,1.33,56,59.5,4,78
2025-05-28,1.9231420796603298,0.000181559695545847,7.564987314410292,1.7982955810131538,0.98570298840869,G6M2,g6m2_high_load,1.31,58.0,18.0,1.29,1.33,56,59.5,4,78
2025-05-29,1.9233236393558755,0.000181559695545847,7.564987314410292,1.7982955810131538,0.98570298840869,G6M2,g6m2_high_load,1.31,58.0,18.0,1.29,1.33,56,59.5,4,78
2025-05-30,1.9235051990514214,0.000181559695545847,7.564987314410292,1.7982955810131538,0.98570298840869,G6M2,g6m2_high_load,1.31,58.0,18.0,1.29,1.33,56,59.5,4,78
2025-05-31,1.9236867587469673,0.000181559695545847,7.564987314410292,1.7982955810131538,0.98570298840869,G6M2,g6m2_high_load,1.31,58.0,18.0,1.29,1.33,56,59.5,4,78
2025-06-01,1.9238683184425132,0.000181559695545847,7.564987314410292,1.7982955810131538,0.98570298840869,G6M2,g6m2_high_load,1.31,58.0,18.0,1.29,1.33,56,59.5,4,78
2025-06-02,1.9240498781380588,0.000181559695545847,7.564987314410292,1.7982955810131538,0.98570298840869,G6M2,g6m2_high_load,1.31,58.0,18.0,1.29,1.33,56,59.5,4,78
2025-06-03,1.9242314378336047,0.000181559695545847,7.564987314410292,1.7982955810131538,0.98570298840869,G6M2,g6m2_high_load,1.31,58.0,18.0,1.29,1.33,56,59.5,4,78
2025-06-04,1.9244129975291506,0.000181559695545847,7.564987314410292,1.7982955810131538,0.98570298840869,G6M2,g6m2_high_load,1.31,58.0,18.0,1.29,1.33,56,59.5,4,78
2025-06-05,1.9245945572246965,0.000181559695545847,7.564987314410292,1.7982955810131538,0.98570298840869,G6M2,g6m2_high_load,1.31,58.0,18.0,1.29,1.33,56,59.5,4,78
2025-06-06,1.9247761169202424,0.000181559695545847,7.564987314410292,1.7982955810131538,0.98570298840869,G6M2,g6m2_high_load,1.31,58.0,18.0,1.29,1.33,56,59.5,4,78
2025-06-07,1.924957676615788,0.000181559695545847,7.564987314410292,1.7982955810131538,0.98570298840869,G6M2,g6m2_high_load,1.31,58.0,18.0,1.29,1.33,56,59.5,4,78
2025-06-08,1.925139236311334,0.000181559695545847,7.564987314410292,1.7982955810131538,0.98570298840869,G6M2,g6m2_high_load,1.31,58.0,18.0,1.29,1.33,56,59.5,4,78
2025-06-09,1.9253207960068799,0.000181559695545847,7.564987314410292,1.7982955810131538,0.98570298840869,G6M2,g6m2_high_load,1.31,58.0,18.0,1.29,1.33,56,59.5,4,78
2025-06-10,1.9255023557024258,0.000181559695545847,7.564987314410292,1.7982955810131538,0.98570298840869,G6M2,g6m2_high_load,1.31,58.0,18.0,1.29,1.33,56,59.5,4,78
2025-06-11,1.9256839153979715,0.000181559695545847,7.564987314410292,1.7982955810131538,0.98570298840869,G6M2,g6m2_high_load,1.31,58.0,18.0,1.29,1.33,56,59.5,4,78
2025-06-12,1.9258654750935174,0.000181559695545847,7.564987314410292,1.7982955810131538,0.98570298840869,G6M2,g6m2_high_load,1.31,58.0,18.0,1.29,1.33,56,59.5,4,78
2025-06-13,1.9260470347890633,0.000181559695545847,7.564987314410292,1.7982955810131538,0.98570298840869,G6M2,g6m2_high_load,1.31,58.0,18.0,1.29,1.33,56,59.5,4,78
2025-06-14,1.9262285944846091,0.000181559695545847,7.564987314410292,1.7982955810131538,0.98570298840869,G6M2,g6m2_high_load,1.31,58.0,18.0,1.29,1.33,56,59.5,4,78
2025-06-15,1.926410154180155,0.000181559695545847,7.564987314410292,1.7982955810131538,0.98570298840869,G6M2,g6m2_high_load,1.31,58.0,18.0,1.29,1.33,56,59.5,4,78
2025-06-16,1.9265917138757007,0.000181559695545847,7.564987314410292,1.7982955810131538,0.98570298840869,G6M2,g6m2_high_load,1.31,58.0,18.0,1.29,1.33,56,59.5,4,78
2025-06-17,1.9267732735712466,0.000181559695545847,7.564987314410292,1.7982955810131538,0.98570298840869,G6M2,g6m2_high_load,1.31,58.0,18.0,1.29,1.33,56,59.5,4,78
2025-06-18,1.9269548332667925,0.000181559695545847,7.564987314410292,1.7982955810131538,0.98570298840869,G6M2,g6m2_high_load,1.31,58.0,18.0,1.29,1.33,56,59.5,4,78
2025-06-19,1.9271363929623384,0.000181559695545847,7.564987314410292,1.7982955810131538,0.98570298840869,G6M2,g6m2_high_load,1.31,58.0,18.0,1.29,1.33,56,59.5,4,78
2025-06-20,1.927317952657884,0.000181559695545847,7.564987314410292,1.7982955810131538,0.98570298840869,G6M2,g6m2_high_load,1.31,58.0,18.0,1.29,1.33,56,59.5,4,78
2025-06-21,1.92749951235343,0.000181559695545847,7.564987314410292,1.7982955810131538,0.98570298840869,G6M2,g6m2_high_load,1.31,58.0,18.0,1.29,1.33,56,59.5,4,78
2025-06-22,1.9276810720489759,0.000181559695545847,7.564987314410292,1.7982955810131538,0.98570298840869,G6M2,g6m2_high_load,1.31,58.0,18.0,1.29,1.33,56,59.5,4,78
2025-06-23,1.9278626317445218,0.000181559695545847,7.564987314410292,1.7982955810131538,0.98570298840869,G6M2,g6m2_high_load,1.31,58.0,18.0,1.29,1.33,56,59.5,4,78
2025-06-24,1.9280441914400677,0.000181559695545847,7.564987314410292,1.7982955810131538,0.98570298840869,G6M2,g6m2_high_load,1.31,58.0,18.0,1.29,1.33,56,59.5,4,78
2025-06-25,1.9282257511356133,0.000181559695545847,7.564987314410292,1.7982955810131538,0.98570298840869,G6M2,g6m2_high_load,1.31,58.0,18.0,1.29,1.33,56,59.5,4,78
2025-06-26,1.9284073108311592,0.000181559695545847,7.564987314410292,1.7982955810131538,0.98570298840869,G6M2,g6m2_high_load,1.31,58.0,18.0,1.29,1.33,56,59.5,4,78
2025-06-27,1.9285888705267051,0.000181559695545847,7.564987314410292,1.7982955810131538,0.98570298840869,G6M2,g6m2_high_load,1.31,58.0,18.0,1.29,1.33,56,59.5,4,78
2025-06-28,1.928770430222251,0.000181559695545847,7.564987314410292,1.7982955810131538,0.98570298840869,G6M2,g6m2_high_load,1.31,58.0,18.0,1.29,1.33,56,59.5,4,78
2025-06-29,1.9289519899177967,0.000181559695545847,7.564987314410292,1.7982955810131538,0.98570298840869,G6M2,g6m2_high_load,1.31,58.0,18.0,1.29,1.33,56,59.5,4,78
2025-06-30,1.9291335496133426,0.000181559695545847,7.564987314410292,1.7982955810131538,0.98570298840869,G6M2,g6m2_high_load,1.31,58.0,18.0,1.29,1.33,56,59.5,4,78
2025-07-01,1.9293151093088885,0.000181559695545847,7.564987314410292,1.7982955810131538,0.98570298840869,G6M2,g6m2_high_load,1.31,58.0,18.0,1.29,1.33,56,59.5,4,78
2025-07-02,1.9294966690044344,0.000181559695545847,7.564987314410292,1.7982955810131538,0.98570298840869,G6M2,g6m2_high_load,1.31,58.0,18.0,1.29,1.33,56,59.5,4,78
2025-07-03,1.9296782286999803,0.000181559695545847,7.564987314410292,1.7982955810131538,0.98570298840869,G6M2,g6m2_high_load,1.31,58.0,18.0,1.29,1.33,56,59.5,4,78
2025-07-04,1.929859788395526,0.000181559695545847,7.564987314410292,1.7982955810131538,0.98570298840869,G6M2,g6m2_high_load,1.31,58.0,18.0,1.29,1.33,56,59.5,4,78
2025-07-05,1.9300413480910719,0.000181559695545847,7.564987314410292,1.7982955810131538,0.98570298840869,G6M2,g6m2_high_load,1.31,58.0,18.0,1.29,1.33,56,59.5,4,78
2025-07-06,1.9302229077866178,0.000181559695545847,7.564987314410292,1.7982955810131538,0.98570298840869,G6M2,g6m2_high_load,1.31,58.0,18.0,1.29,1.33,56,59.5,4,78
2025-07-07,1.9304044674821637,0.000181559695545847,7.564987314410292,1.7982955810131538,0.98570298840869,G6M2,g6m2_high_load,1.31,58.0,18.0,1.29,1.33,56,59.5,4,78
2025-07-08,1.9305860271777093,0.000181559695545847,7.564987314410292,1.7982955810131538,0.98570298840869,G6M2,g6m2_high_load,1.31,58.0,18.0,1.29,1.33,56,59.5,4,78
2025-07-09,1.9307675868732552,0.000181559695545847,7.564987314410292,1.7982955810131538,0.98570298840869,G6M2,g6m2_high_load,1.31,58.0,18.0,1.29,1.33,56,59.5,4,78
2025-07-10,1.9309491465688011,0.000181559695545847,7.564987314410292,1.7982955810131538,0.98570298840869,G6M2,g6m2_high_load,1.31,58.0,18.0,1.29,1.33,56,59.5,4,78
2025-07-11,1.931130706264347,0.000181559695545847,7.564987314410292,1.7982955810131538,0.98570298840869,G6M2,g6m2_high_load,1.31,58.0,18.0,1.29,1.33,56,59.5,4,78
2025-07-12,1.931312265959893,0.000181559695545847,7.564987314410292,1.7982955810131538,0.98570298840869,G6M2,g6m2_high_load,1.31,58.0,18.0,1.29,1.33,56,59.5,4,78
2025-07-13,1.9314938256554386,0.000181559695545847,7.564987314410292,1.7982955810131538,0.98570298840869,G6M2,g6m2_high_load,1.31,58.0,18.0,1.29,1.33,56,59.5,4,78
2025-07-14,1.9316753853509845,0.000181559695545847,7.564987314410292,1.7982955810131538,0.98570298840869,G6M2,g6m2_high_load,1.31,58.0,18.0,1.29,1.33,56,59.5,4,78
2025-07-15,1.9318569450465304,0.000181559695545847,7.564987314410292,1.7982955810131538,0.98570298840869,G6M2,g6m2_high_load,1.31,58.0,18.0,1.29,1.33,56,59.5,4,78
2025-07-16,1.9320385047420763,0.000181559695545847,7.564987314410292,1.7982955810131538,0.98570298840869,G6M2,g6m2_high_load,1.31,58.0,18.0,1.29,1.33,56,59.5,4,78
2025-07-17,1.932220064437622,0.000181559695545847,7.564987314410292,1.7982955810131538,0.98570298840869,G6M2,g6m2_high_load,1.31,58.0,18.0,1.29,1.33,56,59.5,4,78
2025-07-18,1.9324016241331679,0.000181559695545847,7.564987314410292,1.7982955810131538,0.98570298840869,G6M2,g6m2_high_load,1.31,58.0,18.0,1.29,1.33,56,59.5,4,78
2025-07-19,1.9325831838287137,0.000181559695545847,7.564987314410292,1.7982955810131538,0.98570298840869,G6M2,g6m2_high_load,1.31,58.0,18.0,1.29,1.33,56,59.5,4,78
2025-07-20,1.9327647435242596,0.000181559695545847,7.564987314410292,1.7982955810131538,0.98570298840869,G6M2,g6m2_high_load,1.31,58.0,18.0,1.29,1.33,56,59.5,4,78
2025-07-21,1.9329463032198055,0.000181559695545847,7.564987314410292,1.7982955810131538,0.98570298840869,G6M2,g6m2_high_load,1.31,58.0,18.0,1.29,1.33,56,59.5,4,78
2025-07-22,1.9331278629153512,0.000181559695545847,7.564987314410292,1.7982955810131538,0.98570298840869,G6M2,g6m2_high_load,1.31,58.0,18.0,1.29,1.33,56,59.5,4,78
2025-07-23,1.933309422610897,0.000181559695545847,7.564987314410292,1.7982955810131538,0.98570298840869,G6M2,g6m2_high_load,1.31,58.0,18.0,1.29,1.33,56,59.5,4,78
2025-07-24,1.933490982306443,0.000181559695545847,7.564987314410292,1.7982955810131538,0.98570298840869,G6M2,g6m2_high_load,1.31,58.0,18.0,1.29,1.33,56,59.5,4,78
2025-07-25,1.933672542001989,0.000181559695545847,7.564987314410292,1.7982955810131538,0.98570298840869,G6M2,g6m2_high_load,1.31,58.0,18.0,1.29,1.33,56,59.5,4,78
2025-07-26,1.9338541016975346,0.000181559695545847,7.564987314410292,1.7982955810131538,0.98570298840869,G6M2,g6m2_high_load,1.31,58.0,18.0,1.29,1.33,56,59.5,4,78
2025-07-27,1.9340356613930805,0.000181559695545847,7.564987314410292,1.7982955810131538,0.98570298840869,G6M2,g6m2_high_load,1.31,58.0,18.0,1.29,1.33,56,59.5,4,78
2025-07-28,1.9342172210886264,0.000181559695545847,7.564987314410292,1.7982955810131538,0.98570298840869,G6M2,g6m2_high_load,1.31,58.0,18.0,1.29,1.33,56,59.5,4,78
2025-07-29,1.9343987807841723,0.000181559695545847,7.564987314410292,1.7982955810131538,0.98570298840869,G6M2,g6m2_high_load,1.31,58.0,18.0,1.29,1.33,56,59.5,4,78
2025-07-30,1.9345803404797182,0.000181559695545847,7.564987314410292,1.7982955810131538,0.98570298840869,G6M2,g6m2_high_load,1.31,58.0,18.0,1.29,1.33,56,59.5,4,78
2025-07-31,1.9347619001752638,0.000181559695545847,7.564987314410292,1.7982955810131538,0.98570298840869,G6M2,g6m2_high_load,1.31,58.0,18.0,1.29,1.33,56,59.5,4,78
2025-08-01,1.9349434598708097,0.000181559695545847,7.564987314410292,1.7982955810131538,0.98570298840869,G6M2,g6m2_high_load,1.31,58.0,18.0,1.29,1.33,56,59.5,4,78
2025-08-02,1.9351250195663556,0.000181559695545847,7.564987314410292,1.7982955810131538,0.98570298840869,G6M2,g6m2_high_load,1.31,58.0,18.0,1.29,1.33,56,59.5,4,78
2025-08-03,1.9353065792619015,0.000181559695545847,7.564987314410292,1.7982955810131538,0.98570298840869,G6M2,g6m2_high_load,1.31,58.0,18.0,1.29,1.33,56,59.5,4,78
2025-08-04,1.9354881389574472,0.000181559695545847,7.564987314410292,1.7982955810131538,0.98570298840869,G6M2,g6m2_high_load,1.31,58.0,18.0,1.29,1.33,56,59.5,4,78
2025-08-05,1.935669698652993,0.000181559695545847,7.564987314410292,1.7982955810131538,0.98570298840869,G6M2,g6m2_high_load,1.31,58.0,18.0,1.29,1.33,56,59.5,4,78
