timestamp,gt_uref_regression,slope_v_per_day,slope_uv_per_h,intercept_v,r2,dataset_name,label,iref,tref,ohref,i_range_low,i_range_high,t_range_low,t_range_high,oh_range_low,oh_range_high
2023-07-10,1.610403950792264,4.4232859196333024e-05,1.8430357998472093,1.6104201695073028,0.7853784841897654,G6M2,g6m2_low_load,0.28,57,10,0.26,0.3,53,60,2,43
2023-07-11,1.6104481836514606,4.4232859196333024e-05,1.8430357998472093,1.6104201695073028,0.7853784841897654,G6M2,g6m2_low_load,0.28,57,10,0.26,0.3,53,60,2,43
2023-07-12,1.6104924165106569,4.4232859196333024e-05,1.8430357998472093,1.6104201695073028,0.7853784841897654,G6M2,g6m2_low_load,0.28,57,10,0.26,0.3,53,60,2,43
2023-07-13,1.6105366493698532,4.4232859196333024e-05,1.8430357998472093,1.6104201695073028,0.7853784841897654,G6M2,g6m2_low_load,0.28,57,10,0.26,0.3,53,60,2,43
2023-07-14,1.6105808822290495,4.4232859196333024e-05,1.8430357998472093,1.6104201695073028,0.7853784841897654,G6M2,g6m2_low_load,0.28,57,10,0.26,0.3,53,60,2,43
2023-07-15,1.6106251150882458,4.4232859196333024e-05,1.8430357998472093,1.6104201695073028,0.7853784841897654,G6M2,g6m2_low_load,0.28,57,10,0.26,0.3,53,60,2,43
2023-07-16,1.610669347947442,4.4232859196333024e-05,1.8430357998472093,1.6104201695073028,0.7853784841897654,G6M2,g6m2_low_load,0.28,57,10,0.26,0.3,53,60,2,43
2023-07-17,1.6107135808066384,4.4232859196333024e-05,1.8430357998472093,1.6104201695073028,0.7853784841897654,G6M2,g6m2_low_load,0.28,57,10,0.26,0.3,53,60,2,43
2023-07-18,1.610757813665835,4.4232859196333024e-05,1.8430357998472093,1.6104201695073028,0.7853784841897654,G6M2,g6m2_low_load,0.28,57,10,0.26,0.3,53,60,2,43
2023-07-19,1.6108020465250312,4.4232859196333024e-05,1.8430357998472093,1.6104201695073028,0.7853784841897654,G6M2,g6m2_low_load,0.28,57,10,0.26,0.3,53,60,2,43
2023-07-20,1.6108462793842275,4.4232859196333024e-05,1.8430357998472093,1.6104201695073028,0.7853784841897654,G6M2,g6m2_low_load,0.28,57,10,0.26,0.3,53,60,2,43
2023-07-21,1.6108905122434238,4.4232859196333024e-05,1.8430357998472093,1.6104201695073028,0.7853784841897654,G6M2,g6m2_low_load,0.28,57,10,0.26,0.3,53,60,2,43
2023-07-22,1.6109347451026201,4.4232859196333024e-05,1.8430357998472093,1.6104201695073028,0.7853784841897654,G6M2,g6m2_low_load,0.28,57,10,0.26,0.3,53,60,2,43
2023-07-23,1.6109789779618164,4.4232859196333024e-05,1.8430357998472093,1.6104201695073028,0.7853784841897654,G6M2,g6m2_low_load,0.28,57,10,0.26,0.3,53,60,2,43
2023-07-24,1.6110232108210127,4.4232859196333024e-05,1.8430357998472093,1.6104201695073028,0.7853784841897654,G6M2,g6m2_low_load,0.28,57,10,0.26,0.3,53,60,2,43
2023-07-25,1.6110674436802093,4.4232859196333024e-05,1.8430357998472093,1.6104201695073028,0.7853784841897654,G6M2,g6m2_low_load,0.28,57,10,0.26,0.3,53,60,2,43
2023-07-26,1.6111116765394056,4.4232859196333024e-05,1.8430357998472093,1.6104201695073028,0.7853784841897654,G6M2,g6m2_low_load,0.28,57,10,0.26,0.3,53,60,2,43
2023-07-27,1.6111559093986019,4.4232859196333024e-05,1.8430357998472093,1.6104201695073028,0.7853784841897654,G6M2,g6m2_low_load,0.28,57,10,0.26,0.3,53,60,2,43
2023-07-28,1.6112001422577982,4.4232859196333024e-05,1.8430357998472093,1.6104201695073028,0.7853784841897654,G6M2,g6m2_low_load,0.28,57,10,0.26,0.3,53,60,2,43
2023-07-29,1.6112443751169945,4.4232859196333024e-05,1.8430357998472093,1.6104201695073028,0.7853784841897654,G6M2,g6m2_low_load,0.28,57,10,0.26,0.3,53,60,2,43
2023-07-30,1.6112886079761908,4.4232859196333024e-05,1.8430357998472093,1.6104201695073028,0.7853784841897654,G6M2,g6m2_low_load,0.28,57,10,0.26,0.3,53,60,2,43
2023-07-31,1.611332840835387,4.4232859196333024e-05,1.8430357998472093,1.6104201695073028,0.7853784841897654,G6M2,g6m2_low_load,0.28,57,10,0.26,0.3,53,60,2,43
2023-08-01,1.6113770736945834,4.4232859196333024e-05,1.8430357998472093,1.6104201695073028,0.7853784841897654,G6M2,g6m2_low_load,0.28,57,10,0.26,0.3,53,60,2,43
2023-08-02,1.61142130655378,4.4232859196333024e-05,1.8430357998472093,1.6104201695073028,0.7853784841897654,G6M2,g6m2_low_load,0.28,57,10,0.26,0.3,53,60,2,43
2023-08-03,1.6114655394129762,4.4232859196333024e-05,1.8430357998472093,1.6104201695073028,0.7853784841897654,G6M2,g6m2_low_load,0.28,57,10,0.26,0.3,53,60,2,43
2023-08-04,1.6115097722721725,4.4232859196333024e-05,1.8430357998472093,1.6104201695073028,0.7853784841897654,G6M2,g6m2_low_load,0.28,57,10,0.26,0.3,53,60,2,43
2023-08-05,1.6115540051313688,4.4232859196333024e-05,1.8430357998472093,1.6104201695073028,0.7853784841897654,G6M2,g6m2_low_load,0.28,57,10,0.26,0.3,53,60,2,43
2023-08-06,1.6115982379905651,4.4232859196333024e-05,1.8430357998472093,1.6104201695073028,0.7853784841897654,G6M2,g6m2_low_load,0.28,57,10,0.26,0.3,53,60,2,43
2023-08-07,1.6116424708497614,4.4232859196333024e-05,1.8430357998472093,1.6104201695073028,0.7853784841897654,G6M2,g6m2_low_load,0.28,57,10,0.26,0.3,53,60,2,43
2023-08-08,1.6116867037089577,4.4232859196333024e-05,1.8430357998472093,1.6104201695073028,0.7853784841897654,G6M2,g6m2_low_load,0.28,57,10,0.26,0.3,53,60,2,43
2023-08-09,1.6117309365681542,4.4232859196333024e-05,1.8430357998472093,1.6104201695073028,0.7853784841897654,G6M2,g6m2_low_load,0.28,57,10,0.26,0.3,53,60,2,43
2023-08-10,1.6117751694273506,4.4232859196333024e-05,1.8430357998472093,1.6104201695073028,0.7853784841897654,G6M2,g6m2_low_load,0.28,57,10,0.26,0.3,53,60,2,43
2023-08-11,1.6118194022865469,4.4232859196333024e-05,1.8430357998472093,1.6104201695073028,0.7853784841897654,G6M2,g6m2_low_load,0.28,57,10,0.26,0.3,53,60,2,43
2023-08-12,1.6118636351457432,4.4232859196333024e-05,1.8430357998472093,1.6104201695073028,0.7853784841897654,G6M2,g6m2_low_load,0.28,57,10,0.26,0.3,53,60,2,43
2023-08-13,1.6119078680049395,4.4232859196333024e-05,1.8430357998472093,1.6104201695073028,0.7853784841897654,G6M2,g6m2_low_load,0.28,57,10,0.26,0.3,53,60,2,43
2023-08-14,1.6119521008641358,4.4232859196333024e-05,1.8430357998472093,1.6104201695073028,0.7853784841897654,G6M2,g6m2_low_load,0.28,57,10,0.26,0.3,53,60,2,43
2023-08-15,1.611996333723332,4.4232859196333024e-05,1.8430357998472093,1.6104201695073028,0.7853784841897654,G6M2,g6m2_low_load,0.28,57,10,0.26,0.3,53,60,2,43
2023-08-16,1.6120405665825286,4.4232859196333024e-05,1.8430357998472093,1.6104201695073028,0.7853784841897654,G6M2,g6m2_low_load,0.28,57,10,0.26,0.3,53,60,2,43
2023-08-17,1.612084799441725,4.4232859196333024e-05,1.8430357998472093,1.6104201695073028,0.7853784841897654,G6M2,g6m2_low_load,0.28,57,10,0.26,0.3,53,60,2,43
2023-08-18,1.6121290323009212,4.4232859196333024e-05,1.8430357998472093,1.6104201695073028,0.7853784841897654,G6M2,g6m2_low_load,0.28,57,10,0.26,0.3,53,60,2,43
2023-08-19,1.6121732651601175,4.4232859196333024e-05,1.8430357998472093,1.6104201695073028,0.7853784841897654,G6M2,g6m2_low_load,0.28,57,10,0.26,0.3,53,60,2,43
2023-08-20,1.6122174980193138,4.4232859196333024e-05,1.8430357998472093,1.6104201695073028,0.7853784841897654,G6M2,g6m2_low_load,0.28,57,10,0.26,0.3,53,60,2,43
2023-08-21,1.61226173087851,4.4232859196333024e-05,1.8430357998472093,1.6104201695073028,0.7853784841897654,G6M2,g6m2_low_load,0.28,57,10,0.26,0.3,53,60,2,43
2023-08-22,1.6123059637377064,4.4232859196333024e-05,1.8430357998472093,1.6104201695073028,0.7853784841897654,G6M2,g6m2_low_load,0.28,57,10,0.26,0.3,53,60,2,43
2023-08-23,1.612350196596903,4.4232859196333024e-05,1.8430357998472093,1.6104201695073028,0.7853784841897654,G6M2,g6m2_low_load,0.28,57,10,0.26,0.3,53,60,2,43
2023-08-24,1.6123944294560992,4.4232859196333024e-05,1.8430357998472093,1.6104201695073028,0.7853784841897654,G6M2,g6m2_low_load,0.28,57,10,0.26,0.3,53,60,2,43
2023-08-25,1.6124386623152955,4.4232859196333024e-05,1.8430357998472093,1.6104201695073028,0.7853784841897654,G6M2,g6m2_low_load,0.28,57,10,0.26,0.3,53,60,2,43
2023-08-26,1.6124828951744918,4.4232859196333024e-05,1.8430357998472093,1.6104201695073028,0.7853784841897654,G6M2,g6m2_low_load,0.28,57,10,0.26,0.3,53,60,2,43
2023-08-27,1.6125271280336881,4.4232859196333024e-05,1.8430357998472093,1.6104201695073028,0.7853784841897654,G6M2,g6m2_low_load,0.28,57,10,0.26,0.3,53,60,2,43
2023-08-28,1.6125713608928844,4.4232859196333024e-05,1.8430357998472093,1.6104201695073028,0.7853784841897654,G6M2,g6m2_low_load,0.28,57,10,0.26,0.3,53,60,2,43
2023-08-29,1.6126155937520807,4.4232859196333024e-05,1.8430357998472093,1.6104201695073028,0.7853784841897654,G6M2,g6m2_low_load,0.28,57,10,0.26,0.3,53,60,2,43
2023-08-30,1.612659826611277,4.4232859196333024e-05,1.8430357998472093,1.6104201695073028,0.7853784841897654,G6M2,g6m2_low_load,0.28,57,10,0.26,0.3,53,60,2,43
2023-08-31,1.6127040594704736,4.4232859196333024e-05,1.8430357998472093,1.6104201695073028,0.7853784841897654,G6M2,g6m2_low_load,0.28,57,10,0.26,0.3,53,60,2,43
2023-09-01,1.6127482923296699,4.4232859196333024e-05,1.8430357998472093,1.6104201695073028,0.7853784841897654,G6M2,g6m2_low_load,0.28,57,10,0.26,0.3,53,60,2,43
2023-09-02,1.6127925251888662,4.4232859196333024e-05,1.8430357998472093,1.6104201695073028,0.7853784841897654,G6M2,g6m2_low_load,0.28,57,10,0.26,0.3,53,60,2,43
2023-09-03,1.6128367580480625,4.4232859196333024e-05,1.8430357998472093,1.6104201695073028,0.7853784841897654,G6M2,g6m2_low_load,0.28,57,10,0.26,0.3,53,60,2,43
2023-09-04,1.6128809909072588,4.4232859196333024e-05,1.8430357998472093,1.6104201695073028,0.7853784841897654,G6M2,g6m2_low_load,0.28,57,10,0.26,0.3,53,60,2,43
2023-09-05,1.612925223766455,4.4232859196333024e-05,1.8430357998472093,1.6104201695073028,0.7853784841897654,G6M2,g6m2_low_load,0.28,57,10,0.26,0.3,53,60,2,43
2023-09-06,1.6129694566256514,4.4232859196333024e-05,1.8430357998472093,1.6104201695073028,0.7853784841897654,G6M2,g6m2_low_load,0.28,57,10,0.26,0.3,53,60,2,43
2023-09-07,1.613013689484848,4.4232859196333024e-05,1.8430357998472093,1.6104201695073028,0.7853784841897654,G6M2,g6m2_low_load,0.28,57,10,0.26,0.3,53,60,2,43
2023-09-08,1.6130579223440442,4.4232859196333024e-05,1.8430357998472093,1.6104201695073028,0.7853784841897654,G6M2,g6m2_low_load,0.28,57,10,0.26,0.3,53,60,2,43
2023-09-09,1.6131021552032405,4.4232859196333024e-05,1.8430357998472093,1.6104201695073028,0.7853784841897654,G6M2,g6m2_low_load,0.28,57,10,0.26,0.3,53,60,2,43
2023-09-10,1.6131463880624368,4.4232859196333024e-05,1.8430357998472093,1.6104201695073028,0.7853784841897654,G6M2,g6m2_low_load,0.28,57,10,0.26,0.3,53,60,2,43
2023-09-11,1.6131906209216331,4.4232859196333024e-05,1.8430357998472093,1.6104201695073028,0.7853784841897654,G6M2,g6m2_low_load,0.28,57,10,0.26,0.3,53,60,2,43
2023-09-12,1.6132348537808294,4.4232859196333024e-05,1.8430357998472093,1.6104201695073028,0.7853784841897654,G6M2,g6m2_low_load,0.28,57,10,0.26,0.3,53,60,2,43
2023-09-13,1.6132790866400257,4.4232859196333024e-05,1.8430357998472093,1.6104201695073028,0.7853784841897654,G6M2,g6m2_low_load,0.28,57,10,0.26,0.3,53,60,2,43
2023-09-14,1.6133233194992223,4.4232859196333024e-05,1.8430357998472093,1.6104201695073028,0.7853784841897654,G6M2,g6m2_low_load,0.28,57,10,0.26,0.3,53,60,2,43
2023-09-15,1.6133675523584186,4.4232859196333024e-05,1.8430357998472093,1.6104201695073028,0.7853784841897654,G6M2,g6m2_low_load,0.28,57,10,0.26,0.3,53,60,2,43
2023-09-16,1.6134117852176149,4.4232859196333024e-05,1.8430357998472093,1.6104201695073028,0.7853784841897654,G6M2,g6m2_low_load,0.28,57,10,0.26,0.3,53,60,2,43
2023-09-17,1.6134560180768112,4.4232859196333024e-05,1.8430357998472093,1.6104201695073028,0.7853784841897654,G6M2,g6m2_low_load,0.28,57,10,0.26,0.3,53,60,2,43
2023-09-18,1.6135002509360075,4.4232859196333024e-05,1.8430357998472093,1.6104201695073028,0.7853784841897654,G6M2,g6m2_low_load,0.28,57,10,0.26,0.3,53,60,2,43
2023-09-19,1.6135444837952038,4.4232859196333024e-05,1.8430357998472093,1.6104201695073028,0.7853784841897654,G6M2,g6m2_low_load,0.28,57,10,0.26,0.3,53,60,2,43
2023-09-20,1.6135887166544,4.4232859196333024e-05,1.8430357998472093,1.6104201695073028,0.7853784841897654,G6M2,g6m2_low_load,0.28,57,10,0.26,0.3,53,60,2,43
2023-09-21,1.6136329495135964,4.4232859196333024e-05,1.8430357998472093,1.6104201695073028,0.7853784841897654,G6M2,g6m2_low_load,0.28,57,10,0.26,0.3,53,60,2,43
2023-09-22,1.613677182372793,4.4232859196333024e-05,1.8430357998472093,1.6104201695073028,0.7853784841897654,G6M2,g6m2_low_load,0.28,57,10,0.26,0.3,53,60,2,43
2023-09-23,1.6137214152319892,4.4232859196333024e-05,1.8430357998472093,1.6104201695073028,0.7853784841897654,G6M2,g6m2_low_load,0.28,57,10,0.26,0.3,53,60,2,43
2023-09-24,1.6137656480911855,4.4232859196333024e-05,1.8430357998472093,1.6104201695073028,0.7853784841897654,G6M2,g6m2_low_load,0.28,57,10,0.26,0.3,53,60,2,43
2023-09-25,1.6138098809503818,4.4232859196333024e-05,1.8430357998472093,1.6104201695073028,0.7853784841897654,G6M2,g6m2_low_load,0.28,57,10,0.26,0.3,53,60,2,43
2023-09-26,1.613854113809578,4.4232859196333024e-05,1.8430357998472093,1.6104201695073028,0.7853784841897654,G6M2,g6m2_low_load,0.28,57,10,0.26,0.3,53,60,2,43
2023-09-27,1.6138983466687744,4.4232859196333024e-05,1.8430357998472093,1.6104201695073028,0.7853784841897654,G6M2,g6m2_low_load,0.28,57,10,0.26,0.3,53,60,2,43
2023-09-28,1.6139425795279707,4.4232859196333024e-05,1.8430357998472093,1.6104201695073028,0.7853784841897654,G6M2,g6m2_low_load,0.28,57,10,0.26,0.3,53,60,2,43
2023-09-29,1.6139868123871672,4.4232859196333024e-05,1.8430357998472093,1.6104201695073028,0.7853784841897654,G6M2,g6m2_low_load,0.28,57,10,0.26,0.3,53,60,2,43
2023-09-30,1.6140310452463635,4.4232859196333024e-05,1.8430357998472093,1.6104201695073028,0.7853784841897654,G6M2,g6m2_low_load,0.28,57,10,0.26,0.3,53,60,2,43
2023-10-01,1.6140752781055598,4.4232859196333024e-05,1.8430357998472093,1.6104201695073028,0.7853784841897654,G6M2,g6m2_low_load,0.28,57,10,0.26,0.3,53,60,2,43
2023-10-02,1.6141195109647561,4.4232859196333024e-05,1.8430357998472093,1.6104201695073028,0.7853784841897654,G6M2,g6m2_low_load,0.28,57,10,0.26,0.3,53,60,2,43
2023-10-03,1.6141637438239524,4.4232859196333024e-05,1.8430357998472093,1.6104201695073028,0.7853784841897654,G6M2,g6m2_low_load,0.28,57,10,0.26,0.3,53,60,2,43
2023-10-04,1.6142079766831487,4.4232859196333024e-05,1.8430357998472093,1.6104201695073028,0.7853784841897654,G6M2,g6m2_low_load,0.28,57,10,0.26,0.3,53,60,2,43
2023-10-05,1.614252209542345,4.4232859196333024e-05,1.8430357998472093,1.6104201695073028,0.7853784841897654,G6M2,g6m2_low_load,0.28,57,10,0.26,0.3,53,60,2,43
2023-10-06,1.6142964424015416,4.4232859196333024e-05,1.8430357998472093,1.6104201695073028,0.7853784841897654,G6M2,g6m2_low_load,0.28,57,10,0.26,0.3,53,60,2,43
2023-10-07,1.6143406752607379,4.4232859196333024e-05,1.8430357998472093,1.6104201695073028,0.7853784841897654,G6M2,g6m2_low_load,0.28,57,10,0.26,0.3,53,60,2,43
2023-10-08,1.6143849081199342,4.4232859196333024e-05,1.8430357998472093,1.6104201695073028,0.7853784841897654,G6M2,g6m2_low_load,0.28,57,10,0.26,0.3,53,60,2,43
2023-10-09,1.6144291409791305,4.4232859196333024e-05,1.8430357998472093,1.6104201695073028,0.7853784841897654,G6M2,g6m2_low_load,0.28,57,10,0.26,0.3,53,60,2,43
2023-10-10,1.6144733738383268,4.4232859196333024e-05,1.8430357998472093,1.6104201695073028,0.7853784841897654,G6M2,g6m2_low_load,0.28,57,10,0.26,0.3,53,60,2,43
2023-10-11,1.614517606697523,4.4232859196333024e-05,1.8430357998472093,1.6104201695073028,0.7853784841897654,G6M2,g6m2_low_load,0.28,57,10,0.26,0.3,53,60,2,43
2023-10-12,1.6145618395567194,4.4232859196333024e-05,1.8430357998472093,1.6104201695073028,0.7853784841897654,G6M2,g6m2_low_load,0.28,57,10,0.26,0.3,53,60,2,43
2023-10-13,1.6146060724159157,4.4232859196333024e-05,1.8430357998472093,1.6104201695073028,0.7853784841897654,G6M2,g6m2_low_load,0.28,57,10,0.26,0.3,53,60,2,43
2023-10-14,1.6146503052751122,4.4232859196333024e-05,1.8430357998472093,1.6104201695073028,0.7853784841897654,G6M2,g6m2_low_load,0.28,57,10,0.26,0.3,53,60,2,43
2023-10-15,1.6146945381343085,4.4232859196333024e-05,1.8430357998472093,1.6104201695073028,0.7853784841897654,G6M2,g6m2_low_load,0.28,57,10,0.26,0.3,53,60,2,43
2023-10-16,1.6147387709935048,4.4232859196333024e-05,1.8430357998472093,1.6104201695073028,0.7853784841897654,G6M2,g6m2_low_load,0.28,57,10,0.26,0.3,53,60,2,43
2023-10-17,1.6147830038527011,4.4232859196333024e-05,1.8430357998472093,1.6104201695073028,0.7853784841897654,G6M2,g6m2_low_load,0.28,57,10,0.26,0.3,53,60,2,43
2023-10-18,1.6148272367118974,4.4232859196333024e-05,1.8430357998472093,1.6104201695073028,0.7853784841897654,G6M2,g6m2_low_load,0.28,57,10,0.26,0.3,53,60,2,43
2023-10-19,1.6148714695710937,4.4232859196333024e-05,1.8430357998472093,1.6104201695073028,0.7853784841897654,G6M2,g6m2_low_load,0.28,57,10,0.26,0.3,53,60,2,43
2023-10-20,1.61491570243029,4.4232859196333024e-05,1.8430357998472093,1.6104201695073028,0.7853784841897654,G6M2,g6m2_low_load,0.28,57,10,0.26,0.3,53,60,2,43
2023-10-21,1.6149599352894866,4.4232859196333024e-05,1.8430357998472093,1.6104201695073028,0.7853784841897654,G6M2,g6m2_low_load,0.28,57,10,0.26,0.3,53,60,2,43
2023-10-22,1.6150041681486829,4.4232859196333024e-05,1.8430357998472093,1.6104201695073028,0.7853784841897654,G6M2,g6m2_low_load,0.28,57,10,0.26,0.3,53,60,2,43
2023-10-23,1.6150484010078792,4.4232859196333024e-05,1.8430357998472093,1.6104201695073028,0.7853784841897654,G6M2,g6m2_low_load,0.28,57,10,0.26,0.3,53,60,2,43
2023-10-24,1.6150926338670755,4.4232859196333024e-05,1.8430357998472093,1.6104201695073028,0.7853784841897654,G6M2,g6m2_low_load,0.28,57,10,0.26,0.3,53,60,2,43
2023-10-25,1.6151368667262718,4.4232859196333024e-05,1.8430357998472093,1.6104201695073028,0.7853784841897654,G6M2,g6m2_low_load,0.28,57,10,0.26,0.3,53,60,2,43
2023-10-26,1.615181099585468,4.4232859196333024e-05,1.8430357998472093,1.6104201695073028,0.7853784841897654,G6M2,g6m2_low_load,0.28,57,10,0.26,0.3,53,60,2,43
2023-10-27,1.6152253324446644,4.4232859196333024e-05,1.8430357998472093,1.6104201695073028,0.7853784841897654,G6M2,g6m2_low_load,0.28,57,10,0.26,0.3,53,60,2,43
2023-10-28,1.615269565303861,4.4232859196333024e-05,1.8430357998472093,1.6104201695073028,0.7853784841897654,G6M2,g6m2_low_load,0.28,57,10,0.26,0.3,53,60,2,43
2023-10-29,1.6153137981630572,4.4232859196333024e-05,1.8430357998472093,1.6104201695073028,0.7853784841897654,G6M2,g6m2_low_load,0.28,57,10,0.26,0.3,53,60,2,43
2023-10-30,1.6153580310222535,4.4232859196333024e-05,1.8430357998472093,1.6104201695073028,0.7853784841897654,G6M2,g6m2_low_load,0.28,57,10,0.26,0.3,53,60,2,43
2023-10-31,1.6154022638814498,4.4232859196333024e-05,1.8430357998472093,1.6104201695073028,0.7853784841897654,G6M2,g6m2_low_load,0.28,57,10,0.26,0.3,53,60,2,43
2023-11-01,1.615446496740646,4.4232859196333024e-05,1.8430357998472093,1.6104201695073028,0.7853784841897654,G6M2,g6m2_low_load,0.28,57,10,0.26,0.3,53,60,2,43
2023-11-02,1.6154907295998424,4.4232859196333024e-05,1.8430357998472093,1.6104201695073028,0.7853784841897654,G6M2,g6m2_low_load,0.28,57,10,0.26,0.3,53,60,2,43
2023-11-03,1.6155349624590387,4.4232859196333024e-05,1.8430357998472093,1.6104201695073028,0.7853784841897654,G6M2,g6m2_low_load,0.28,57,10,0.26,0.3,53,60,2,43
2023-11-04,1.6155791953182352,4.4232859196333024e-05,1.8430357998472093,1.6104201695073028,0.7853784841897654,G6M2,g6m2_low_load,0.28,57,10,0.26,0.3,53,60,2,43
2023-11-05,1.6156234281774315,4.4232859196333024e-05,1.8430357998472093,1.6104201695073028,0.7853784841897654,G6M2,g6m2_low_load,0.28,57,10,0.26,0.3,53,60,2,43
2023-11-06,1.6156676610366278,4.4232859196333024e-05,1.8430357998472093,1.6104201695073028,0.7853784841897654,G6M2,g6m2_low_load,0.28,57,10,0.26,0.3,53,60,2,43
2023-11-07,1.6157118938958241,4.4232859196333024e-05,1.8430357998472093,1.6104201695073028,0.7853784841897654,G6M2,g6m2_low_load,0.28,57,10,0.26,0.3,53,60,2,43
2023-11-08,1.6157561267550204,4.4232859196333024e-05,1.8430357998472093,1.6104201695073028,0.7853784841897654,G6M2,g6m2_low_load,0.28,57,10,0.26,0.3,53,60,2,43
2023-11-09,1.6158003596142168,4.4232859196333024e-05,1.8430357998472093,1.6104201695073028,0.7853784841897654,G6M2,g6m2_low_load,0.28,57,10,0.26,0.3,53,60,2,43
2023-11-10,1.615844592473413,4.4232859196333024e-05,1.8430357998472093,1.6104201695073028,0.7853784841897654,G6M2,g6m2_low_load,0.28,57,10,0.26,0.3,53,60,2,43
2023-11-11,1.6158888253326094,4.4232859196333024e-05,1.8430357998472093,1.6104201695073028,0.7853784841897654,G6M2,g6m2_low_load,0.28,57,10,0.26,0.3,53,60,2,43
2023-11-12,1.6159330581918059,4.4232859196333024e-05,1.8430357998472093,1.6104201695073028,0.7853784841897654,G6M2,g6m2_low_load,0.28,57,10,0.26,0.3,53,60,2,43
2023-11-13,1.6159772910510022,4.4232859196333024e-05,1.8430357998472093,1.6104201695073028,0.7853784841897654,G6M2,g6m2_low_load,0.28,57,10,0.26,0.3,53,60,2,43
2023-11-14,1.6160215239101985,4.4232859196333024e-05,1.8430357998472093,1.6104201695073028,0.7853784841897654,G6M2,g6m2_low_load,0.28,57,10,0.26,0.3,53,60,2,43
2023-11-15,1.6160657567693948,4.4232859196333024e-05,1.8430357998472093,1.6104201695073028,0.7853784841897654,G6M2,g6m2_low_load,0.28,57,10,0.26,0.3,53,60,2,43
2023-11-16,1.616109989628591,4.4232859196333024e-05,1.8430357998472093,1.6104201695073028,0.7853784841897654,G6M2,g6m2_low_load,0.28,57,10,0.26,0.3,53,60,2,43
2023-11-17,1.6161542224877874,4.4232859196333024e-05,1.8430357998472093,1.6104201695073028,0.7853784841897654,G6M2,g6m2_low_load,0.28,57,10,0.26,0.3,53,60,2,43
2023-11-18,1.6161984553469837,4.4232859196333024e-05,1.8430357998472093,1.6104201695073028,0.7853784841897654,G6M2,g6m2_low_load,0.28,57,10,0.26,0.3,53,60,2,43
2023-11-19,1.6162426882061802,4.4232859196333024e-05,1.8430357998472093,1.6104201695073028,0.7853784841897654,G6M2,g6m2_low_load,0.28,57,10,0.26,0.3,53,60,2,43
2023-11-20,1.6162869210653765,4.4232859196333024e-05,1.8430357998472093,1.6104201695073028,0.7853784841897654,G6M2,g6m2_low_load,0.28,57,10,0.26,0.3,53,60,2,43
2023-11-21,1.6163311539245728,4.4232859196333024e-05,1.8430357998472093,1.6104201695073028,0.7853784841897654,G6M2,g6m2_low_load,0.28,57,10,0.26,0.3,53,60,2,43
2023-11-22,1.6163753867837691,4.4232859196333024e-05,1.8430357998472093,1.6104201695073028,0.7853784841897654,G6M2,g6m2_low_load,0.28,57,10,0.26,0.3,53,60,2,43
2023-11-23,1.6164196196429654,4.4232859196333024e-05,1.8430357998472093,1.6104201695073028,0.7853784841897654,G6M2,g6m2_low_load,0.28,57,10,0.26,0.3,53,60,2,43
2023-11-24,1.6164638525021617,4.4232859196333024e-05,1.8430357998472093,1.6104201695073028,0.7853784841897654,G6M2,g6m2_low_load,0.28,57,10,0.26,0.3,53,60,2,43
2023-11-25,1.616508085361358,4.4232859196333024e-05,1.8430357998472093,1.6104201695073028,0.7853784841897654,G6M2,g6m2_low_load,0.28,57,10,0.26,0.3,53,60,2,43
2023-11-26,1.6165523182205546,4.4232859196333024e-05,1.8430357998472093,1.6104201695073028,0.7853784841897654,G6M2,g6m2_low_load,0.28,57,10,0.26,0.3,53,60,2,43
2023-11-27,1.6165965510797509,4.4232859196333024e-05,1.8430357998472093,1.6104201695073028,0.7853784841897654,G6M2,g6m2_low_load,0.28,57,10,0.26,0.3,53,60,2,43
2023-11-28,1.6166407839389472,4.4232859196333024e-05,1.8430357998472093,1.6104201695073028,0.7853784841897654,G6M2,g6m2_low_load,0.28,57,10,0.26,0.3,53,60,2,43
2023-11-29,1.6166850167981435,4.4232859196333024e-05,1.8430357998472093,1.6104201695073028,0.7853784841897654,G6M2,g6m2_low_load,0.28,57,10,0.26,0.3,53,60,2,43
2023-11-30,1.6167292496573398,4.4232859196333024e-05,1.8430357998472093,1.6104201695073028,0.7853784841897654,G6M2,g6m2_low_load,0.28,57,10,0.26,0.3,53,60,2,43
2023-12-01,1.616773482516536,4.4232859196333024e-05,1.8430357998472093,1.6104201695073028,0.7853784841897654,G6M2,g6m2_low_load,0.28,57,10,0.26,0.3,53,60,2,43
2023-12-02,1.6168177153757324,4.4232859196333024e-05,1.8430357998472093,1.6104201695073028,0.7853784841897654,G6M2,g6m2_low_load,0.28,57,10,0.26,0.3,53,60,2,43
2023-12-03,1.6168619482349287,4.4232859196333024e-05,1.8430357998472093,1.6104201695073028,0.7853784841897654,G6M2,g6m2_low_load,0.28,57,10,0.26,0.3,53,60,2,43
2023-12-04,1.6169061810941252,4.4232859196333024e-05,1.8430357998472093,1.6104201695073028,0.7853784841897654,G6M2,g6m2_low_load,0.28,57,10,0.26,0.3,53,60,2,43
2023-12-05,1.6169504139533215,4.4232859196333024e-05,1.8430357998472093,1.6104201695073028,0.7853784841897654,G6M2,g6m2_low_load,0.28,57,10,0.26,0.3,53,60,2,43
2023-12-06,1.6169946468125178,4.4232859196333024e-05,1.8430357998472093,1.6104201695073028,0.7853784841897654,G6M2,g6m2_low_load,0.28,57,10,0.26,0.3,53,60,2,43
2023-12-07,1.6170388796717141,4.4232859196333024e-05,1.8430357998472093,1.6104201695073028,0.7853784841897654,G6M2,g6m2_low_load,0.28,57,10,0.26,0.3,53,60,2,43
2023-12-08,1.6170831125309104,4.4232859196333024e-05,1.8430357998472093,1.6104201695073028,0.7853784841897654,G6M2,g6m2_low_load,0.28,57,10,0.26,0.3,53,60,2,43
2023-12-09,1.6171273453901067,4.4232859196333024e-05,1.8430357998472093,1.6104201695073028,0.7853784841897654,G6M2,g6m2_low_load,0.28,57,10,0.26,0.3,53,60,2,43
2023-12-10,1.617171578249303,4.4232859196333024e-05,1.8430357998472093,1.6104201695073028,0.7853784841897654,G6M2,g6m2_low_load,0.28,57,10,0.26,0.3,53,60,2,43
2023-12-11,1.6172158111084995,4.4232859196333024e-05,1.8430357998472093,1.6104201695073028,0.7853784841897654,G6M2,g6m2_low_load,0.28,57,10,0.26,0.3,53,60,2,43
2023-12-12,1.6172600439676958,4.4232859196333024e-05,1.8430357998472093,1.6104201695073028,0.7853784841897654,G6M2,g6m2_low_load,0.28,57,10,0.26,0.3,53,60,2,43
2023-12-13,1.6173042768268922,4.4232859196333024e-05,1.8430357998472093,1.6104201695073028,0.7853784841897654,G6M2,g6m2_low_load,0.28,57,10,0.26,0.3,53,60,2,43
2023-12-14,1.6173485096860885,4.4232859196333024e-05,1.8430357998472093,1.6104201695073028,0.7853784841897654,G6M2,g6m2_low_load,0.28,57,10,0.26,0.3,53,60,2,43
2023-12-15,1.6173927425452848,4.4232859196333024e-05,1.8430357998472093,1.6104201695073028,0.7853784841897654,G6M2,g6m2_low_load,0.28,57,10,0.26,0.3,53,60,2,43
2023-12-16,1.617436975404481,4.4232859196333024e-05,1.8430357998472093,1.6104201695073028,0.7853784841897654,G6M2,g6m2_low_load,0.28,57,10,0.26,0.3,53,60,2,43
2023-12-17,1.6174812082636774,4.4232859196333024e-05,1.8430357998472093,1.6104201695073028,0.7853784841897654,G6M2,g6m2_low_load,0.28,57,10,0.26,0.3,53,60,2,43
2023-12-18,1.6175254411228739,4.4232859196333024e-05,1.8430357998472093,1.6104201695073028,0.7853784841897654,G6M2,g6m2_low_load,0.28,57,10,0.26,0.3,53,60,2,43
2023-12-19,1.6175696739820702,4.4232859196333024e-05,1.8430357998472093,1.6104201695073028,0.7853784841897654,G6M2,g6m2_low_load,0.28,57,10,0.26,0.3,53,60,2,43
2023-12-20,1.6176139068412665,4.4232859196333024e-05,1.8430357998472093,1.6104201695073028,0.7853784841897654,G6M2,g6m2_low_load,0.28,57,10,0.26,0.3,53,60,2,43
2023-12-21,1.6176581397004628,4.4232859196333024e-05,1.8430357998472093,1.6104201695073028,0.7853784841897654,G6M2,g6m2_low_load,0.28,57,10,0.26,0.3,53,60,2,43
2023-12-22,1.617702372559659,4.4232859196333024e-05,1.8430357998472093,1.6104201695073028,0.7853784841897654,G6M2,g6m2_low_load,0.28,57,10,0.26,0.3,53,60,2,43
2023-12-23,1.6177466054188554,4.4232859196333024e-05,1.8430357998472093,1.6104201695073028,0.7853784841897654,G6M2,g6m2_low_load,0.28,57,10,0.26,0.3,53,60,2,43
2023-12-24,1.6177908382780517,4.4232859196333024e-05,1.8430357998472093,1.6104201695073028,0.7853784841897654,G6M2,g6m2_low_load,0.28,57,10,0.26,0.3,53,60,2,43
2023-12-25,1.617835071137248,4.4232859196333024e-05,1.8430357998472093,1.6104201695073028,0.7853784841897654,G6M2,g6m2_low_load,0.28,57,10,0.26,0.3,53,60,2,43
2023-12-26,1.6178793039964445,4.4232859196333024e-05,1.8430357998472093,1.6104201695073028,0.7853784841897654,G6M2,g6m2_low_load,0.28,57,10,0.26,0.3,53,60,2,43
2023-12-27,1.6179235368556408,4.4232859196333024e-05,1.8430357998472093,1.6104201695073028,0.7853784841897654,G6M2,g6m2_low_load,0.28,57,10,0.26,0.3,53,60,2,43
2023-12-28,1.6179677697148371,4.4232859196333024e-05,1.8430357998472093,1.6104201695073028,0.7853784841897654,G6M2,g6m2_low_load,0.28,57,10,0.26,0.3,53,60,2,43
2023-12-29,1.6180120025740334,4.4232859196333024e-05,1.8430357998472093,1.6104201695073028,0.7853784841897654,G6M2,g6m2_low_load,0.28,57,10,0.26,0.3,53,60,2,43
2023-12-30,1.6180562354332297,4.4232859196333024e-05,1.8430357998472093,1.6104201695073028,0.7853784841897654,G6M2,g6m2_low_load,0.28,57,10,0.26,0.3,53,60,2,43
2023-12-31,1.618100468292426,4.4232859196333024e-05,1.8430357998472093,1.6104201695073028,0.7853784841897654,G6M2,g6m2_low_load,0.28,57,10,0.26,0.3,53,60,2,43
2024-01-01,1.6181447011516223,4.4232859196333024e-05,1.8430357998472093,1.6104201695073028,0.7853784841897654,G6M2,g6m2_low_load,0.28,57,10,0.26,0.3,53,60,2,43
2024-01-02,1.6181889340108189,4.4232859196333024e-05,1.8430357998472093,1.6104201695073028,0.7853784841897654,G6M2,g6m2_low_load,0.28,57,10,0.26,0.3,53,60,2,43
2024-01-03,1.6182331668700152,4.4232859196333024e-05,1.8430357998472093,1.6104201695073028,0.7853784841897654,G6M2,g6m2_low_load,0.28,57,10,0.26,0.3,53,60,2,43
2024-01-04,1.6182773997292115,4.4232859196333024e-05,1.8430357998472093,1.6104201695073028,0.7853784841897654,G6M2,g6m2_low_load,0.28,57,10,0.26,0.3,53,60,2,43
2024-01-05,1.6183216325884078,4.4232859196333024e-05,1.8430357998472093,1.6104201695073028,0.7853784841897654,G6M2,g6m2_low_load,0.28,57,10,0.26,0.3,53,60,2,43
2024-01-06,1.618365865447604,4.4232859196333024e-05,1.8430357998472093,1.6104201695073028,0.7853784841897654,G6M2,g6m2_low_load,0.28,57,10,0.26,0.3,53,60,2,43
2024-01-07,1.6184100983068004,4.4232859196333024e-05,1.8430357998472093,1.6104201695073028,0.7853784841897654,G6M2,g6m2_low_load,0.28,57,10,0.26,0.3,53,60,2,43
2024-01-08,1.6184543311659967,4.4232859196333024e-05,1.8430357998472093,1.6104201695073028,0.7853784841897654,G6M2,g6m2_low_load,0.28,57,10,0.26,0.3,53,60,2,43
2024-01-09,1.6184985640251932,4.4232859196333024e-05,1.8430357998472093,1.6104201695073028,0.7853784841897654,G6M2,g6m2_low_load,0.28,57,10,0.26,0.3,53,60,2,43
2024-01-10,1.6185427968843895,4.4232859196333024e-05,1.8430357998472093,1.6104201695073028,0.7853784841897654,G6M2,g6m2_low_load,0.28,57,10,0.26,0.3,53,60,2,43
2024-01-11,1.6185870297435858,4.4232859196333024e-05,1.8430357998472093,1.6104201695073028,0.7853784841897654,G6M2,g6m2_low_load,0.28,57,10,0.26,0.3,53,60,2,43
2024-01-12,1.6186312626027821,4.4232859196333024e-05,1.8430357998472093,1.6104201695073028,0.7853784841897654,G6M2,g6m2_low_load,0.28,57,10,0.26,0.3,53,60,2,43
2024-01-13,1.6186754954619784,4.4232859196333024e-05,1.8430357998472093,1.6104201695073028,0.7853784841897654,G6M2,g6m2_low_load,0.28,57,10,0.26,0.3,53,60,2,43
2024-01-14,1.6187197283211747,4.4232859196333024e-05,1.8430357998472093,1.6104201695073028,0.7853784841897654,G6M2,g6m2_low_load,0.28,57,10,0.26,0.3,53,60,2,43
2024-01-15,1.618763961180371,4.4232859196333024e-05,1.8430357998472093,1.6104201695073028,0.7853784841897654,G6M2,g6m2_low_load,0.28,57,10,0.26,0.3,53,60,2,43
2024-01-16,1.6188081940395675,4.4232859196333024e-05,1.8430357998472093,1.6104201695073028,0.7853784841897654,G6M2,g6m2_low_load,0.28,57,10,0.26,0.3,53,60,2,43
2024-01-17,1.6188524268987639,4.4232859196333024e-05,1.8430357998472093,1.6104201695073028,0.7853784841897654,G6M2,g6m2_low_load,0.28,57,10,0.26,0.3,53,60,2,43
2024-01-18,1.6188966597579602,4.4232859196333024e-05,1.8430357998472093,1.6104201695073028,0.7853784841897654,G6M2,g6m2_low_load,0.28,57,10,0.26,0.3,53,60,2,43
2024-01-19,1.6189408926171565,4.4232859196333024e-05,1.8430357998472093,1.6104201695073028,0.7853784841897654,G6M2,g6m2_low_load,0.28,57,10,0.26,0.3,53,60,2,43
2024-01-20,1.6189851254763528,4.4232859196333024e-05,1.8430357998472093,1.6104201695073028,0.7853784841897654,G6M2,g6m2_low_load,0.28,57,10,0.26,0.3,53,60,2,43
2024-01-21,1.619029358335549,4.4232859196333024e-05,1.8430357998472093,1.6104201695073028,0.7853784841897654,G6M2,g6m2_low_load,0.28,57,10,0.26,0.3,53,60,2,43
2024-01-22,1.6190735911947454,4.4232859196333024e-05,1.8430357998472093,1.6104201695073028,0.7853784841897654,G6M2,g6m2_low_load,0.28,57,10,0.26,0.3,53,60,2,43
2024-01-23,1.6191178240539417,4.4232859196333024e-05,1.8430357998472093,1.6104201695073028,0.7853784841897654,G6M2,g6m2_low_load,0.28,57,10,0.26,0.3,53,60,2,43
2024-01-24,1.6191620569131382,4.4232859196333024e-05,1.8430357998472093,1.6104201695073028,0.7853784841897654,G6M2,g6m2_low_load,0.28,57,10,0.26,0.3,53,60,2,43
2024-01-25,1.6192062897723345,4.4232859196333024e-05,1.8430357998472093,1.6104201695073028,0.7853784841897654,G6M2,g6m2_low_load,0.28,57,10,0.26,0.3,53,60,2,43
2024-01-26,1.6192505226315308,4.4232859196333024e-05,1.8430357998472093,1.6104201695073028,0.7853784841897654,G6M2,g6m2_low_load,0.28,57,10,0.26,0.3,53,60,2,43
2024-01-27,1.619294755490727,4.4232859196333024e-05,1.8430357998472093,1.6104201695073028,0.7853784841897654,G6M2,g6m2_low_load,0.28,57,10,0.26,0.3,53,60,2,43
2024-01-28,1.6193389883499234,4.4232859196333024e-05,1.8430357998472093,1.6104201695073028,0.7853784841897654,G6M2,g6m2_low_load,0.28,57,10,0.26,0.3,53,60,2,43
2024-01-29,1.6193832212091197,4.4232859196333024e-05,1.8430357998472093,1.6104201695073028,0.7853784841897654,G6M2,g6m2_low_load,0.28,57,10,0.26,0.3,53,60,2,43
2024-01-30,1.619427454068316,4.4232859196333024e-05,1.8430357998472093,1.6104201695073028,0.7853784841897654,G6M2,g6m2_low_load,0.28,57,10,0.26,0.3,53,60,2,43
2024-01-31,1.6194716869275125,4.4232859196333024e-05,1.8430357998472093,1.6104201695073028,0.7853784841897654,G6M2,g6m2_low_load,0.28,57,10,0.26,0.3,53,60,2,43
2024-02-01,1.6195159197867088,4.4232859196333024e-05,1.8430357998472093,1.6104201695073028,0.7853784841897654,G6M2,g6m2_low_load,0.28,57,10,0.26,0.3,53,60,2,43
2024-02-02,1.6195601526459051,4.4232859196333024e-05,1.8430357998472093,1.6104201695073028,0.7853784841897654,G6M2,g6m2_low_load,0.28,57,10,0.26,0.3,53,60,2,43
2024-02-03,1.6196043855051014,4.4232859196333024e-05,1.8430357998472093,1.6104201695073028,0.7853784841897654,G6M2,g6m2_low_load,0.28,57,10,0.26,0.3,53,60,2,43
2024-02-04,1.6196486183642977,4.4232859196333024e-05,1.8430357998472093,1.6104201695073028,0.7853784841897654,G6M2,g6m2_low_load,0.28,57,10,0.26,0.3,53,60,2,43
2024-02-05,1.619692851223494,4.4232859196333024e-05,1.8430357998472093,1.6104201695073028,0.7853784841897654,G6M2,g6m2_low_load,0.28,57,10,0.26,0.3,53,60,2,43
2024-02-06,1.6197370840826903,4.4232859196333024e-05,1.8430357998472093,1.6104201695073028,0.7853784841897654,G6M2,g6m2_low_load,0.28,57,10,0.26,0.3,53,60,2,43
2024-02-07,1.6197813169418869,4.4232859196333024e-05,1.8430357998472093,1.6104201695073028,0.7853784841897654,G6M2,g6m2_low_load,0.28,57,10,0.26,0.3,53,60,2,43
2024-02-08,1.6198255498010832,4.4232859196333024e-05,1.8430357998472093,1.6104201695073028,0.7853784841897654,G6M2,g6m2_low_load,0.28,57,10,0.26,0.3,53,60,2,43
2024-02-09,1.6198697826602795,4.4232859196333024e-05,1.8430357998472093,1.6104201695073028,0.7853784841897654,G6M2,g6m2_low_load,0.28,57,10,0.26,0.3,53,60,2,43
2024-02-10,1.6199140155194758,4.4232859196333024e-05,1.8430357998472093,1.6104201695073028,0.7853784841897654,G6M2,g6m2_low_load,0.28,57,10,0.26,0.3,53,60,2,43
2024-02-11,1.619958248378672,4.4232859196333024e-05,1.8430357998472093,1.6104201695073028,0.7853784841897654,G6M2,g6m2_low_load,0.28,57,10,0.26,0.3,53,60,2,43
2024-02-12,1.6200024812378684,4.4232859196333024e-05,1.8430357998472093,1.6104201695073028,0.7853784841897654,G6M2,g6m2_low_load,0.28,57,10,0.26,0.3,53,60,2,43
2024-02-13,1.6200467140970647,4.4232859196333024e-05,1.8430357998472093,1.6104201695073028,0.7853784841897654,G6M2,g6m2_low_load,0.28,57,10,0.26,0.3,53,60,2,43
2024-02-14,1.620090946956261,4.4232859196333024e-05,1.8430357998472093,1.6104201695073028,0.7853784841897654,G6M2,g6m2_low_load,0.28,57,10,0.26,0.3,53,60,2,43
2024-02-15,1.6201351798154575,4.4232859196333024e-05,1.8430357998472093,1.6104201695073028,0.7853784841897654,G6M2,g6m2_low_load,0.28,57,10,0.26,0.3,53,60,2,43
2024-02-16,1.6201794126746538,4.4232859196333024e-05,1.8430357998472093,1.6104201695073028,0.7853784841897654,G6M2,g6m2_low_load,0.28,57,10,0.26,0.3,53,60,2,43
2024-02-17,1.6202236455338501,4.4232859196333024e-05,1.8430357998472093,1.6104201695073028,0.7853784841897654,G6M2,g6m2_low_load,0.28,57,10,0.26,0.3,53,60,2,43
2024-02-18,1.6202678783930464,4.4232859196333024e-05,1.8430357998472093,1.6104201695073028,0.7853784841897654,G6M2,g6m2_low_load,0.28,57,10,0.26,0.3,53,60,2,43
2024-02-19,1.6203121112522427,4.4232859196333024e-05,1.8430357998472093,1.6104201695073028,0.7853784841897654,G6M2,g6m2_low_load,0.28,57,10,0.26,0.3,53,60,2,43
2024-02-20,1.620356344111439,4.4232859196333024e-05,1.8430357998472093,1.6104201695073028,0.7853784841897654,G6M2,g6m2_low_load,0.28,57,10,0.26,0.3,53,60,2,43
2024-02-21,1.6204005769706353,4.4232859196333024e-05,1.8430357998472093,1.6104201695073028,0.7853784841897654,G6M2,g6m2_low_load,0.28,57,10,0.26,0.3,53,60,2,43
2024-02-22,1.6204448098298319,4.4232859196333024e-05,1.8430357998472093,1.6104201695073028,0.7853784841897654,G6M2,g6m2_low_load,0.28,57,10,0.26,0.3,53,60,2,43
2024-02-23,1.6204890426890282,4.4232859196333024e-05,1.8430357998472093,1.6104201695073028,0.7853784841897654,G6M2,g6m2_low_load,0.28,57,10,0.26,0.3,53,60,2,43
2024-02-24,1.6205332755482245,4.4232859196333024e-05,1.8430357998472093,1.6104201695073028,0.7853784841897654,G6M2,g6m2_low_load,0.28,57,10,0.26,0.3,53,60,2,43
2024-02-25,1.6205775084074208,4.4232859196333024e-05,1.8430357998472093,1.6104201695073028,0.7853784841897654,G6M2,g6m2_low_load,0.28,57,10,0.26,0.3,53,60,2,43
2024-02-26,1.620621741266617,4.4232859196333024e-05,1.8430357998472093,1.6104201695073028,0.7853784841897654,G6M2,g6m2_low_load,0.28,57,10,0.26,0.3,53,60,2,43
2024-02-27,1.6206659741258134,4.4232859196333024e-05,1.8430357998472093,1.6104201695073028,0.7853784841897654,G6M2,g6m2_low_load,0.28,57,10,0.26,0.3,53,60,2,43
2024-02-28,1.6207102069850097,4.4232859196333024e-05,1.8430357998472093,1.6104201695073028,0.7853784841897654,G6M2,g6m2_low_load,0.28,57,10,0.26,0.3,53,60,2,43
2024-02-29,1.6207544398442062,4.4232859196333024e-05,1.8430357998472093,1.6104201695073028,0.7853784841897654,G6M2,g6m2_low_load,0.28,57,10,0.26,0.3,53,60,2,43
2024-03-01,1.6207986727034025,4.4232859196333024e-05,1.8430357998472093,1.6104201695073028,0.7853784841897654,G6M2,g6m2_low_load,0.28,57,10,0.26,0.3,53,60,2,43
2024-03-02,1.6208429055625988,4.4232859196333024e-05,1.8430357998472093,1.6104201695073028,0.7853784841897654,G6M2,g6m2_low_load,0.28,57,10,0.26,0.3,53,60,2,43
2024-03-03,1.620887138421795,4.4232859196333024e-05,1.8430357998472093,1.6104201695073028,0.7853784841897654,G6M2,g6m2_low_load,0.28,57,10,0.26,0.3,53,60,2,43
2024-03-04,1.6209313712809914,4.4232859196333024e-05,1.8430357998472093,1.6104201695073028,0.7853784841897654,G6M2,g6m2_low_load,0.28,57,10,0.26,0.3,53,60,2,43
2024-03-05,1.6209756041401877,4.4232859196333024e-05,1.8430357998472093,1.6104201695073028,0.7853784841897654,G6M2,g6m2_low_load,0.28,57,10,0.26,0.3,53,60,2,43
2024-03-06,1.621019836999384,4.4232859196333024e-05,1.8430357998472093,1.6104201695073028,0.7853784841897654,G6M2,g6m2_low_load,0.28,57,10,0.26,0.3,53,60,2,43
2024-03-07,1.6210640698585805,4.4232859196333024e-05,1.8430357998472093,1.6104201695073028,0.7853784841897654,G6M2,g6m2_low_load,0.28,57,10,0.26,0.3,53,60,2,43
2024-03-08,1.6211083027177768,4.4232859196333024e-05,1.8430357998472093,1.6104201695073028,0.7853784841897654,G6M2,g6m2_low_load,0.28,57,10,0.26,0.3,53,60,2,43
2024-03-09,1.6211525355769731,4.4232859196333024e-05,1.8430357998472093,1.6104201695073028,0.7853784841897654,G6M2,g6m2_low_load,0.28,57,10,0.26,0.3,53,60,2,43
2024-03-10,1.6211967684361694,4.4232859196333024e-05,1.8430357998472093,1.6104201695073028,0.7853784841897654,G6M2,g6m2_low_load,0.28,57,10,0.26,0.3,53,60,2,43
2024-03-11,1.6212410012953657,4.4232859196333024e-05,1.8430357998472093,1.6104201695073028,0.7853784841897654,G6M2,g6m2_low_load,0.28,57,10,0.26,0.3,53,60,2,43
2024-03-12,1.621285234154562,4.4232859196333024e-05,1.8430357998472093,1.6104201695073028,0.7853784841897654,G6M2,g6m2_low_load,0.28,57,10,0.26,0.3,53,60,2,43
2024-03-13,1.6213294670137584,4.4232859196333024e-05,1.8430357998472093,1.6104201695073028,0.7853784841897654,G6M2,g6m2_low_load,0.28,57,10,0.26,0.3,53,60,2,43
2024-03-14,1.6213736998729547,4.4232859196333024e-05,1.8430357998472093,1.6104201695073028,0.7853784841897654,G6M2,g6m2_low_load,0.28,57,10,0.26,0.3,53,60,2,43
2024-03-15,1.6214179327321512,4.4232859196333024e-05,1.8430357998472093,1.6104201695073028,0.7853784841897654,G6M2,g6m2_low_load,0.28,57,10,0.26,0.3,53,60,2,43
2024-03-16,1.6214621655913475,4.4232859196333024e-05,1.8430357998472093,1.6104201695073028,0.7853784841897654,G6M2,g6m2_low_load,0.28,57,10,0.26,0.3,53,60,2,43
2024-03-17,1.6215063984505438,4.4232859196333024e-05,1.8430357998472093,1.6104201695073028,0.7853784841897654,G6M2,g6m2_low_load,0.28,57,10,0.26,0.3,53,60,2,43
2024-03-18,1.62155063130974,4.4232859196333024e-05,1.8430357998472093,1.6104201695073028,0.7853784841897654,G6M2,g6m2_low_load,0.28,57,10,0.26,0.3,53,60,2,43
2024-03-19,1.6215948641689364,4.4232859196333024e-05,1.8430357998472093,1.6104201695073028,0.7853784841897654,G6M2,g6m2_low_load,0.28,57,10,0.26,0.3,53,60,2,43
2024-03-20,1.6216390970281327,4.4232859196333024e-05,1.8430357998472093,1.6104201695073028,0.7853784841897654,G6M2,g6m2_low_load,0.28,57,10,0.26,0.3,53,60,2,43
2024-03-21,1.621683329887329,4.4232859196333024e-05,1.8430357998472093,1.6104201695073028,0.7853784841897654,G6M2,g6m2_low_load,0.28,57,10,0.26,0.3,53,60,2,43
2024-03-22,1.6217275627465255,4.4232859196333024e-05,1.8430357998472093,1.6104201695073028,0.7853784841897654,G6M2,g6m2_low_load,0.28,57,10,0.26,0.3,53,60,2,43
2024-03-23,1.6217717956057218,4.4232859196333024e-05,1.8430357998472093,1.6104201695073028,0.7853784841897654,G6M2,g6m2_low_load,0.28,57,10,0.26,0.3,53,60,2,43
2024-03-24,1.6218160284649181,4.4232859196333024e-05,1.8430357998472093,1.6104201695073028,0.7853784841897654,G6M2,g6m2_low_load,0.28,57,10,0.26,0.3,53,60,2,43
2024-03-25,1.6218602613241144,4.4232859196333024e-05,1.8430357998472093,1.6104201695073028,0.7853784841897654,G6M2,g6m2_low_load,0.28,57,10,0.26,0.3,53,60,2,43
2024-03-26,1.6219044941833107,4.4232859196333024e-05,1.8430357998472093,1.6104201695073028,0.7853784841897654,G6M2,g6m2_low_load,0.28,57,10,0.26,0.3,53,60,2,43
2024-03-27,1.621948727042507,4.4232859196333024e-05,1.8430357998472093,1.6104201695073028,0.7853784841897654,G6M2,g6m2_low_load,0.28,57,10,0.26,0.3,53,60,2,43
2024-03-28,1.6219929599017033,4.4232859196333024e-05,1.8430357998472093,1.6104201695073028,0.7853784841897654,G6M2,g6m2_low_load,0.28,57,10,0.26,0.3,53,60,2,43
2024-03-29,1.6220371927608999,4.4232859196333024e-05,1.8430357998472093,1.6104201695073028,0.7853784841897654,G6M2,g6m2_low_load,0.28,57,10,0.26,0.3,53,60,2,43
2024-03-30,1.6220814256200962,4.4232859196333024e-05,1.8430357998472093,1.6104201695073028,0.7853784841897654,G6M2,g6m2_low_load,0.28,57,10,0.26,0.3,53,60,2,43
2024-03-31,1.6221256584792925,4.4232859196333024e-05,1.8430357998472093,1.6104201695073028,0.7853784841897654,G6M2,g6m2_low_load,0.28,57,10,0.26,0.3,53,60,2,43
2024-04-01,1.6221698913384888,4.4232859196333024e-05,1.8430357998472093,1.6104201695073028,0.7853784841897654,G6M2,g6m2_low_load,0.28,57,10,0.26,0.3,53,60,2,43
2024-04-02,1.622214124197685,4.4232859196333024e-05,1.8430357998472093,1.6104201695073028,0.7853784841897654,G6M2,g6m2_low_load,0.28,57,10,0.26,0.3,53,60,2,43
2024-04-03,1.6222583570568814,4.4232859196333024e-05,1.8430357998472093,1.6104201695073028,0.7853784841897654,G6M2,g6m2_low_load,0.28,57,10,0.26,0.3,53,60,2,43
2024-04-04,1.6223025899160777,4.4232859196333024e-05,1.8430357998472093,1.6104201695073028,0.7853784841897654,G6M2,g6m2_low_load,0.28,57,10,0.26,0.3,53,60,2,43
2024-04-05,1.622346822775274,4.4232859196333024e-05,1.8430357998472093,1.6104201695073028,0.7853784841897654,G6M2,g6m2_low_load,0.28,57,10,0.26,0.3,53,60,2,43
2024-04-06,1.6223910556344705,4.4232859196333024e-05,1.8430357998472093,1.6104201695073028,0.7853784841897654,G6M2,g6m2_low_load,0.28,57,10,0.26,0.3,53,60,2,43
2024-04-07,1.6224352884936668,4.4232859196333024e-05,1.8430357998472093,1.6104201695073028,0.7853784841897654,G6M2,g6m2_low_load,0.28,57,10,0.26,0.3,53,60,2,43
2024-04-08,1.622479521352863,4.4232859196333024e-05,1.8430357998472093,1.6104201695073028,0.7853784841897654,G6M2,g6m2_low_load,0.28,57,10,0.26,0.3,53,60,2,43
2024-04-09,1.6225237542120594,4.4232859196333024e-05,1.8430357998472093,1.6104201695073028,0.7853784841897654,G6M2,g6m2_low_load,0.28,57,10,0.26,0.3,53,60,2,43
2024-04-10,1.6225679870712557,4.4232859196333024e-05,1.8430357998472093,1.6104201695073028,0.7853784841897654,G6M2,g6m2_low_load,0.28,57,10,0.26,0.3,53,60,2,43
2024-04-11,1.622612219930452,4.4232859196333024e-05,1.8430357998472093,1.6104201695073028,0.7853784841897654,G6M2,g6m2_low_load,0.28,57,10,0.26,0.3,53,60,2,43
2024-04-12,1.6226564527896483,4.4232859196333024e-05,1.8430357998472093,1.6104201695073028,0.7853784841897654,G6M2,g6m2_low_load,0.28,57,10,0.26,0.3,53,60,2,43
2024-04-13,1.6227006856488448,4.4232859196333024e-05,1.8430357998472093,1.6104201695073028,0.7853784841897654,G6M2,g6m2_low_load,0.28,57,10,0.26,0.3,53,60,2,43
2024-04-14,1.6227449185080411,4.4232859196333024e-05,1.8430357998472093,1.6104201695073028,0.7853784841897654,G6M2,g6m2_low_load,0.28,57,10,0.26,0.3,53,60,2,43
2024-04-15,1.6227891513672374,4.4232859196333024e-05,1.8430357998472093,1.6104201695073028,0.7853784841897654,G6M2,g6m2_low_load,0.28,57,10,0.26,0.3,53,60,2,43
2024-04-16,1.6228333842264338,4.4232859196333024e-05,1.8430357998472093,1.6104201695073028,0.7853784841897654,G6M2,g6m2_low_load,0.28,57,10,0.26,0.3,53,60,2,43
2024-04-17,1.62287761708563,4.4232859196333024e-05,1.8430357998472093,1.6104201695073028,0.7853784841897654,G6M2,g6m2_low_load,0.28,57,10,0.26,0.3,53,60,2,43
2024-04-18,1.6229218499448264,4.4232859196333024e-05,1.8430357998472093,1.6104201695073028,0.7853784841897654,G6M2,g6m2_low_load,0.28,57,10,0.26,0.3,53,60,2,43
2024-04-19,1.6229660828040227,4.4232859196333024e-05,1.8430357998472093,1.6104201695073028,0.7853784841897654,G6M2,g6m2_low_load,0.28,57,10,0.26,0.3,53,60,2,43
2024-04-20,1.6230103156632192,4.4232859196333024e-05,1.8430357998472093,1.6104201695073028,0.7853784841897654,G6M2,g6m2_low_load,0.28,57,10,0.26,0.3,53,60,2,43
2024-04-21,1.6230545485224155,4.4232859196333024e-05,1.8430357998472093,1.6104201695073028,0.7853784841897654,G6M2,g6m2_low_load,0.28,57,10,0.26,0.3,53,60,2,43
2024-04-22,1.6230987813816118,4.4232859196333024e-05,1.8430357998472093,1.6104201695073028,0.7853784841897654,G6M2,g6m2_low_load,0.28,57,10,0.26,0.3,53,60,2,43
2024-04-23,1.623143014240808,4.4232859196333024e-05,1.8430357998472093,1.6104201695073028,0.7853784841897654,G6M2,g6m2_low_load,0.28,57,10,0.26,0.3,53,60,2,43
2024-04-24,1.6231872471000044,4.4232859196333024e-05,1.8430357998472093,1.6104201695073028,0.7853784841897654,G6M2,g6m2_low_load,0.28,57,10,0.26,0.3,53,60,2,43
2024-04-25,1.6232314799592007,4.4232859196333024e-05,1.8430357998472093,1.6104201695073028,0.7853784841897654,G6M2,g6m2_low_load,0.28,57,10,0.26,0.3,53,60,2,43
2024-04-26,1.623275712818397,4.4232859196333024e-05,1.8430357998472093,1.6104201695073028,0.7853784841897654,G6M2,g6m2_low_load,0.28,57,10,0.26,0.3,53,60,2,43
2024-04-27,1.6233199456775933,4.4232859196333024e-05,1.8430357998472093,1.6104201695073028,0.7853784841897654,G6M2,g6m2_low_load,0.28,57,10,0.26,0.3,53,60,2,43
2024-04-28,1.6233641785367898,4.4232859196333024e-05,1.8430357998472093,1.6104201695073028,0.7853784841897654,G6M2,g6m2_low_load,0.28,57,10,0.26,0.3,53,60,2,43
2024-04-29,1.6234084113959861,4.4232859196333024e-05,1.8430357998472093,1.6104201695073028,0.7853784841897654,G6M2,g6m2_low_load,0.28,57,10,0.26,0.3,53,60,2,43
2024-04-30,1.6234526442551824,4.4232859196333024e-05,1.8430357998472093,1.6104201695073028,0.7853784841897654,G6M2,g6m2_low_load,0.28,57,10,0.26,0.3,53,60,2,43
2024-05-01,1.6234968771143787,4.4232859196333024e-05,1.8430357998472093,1.6104201695073028,0.7853784841897654,G6M2,g6m2_low_load,0.28,57,10,0.26,0.3,53,60,2,43
2024-05-02,1.623541109973575,4.4232859196333024e-05,1.8430357998472093,1.6104201695073028,0.7853784841897654,G6M2,g6m2_low_load,0.28,57,10,0.26,0.3,53,60,2,43
2024-05-03,1.6235853428327713,4.4232859196333024e-05,1.8430357998472093,1.6104201695073028,0.7853784841897654,G6M2,g6m2_low_load,0.28,57,10,0.26,0.3,53,60,2,43
2024-05-04,1.6236295756919676,4.4232859196333024e-05,1.8430357998472093,1.6104201695073028,0.7853784841897654,G6M2,g6m2_low_load,0.28,57,10,0.26,0.3,53,60,2,43
2024-05-05,1.6236738085511642,4.4232859196333024e-05,1.8430357998472093,1.6104201695073028,0.7853784841897654,G6M2,g6m2_low_load,0.28,57,10,0.26,0.3,53,60,2,43
2024-05-06,1.6237180414103605,4.4232859196333024e-05,1.8430357998472093,1.6104201695073028,0.7853784841897654,G6M2,g6m2_low_load,0.28,57,10,0.26,0.3,53,60,2,43
2024-05-07,1.6237622742695568,4.4232859196333024e-05,1.8430357998472093,1.6104201695073028,0.7853784841897654,G6M2,g6m2_low_load,0.28,57,10,0.26,0.3,53,60,2,43
2024-05-08,1.623806507128753,4.4232859196333024e-05,1.8430357998472093,1.6104201695073028,0.7853784841897654,G6M2,g6m2_low_load,0.28,57,10,0.26,0.3,53,60,2,43
2024-05-09,1.6238507399879494,4.4232859196333024e-05,1.8430357998472093,1.6104201695073028,0.7853784841897654,G6M2,g6m2_low_load,0.28,57,10,0.26,0.3,53,60,2,43
2024-05-10,1.6238949728471457,4.4232859196333024e-05,1.8430357998472093,1.6104201695073028,0.7853784841897654,G6M2,g6m2_low_load,0.28,57,10,0.26,0.3,53,60,2,43
2024-05-11,1.623939205706342,4.4232859196333024e-05,1.8430357998472093,1.6104201695073028,0.7853784841897654,G6M2,g6m2_low_load,0.28,57,10,0.26,0.3,53,60,2,43
2024-05-12,1.6239834385655385,4.4232859196333024e-05,1.8430357998472093,1.6104201695073028,0.7853784841897654,G6M2,g6m2_low_load,0.28,57,10,0.26,0.3,53,60,2,43
2024-05-13,1.6240276714247348,4.4232859196333024e-05,1.8430357998472093,1.6104201695073028,0.7853784841897654,G6M2,g6m2_low_load,0.28,57,10,0.26,0.3,53,60,2,43
2024-05-14,1.6240719042839311,4.4232859196333024e-05,1.8430357998472093,1.6104201695073028,0.7853784841897654,G6M2,g6m2_low_load,0.28,57,10,0.26,0.3,53,60,2,43
2024-05-15,1.6241161371431274,4.4232859196333024e-05,1.8430357998472093,1.6104201695073028,0.7853784841897654,G6M2,g6m2_low_load,0.28,57,10,0.26,0.3,53,60,2,43
2024-05-16,1.6241603700023237,4.4232859196333024e-05,1.8430357998472093,1.6104201695073028,0.7853784841897654,G6M2,g6m2_low_load,0.28,57,10,0.26,0.3,53,60,2,43
2024-05-17,1.62420460286152,4.4232859196333024e-05,1.8430357998472093,1.6104201695073028,0.7853784841897654,G6M2,g6m2_low_load,0.28,57,10,0.26,0.3,53,60,2,43
2024-05-18,1.6242488357207163,4.4232859196333024e-05,1.8430357998472093,1.6104201695073028,0.7853784841897654,G6M2,g6m2_low_load,0.28,57,10,0.26,0.3,53,60,2,43
2024-05-19,1.6242930685799128,4.4232859196333024e-05,1.8430357998472093,1.6104201695073028,0.7853784841897654,G6M2,g6m2_low_load,0.28,57,10,0.26,0.3,53,60,2,43
2024-05-20,1.6243373014391091,4.4232859196333024e-05,1.8430357998472093,1.6104201695073028,0.7853784841897654,G6M2,g6m2_low_load,0.28,57,10,0.26,0.3,53,60,2,43
2024-05-21,1.6243815342983055,4.4232859196333024e-05,1.8430357998472093,1.6104201695073028,0.7853784841897654,G6M2,g6m2_low_load,0.28,57,10,0.26,0.3,53,60,2,43
2024-05-22,1.6244257671575018,4.4232859196333024e-05,1.8430357998472093,1.6104201695073028,0.7853784841897654,G6M2,g6m2_low_load,0.28,57,10,0.26,0.3,53,60,2,43
2024-05-23,1.624470000016698,4.4232859196333024e-05,1.8430357998472093,1.6104201695073028,0.7853784841897654,G6M2,g6m2_low_load,0.28,57,10,0.26,0.3,53,60,2,43
2024-05-24,1.6245142328758944,4.4232859196333024e-05,1.8430357998472093,1.6104201695073028,0.7853784841897654,G6M2,g6m2_low_load,0.28,57,10,0.26,0.3,53,60,2,43
2024-05-25,1.6245584657350907,4.4232859196333024e-05,1.8430357998472093,1.6104201695073028,0.7853784841897654,G6M2,g6m2_low_load,0.28,57,10,0.26,0.3,53,60,2,43
2024-05-26,1.624602698594287,4.4232859196333024e-05,1.8430357998472093,1.6104201695073028,0.7853784841897654,G6M2,g6m2_low_load,0.28,57,10,0.26,0.3,53,60,2,43
2024-05-27,1.6246469314534835,4.4232859196333024e-05,1.8430357998472093,1.6104201695073028,0.7853784841897654,G6M2,g6m2_low_load,0.28,57,10,0.26,0.3,53,60,2,43
2024-05-28,1.6246911643126798,4.4232859196333024e-05,1.8430357998472093,1.6104201695073028,0.7853784841897654,G6M2,g6m2_low_load,0.28,57,10,0.26,0.3,53,60,2,43
2024-05-29,1.624735397171876,4.4232859196333024e-05,1.8430357998472093,1.6104201695073028,0.7853784841897654,G6M2,g6m2_low_load,0.28,57,10,0.26,0.3,53,60,2,43
2024-05-30,1.6247796300310724,4.4232859196333024e-05,1.8430357998472093,1.6104201695073028,0.7853784841897654,G6M2,g6m2_low_load,0.28,57,10,0.26,0.3,53,60,2,43
2024-05-31,1.6248238628902687,4.4232859196333024e-05,1.8430357998472093,1.6104201695073028,0.7853784841897654,G6M2,g6m2_low_load,0.28,57,10,0.26,0.3,53,60,2,43
2024-06-01,1.624868095749465,4.4232859196333024e-05,1.8430357998472093,1.6104201695073028,0.7853784841897654,G6M2,g6m2_low_load,0.28,57,10,0.26,0.3,53,60,2,43
2024-06-02,1.6249123286086613,4.4232859196333024e-05,1.8430357998472093,1.6104201695073028,0.7853784841897654,G6M2,g6m2_low_load,0.28,57,10,0.26,0.3,53,60,2,43
2024-06-03,1.6249565614678578,4.4232859196333024e-05,1.8430357998472093,1.6104201695073028,0.7853784841897654,G6M2,g6m2_low_load,0.28,57,10,0.26,0.3,53,60,2,43
2024-06-04,1.6250007943270541,4.4232859196333024e-05,1.8430357998472093,1.6104201695073028,0.7853784841897654,G6M2,g6m2_low_load,0.28,57,10,0.26,0.3,53,60,2,43
2024-06-05,1.6250450271862504,4.4232859196333024e-05,1.8430357998472093,1.6104201695073028,0.7853784841897654,G6M2,g6m2_low_load,0.28,57,10,0.26,0.3,53,60,2,43
2024-06-06,1.6250892600454467,4.4232859196333024e-05,1.8430357998472093,1.6104201695073028,0.7853784841897654,G6M2,g6m2_low_load,0.28,57,10,0.26,0.3,53,60,2,43
2024-06-07,1.625133492904643,4.4232859196333024e-05,1.8430357998472093,1.6104201695073028,0.7853784841897654,G6M2,g6m2_low_load,0.28,57,10,0.26,0.3,53,60,2,43
2024-06-08,1.6251777257638393,4.4232859196333024e-05,1.8430357998472093,1.6104201695073028,0.7853784841897654,G6M2,g6m2_low_load,0.28,57,10,0.26,0.3,53,60,2,43
2024-06-09,1.6252219586230356,4.4232859196333024e-05,1.8430357998472093,1.6104201695073028,0.7853784841897654,G6M2,g6m2_low_load,0.28,57,10,0.26,0.3,53,60,2,43
2024-06-10,1.6252661914822322,4.4232859196333024e-05,1.8430357998472093,1.6104201695073028,0.7853784841897654,G6M2,g6m2_low_load,0.28,57,10,0.26,0.3,53,60,2,43
2024-06-11,1.6253104243414285,4.4232859196333024e-05,1.8430357998472093,1.6104201695073028,0.7853784841897654,G6M2,g6m2_low_load,0.28,57,10,0.26,0.3,53,60,2,43
2024-06-12,1.6253546572006248,4.4232859196333024e-05,1.8430357998472093,1.6104201695073028,0.7853784841897654,G6M2,g6m2_low_load,0.28,57,10,0.26,0.3,53,60,2,43
2024-06-13,1.625398890059821,4.4232859196333024e-05,1.8430357998472093,1.6104201695073028,0.7853784841897654,G6M2,g6m2_low_load,0.28,57,10,0.26,0.3,53,60,2,43
2024-06-14,1.6254431229190174,4.4232859196333024e-05,1.8430357998472093,1.6104201695073028,0.7853784841897654,G6M2,g6m2_low_load,0.28,57,10,0.26,0.3,53,60,2,43
2024-06-15,1.6254873557782137,4.4232859196333024e-05,1.8430357998472093,1.6104201695073028,0.7853784841897654,G6M2,g6m2_low_load,0.28,57,10,0.26,0.3,53,60,2,43
2024-06-16,1.62553158863741,4.4232859196333024e-05,1.8430357998472093,1.6104201695073028,0.7853784841897654,G6M2,g6m2_low_load,0.28,57,10,0.26,0.3,53,60,2,43
2024-06-17,1.6255758214966063,4.4232859196333024e-05,1.8430357998472093,1.6104201695073028,0.7853784841897654,G6M2,g6m2_low_load,0.28,57,10,0.26,0.3,53,60,2,43
2024-06-18,1.6256200543558028,4.4232859196333024e-05,1.8430357998472093,1.6104201695073028,0.7853784841897654,G6M2,g6m2_low_load,0.28,57,10,0.26,0.3,53,60,2,43
2024-06-19,1.6256642872149991,4.4232859196333024e-05,1.8430357998472093,1.6104201695073028,0.7853784841897654,G6M2,g6m2_low_load,0.28,57,10,0.26,0.3,53,60,2,43
2024-06-20,1.6257085200741954,4.4232859196333024e-05,1.8430357998472093,1.6104201695073028,0.7853784841897654,G6M2,g6m2_low_load,0.28,57,10,0.26,0.3,53,60,2,43
2024-06-21,1.6257527529333917,4.4232859196333024e-05,1.8430357998472093,1.6104201695073028,0.7853784841897654,G6M2,g6m2_low_load,0.28,57,10,0.26,0.3,53,60,2,43
2024-06-22,1.625796985792588,4.4232859196333024e-05,1.8430357998472093,1.6104201695073028,0.7853784841897654,G6M2,g6m2_low_load,0.28,57,10,0.26,0.3,53,60,2,43
2024-06-23,1.6258412186517843,4.4232859196333024e-05,1.8430357998472093,1.6104201695073028,0.7853784841897654,G6M2,g6m2_low_load,0.28,57,10,0.26,0.3,53,60,2,43
2024-06-24,1.6258854515109806,4.4232859196333024e-05,1.8430357998472093,1.6104201695073028,0.7853784841897654,G6M2,g6m2_low_load,0.28,57,10,0.26,0.3,53,60,2,43
2024-06-25,1.6259296843701772,4.4232859196333024e-05,1.8430357998472093,1.6104201695073028,0.7853784841897654,G6M2,g6m2_low_load,0.28,57,10,0.26,0.3,53,60,2,43
2024-06-26,1.6259739172293735,4.4232859196333024e-05,1.8430357998472093,1.6104201695073028,0.7853784841897654,G6M2,g6m2_low_load,0.28,57,10,0.26,0.3,53,60,2,43
2024-06-27,1.6260181500885698,4.4232859196333024e-05,1.8430357998472093,1.6104201695073028,0.7853784841897654,G6M2,g6m2_low_load,0.28,57,10,0.26,0.3,53,60,2,43
2024-06-28,1.626062382947766,4.4232859196333024e-05,1.8430357998472093,1.6104201695073028,0.7853784841897654,G6M2,g6m2_low_load,0.28,57,10,0.26,0.3,53,60,2,43
2024-06-29,1.6261066158069624,4.4232859196333024e-05,1.8430357998472093,1.6104201695073028,0.7853784841897654,G6M2,g6m2_low_load,0.28,57,10,0.26,0.3,53,60,2,43
2024-06-30,1.6261508486661587,4.4232859196333024e-05,1.8430357998472093,1.6104201695073028,0.7853784841897654,G6M2,g6m2_low_load,0.28,57,10,0.26,0.3,53,60,2,43
2024-07-01,1.626195081525355,4.4232859196333024e-05,1.8430357998472093,1.6104201695073028,0.7853784841897654,G6M2,g6m2_low_load,0.28,57,10,0.26,0.3,53,60,2,43
2024-07-02,1.6262393143845515,4.4232859196333024e-05,1.8430357998472093,1.6104201695073028,0.7853784841897654,G6M2,g6m2_low_load,0.28,57,10,0.26,0.3,53,60,2,43
2024-07-03,1.6262835472437478,4.4232859196333024e-05,1.8430357998472093,1.6104201695073028,0.7853784841897654,G6M2,g6m2_low_load,0.28,57,10,0.26,0.3,53,60,2,43
2024-07-04,1.626327780102944,4.4232859196333024e-05,1.8430357998472093,1.6104201695073028,0.7853784841897654,G6M2,g6m2_low_load,0.28,57,10,0.26,0.3,53,60,2,43
2024-07-05,1.6263720129621404,4.4232859196333024e-05,1.8430357998472093,1.6104201695073028,0.7853784841897654,G6M2,g6m2_low_load,0.28,57,10,0.26,0.3,53,60,2,43
2024-07-06,1.6264162458213367,4.4232859196333024e-05,1.8430357998472093,1.6104201695073028,0.7853784841897654,G6M2,g6m2_low_load,0.28,57,10,0.26,0.3,53,60,2,43
2024-07-07,1.626460478680533,4.4232859196333024e-05,1.8430357998472093,1.6104201695073028,0.7853784841897654,G6M2,g6m2_low_load,0.28,57,10,0.26,0.3,53,60,2,43
2024-07-08,1.6265047115397293,4.4232859196333024e-05,1.8430357998472093,1.6104201695073028,0.7853784841897654,G6M2,g6m2_low_load,0.28,57,10,0.26,0.3,53,60,2,43
2024-07-09,1.6265489443989258,4.4232859196333024e-05,1.8430357998472093,1.6104201695073028,0.7853784841897654,G6M2,g6m2_low_load,0.28,57,10,0.26,0.3,53,60,2,43
2024-07-10,1.6265931772581221,4.4232859196333024e-05,1.8430357998472093,1.6104201695073028,0.7853784841897654,G6M2,g6m2_low_load,0.28,57,10,0.26,0.3,53,60,2,43
2024-07-11,1.6266374101173184,4.4232859196333024e-05,1.8430357998472093,1.6104201695073028,0.7853784841897654,G6M2,g6m2_low_load,0.28,57,10,0.26,0.3,53,60,2,43
2024-07-12,1.6266816429765147,4.4232859196333024e-05,1.8430357998472093,1.6104201695073028,0.7853784841897654,G6M2,g6m2_low_load,0.28,57,10,0.26,0.3,53,60,2,43
2024-07-13,1.626725875835711,4.4232859196333024e-05,1.8430357998472093,1.6104201695073028,0.7853784841897654,G6M2,g6m2_low_load,0.28,57,10,0.26,0.3,53,60,2,43
2024-07-14,1.6267701086949073,4.4232859196333024e-05,1.8430357998472093,1.6104201695073028,0.7853784841897654,G6M2,g6m2_low_load,0.28,57,10,0.26,0.3,53,60,2,43
2024-07-15,1.6268143415541036,4.4232859196333024e-05,1.8430357998472093,1.6104201695073028,0.7853784841897654,G6M2,g6m2_low_load,0.28,57,10,0.26,0.3,53,60,2,43
2024-07-16,1.6268585744133,4.4232859196333024e-05,1.8430357998472093,1.6104201695073028,0.7853784841897654,G6M2,g6m2_low_load,0.28,57,10,0.26,0.3,53,60,2,43
2024-07-17,1.6269028072724965,4.4232859196333024e-05,1.8430357998472093,1.6104201695073028,0.7853784841897654,G6M2,g6m2_low_load,0.28,57,10,0.26,0.3,53,60,2,43
2024-07-18,1.6269470401316928,4.4232859196333024e-05,1.8430357998472093,1.6104201695073028,0.7853784841897654,G6M2,g6m2_low_load,0.28,57,10,0.26,0.3,53,60,2,43
2024-07-19,1.626991272990889,4.4232859196333024e-05,1.8430357998472093,1.6104201695073028,0.7853784841897654,G6M2,g6m2_low_load,0.28,57,10,0.26,0.3,53,60,2,43
2024-07-20,1.6270355058500854,4.4232859196333024e-05,1.8430357998472093,1.6104201695073028,0.7853784841897654,G6M2,g6m2_low_load,0.28,57,10,0.26,0.3,53,60,2,43
2024-07-21,1.6270797387092817,4.4232859196333024e-05,1.8430357998472093,1.6104201695073028,0.7853784841897654,G6M2,g6m2_low_load,0.28,57,10,0.26,0.3,53,60,2,43
2024-07-22,1.627123971568478,4.4232859196333024e-05,1.8430357998472093,1.6104201695073028,0.7853784841897654,G6M2,g6m2_low_load,0.28,57,10,0.26,0.3,53,60,2,43
2024-07-23,1.6271682044276743,4.4232859196333024e-05,1.8430357998472093,1.6104201695073028,0.7853784841897654,G6M2,g6m2_low_load,0.28,57,10,0.26,0.3,53,60,2,43
2024-07-24,1.6272124372868708,4.4232859196333024e-05,1.8430357998472093,1.6104201695073028,0.7853784841897654,G6M2,g6m2_low_load,0.28,57,10,0.26,0.3,53,60,2,43
2024-07-25,1.6272566701460671,4.4232859196333024e-05,1.8430357998472093,1.6104201695073028,0.7853784841897654,G6M2,g6m2_low_load,0.28,57,10,0.26,0.3,53,60,2,43
2024-07-26,1.6273009030052634,4.4232859196333024e-05,1.8430357998472093,1.6104201695073028,0.7853784841897654,G6M2,g6m2_low_load,0.28,57,10,0.26,0.3,53,60,2,43
2024-07-27,1.6273451358644597,4.4232859196333024e-05,1.8430357998472093,1.6104201695073028,0.7853784841897654,G6M2,g6m2_low_load,0.28,57,10,0.26,0.3,53,60,2,43
2024-07-28,1.627389368723656,4.4232859196333024e-05,1.8430357998472093,1.6104201695073028,0.7853784841897654,G6M2,g6m2_low_load,0.28,57,10,0.26,0.3,53,60,2,43
2024-07-29,1.6274336015828523,4.4232859196333024e-05,1.8430357998472093,1.6104201695073028,0.7853784841897654,G6M2,g6m2_low_load,0.28,57,10,0.26,0.3,53,60,2,43
2024-07-30,1.6274778344420486,4.4232859196333024e-05,1.8430357998472093,1.6104201695073028,0.7853784841897654,G6M2,g6m2_low_load,0.28,57,10,0.26,0.3,53,60,2,43
2024-07-31,1.6275220673012452,4.4232859196333024e-05,1.8430357998472093,1.6104201695073028,0.7853784841897654,G6M2,g6m2_low_load,0.28,57,10,0.26,0.3,53,60,2,43
2024-08-01,1.6275663001604415,4.4232859196333024e-05,1.8430357998472093,1.6104201695073028,0.7853784841897654,G6M2,g6m2_low_load,0.28,57,10,0.26,0.3,53,60,2,43
2024-08-02,1.6276105330196378,4.4232859196333024e-05,1.8430357998472093,1.6104201695073028,0.7853784841897654,G6M2,g6m2_low_load,0.28,57,10,0.26,0.3,53,60,2,43
2024-08-03,1.627654765878834,4.4232859196333024e-05,1.8430357998472093,1.6104201695073028,0.7853784841897654,G6M2,g6m2_low_load,0.28,57,10,0.26,0.3,53,60,2,43
2024-08-04,1.6276989987380304,4.4232859196333024e-05,1.8430357998472093,1.6104201695073028,0.7853784841897654,G6M2,g6m2_low_load,0.28,57,10,0.26,0.3,53,60,2,43
2024-08-05,1.6277432315972267,4.4232859196333024e-05,1.8430357998472093,1.6104201695073028,0.7853784841897654,G6M2,g6m2_low_load,0.28,57,10,0.26,0.3,53,60,2,43
2024-08-06,1.627787464456423,4.4232859196333024e-05,1.8430357998472093,1.6104201695073028,0.7853784841897654,G6M2,g6m2_low_load,0.28,57,10,0.26,0.3,53,60,2,43
2024-08-07,1.6278316973156193,4.4232859196333024e-05,1.8430357998472093,1.6104201695073028,0.7853784841897654,G6M2,g6m2_low_load,0.28,57,10,0.26,0.3,53,60,2,43
2024-08-08,1.6278759301748158,4.4232859196333024e-05,1.8430357998472093,1.6104201695073028,0.7853784841897654,G6M2,g6m2_low_load,0.28,57,10,0.26,0.3,53,60,2,43
2024-08-09,1.627920163034012,4.4232859196333024e-05,1.8430357998472093,1.6104201695073028,0.7853784841897654,G6M2,g6m2_low_load,0.28,57,10,0.26,0.3,53,60,2,43
2024-08-10,1.6279643958932084,4.4232859196333024e-05,1.8430357998472093,1.6104201695073028,0.7853784841897654,G6M2,g6m2_low_load,0.28,57,10,0.26,0.3,53,60,2,43
2024-08-11,1.6280086287524047,4.4232859196333024e-05,1.8430357998472093,1.6104201695073028,0.7853784841897654,G6M2,g6m2_low_load,0.28,57,10,0.26,0.3,53,60,2,43
2024-08-12,1.628052861611601,4.4232859196333024e-05,1.8430357998472093,1.6104201695073028,0.7853784841897654,G6M2,g6m2_low_load,0.28,57,10,0.26,0.3,53,60,2,43
2024-08-13,1.6280970944707973,4.4232859196333024e-05,1.8430357998472093,1.6104201695073028,0.7853784841897654,G6M2,g6m2_low_load,0.28,57,10,0.26,0.3,53,60,2,43
2024-08-14,1.6281413273299936,4.4232859196333024e-05,1.8430357998472093,1.6104201695073028,0.7853784841897654,G6M2,g6m2_low_load,0.28,57,10,0.26,0.3,53,60,2,43
2024-08-15,1.6281855601891901,4.4232859196333024e-05,1.8430357998472093,1.6104201695073028,0.7853784841897654,G6M2,g6m2_low_load,0.28,57,10,0.26,0.3,53,60,2,43
2024-08-16,1.6282297930483864,4.4232859196333024e-05,1.8430357998472093,1.6104201695073028,0.7853784841897654,G6M2,g6m2_low_load,0.28,57,10,0.26,0.3,53,60,2,43
2024-08-17,1.6282740259075827,4.4232859196333024e-05,1.8430357998472093,1.6104201695073028,0.7853784841897654,G6M2,g6m2_low_load,0.28,57,10,0.26,0.3,53,60,2,43
2024-08-18,1.628318258766779,4.4232859196333024e-05,1.8430357998472093,1.6104201695073028,0.7853784841897654,G6M2,g6m2_low_load,0.28,57,10,0.26,0.3,53,60,2,43
2024-08-19,1.6283624916259754,4.4232859196333024e-05,1.8430357998472093,1.6104201695073028,0.7853784841897654,G6M2,g6m2_low_load,0.28,57,10,0.26,0.3,53,60,2,43
2024-08-20,1.6284067244851717,4.4232859196333024e-05,1.8430357998472093,1.6104201695073028,0.7853784841897654,G6M2,g6m2_low_load,0.28,57,10,0.26,0.3,53,60,2,43
2024-08-21,1.628450957344368,4.4232859196333024e-05,1.8430357998472093,1.6104201695073028,0.7853784841897654,G6M2,g6m2_low_load,0.28,57,10,0.26,0.3,53,60,2,43
2024-08-22,1.6284951902035645,4.4232859196333024e-05,1.8430357998472093,1.6104201695073028,0.7853784841897654,G6M2,g6m2_low_load,0.28,57,10,0.26,0.3,53,60,2,43
2024-08-23,1.6285394230627608,4.4232859196333024e-05,1.8430357998472093,1.6104201695073028,0.7853784841897654,G6M2,g6m2_low_load,0.28,57,10,0.26,0.3,53,60,2,43
2024-08-24,1.628583655921957,4.4232859196333024e-05,1.8430357998472093,1.6104201695073028,0.7853784841897654,G6M2,g6m2_low_load,0.28,57,10,0.26,0.3,53,60,2,43
2024-08-25,1.6286278887811534,4.4232859196333024e-05,1.8430357998472093,1.6104201695073028,0.7853784841897654,G6M2,g6m2_low_load,0.28,57,10,0.26,0.3,53,60,2,43
2024-08-26,1.6286721216403497,4.4232859196333024e-05,1.8430357998472093,1.6104201695073028,0.7853784841897654,G6M2,g6m2_low_load,0.28,57,10,0.26,0.3,53,60,2,43
2024-08-27,1.628716354499546,4.4232859196333024e-05,1.8430357998472093,1.6104201695073028,0.7853784841897654,G6M2,g6m2_low_load,0.28,57,10,0.26,0.3,53,60,2,43
2024-08-28,1.6287605873587423,4.4232859196333024e-05,1.8430357998472093,1.6104201695073028,0.7853784841897654,G6M2,g6m2_low_load,0.28,57,10,0.26,0.3,53,60,2,43
2024-08-29,1.6288048202179386,4.4232859196333024e-05,1.8430357998472093,1.6104201695073028,0.7853784841897654,G6M2,g6m2_low_load,0.28,57,10,0.26,0.3,53,60,2,43
2024-08-30,1.6288490530771351,4.4232859196333024e-05,1.8430357998472093,1.6104201695073028,0.7853784841897654,G6M2,g6m2_low_load,0.28,57,10,0.26,0.3,53,60,2,43
2024-08-31,1.6288932859363314,4.4232859196333024e-05,1.8430357998472093,1.6104201695073028,0.7853784841897654,G6M2,g6m2_low_load,0.28,57,10,0.26,0.3,53,60,2,43
2024-09-01,1.6289375187955277,4.4232859196333024e-05,1.8430357998472093,1.6104201695073028,0.7853784841897654,G6M2,g6m2_low_load,0.28,57,10,0.26,0.3,53,60,2,43
2024-09-02,1.628981751654724,4.4232859196333024e-05,1.8430357998472093,1.6104201695073028,0.7853784841897654,G6M2,g6m2_low_load,0.28,57,10,0.26,0.3,53,60,2,43
2024-09-03,1.6290259845139203,4.4232859196333024e-05,1.8430357998472093,1.6104201695073028,0.7853784841897654,G6M2,g6m2_low_load,0.28,57,10,0.26,0.3,53,60,2,43
2024-09-04,1.6290702173731166,4.4232859196333024e-05,1.8430357998472093,1.6104201695073028,0.7853784841897654,G6M2,g6m2_low_load,0.28,57,10,0.26,0.3,53,60,2,43
2024-09-05,1.629114450232313,4.4232859196333024e-05,1.8430357998472093,1.6104201695073028,0.7853784841897654,G6M2,g6m2_low_load,0.28,57,10,0.26,0.3,53,60,2,43
2024-09-06,1.6291586830915095,4.4232859196333024e-05,1.8430357998472093,1.6104201695073028,0.7853784841897654,G6M2,g6m2_low_load,0.28,57,10,0.26,0.3,53,60,2,43
2024-09-07,1.6292029159507058,4.4232859196333024e-05,1.8430357998472093,1.6104201695073028,0.7853784841897654,G6M2,g6m2_low_load,0.28,57,10,0.26,0.3,53,60,2,43
2024-09-08,1.629247148809902,4.4232859196333024e-05,1.8430357998472093,1.6104201695073028,0.7853784841897654,G6M2,g6m2_low_load,0.28,57,10,0.26,0.3,53,60,2,43
2024-09-09,1.6292913816690984,4.4232859196333024e-05,1.8430357998472093,1.6104201695073028,0.7853784841897654,G6M2,g6m2_low_load,0.28,57,10,0.26,0.3,53,60,2,43
2024-09-10,1.6293356145282947,4.4232859196333024e-05,1.8430357998472093,1.6104201695073028,0.7853784841897654,G6M2,g6m2_low_load,0.28,57,10,0.26,0.3,53,60,2,43
2024-09-11,1.629379847387491,4.4232859196333024e-05,1.8430357998472093,1.6104201695073028,0.7853784841897654,G6M2,g6m2_low_load,0.28,57,10,0.26,0.3,53,60,2,43
2024-09-12,1.6294240802466873,4.4232859196333024e-05,1.8430357998472093,1.6104201695073028,0.7853784841897654,G6M2,g6m2_low_load,0.28,57,10,0.26,0.3,53,60,2,43
2024-09-13,1.6294683131058838,4.4232859196333024e-05,1.8430357998472093,1.6104201695073028,0.7853784841897654,G6M2,g6m2_low_load,0.28,57,10,0.26,0.3,53,60,2,43
2024-09-14,1.62951254596508,4.4232859196333024e-05,1.8430357998472093,1.6104201695073028,0.7853784841897654,G6M2,g6m2_low_load,0.28,57,10,0.26,0.3,53,60,2,43
2024-09-15,1.6295567788242764,4.4232859196333024e-05,1.8430357998472093,1.6104201695073028,0.7853784841897654,G6M2,g6m2_low_load,0.28,57,10,0.26,0.3,53,60,2,43
2024-09-16,1.6296010116834727,4.4232859196333024e-05,1.8430357998472093,1.6104201695073028,0.7853784841897654,G6M2,g6m2_low_load,0.28,57,10,0.26,0.3,53,60,2,43
2024-09-17,1.629645244542669,4.4232859196333024e-05,1.8430357998472093,1.6104201695073028,0.7853784841897654,G6M2,g6m2_low_load,0.28,57,10,0.26,0.3,53,60,2,43
2024-09-18,1.6296894774018653,4.4232859196333024e-05,1.8430357998472093,1.6104201695073028,0.7853784841897654,G6M2,g6m2_low_load,0.28,57,10,0.26,0.3,53,60,2,43
2024-09-19,1.6297337102610616,4.4232859196333024e-05,1.8430357998472093,1.6104201695073028,0.7853784841897654,G6M2,g6m2_low_load,0.28,57,10,0.26,0.3,53,60,2,43
2024-09-20,1.6297779431202581,4.4232859196333024e-05,1.8430357998472093,1.6104201695073028,0.7853784841897654,G6M2,g6m2_low_load,0.28,57,10,0.26,0.3,53,60,2,43
2024-09-21,1.6298221759794544,4.4232859196333024e-05,1.8430357998472093,1.6104201695073028,0.7853784841897654,G6M2,g6m2_low_load,0.28,57,10,0.26,0.3,53,60,2,43
2024-09-22,1.6298664088386507,4.4232859196333024e-05,1.8430357998472093,1.6104201695073028,0.7853784841897654,G6M2,g6m2_low_load,0.28,57,10,0.26,0.3,53,60,2,43
2024-09-23,1.629910641697847,4.4232859196333024e-05,1.8430357998472093,1.6104201695073028,0.7853784841897654,G6M2,g6m2_low_load,0.28,57,10,0.26,0.3,53,60,2,43
2024-09-24,1.6299548745570434,4.4232859196333024e-05,1.8430357998472093,1.6104201695073028,0.7853784841897654,G6M2,g6m2_low_load,0.28,57,10,0.26,0.3,53,60,2,43
2024-09-25,1.6299991074162397,4.4232859196333024e-05,1.8430357998472093,1.6104201695073028,0.7853784841897654,G6M2,g6m2_low_load,0.28,57,10,0.26,0.3,53,60,2,43
2024-09-26,1.630043340275436,4.4232859196333024e-05,1.8430357998472093,1.6104201695073028,0.7853784841897654,G6M2,g6m2_low_load,0.28,57,10,0.26,0.3,53,60,2,43
2024-09-27,1.6300875731346323,4.4232859196333024e-05,1.8430357998472093,1.6104201695073028,0.7853784841897654,G6M2,g6m2_low_load,0.28,57,10,0.26,0.3,53,60,2,43
2024-09-28,1.6301318059938288,4.4232859196333024e-05,1.8430357998472093,1.6104201695073028,0.7853784841897654,G6M2,g6m2_low_load,0.28,57,10,0.26,0.3,53,60,2,43
2024-09-29,1.630176038853025,4.4232859196333024e-05,1.8430357998472093,1.6104201695073028,0.7853784841897654,G6M2,g6m2_low_load,0.28,57,10,0.26,0.3,53,60,2,43
2024-09-30,1.6302202717122214,4.4232859196333024e-05,1.8430357998472093,1.6104201695073028,0.7853784841897654,G6M2,g6m2_low_load,0.28,57,10,0.26,0.3,53,60,2,43
2024-10-01,1.6302645045714177,4.4232859196333024e-05,1.8430357998472093,1.6104201695073028,0.7853784841897654,G6M2,g6m2_low_load,0.28,57,10,0.26,0.3,53,60,2,43
2024-10-02,1.630308737430614,4.4232859196333024e-05,1.8430357998472093,1.6104201695073028,0.7853784841897654,G6M2,g6m2_low_load,0.28,57,10,0.26,0.3,53,60,2,43
2024-10-03,1.6303529702898103,4.4232859196333024e-05,1.8430357998472093,1.6104201695073028,0.7853784841897654,G6M2,g6m2_low_load,0.28,57,10,0.26,0.3,53,60,2,43
2024-10-04,1.6303972031490066,4.4232859196333024e-05,1.8430357998472093,1.6104201695073028,0.7853784841897654,G6M2,g6m2_low_load,0.28,57,10,0.26,0.3,53,60,2,43
2024-10-05,1.6304414360082031,4.4232859196333024e-05,1.8430357998472093,1.6104201695073028,0.7853784841897654,G6M2,g6m2_low_load,0.28,57,10,0.26,0.3,53,60,2,43
2024-10-06,1.6304856688673994,4.4232859196333024e-05,1.8430357998472093,1.6104201695073028,0.7853784841897654,G6M2,g6m2_low_load,0.28,57,10,0.26,0.3,53,60,2,43
2024-10-07,1.6305299017265957,4.4232859196333024e-05,1.8430357998472093,1.6104201695073028,0.7853784841897654,G6M2,g6m2_low_load,0.28,57,10,0.26,0.3,53,60,2,43
2024-10-08,1.630574134585792,4.4232859196333024e-05,1.8430357998472093,1.6104201695073028,0.7853784841897654,G6M2,g6m2_low_load,0.28,57,10,0.26,0.3,53,60,2,43
2024-10-09,1.6306183674449883,4.4232859196333024e-05,1.8430357998472093,1.6104201695073028,0.7853784841897654,G6M2,g6m2_low_load,0.28,57,10,0.26,0.3,53,60,2,43
2024-10-10,1.6306626003041846,4.4232859196333024e-05,1.8430357998472093,1.6104201695073028,0.7853784841897654,G6M2,g6m2_low_load,0.28,57,10,0.26,0.3,53,60,2,43
2024-10-11,1.630706833163381,4.4232859196333024e-05,1.8430357998472093,1.6104201695073028,0.7853784841897654,G6M2,g6m2_low_load,0.28,57,10,0.26,0.3,53,60,2,43
2024-10-12,1.6307510660225775,4.4232859196333024e-05,1.8430357998472093,1.6104201695073028,0.7853784841897654,G6M2,g6m2_low_load,0.28,57,10,0.26,0.3,53,60,2,43
2024-10-13,1.6307952988817738,4.4232859196333024e-05,1.8430357998472093,1.6104201695073028,0.7853784841897654,G6M2,g6m2_low_load,0.28,57,10,0.26,0.3,53,60,2,43
2024-10-14,1.63083953174097,4.4232859196333024e-05,1.8430357998472093,1.6104201695073028,0.7853784841897654,G6M2,g6m2_low_load,0.28,57,10,0.26,0.3,53,60,2,43
2024-10-15,1.6308837646001664,4.4232859196333024e-05,1.8430357998472093,1.6104201695073028,0.7853784841897654,G6M2,g6m2_low_load,0.28,57,10,0.26,0.3,53,60,2,43
2024-10-16,1.6309279974593627,4.4232859196333024e-05,1.8430357998472093,1.6104201695073028,0.7853784841897654,G6M2,g6m2_low_load,0.28,57,10,0.26,0.3,53,60,2,43
2024-10-17,1.630972230318559,4.4232859196333024e-05,1.8430357998472093,1.6104201695073028,0.7853784841897654,G6M2,g6m2_low_load,0.28,57,10,0.26,0.3,53,60,2,43
2024-10-18,1.6310164631777553,4.4232859196333024e-05,1.8430357998472093,1.6104201695073028,0.7853784841897654,G6M2,g6m2_low_load,0.28,57,10,0.26,0.3,53,60,2,43
2024-10-19,1.6310606960369516,4.4232859196333024e-05,1.8430357998472093,1.6104201695073028,0.7853784841897654,G6M2,g6m2_low_load,0.28,57,10,0.26,0.3,53,60,2,43
2024-10-20,1.631104928896148,4.4232859196333024e-05,1.8430357998472093,1.6104201695073028,0.7853784841897654,G6M2,g6m2_low_load,0.28,57,10,0.26,0.3,53,60,2,43
2024-10-21,1.6311491617553444,4.4232859196333024e-05,1.8430357998472093,1.6104201695073028,0.7853784841897654,G6M2,g6m2_low_load,0.28,57,10,0.26,0.3,53,60,2,43
2024-10-22,1.6311933946145407,4.4232859196333024e-05,1.8430357998472093,1.6104201695073028,0.7853784841897654,G6M2,g6m2_low_load,0.28,57,10,0.26,0.3,53,60,2,43
2024-10-23,1.631237627473737,4.4232859196333024e-05,1.8430357998472093,1.6104201695073028,0.7853784841897654,G6M2,g6m2_low_load,0.28,57,10,0.26,0.3,53,60,2,43
2024-10-24,1.6312818603329333,4.4232859196333024e-05,1.8430357998472093,1.6104201695073028,0.7853784841897654,G6M2,g6m2_low_load,0.28,57,10,0.26,0.3,53,60,2,43
2024-10-25,1.6313260931921296,4.4232859196333024e-05,1.8430357998472093,1.6104201695073028,0.7853784841897654,G6M2,g6m2_low_load,0.28,57,10,0.26,0.3,53,60,2,43
2024-10-26,1.631370326051326,4.4232859196333024e-05,1.8430357998472093,1.6104201695073028,0.7853784841897654,G6M2,g6m2_low_load,0.28,57,10,0.26,0.3,53,60,2,43
2024-10-27,1.6314145589105224,4.4232859196333024e-05,1.8430357998472093,1.6104201695073028,0.7853784841897654,G6M2,g6m2_low_load,0.28,57,10,0.26,0.3,53,60,2,43
2024-10-28,1.6314587917697188,4.4232859196333024e-05,1.8430357998472093,1.6104201695073028,0.7853784841897654,G6M2,g6m2_low_load,0.28,57,10,0.26,0.3,53,60,2,43
2024-10-29,1.631503024628915,4.4232859196333024e-05,1.8430357998472093,1.6104201695073028,0.7853784841897654,G6M2,g6m2_low_load,0.28,57,10,0.26,0.3,53,60,2,43
2024-10-30,1.6315472574881114,4.4232859196333024e-05,1.8430357998472093,1.6104201695073028,0.7853784841897654,G6M2,g6m2_low_load,0.28,57,10,0.26,0.3,53,60,2,43
2024-10-31,1.6315914903473077,4.4232859196333024e-05,1.8430357998472093,1.6104201695073028,0.7853784841897654,G6M2,g6m2_low_load,0.28,57,10,0.26,0.3,53,60,2,43
2024-11-01,1.631635723206504,4.4232859196333024e-05,1.8430357998472093,1.6104201695073028,0.7853784841897654,G6M2,g6m2_low_load,0.28,57,10,0.26,0.3,53,60,2,43
2024-11-02,1.6316799560657003,4.4232859196333024e-05,1.8430357998472093,1.6104201695073028,0.7853784841897654,G6M2,g6m2_low_load,0.28,57,10,0.26,0.3,53,60,2,43
2024-11-03,1.6317241889248968,4.4232859196333024e-05,1.8430357998472093,1.6104201695073028,0.7853784841897654,G6M2,g6m2_low_load,0.28,57,10,0.26,0.3,53,60,2,43
2024-11-04,1.631768421784093,4.4232859196333024e-05,1.8430357998472093,1.6104201695073028,0.7853784841897654,G6M2,g6m2_low_load,0.28,57,10,0.26,0.3,53,60,2,43
2024-11-05,1.6318126546432894,4.4232859196333024e-05,1.8430357998472093,1.6104201695073028,0.7853784841897654,G6M2,g6m2_low_load,0.28,57,10,0.26,0.3,53,60,2,43
2024-11-06,1.6318568875024857,4.4232859196333024e-05,1.8430357998472093,1.6104201695073028,0.7853784841897654,G6M2,g6m2_low_load,0.28,57,10,0.26,0.3,53,60,2,43
2024-11-07,1.631901120361682,4.4232859196333024e-05,1.8430357998472093,1.6104201695073028,0.7853784841897654,G6M2,g6m2_low_load,0.28,57,10,0.26,0.3,53,60,2,43
2024-11-08,1.6319453532208783,4.4232859196333024e-05,1.8430357998472093,1.6104201695073028,0.7853784841897654,G6M2,g6m2_low_load,0.28,57,10,0.26,0.3,53,60,2,43
2024-11-09,1.6319895860800746,4.4232859196333024e-05,1.8430357998472093,1.6104201695073028,0.7853784841897654,G6M2,g6m2_low_load,0.28,57,10,0.26,0.3,53,60,2,43
2024-11-10,1.632033818939271,4.4232859196333024e-05,1.8430357998472093,1.6104201695073028,0.7853784841897654,G6M2,g6m2_low_load,0.28,57,10,0.26,0.3,53,60,2,43
2024-11-11,1.6320780517984674,4.4232859196333024e-05,1.8430357998472093,1.6104201695073028,0.7853784841897654,G6M2,g6m2_low_load,0.28,57,10,0.26,0.3,53,60,2,43
2024-11-12,1.6321222846576637,4.4232859196333024e-05,1.8430357998472093,1.6104201695073028,0.7853784841897654,G6M2,g6m2_low_load,0.28,57,10,0.26,0.3,53,60,2,43
2024-11-13,1.63216651751686,4.4232859196333024e-05,1.8430357998472093,1.6104201695073028,0.7853784841897654,G6M2,g6m2_low_load,0.28,57,10,0.26,0.3,53,60,2,43
2024-11-14,1.6322107503760563,4.4232859196333024e-05,1.8430357998472093,1.6104201695073028,0.7853784841897654,G6M2,g6m2_low_load,0.28,57,10,0.26,0.3,53,60,2,43
2024-11-15,1.6322549832352526,4.4232859196333024e-05,1.8430357998472093,1.6104201695073028,0.7853784841897654,G6M2,g6m2_low_load,0.28,57,10,0.26,0.3,53,60,2,43
2024-11-16,1.632299216094449,4.4232859196333024e-05,1.8430357998472093,1.6104201695073028,0.7853784841897654,G6M2,g6m2_low_load,0.28,57,10,0.26,0.3,53,60,2,43
2024-11-17,1.6323434489536452,4.4232859196333024e-05,1.8430357998472093,1.6104201695073028,0.7853784841897654,G6M2,g6m2_low_load,0.28,57,10,0.26,0.3,53,60,2,43
2024-11-18,1.6323876818128418,4.4232859196333024e-05,1.8430357998472093,1.6104201695073028,0.7853784841897654,G6M2,g6m2_low_load,0.28,57,10,0.26,0.3,53,60,2,43
2024-11-19,1.632431914672038,4.4232859196333024e-05,1.8430357998472093,1.6104201695073028,0.7853784841897654,G6M2,g6m2_low_load,0.28,57,10,0.26,0.3,53,60,2,43
2024-11-20,1.6324761475312344,4.4232859196333024e-05,1.8430357998472093,1.6104201695073028,0.7853784841897654,G6M2,g6m2_low_load,0.28,57,10,0.26,0.3,53,60,2,43
2024-11-21,1.6325203803904307,4.4232859196333024e-05,1.8430357998472093,1.6104201695073028,0.7853784841897654,G6M2,g6m2_low_load,0.28,57,10,0.26,0.3,53,60,2,43
2024-11-22,1.632564613249627,4.4232859196333024e-05,1.8430357998472093,1.6104201695073028,0.7853784841897654,G6M2,g6m2_low_load,0.28,57,10,0.26,0.3,53,60,2,43
2024-11-23,1.6326088461088233,4.4232859196333024e-05,1.8430357998472093,1.6104201695073028,0.7853784841897654,G6M2,g6m2_low_load,0.28,57,10,0.26,0.3,53,60,2,43
2024-11-24,1.6326530789680196,4.4232859196333024e-05,1.8430357998472093,1.6104201695073028,0.7853784841897654,G6M2,g6m2_low_load,0.28,57,10,0.26,0.3,53,60,2,43
2024-11-25,1.6326973118272161,4.4232859196333024e-05,1.8430357998472093,1.6104201695073028,0.7853784841897654,G6M2,g6m2_low_load,0.28,57,10,0.26,0.3,53,60,2,43
2024-11-26,1.6327415446864124,4.4232859196333024e-05,1.8430357998472093,1.6104201695073028,0.7853784841897654,G6M2,g6m2_low_load,0.28,57,10,0.26,0.3,53,60,2,43
2024-11-27,1.6327857775456087,4.4232859196333024e-05,1.8430357998472093,1.6104201695073028,0.7853784841897654,G6M2,g6m2_low_load,0.28,57,10,0.26,0.3,53,60,2,43
2024-11-28,1.632830010404805,4.4232859196333024e-05,1.8430357998472093,1.6104201695073028,0.7853784841897654,G6M2,g6m2_low_load,0.28,57,10,0.26,0.3,53,60,2,43
2024-11-29,1.6328742432640013,4.4232859196333024e-05,1.8430357998472093,1.6104201695073028,0.7853784841897654,G6M2,g6m2_low_load,0.28,57,10,0.26,0.3,53,60,2,43
2024-11-30,1.6329184761231976,4.4232859196333024e-05,1.8430357998472093,1.6104201695073028,0.7853784841897654,G6M2,g6m2_low_load,0.28,57,10,0.26,0.3,53,60,2,43
2024-12-01,1.632962708982394,4.4232859196333024e-05,1.8430357998472093,1.6104201695073028,0.7853784841897654,G6M2,g6m2_low_load,0.28,57,10,0.26,0.3,53,60,2,43
2024-12-02,1.6330069418415905,4.4232859196333024e-05,1.8430357998472093,1.6104201695073028,0.7853784841897654,G6M2,g6m2_low_load,0.28,57,10,0.26,0.3,53,60,2,43
2024-12-03,1.6330511747007868,4.4232859196333024e-05,1.8430357998472093,1.6104201695073028,0.7853784841897654,G6M2,g6m2_low_load,0.28,57,10,0.26,0.3,53,60,2,43
2024-12-04,1.633095407559983,4.4232859196333024e-05,1.8430357998472093,1.6104201695073028,0.7853784841897654,G6M2,g6m2_low_load,0.28,57,10,0.26,0.3,53,60,2,43
2024-12-05,1.6331396404191794,4.4232859196333024e-05,1.8430357998472093,1.6104201695073028,0.7853784841897654,G6M2,g6m2_low_load,0.28,57,10,0.26,0.3,53,60,2,43
2024-12-06,1.6331838732783757,4.4232859196333024e-05,1.8430357998472093,1.6104201695073028,0.7853784841897654,G6M2,g6m2_low_load,0.28,57,10,0.26,0.3,53,60,2,43
2024-12-07,1.633228106137572,4.4232859196333024e-05,1.8430357998472093,1.6104201695073028,0.7853784841897654,G6M2,g6m2_low_load,0.28,57,10,0.26,0.3,53,60,2,43
2024-12-08,1.6332723389967683,4.4232859196333024e-05,1.8430357998472093,1.6104201695073028,0.7853784841897654,G6M2,g6m2_low_load,0.28,57,10,0.26,0.3,53,60,2,43
2024-12-09,1.6333165718559646,4.4232859196333024e-05,1.8430357998472093,1.6104201695073028,0.7853784841897654,G6M2,g6m2_low_load,0.28,57,10,0.26,0.3,53,60,2,43
2024-12-10,1.633360804715161,4.4232859196333024e-05,1.8430357998472093,1.6104201695073028,0.7853784841897654,G6M2,g6m2_low_load,0.28,57,10,0.26,0.3,53,60,2,43
2024-12-11,1.6334050375743574,4.4232859196333024e-05,1.8430357998472093,1.6104201695073028,0.7853784841897654,G6M2,g6m2_low_load,0.28,57,10,0.26,0.3,53,60,2,43
2024-12-12,1.6334492704335537,4.4232859196333024e-05,1.8430357998472093,1.6104201695073028,0.7853784841897654,G6M2,g6m2_low_load,0.28,57,10,0.26,0.3,53,60,2,43
2024-12-13,1.63349350329275,4.4232859196333024e-05,1.8430357998472093,1.6104201695073028,0.7853784841897654,G6M2,g6m2_low_load,0.28,57,10,0.26,0.3,53,60,2,43
2024-12-14,1.6335377361519463,4.4232859196333024e-05,1.8430357998472093,1.6104201695073028,0.7853784841897654,G6M2,g6m2_low_load,0.28,57,10,0.26,0.3,53,60,2,43
2024-12-15,1.6335819690111426,4.4232859196333024e-05,1.8430357998472093,1.6104201695073028,0.7853784841897654,G6M2,g6m2_low_load,0.28,57,10,0.26,0.3,53,60,2,43
2024-12-16,1.633626201870339,4.4232859196333024e-05,1.8430357998472093,1.6104201695073028,0.7853784841897654,G6M2,g6m2_low_load,0.28,57,10,0.26,0.3,53,60,2,43
2024-12-17,1.6336704347295354,4.4232859196333024e-05,1.8430357998472093,1.6104201695073028,0.7853784841897654,G6M2,g6m2_low_load,0.28,57,10,0.26,0.3,53,60,2,43
2024-12-18,1.6337146675887317,4.4232859196333024e-05,1.8430357998472093,1.6104201695073028,0.7853784841897654,G6M2,g6m2_low_load,0.28,57,10,0.26,0.3,53,60,2,43
2024-12-19,1.633758900447928,4.4232859196333024e-05,1.8430357998472093,1.6104201695073028,0.7853784841897654,G6M2,g6m2_low_load,0.28,57,10,0.26,0.3,53,60,2,43
2024-12-20,1.6338031333071243,4.4232859196333024e-05,1.8430357998472093,1.6104201695073028,0.7853784841897654,G6M2,g6m2_low_load,0.28,57,10,0.26,0.3,53,60,2,43
2024-12-21,1.6338473661663206,4.4232859196333024e-05,1.8430357998472093,1.6104201695073028,0.7853784841897654,G6M2,g6m2_low_load,0.28,57,10,0.26,0.3,53,60,2,43
2024-12-22,1.633891599025517,4.4232859196333024e-05,1.8430357998472093,1.6104201695073028,0.7853784841897654,G6M2,g6m2_low_load,0.28,57,10,0.26,0.3,53,60,2,43
2024-12-23,1.6339358318847133,4.4232859196333024e-05,1.8430357998472093,1.6104201695073028,0.7853784841897654,G6M2,g6m2_low_load,0.28,57,10,0.26,0.3,53,60,2,43
2024-12-24,1.6339800647439098,4.4232859196333024e-05,1.8430357998472093,1.6104201695073028,0.7853784841897654,G6M2,g6m2_low_load,0.28,57,10,0.26,0.3,53,60,2,43
2024-12-25,1.634024297603106,4.4232859196333024e-05,1.8430357998472093,1.6104201695073028,0.7853784841897654,G6M2,g6m2_low_load,0.28,57,10,0.26,0.3,53,60,2,43
2024-12-26,1.6340685304623024,4.4232859196333024e-05,1.8430357998472093,1.6104201695073028,0.7853784841897654,G6M2,g6m2_low_load,0.28,57,10,0.26,0.3,53,60,2,43
2024-12-27,1.6341127633214987,4.4232859196333024e-05,1.8430357998472093,1.6104201695073028,0.7853784841897654,G6M2,g6m2_low_load,0.28,57,10,0.26,0.3,53,60,2,43
2024-12-28,1.634156996180695,4.4232859196333024e-05,1.8430357998472093,1.6104201695073028,0.7853784841897654,G6M2,g6m2_low_load,0.28,57,10,0.26,0.3,53,60,2,43
2024-12-29,1.6342012290398913,4.4232859196333024e-05,1.8430357998472093,1.6104201695073028,0.7853784841897654,G6M2,g6m2_low_load,0.28,57,10,0.26,0.3,53,60,2,43
2024-12-30,1.6342454618990876,4.4232859196333024e-05,1.8430357998472093,1.6104201695073028,0.7853784841897654,G6M2,g6m2_low_load,0.28,57,10,0.26,0.3,53,60,2,43
2024-12-31,1.634289694758284,4.4232859196333024e-05,1.8430357998472093,1.6104201695073028,0.7853784841897654,G6M2,g6m2_low_load,0.28,57,10,0.26,0.3,53,60,2,43
2025-01-01,1.6343339276174804,4.4232859196333024e-05,1.8430357998472093,1.6104201695073028,0.7853784841897654,G6M2,g6m2_low_load,0.28,57,10,0.26,0.3,53,60,2,43
2025-01-02,1.6343781604766767,4.4232859196333024e-05,1.8430357998472093,1.6104201695073028,0.7853784841897654,G6M2,g6m2_low_load,0.28,57,10,0.26,0.3,53,60,2,43
2025-01-03,1.634422393335873,4.4232859196333024e-05,1.8430357998472093,1.6104201695073028,0.7853784841897654,G6M2,g6m2_low_load,0.28,57,10,0.26,0.3,53,60,2,43
2025-01-04,1.6344666261950693,4.4232859196333024e-05,1.8430357998472093,1.6104201695073028,0.7853784841897654,G6M2,g6m2_low_load,0.28,57,10,0.26,0.3,53,60,2,43
2025-01-05,1.6345108590542656,4.4232859196333024e-05,1.8430357998472093,1.6104201695073028,0.7853784841897654,G6M2,g6m2_low_load,0.28,57,10,0.26,0.3,53,60,2,43
2025-01-06,1.634555091913462,4.4232859196333024e-05,1.8430357998472093,1.6104201695073028,0.7853784841897654,G6M2,g6m2_low_load,0.28,57,10,0.26,0.3,53,60,2,43
2025-01-07,1.6345993247726582,4.4232859196333024e-05,1.8430357998472093,1.6104201695073028,0.7853784841897654,G6M2,g6m2_low_load,0.28,57,10,0.26,0.3,53,60,2,43
2025-01-08,1.6346435576318548,4.4232859196333024e-05,1.8430357998472093,1.6104201695073028,0.7853784841897654,G6M2,g6m2_low_load,0.28,57,10,0.26,0.3,53,60,2,43
2025-01-09,1.634687790491051,4.4232859196333024e-05,1.8430357998472093,1.6104201695073028,0.7853784841897654,G6M2,g6m2_low_load,0.28,57,10,0.26,0.3,53,60,2,43
2025-01-10,1.6347320233502474,4.4232859196333024e-05,1.8430357998472093,1.6104201695073028,0.7853784841897654,G6M2,g6m2_low_load,0.28,57,10,0.26,0.3,53,60,2,43
2025-01-11,1.6347762562094437,4.4232859196333024e-05,1.8430357998472093,1.6104201695073028,0.7853784841897654,G6M2,g6m2_low_load,0.28,57,10,0.26,0.3,53,60,2,43
2025-01-12,1.63482048906864,4.4232859196333024e-05,1.8430357998472093,1.6104201695073028,0.7853784841897654,G6M2,g6m2_low_load,0.28,57,10,0.26,0.3,53,60,2,43
2025-01-13,1.6348647219278363,4.4232859196333024e-05,1.8430357998472093,1.6104201695073028,0.7853784841897654,G6M2,g6m2_low_load,0.28,57,10,0.26,0.3,53,60,2,43
2025-01-14,1.6349089547870326,4.4232859196333024e-05,1.8430357998472093,1.6104201695073028,0.7853784841897654,G6M2,g6m2_low_load,0.28,57,10,0.26,0.3,53,60,2,43
2025-01-15,1.634953187646229,4.4232859196333024e-05,1.8430357998472093,1.6104201695073028,0.7853784841897654,G6M2,g6m2_low_load,0.28,57,10,0.26,0.3,53,60,2,43
2025-01-16,1.6349974205054254,4.4232859196333024e-05,1.8430357998472093,1.6104201695073028,0.7853784841897654,G6M2,g6m2_low_load,0.28,57,10,0.26,0.3,53,60,2,43
2025-01-17,1.6350416533646217,4.4232859196333024e-05,1.8430357998472093,1.6104201695073028,0.7853784841897654,G6M2,g6m2_low_load,0.28,57,10,0.26,0.3,53,60,2,43
2025-01-18,1.635085886223818,4.4232859196333024e-05,1.8430357998472093,1.6104201695073028,0.7853784841897654,G6M2,g6m2_low_load,0.28,57,10,0.26,0.3,53,60,2,43
2025-01-19,1.6351301190830143,4.4232859196333024e-05,1.8430357998472093,1.6104201695073028,0.7853784841897654,G6M2,g6m2_low_load,0.28,57,10,0.26,0.3,53,60,2,43
2025-01-20,1.6351743519422106,4.4232859196333024e-05,1.8430357998472093,1.6104201695073028,0.7853784841897654,G6M2,g6m2_low_load,0.28,57,10,0.26,0.3,53,60,2,43
2025-01-21,1.635218584801407,4.4232859196333024e-05,1.8430357998472093,1.6104201695073028,0.7853784841897654,G6M2,g6m2_low_load,0.28,57,10,0.26,0.3,53,60,2,43
2025-01-22,1.6352628176606032,4.4232859196333024e-05,1.8430357998472093,1.6104201695073028,0.7853784841897654,G6M2,g6m2_low_load,0.28,57,10,0.26,0.3,53,60,2,43
2025-01-23,1.6353070505197997,4.4232859196333024e-05,1.8430357998472093,1.6104201695073028,0.7853784841897654,G6M2,g6m2_low_load,0.28,57,10,0.26,0.3,53,60,2,43
2025-01-24,1.635351283378996,4.4232859196333024e-05,1.8430357998472093,1.6104201695073028,0.7853784841897654,G6M2,g6m2_low_load,0.28,57,10,0.26,0.3,53,60,2,43
2025-01-25,1.6353955162381923,4.4232859196333024e-05,1.8430357998472093,1.6104201695073028,0.7853784841897654,G6M2,g6m2_low_load,0.28,57,10,0.26,0.3,53,60,2,43
2025-01-26,1.6354397490973887,4.4232859196333024e-05,1.8430357998472093,1.6104201695073028,0.7853784841897654,G6M2,g6m2_low_load,0.28,57,10,0.26,0.3,53,60,2,43
2025-01-27,1.635483981956585,4.4232859196333024e-05,1.8430357998472093,1.6104201695073028,0.7853784841897654,G6M2,g6m2_low_load,0.28,57,10,0.26,0.3,53,60,2,43
2025-01-28,1.6355282148157813,4.4232859196333024e-05,1.8430357998472093,1.6104201695073028,0.7853784841897654,G6M2,g6m2_low_load,0.28,57,10,0.26,0.3,53,60,2,43
2025-01-29,1.6355724476749776,4.4232859196333024e-05,1.8430357998472093,1.6104201695073028,0.7853784841897654,G6M2,g6m2_low_load,0.28,57,10,0.26,0.3,53,60,2,43
2025-01-30,1.635616680534174,4.4232859196333024e-05,1.8430357998472093,1.6104201695073028,0.7853784841897654,G6M2,g6m2_low_load,0.28,57,10,0.26,0.3,53,60,2,43
2025-01-31,1.6356609133933704,4.4232859196333024e-05,1.8430357998472093,1.6104201695073028,0.7853784841897654,G6M2,g6m2_low_load,0.28,57,10,0.26,0.3,53,60,2,43
2025-02-01,1.6357051462525667,4.4232859196333024e-05,1.8430357998472093,1.6104201695073028,0.7853784841897654,G6M2,g6m2_low_load,0.28,57,10,0.26,0.3,53,60,2,43
2025-02-02,1.635749379111763,4.4232859196333024e-05,1.8430357998472093,1.6104201695073028,0.7853784841897654,G6M2,g6m2_low_load,0.28,57,10,0.26,0.3,53,60,2,43
2025-02-03,1.6357936119709593,4.4232859196333024e-05,1.8430357998472093,1.6104201695073028,0.7853784841897654,G6M2,g6m2_low_load,0.28,57,10,0.26,0.3,53,60,2,43
2025-02-04,1.6358378448301556,4.4232859196333024e-05,1.8430357998472093,1.6104201695073028,0.7853784841897654,G6M2,g6m2_low_load,0.28,57,10,0.26,0.3,53,60,2,43
2025-02-05,1.635882077689352,4.4232859196333024e-05,1.8430357998472093,1.6104201695073028,0.7853784841897654,G6M2,g6m2_low_load,0.28,57,10,0.26,0.3,53,60,2,43
2025-02-06,1.6359263105485484,4.4232859196333024e-05,1.8430357998472093,1.6104201695073028,0.7853784841897654,G6M2,g6m2_low_load,0.28,57,10,0.26,0.3,53,60,2,43
2025-02-07,1.6359705434077447,4.4232859196333024e-05,1.8430357998472093,1.6104201695073028,0.7853784841897654,G6M2,g6m2_low_load,0.28,57,10,0.26,0.3,53,60,2,43
2025-02-08,1.636014776266941,4.4232859196333024e-05,1.8430357998472093,1.6104201695073028,0.7853784841897654,G6M2,g6m2_low_load,0.28,57,10,0.26,0.3,53,60,2,43
2025-02-09,1.6360590091261373,4.4232859196333024e-05,1.8430357998472093,1.6104201695073028,0.7853784841897654,G6M2,g6m2_low_load,0.28,57,10,0.26,0.3,53,60,2,43
2025-02-10,1.6361032419853336,4.4232859196333024e-05,1.8430357998472093,1.6104201695073028,0.7853784841897654,G6M2,g6m2_low_load,0.28,57,10,0.26,0.3,53,60,2,43
2025-02-11,1.63614747484453,4.4232859196333024e-05,1.8430357998472093,1.6104201695073028,0.7853784841897654,G6M2,g6m2_low_load,0.28,57,10,0.26,0.3,53,60,2,43
2025-02-12,1.6361917077037262,4.4232859196333024e-05,1.8430357998472093,1.6104201695073028,0.7853784841897654,G6M2,g6m2_low_load,0.28,57,10,0.26,0.3,53,60,2,43
2025-02-13,1.6362359405629228,4.4232859196333024e-05,1.8430357998472093,1.6104201695073028,0.7853784841897654,G6M2,g6m2_low_load,0.28,57,10,0.26,0.3,53,60,2,43
2025-02-14,1.636280173422119,4.4232859196333024e-05,1.8430357998472093,1.6104201695073028,0.7853784841897654,G6M2,g6m2_low_load,0.28,57,10,0.26,0.3,53,60,2,43
2025-02-15,1.6363244062813154,4.4232859196333024e-05,1.8430357998472093,1.6104201695073028,0.7853784841897654,G6M2,g6m2_low_load,0.28,57,10,0.26,0.3,53,60,2,43
2025-02-16,1.6363686391405117,4.4232859196333024e-05,1.8430357998472093,1.6104201695073028,0.7853784841897654,G6M2,g6m2_low_load,0.28,57,10,0.26,0.3,53,60,2,43
2025-02-17,1.636412871999708,4.4232859196333024e-05,1.8430357998472093,1.6104201695073028,0.7853784841897654,G6M2,g6m2_low_load,0.28,57,10,0.26,0.3,53,60,2,43
2025-02-18,1.6364571048589043,4.4232859196333024e-05,1.8430357998472093,1.6104201695073028,0.7853784841897654,G6M2,g6m2_low_load,0.28,57,10,0.26,0.3,53,60,2,43
2025-02-19,1.6365013377181006,4.4232859196333024e-05,1.8430357998472093,1.6104201695073028,0.7853784841897654,G6M2,g6m2_low_load,0.28,57,10,0.26,0.3,53,60,2,43
2025-02-20,1.6365455705772969,4.4232859196333024e-05,1.8430357998472093,1.6104201695073028,0.7853784841897654,G6M2,g6m2_low_load,0.28,57,10,0.26,0.3,53,60,2,43
2025-02-21,1.6365898034364934,4.4232859196333024e-05,1.8430357998472093,1.6104201695073028,0.7853784841897654,G6M2,g6m2_low_load,0.28,57,10,0.26,0.3,53,60,2,43
2025-02-22,1.6366340362956897,4.4232859196333024e-05,1.8430357998472093,1.6104201695073028,0.7853784841897654,G6M2,g6m2_low_load,0.28,57,10,0.26,0.3,53,60,2,43
2025-02-23,1.636678269154886,4.4232859196333024e-05,1.8430357998472093,1.6104201695073028,0.7853784841897654,G6M2,g6m2_low_load,0.28,57,10,0.26,0.3,53,60,2,43
2025-02-24,1.6367225020140823,4.4232859196333024e-05,1.8430357998472093,1.6104201695073028,0.7853784841897654,G6M2,g6m2_low_load,0.28,57,10,0.26,0.3,53,60,2,43
2025-02-25,1.6367667348732786,4.4232859196333024e-05,1.8430357998472093,1.6104201695073028,0.7853784841897654,G6M2,g6m2_low_load,0.28,57,10,0.26,0.3,53,60,2,43
2025-02-26,1.636810967732475,4.4232859196333024e-05,1.8430357998472093,1.6104201695073028,0.7853784841897654,G6M2,g6m2_low_load,0.28,57,10,0.26,0.3,53,60,2,43
2025-02-27,1.6368552005916712,4.4232859196333024e-05,1.8430357998472093,1.6104201695073028,0.7853784841897654,G6M2,g6m2_low_load,0.28,57,10,0.26,0.3,53,60,2,43
2025-02-28,1.6368994334508677,4.4232859196333024e-05,1.8430357998472093,1.6104201695073028,0.7853784841897654,G6M2,g6m2_low_load,0.28,57,10,0.26,0.3,53,60,2,43
2025-03-01,1.636943666310064,4.4232859196333024e-05,1.8430357998472093,1.6104201695073028,0.7853784841897654,G6M2,g6m2_low_load,0.28,57,10,0.26,0.3,53,60,2,43
2025-03-02,1.6369878991692604,4.4232859196333024e-05,1.8430357998472093,1.6104201695073028,0.7853784841897654,G6M2,g6m2_low_load,0.28,57,10,0.26,0.3,53,60,2,43
2025-03-03,1.6370321320284567,4.4232859196333024e-05,1.8430357998472093,1.6104201695073028,0.7853784841897654,G6M2,g6m2_low_load,0.28,57,10,0.26,0.3,53,60,2,43
2025-03-04,1.637076364887653,4.4232859196333024e-05,1.8430357998472093,1.6104201695073028,0.7853784841897654,G6M2,g6m2_low_load,0.28,57,10,0.26,0.3,53,60,2,43
2025-03-05,1.6371205977468493,4.4232859196333024e-05,1.8430357998472093,1.6104201695073028,0.7853784841897654,G6M2,g6m2_low_load,0.28,57,10,0.26,0.3,53,60,2,43
2025-03-06,1.6371648306060456,4.4232859196333024e-05,1.8430357998472093,1.6104201695073028,0.7853784841897654,G6M2,g6m2_low_load,0.28,57,10,0.26,0.3,53,60,2,43
2025-03-07,1.637209063465242,4.4232859196333024e-05,1.8430357998472093,1.6104201695073028,0.7853784841897654,G6M2,g6m2_low_load,0.28,57,10,0.26,0.3,53,60,2,43
2025-03-08,1.6372532963244384,4.4232859196333024e-05,1.8430357998472093,1.6104201695073028,0.7853784841897654,G6M2,g6m2_low_load,0.28,57,10,0.26,0.3,53,60,2,43
2025-03-09,1.6372975291836347,4.4232859196333024e-05,1.8430357998472093,1.6104201695073028,0.7853784841897654,G6M2,g6m2_low_load,0.28,57,10,0.26,0.3,53,60,2,43
2025-03-10,1.637341762042831,4.4232859196333024e-05,1.8430357998472093,1.6104201695073028,0.7853784841897654,G6M2,g6m2_low_load,0.28,57,10,0.26,0.3,53,60,2,43
2025-03-11,1.6373859949020273,4.4232859196333024e-05,1.8430357998472093,1.6104201695073028,0.7853784841897654,G6M2,g6m2_low_load,0.28,57,10,0.26,0.3,53,60,2,43
2025-03-12,1.6374302277612236,4.4232859196333024e-05,1.8430357998472093,1.6104201695073028,0.7853784841897654,G6M2,g6m2_low_load,0.28,57,10,0.26,0.3,53,60,2,43
2025-03-13,1.63747446062042,4.4232859196333024e-05,1.8430357998472093,1.6104201695073028,0.7853784841897654,G6M2,g6m2_low_load,0.28,57,10,0.26,0.3,53,60,2,43
2025-03-14,1.6375186934796162,4.4232859196333024e-05,1.8430357998472093,1.6104201695073028,0.7853784841897654,G6M2,g6m2_low_load,0.28,57,10,0.26,0.3,53,60,2,43
2025-03-15,1.6375629263388127,4.4232859196333024e-05,1.8430357998472093,1.6104201695073028,0.7853784841897654,G6M2,g6m2_low_load,0.28,57,10,0.26,0.3,53,60,2,43
2025-03-16,1.637607159198009,4.4232859196333024e-05,1.8430357998472093,1.6104201695073028,0.7853784841897654,G6M2,g6m2_low_load,0.28,57,10,0.26,0.3,53,60,2,43
2025-03-17,1.6376513920572053,4.4232859196333024e-05,1.8430357998472093,1.6104201695073028,0.7853784841897654,G6M2,g6m2_low_load,0.28,57,10,0.26,0.3,53,60,2,43
2025-03-18,1.6376956249164016,4.4232859196333024e-05,1.8430357998472093,1.6104201695073028,0.7853784841897654,G6M2,g6m2_low_load,0.28,57,10,0.26,0.3,53,60,2,43
2025-03-19,1.637739857775598,4.4232859196333024e-05,1.8430357998472093,1.6104201695073028,0.7853784841897654,G6M2,g6m2_low_load,0.28,57,10,0.26,0.3,53,60,2,43
2025-03-20,1.6377840906347942,4.4232859196333024e-05,1.8430357998472093,1.6104201695073028,0.7853784841897654,G6M2,g6m2_low_load,0.28,57,10,0.26,0.3,53,60,2,43
2025-03-21,1.6378283234939905,4.4232859196333024e-05,1.8430357998472093,1.6104201695073028,0.7853784841897654,G6M2,g6m2_low_load,0.28,57,10,0.26,0.3,53,60,2,43
2025-03-22,1.637872556353187,4.4232859196333024e-05,1.8430357998472093,1.6104201695073028,0.7853784841897654,G6M2,g6m2_low_load,0.28,57,10,0.26,0.3,53,60,2,43
2025-03-23,1.6379167892123834,4.4232859196333024e-05,1.8430357998472093,1.6104201695073028,0.7853784841897654,G6M2,g6m2_low_load,0.28,57,10,0.26,0.3,53,60,2,43
2025-03-24,1.6379610220715797,4.4232859196333024e-05,1.8430357998472093,1.6104201695073028,0.7853784841897654,G6M2,g6m2_low_load,0.28,57,10,0.26,0.3,53,60,2,43
2025-03-25,1.638005254930776,4.4232859196333024e-05,1.8430357998472093,1.6104201695073028,0.7853784841897654,G6M2,g6m2_low_load,0.28,57,10,0.26,0.3,53,60,2,43
2025-03-26,1.6380494877899723,4.4232859196333024e-05,1.8430357998472093,1.6104201695073028,0.7853784841897654,G6M2,g6m2_low_load,0.28,57,10,0.26,0.3,53,60,2,43
2025-03-27,1.6380937206491686,4.4232859196333024e-05,1.8430357998472093,1.6104201695073028,0.7853784841897654,G6M2,g6m2_low_load,0.28,57,10,0.26,0.3,53,60,2,43
2025-03-28,1.6381379535083649,4.4232859196333024e-05,1.8430357998472093,1.6104201695073028,0.7853784841897654,G6M2,g6m2_low_load,0.28,57,10,0.26,0.3,53,60,2,43
2025-03-29,1.6381821863675614,4.4232859196333024e-05,1.8430357998472093,1.6104201695073028,0.7853784841897654,G6M2,g6m2_low_load,0.28,57,10,0.26,0.3,53,60,2,43
2025-03-30,1.6382264192267577,4.4232859196333024e-05,1.8430357998472093,1.6104201695073028,0.7853784841897654,G6M2,g6m2_low_load,0.28,57,10,0.26,0.3,53,60,2,43
2025-03-31,1.638270652085954,4.4232859196333024e-05,1.8430357998472093,1.6104201695073028,0.7853784841897654,G6M2,g6m2_low_load,0.28,57,10,0.26,0.3,53,60,2,43
2025-04-01,1.6383148849451503,4.4232859196333024e-05,1.8430357998472093,1.6104201695073028,0.7853784841897654,G6M2,g6m2_low_load,0.28,57,10,0.26,0.3,53,60,2,43
2025-04-02,1.6383591178043466,4.4232859196333024e-05,1.8430357998472093,1.6104201695073028,0.7853784841897654,G6M2,g6m2_low_load,0.28,57,10,0.26,0.3,53,60,2,43
2025-04-03,1.638403350663543,4.4232859196333024e-05,1.8430357998472093,1.6104201695073028,0.7853784841897654,G6M2,g6m2_low_load,0.28,57,10,0.26,0.3,53,60,2,43
2025-04-04,1.6384475835227392,4.4232859196333024e-05,1.8430357998472093,1.6104201695073028,0.7853784841897654,G6M2,g6m2_low_load,0.28,57,10,0.26,0.3,53,60,2,43
2025-04-05,1.6384918163819355,4.4232859196333024e-05,1.8430357998472093,1.6104201695073028,0.7853784841897654,G6M2,g6m2_low_load,0.28,57,10,0.26,0.3,53,60,2,43
2025-04-06,1.638536049241132,4.4232859196333024e-05,1.8430357998472093,1.6104201695073028,0.7853784841897654,G6M2,g6m2_low_load,0.28,57,10,0.26,0.3,53,60,2,43
2025-04-07,1.6385802821003284,4.4232859196333024e-05,1.8430357998472093,1.6104201695073028,0.7853784841897654,G6M2,g6m2_low_load,0.28,57,10,0.26,0.3,53,60,2,43
2025-04-08,1.6386245149595247,4.4232859196333024e-05,1.8430357998472093,1.6104201695073028,0.7853784841897654,G6M2,g6m2_low_load,0.28,57,10,0.26,0.3,53,60,2,43
2025-04-09,1.638668747818721,4.4232859196333024e-05,1.8430357998472093,1.6104201695073028,0.7853784841897654,G6M2,g6m2_low_load,0.28,57,10,0.26,0.3,53,60,2,43
2025-04-10,1.6387129806779173,4.4232859196333024e-05,1.8430357998472093,1.6104201695073028,0.7853784841897654,G6M2,g6m2_low_load,0.28,57,10,0.26,0.3,53,60,2,43
2025-04-11,1.6387572135371136,4.4232859196333024e-05,1.8430357998472093,1.6104201695073028,0.7853784841897654,G6M2,g6m2_low_load,0.28,57,10,0.26,0.3,53,60,2,43
2025-04-12,1.6388014463963099,4.4232859196333024e-05,1.8430357998472093,1.6104201695073028,0.7853784841897654,G6M2,g6m2_low_load,0.28,57,10,0.26,0.3,53,60,2,43
2025-04-13,1.6388456792555064,4.4232859196333024e-05,1.8430357998472093,1.6104201695073028,0.7853784841897654,G6M2,g6m2_low_load,0.28,57,10,0.26,0.3,53,60,2,43
2025-04-14,1.6388899121147027,4.4232859196333024e-05,1.8430357998472093,1.6104201695073028,0.7853784841897654,G6M2,g6m2_low_load,0.28,57,10,0.26,0.3,53,60,2,43
2025-04-15,1.638934144973899,4.4232859196333024e-05,1.8430357998472093,1.6104201695073028,0.7853784841897654,G6M2,g6m2_low_load,0.28,57,10,0.26,0.3,53,60,2,43
2025-04-16,1.6389783778330953,4.4232859196333024e-05,1.8430357998472093,1.6104201695073028,0.7853784841897654,G6M2,g6m2_low_load,0.28,57,10,0.26,0.3,53,60,2,43
2025-04-17,1.6390226106922916,4.4232859196333024e-05,1.8430357998472093,1.6104201695073028,0.7853784841897654,G6M2,g6m2_low_load,0.28,57,10,0.26,0.3,53,60,2,43
2025-04-18,1.639066843551488,4.4232859196333024e-05,1.8430357998472093,1.6104201695073028,0.7853784841897654,G6M2,g6m2_low_load,0.28,57,10,0.26,0.3,53,60,2,43
2025-04-19,1.6391110764106842,4.4232859196333024e-05,1.8430357998472093,1.6104201695073028,0.7853784841897654,G6M2,g6m2_low_load,0.28,57,10,0.26,0.3,53,60,2,43
2025-04-20,1.6391553092698807,4.4232859196333024e-05,1.8430357998472093,1.6104201695073028,0.7853784841897654,G6M2,g6m2_low_load,0.28,57,10,0.26,0.3,53,60,2,43
2025-04-21,1.639199542129077,4.4232859196333024e-05,1.8430357998472093,1.6104201695073028,0.7853784841897654,G6M2,g6m2_low_load,0.28,57,10,0.26,0.3,53,60,2,43
2025-04-22,1.6392437749882733,4.4232859196333024e-05,1.8430357998472093,1.6104201695073028,0.7853784841897654,G6M2,g6m2_low_load,0.28,57,10,0.26,0.3,53,60,2,43
2025-04-23,1.6392880078474696,4.4232859196333024e-05,1.8430357998472093,1.6104201695073028,0.7853784841897654,G6M2,g6m2_low_load,0.28,57,10,0.26,0.3,53,60,2,43
2025-04-24,1.639332240706666,4.4232859196333024e-05,1.8430357998472093,1.6104201695073028,0.7853784841897654,G6M2,g6m2_low_load,0.28,57,10,0.26,0.3,53,60,2,43
2025-04-25,1.6393764735658622,4.4232859196333024e-05,1.8430357998472093,1.6104201695073028,0.7853784841897654,G6M2,g6m2_low_load,0.28,57,10,0.26,0.3,53,60,2,43
2025-04-26,1.6394207064250585,4.4232859196333024e-05,1.8430357998472093,1.6104201695073028,0.7853784841897654,G6M2,g6m2_low_load,0.28,57,10,0.26,0.3,53,60,2,43
2025-04-27,1.639464939284255,4.4232859196333024e-05,1.8430357998472093,1.6104201695073028,0.7853784841897654,G6M2,g6m2_low_load,0.28,57,10,0.26,0.3,53,60,2,43
2025-04-28,1.6395091721434514,4.4232859196333024e-05,1.8430357998472093,1.6104201695073028,0.7853784841897654,G6M2,g6m2_low_load,0.28,57,10,0.26,0.3,53,60,2,43
2025-04-29,1.6395534050026477,4.4232859196333024e-05,1.8430357998472093,1.6104201695073028,0.7853784841897654,G6M2,g6m2_low_load,0.28,57,10,0.26,0.3,53,60,2,43
2025-04-30,1.639597637861844,4.4232859196333024e-05,1.8430357998472093,1.6104201695073028,0.7853784841897654,G6M2,g6m2_low_load,0.28,57,10,0.26,0.3,53,60,2,43
2025-05-01,1.6396418707210403,4.4232859196333024e-05,1.8430357998472093,1.6104201695073028,0.7853784841897654,G6M2,g6m2_low_load,0.28,57,10,0.26,0.3,53,60,2,43
2025-05-02,1.6396861035802366,4.4232859196333024e-05,1.8430357998472093,1.6104201695073028,0.7853784841897654,G6M2,g6m2_low_load,0.28,57,10,0.26,0.3,53,60,2,43
2025-05-03,1.639730336439433,4.4232859196333024e-05,1.8430357998472093,1.6104201695073028,0.7853784841897654,G6M2,g6m2_low_load,0.28,57,10,0.26,0.3,53,60,2,43
2025-05-04,1.6397745692986292,4.4232859196333024e-05,1.8430357998472093,1.6104201695073028,0.7853784841897654,G6M2,g6m2_low_load,0.28,57,10,0.26,0.3,53,60,2,43
2025-05-05,1.6398188021578257,4.4232859196333024e-05,1.8430357998472093,1.6104201695073028,0.7853784841897654,G6M2,g6m2_low_load,0.28,57,10,0.26,0.3,53,60,2,43
2025-05-06,1.639863035017022,4.4232859196333024e-05,1.8430357998472093,1.6104201695073028,0.7853784841897654,G6M2,g6m2_low_load,0.28,57,10,0.26,0.3,53,60,2,43
2025-05-07,1.6399072678762183,4.4232859196333024e-05,1.8430357998472093,1.6104201695073028,0.7853784841897654,G6M2,g6m2_low_load,0.28,57,10,0.26,0.3,53,60,2,43
2025-05-08,1.6399515007354146,4.4232859196333024e-05,1.8430357998472093,1.6104201695073028,0.7853784841897654,G6M2,g6m2_low_load,0.28,57,10,0.26,0.3,53,60,2,43
2025-05-09,1.639995733594611,4.4232859196333024e-05,1.8430357998472093,1.6104201695073028,0.7853784841897654,G6M2,g6m2_low_load,0.28,57,10,0.26,0.3,53,60,2,43
2025-05-10,1.6400399664538072,4.4232859196333024e-05,1.8430357998472093,1.6104201695073028,0.7853784841897654,G6M2,g6m2_low_load,0.28,57,10,0.26,0.3,53,60,2,43
2025-05-11,1.6400841993130035,4.4232859196333024e-05,1.8430357998472093,1.6104201695073028,0.7853784841897654,G6M2,g6m2_low_load,0.28,57,10,0.26,0.3,53,60,2,43
2025-05-12,1.6401284321722,4.4232859196333024e-05,1.8430357998472093,1.6104201695073028,0.7853784841897654,G6M2,g6m2_low_load,0.28,57,10,0.26,0.3,53,60,2,43
2025-05-13,1.6401726650313964,4.4232859196333024e-05,1.8430357998472093,1.6104201695073028,0.7853784841897654,G6M2,g6m2_low_load,0.28,57,10,0.26,0.3,53,60,2,43
2025-05-14,1.6402168978905927,4.4232859196333024e-05,1.8430357998472093,1.6104201695073028,0.7853784841897654,G6M2,g6m2_low_load,0.28,57,10,0.26,0.3,53,60,2,43
2025-05-15,1.640261130749789,4.4232859196333024e-05,1.8430357998472093,1.6104201695073028,0.7853784841897654,G6M2,g6m2_low_load,0.28,57,10,0.26,0.3,53,60,2,43
2025-05-16,1.6403053636089853,4.4232859196333024e-05,1.8430357998472093,1.6104201695073028,0.7853784841897654,G6M2,g6m2_low_load,0.28,57,10,0.26,0.3,53,60,2,43
2025-05-17,1.6403495964681816,4.4232859196333024e-05,1.8430357998472093,1.6104201695073028,0.7853784841897654,G6M2,g6m2_low_load,0.28,57,10,0.26,0.3,53,60,2,43
2025-05-18,1.6403938293273779,4.4232859196333024e-05,1.8430357998472093,1.6104201695073028,0.7853784841897654,G6M2,g6m2_low_load,0.28,57,10,0.26,0.3,53,60,2,43
2025-05-19,1.6404380621865744,4.4232859196333024e-05,1.8430357998472093,1.6104201695073028,0.7853784841897654,G6M2,g6m2_low_load,0.28,57,10,0.26,0.3,53,60,2,43
2025-05-20,1.6404822950457707,4.4232859196333024e-05,1.8430357998472093,1.6104201695073028,0.7853784841897654,G6M2,g6m2_low_load,0.28,57,10,0.26,0.3,53,60,2,43
2025-05-21,1.640526527904967,4.4232859196333024e-05,1.8430357998472093,1.6104201695073028,0.7853784841897654,G6M2,g6m2_low_load,0.28,57,10,0.26,0.3,53,60,2,43
2025-05-22,1.6405707607641633,4.4232859196333024e-05,1.8430357998472093,1.6104201695073028,0.7853784841897654,G6M2,g6m2_low_load,0.28,57,10,0.26,0.3,53,60,2,43
2025-05-23,1.6406149936233596,4.4232859196333024e-05,1.8430357998472093,1.6104201695073028,0.7853784841897654,G6M2,g6m2_low_load,0.28,57,10,0.26,0.3,53,60,2,43
2025-05-24,1.640659226482556,4.4232859196333024e-05,1.8430357998472093,1.6104201695073028,0.7853784841897654,G6M2,g6m2_low_load,0.28,57,10,0.26,0.3,53,60,2,43
2025-05-25,1.6407034593417522,4.4232859196333024e-05,1.8430357998472093,1.6104201695073028,0.7853784841897654,G6M2,g6m2_low_load,0.28,57,10,0.26,0.3,53,60,2,43
2025-05-26,1.6407476922009485,4.4232859196333024e-05,1.8430357998472093,1.6104201695073028,0.7853784841897654,G6M2,g6m2_low_load,0.28,57,10,0.26,0.3,53,60,2,43
2025-05-27,1.640791925060145,4.4232859196333024e-05,1.8430357998472093,1.6104201695073028,0.7853784841897654,G6M2,g6m2_low_load,0.28,57,10,0.26,0.3,53,60,2,43
2025-05-28,1.6408361579193413,4.4232859196333024e-05,1.8430357998472093,1.6104201695073028,0.7853784841897654,G6M2,g6m2_low_load,0.28,57,10,0.26,0.3,53,60,2,43
2025-05-29,1.6408803907785376,4.4232859196333024e-05,1.8430357998472093,1.6104201695073028,0.7853784841897654,G6M2,g6m2_low_load,0.28,57,10,0.26,0.3,53,60,2,43
2025-05-30,1.640924623637734,4.4232859196333024e-05,1.8430357998472093,1.6104201695073028,0.7853784841897654,G6M2,g6m2_low_load,0.28,57,10,0.26,0.3,53,60,2,43
2025-05-31,1.6409688564969303,4.4232859196333024e-05,1.8430357998472093,1.6104201695073028,0.7853784841897654,G6M2,g6m2_low_load,0.28,57,10,0.26,0.3,53,60,2,43
2025-06-01,1.6410130893561266,4.4232859196333024e-05,1.8430357998472093,1.6104201695073028,0.7853784841897654,G6M2,g6m2_low_load,0.28,57,10,0.26,0.3,53,60,2,43
2025-06-02,1.6410573222153229,4.4232859196333024e-05,1.8430357998472093,1.6104201695073028,0.7853784841897654,G6M2,g6m2_low_load,0.28,57,10,0.26,0.3,53,60,2,43
2025-06-03,1.6411015550745194,4.4232859196333024e-05,1.8430357998472093,1.6104201695073028,0.7853784841897654,G6M2,g6m2_low_load,0.28,57,10,0.26,0.3,53,60,2,43
2025-06-04,1.6411457879337157,4.4232859196333024e-05,1.8430357998472093,1.6104201695073028,0.7853784841897654,G6M2,g6m2_low_load,0.28,57,10,0.26,0.3,53,60,2,43
2025-06-05,1.641190020792912,4.4232859196333024e-05,1.8430357998472093,1.6104201695073028,0.7853784841897654,G6M2,g6m2_low_load,0.28,57,10,0.26,0.3,53,60,2,43
2025-06-06,1.6412342536521083,4.4232859196333024e-05,1.8430357998472093,1.6104201695073028,0.7853784841897654,G6M2,g6m2_low_load,0.28,57,10,0.26,0.3,53,60,2,43
2025-06-07,1.6412784865113046,4.4232859196333024e-05,1.8430357998472093,1.6104201695073028,0.7853784841897654,G6M2,g6m2_low_load,0.28,57,10,0.26,0.3,53,60,2,43
2025-06-08,1.641322719370501,4.4232859196333024e-05,1.8430357998472093,1.6104201695073028,0.7853784841897654,G6M2,g6m2_low_load,0.28,57,10,0.26,0.3,53,60,2,43
2025-06-09,1.6413669522296972,4.4232859196333024e-05,1.8430357998472093,1.6104201695073028,0.7853784841897654,G6M2,g6m2_low_load,0.28,57,10,0.26,0.3,53,60,2,43
2025-06-10,1.6414111850888937,4.4232859196333024e-05,1.8430357998472093,1.6104201695073028,0.7853784841897654,G6M2,g6m2_low_load,0.28,57,10,0.26,0.3,53,60,2,43
2025-06-11,1.64145541794809,4.4232859196333024e-05,1.8430357998472093,1.6104201695073028,0.7853784841897654,G6M2,g6m2_low_load,0.28,57,10,0.26,0.3,53,60,2,43
2025-06-12,1.6414996508072863,4.4232859196333024e-05,1.8430357998472093,1.6104201695073028,0.7853784841897654,G6M2,g6m2_low_load,0.28,57,10,0.26,0.3,53,60,2,43
2025-06-13,1.6415438836664826,4.4232859196333024e-05,1.8430357998472093,1.6104201695073028,0.7853784841897654,G6M2,g6m2_low_load,0.28,57,10,0.26,0.3,53,60,2,43
2025-06-14,1.641588116525679,4.4232859196333024e-05,1.8430357998472093,1.6104201695073028,0.7853784841897654,G6M2,g6m2_low_load,0.28,57,10,0.26,0.3,53,60,2,43
2025-06-15,1.6416323493848752,4.4232859196333024e-05,1.8430357998472093,1.6104201695073028,0.7853784841897654,G6M2,g6m2_low_load,0.28,57,10,0.26,0.3,53,60,2,43
2025-06-16,1.6416765822440715,4.4232859196333024e-05,1.8430357998472093,1.6104201695073028,0.7853784841897654,G6M2,g6m2_low_load,0.28,57,10,0.26,0.3,53,60,2,43
2025-06-17,1.6417208151032678,4.4232859196333024e-05,1.8430357998472093,1.6104201695073028,0.7853784841897654,G6M2,g6m2_low_load,0.28,57,10,0.26,0.3,53,60,2,43
2025-06-18,1.6417650479624644,4.4232859196333024e-05,1.8430357998472093,1.6104201695073028,0.7853784841897654,G6M2,g6m2_low_load,0.28,57,10,0.26,0.3,53,60,2,43
2025-06-19,1.6418092808216607,4.4232859196333024e-05,1.8430357998472093,1.6104201695073028,0.7853784841897654,G6M2,g6m2_low_load,0.28,57,10,0.26,0.3,53,60,2,43
2025-06-20,1.641853513680857,4.4232859196333024e-05,1.8430357998472093,1.6104201695073028,0.7853784841897654,G6M2,g6m2_low_load,0.28,57,10,0.26,0.3,53,60,2,43
2025-06-21,1.6418977465400533,4.4232859196333024e-05,1.8430357998472093,1.6104201695073028,0.7853784841897654,G6M2,g6m2_low_load,0.28,57,10,0.26,0.3,53,60,2,43
2025-06-22,1.6419419793992496,4.4232859196333024e-05,1.8430357998472093,1.6104201695073028,0.7853784841897654,G6M2,g6m2_low_load,0.28,57,10,0.26,0.3,53,60,2,43
2025-06-23,1.6419862122584459,4.4232859196333024e-05,1.8430357998472093,1.6104201695073028,0.7853784841897654,G6M2,g6m2_low_load,0.28,57,10,0.26,0.3,53,60,2,43
2025-06-24,1.6420304451176422,4.4232859196333024e-05,1.8430357998472093,1.6104201695073028,0.7853784841897654,G6M2,g6m2_low_load,0.28,57,10,0.26,0.3,53,60,2,43
2025-06-25,1.6420746779768387,4.4232859196333024e-05,1.8430357998472093,1.6104201695073028,0.7853784841897654,G6M2,g6m2_low_load,0.28,57,10,0.26,0.3,53,60,2,43
2025-06-26,1.642118910836035,4.4232859196333024e-05,1.8430357998472093,1.6104201695073028,0.7853784841897654,G6M2,g6m2_low_load,0.28,57,10,0.26,0.3,53,60,2,43
2025-06-27,1.6421631436952313,4.4232859196333024e-05,1.8430357998472093,1.6104201695073028,0.7853784841897654,G6M2,g6m2_low_load,0.28,57,10,0.26,0.3,53,60,2,43
2025-06-28,1.6422073765544276,4.4232859196333024e-05,1.8430357998472093,1.6104201695073028,0.7853784841897654,G6M2,g6m2_low_load,0.28,57,10,0.26,0.3,53,60,2,43
2025-06-29,1.642251609413624,4.4232859196333024e-05,1.8430357998472093,1.6104201695073028,0.7853784841897654,G6M2,g6m2_low_load,0.28,57,10,0.26,0.3,53,60,2,43
2025-06-30,1.6422958422728202,4.4232859196333024e-05,1.8430357998472093,1.6104201695073028,0.7853784841897654,G6M2,g6m2_low_load,0.28,57,10,0.26,0.3,53,60,2,43
2025-07-01,1.6423400751320165,4.4232859196333024e-05,1.8430357998472093,1.6104201695073028,0.7853784841897654,G6M2,g6m2_low_load,0.28,57,10,0.26,0.3,53,60,2,43
2025-07-02,1.642384307991213,4.4232859196333024e-05,1.8430357998472093,1.6104201695073028,0.7853784841897654,G6M2,g6m2_low_load,0.28,57,10,0.26,0.3,53,60,2,43
2025-07-03,1.6424285408504093,4.4232859196333024e-05,1.8430357998472093,1.6104201695073028,0.7853784841897654,G6M2,g6m2_low_load,0.28,57,10,0.26,0.3,53,60,2,43
2025-07-04,1.6424727737096056,4.4232859196333024e-05,1.8430357998472093,1.6104201695073028,0.7853784841897654,G6M2,g6m2_low_load,0.28,57,10,0.26,0.3,53,60,2,43
2025-07-05,1.642517006568802,4.4232859196333024e-05,1.8430357998472093,1.6104201695073028,0.7853784841897654,G6M2,g6m2_low_load,0.28,57,10,0.26,0.3,53,60,2,43
2025-07-06,1.6425612394279983,4.4232859196333024e-05,1.8430357998472093,1.6104201695073028,0.7853784841897654,G6M2,g6m2_low_load,0.28,57,10,0.26,0.3,53,60,2,43
2025-07-07,1.6426054722871946,4.4232859196333024e-05,1.8430357998472093,1.6104201695073028,0.7853784841897654,G6M2,g6m2_low_load,0.28,57,10,0.26,0.3,53,60,2,43
2025-07-08,1.6426497051463909,4.4232859196333024e-05,1.8430357998472093,1.6104201695073028,0.7853784841897654,G6M2,g6m2_low_load,0.28,57,10,0.26,0.3,53,60,2,43
2025-07-09,1.6426939380055874,4.4232859196333024e-05,1.8430357998472093,1.6104201695073028,0.7853784841897654,G6M2,g6m2_low_load,0.28,57,10,0.26,0.3,53,60,2,43
2025-07-10,1.6427381708647837,4.4232859196333024e-05,1.8430357998472093,1.6104201695073028,0.7853784841897654,G6M2,g6m2_low_load,0.28,57,10,0.26,0.3,53,60,2,43
2025-07-11,1.64278240372398,4.4232859196333024e-05,1.8430357998472093,1.6104201695073028,0.7853784841897654,G6M2,g6m2_low_load,0.28,57,10,0.26,0.3,53,60,2,43
2025-07-12,1.6428266365831763,4.4232859196333024e-05,1.8430357998472093,1.6104201695073028,0.7853784841897654,G6M2,g6m2_low_load,0.28,57,10,0.26,0.3,53,60,2,43
2025-07-13,1.6428708694423726,4.4232859196333024e-05,1.8430357998472093,1.6104201695073028,0.7853784841897654,G6M2,g6m2_low_load,0.28,57,10,0.26,0.3,53,60,2,43
2025-07-14,1.642915102301569,4.4232859196333024e-05,1.8430357998472093,1.6104201695073028,0.7853784841897654,G6M2,g6m2_low_load,0.28,57,10,0.26,0.3,53,60,2,43
2025-07-15,1.6429593351607652,4.4232859196333024e-05,1.8430357998472093,1.6104201695073028,0.7853784841897654,G6M2,g6m2_low_load,0.28,57,10,0.26,0.3,53,60,2,43
2025-07-16,1.6430035680199615,4.4232859196333024e-05,1.8430357998472093,1.6104201695073028,0.7853784841897654,G6M2,g6m2_low_load,0.28,57,10,0.26,0.3,53,60,2,43
2025-07-17,1.643047800879158,4.4232859196333024e-05,1.8430357998472093,1.6104201695073028,0.7853784841897654,G6M2,g6m2_low_load,0.28,57,10,0.26,0.3,53,60,2,43
2025-07-18,1.6430920337383543,4.4232859196333024e-05,1.8430357998472093,1.6104201695073028,0.7853784841897654,G6M2,g6m2_low_load,0.28,57,10,0.26,0.3,53,60,2,43
2025-07-19,1.6431362665975506,4.4232859196333024e-05,1.8430357998472093,1.6104201695073028,0.7853784841897654,G6M2,g6m2_low_load,0.28,57,10,0.26,0.3,53,60,2,43
2025-07-20,1.643180499456747,4.4232859196333024e-05,1.8430357998472093,1.6104201695073028,0.7853784841897654,G6M2,g6m2_low_load,0.28,57,10,0.26,0.3,53,60,2,43
2025-07-21,1.6432247323159432,4.4232859196333024e-05,1.8430357998472093,1.6104201695073028,0.7853784841897654,G6M2,g6m2_low_load,0.28,57,10,0.26,0.3,53,60,2,43
2025-07-22,1.6432689651751395,4.4232859196333024e-05,1.8430357998472093,1.6104201695073028,0.7853784841897654,G6M2,g6m2_low_load,0.28,57,10,0.26,0.3,53,60,2,43
2025-07-23,1.6433131980343358,4.4232859196333024e-05,1.8430357998472093,1.6104201695073028,0.7853784841897654,G6M2,g6m2_low_load,0.28,57,10,0.26,0.3,53,60,2,43
2025-07-24,1.6433574308935324,4.4232859196333024e-05,1.8430357998472093,1.6104201695073028,0.7853784841897654,G6M2,g6m2_low_load,0.28,57,10,0.26,0.3,53,60,2,43
2025-07-25,1.6434016637527287,4.4232859196333024e-05,1.8430357998472093,1.6104201695073028,0.7853784841897654,G6M2,g6m2_low_load,0.28,57,10,0.26,0.3,53,60,2,43
2025-07-26,1.643445896611925,4.4232859196333024e-05,1.8430357998472093,1.6104201695073028,0.7853784841897654,G6M2,g6m2_low_load,0.28,57,10,0.26,0.3,53,60,2,43
2025-07-27,1.6434901294711213,4.4232859196333024e-05,1.8430357998472093,1.6104201695073028,0.7853784841897654,G6M2,g6m2_low_load,0.28,57,10,0.26,0.3,53,60,2,43
2025-07-28,1.6435343623303176,4.4232859196333024e-05,1.8430357998472093,1.6104201695073028,0.7853784841897654,G6M2,g6m2_low_load,0.28,57,10,0.26,0.3,53,60,2,43
2025-07-29,1.6435785951895139,4.4232859196333024e-05,1.8430357998472093,1.6104201695073028,0.7853784841897654,G6M2,g6m2_low_load,0.28,57,10,0.26,0.3,53,60,2,43
2025-07-30,1.6436228280487102,4.4232859196333024e-05,1.8430357998472093,1.6104201695073028,0.7853784841897654,G6M2,g6m2_low_load,0.28,57,10,0.26,0.3,53,60,2,43
2025-07-31,1.6436670609079067,4.4232859196333024e-05,1.8430357998472093,1.6104201695073028,0.7853784841897654,G6M2,g6m2_low_load,0.28,57,10,0.26,0.3,53,60,2,43
2025-08-01,1.643711293767103,4.4232859196333024e-05,1.8430357998472093,1.6104201695073028,0.7853784841897654,G6M2,g6m2_low_load,0.28,57,10,0.26,0.3,53,60,2,43
2025-08-02,1.6437555266262993,4.4232859196333024e-05,1.8430357998472093,1.6104201695073028,0.7853784841897654,G6M2,g6m2_low_load,0.28,57,10,0.26,0.3,53,60,2,43
2025-08-03,1.6437997594854956,4.4232859196333024e-05,1.8430357998472093,1.6104201695073028,0.7853784841897654,G6M2,g6m2_low_load,0.28,57,10,0.26,0.3,53,60,2,43
2025-08-04,1.643843992344692,4.4232859196333024e-05,1.8430357998472093,1.6104201695073028,0.7853784841897654,G6M2,g6m2_low_load,0.28,57,10,0.26,0.3,53,60,2,43
2025-08-05,1.6438882252038882,4.4232859196333024e-05,1.8430357998472093,1.6104201695073028,0.7853784841897654,G6M2,g6m2_low_load,0.28,57,10,0.26,0.3,53,60,2,43
