timestamp,gt_uref_regression,slope_v_per_day,slope_uv_per_h,intercept_v,r2,dataset_name,label,iref,tref,ohref,i_range_low,i_range_high,t_range_low,t_range_high,oh_range_low,oh_range_high
2023-07-10,1.736883660053035,0.00013537685360823955,5.640702233676648,1.7369332982326915,0.9640820933015005,G6M2,g6m2_mid_load,1.0,58.0,33.0,0.98,1.02,57,60,7,142
2023-07-11,1.7370190369066434,0.00013537685360823955,5.640702233676648,1.7369332982326915,0.9640820933015005,G6M2,g6m2_mid_load,1.0,58.0,33.0,0.98,1.02,57,60,7,142
2023-07-12,1.7371544137602517,0.00013537685360823955,5.640702233676648,1.7369332982326915,0.9640820933015005,G6M2,g6m2_mid_load,1.0,58.0,33.0,0.98,1.02,57,60,7,142
2023-07-13,1.7372897906138598,0.00013537685360823955,5.640702233676648,1.7369332982326915,0.9640820933015005,G6M2,g6m2_mid_load,1.0,58.0,33.0,0.98,1.02,57,60,7,142
2023-07-14,1.7374251674674681,0.00013537685360823955,5.640702233676648,1.7369332982326915,0.9640820933015005,G6M2,g6m2_mid_load,1.0,58.0,33.0,0.98,1.02,57,60,7,142
2023-07-15,1.7375605443210764,0.00013537685360823955,5.640702233676648,1.7369332982326915,0.9640820933015005,G6M2,g6m2_mid_load,1.0,58.0,33.0,0.98,1.02,57,60,7,142
2023-07-16,1.7376959211746845,0.00013537685360823955,5.640702233676648,1.7369332982326915,0.9640820933015005,G6M2,g6m2_mid_load,1.0,58.0,33.0,0.98,1.02,57,60,7,142
2023-07-17,1.7378312980282928,0.00013537685360823955,5.640702233676648,1.7369332982326915,0.9640820933015005,G6M2,g6m2_mid_load,1.0,58.0,33.0,0.98,1.02,57,60,7,142
2023-07-18,1.7379666748819012,0.00013537685360823955,5.640702233676648,1.7369332982326915,0.9640820933015005,G6M2,g6m2_mid_load,1.0,58.0,33.0,0.98,1.02,57,60,7,142
2023-07-19,1.7381020517355092,0.00013537685360823955,5.640702233676648,1.7369332982326915,0.9640820933015005,G6M2,g6m2_mid_load,1.0,58.0,33.0,0.98,1.02,57,60,7,142
2023-07-20,1.7382374285891176,0.00013537685360823955,5.640702233676648,1.7369332982326915,0.9640820933015005,G6M2,g6m2_mid_load,1.0,58.0,33.0,0.98,1.02,57,60,7,142
2023-07-21,1.7383728054427259,0.00013537685360823955,5.640702233676648,1.7369332982326915,0.9640820933015005,G6M2,g6m2_mid_load,1.0,58.0,33.0,0.98,1.02,57,60,7,142
2023-07-22,1.738508182296334,0.00013537685360823955,5.640702233676648,1.7369332982326915,0.9640820933015005,G6M2,g6m2_mid_load,1.0,58.0,33.0,0.98,1.02,57,60,7,142
2023-07-23,1.7386435591499423,0.00013537685360823955,5.640702233676648,1.7369332982326915,0.9640820933015005,G6M2,g6m2_mid_load,1.0,58.0,33.0,0.98,1.02,57,60,7,142
2023-07-24,1.7387789360035506,0.00013537685360823955,5.640702233676648,1.7369332982326915,0.9640820933015005,G6M2,g6m2_mid_load,1.0,58.0,33.0,0.98,1.02,57,60,7,142
2023-07-25,1.7389143128571587,0.00013537685360823955,5.640702233676648,1.7369332982326915,0.9640820933015005,G6M2,g6m2_mid_load,1.0,58.0,33.0,0.98,1.02,57,60,7,142
2023-07-26,1.739049689710767,0.00013537685360823955,5.640702233676648,1.7369332982326915,0.9640820933015005,G6M2,g6m2_mid_load,1.0,58.0,33.0,0.98,1.02,57,60,7,142
2023-07-27,1.739185066564375,0.00013537685360823955,5.640702233676648,1.7369332982326915,0.9640820933015005,G6M2,g6m2_mid_load,1.0,58.0,33.0,0.98,1.02,57,60,7,142
2023-07-28,1.7393204434179834,0.00013537685360823955,5.640702233676648,1.7369332982326915,0.9640820933015005,G6M2,g6m2_mid_load,1.0,58.0,33.0,0.98,1.02,57,60,7,142
2023-07-29,1.7394558202715917,0.00013537685360823955,5.640702233676648,1.7369332982326915,0.9640820933015005,G6M2,g6m2_mid_load,1.0,58.0,33.0,0.98,1.02,57,60,7,142
2023-07-30,1.7395911971251998,0.00013537685360823955,5.640702233676648,1.7369332982326915,0.9640820933015005,G6M2,g6m2_mid_load,1.0,58.0,33.0,0.98,1.02,57,60,7,142
2023-07-31,1.7397265739788081,0.00013537685360823955,5.640702233676648,1.7369332982326915,0.9640820933015005,G6M2,g6m2_mid_load,1.0,58.0,33.0,0.98,1.02,57,60,7,142
2023-08-01,1.7398619508324165,0.00013537685360823955,5.640702233676648,1.7369332982326915,0.9640820933015005,G6M2,g6m2_mid_load,1.0,58.0,33.0,0.98,1.02,57,60,7,142
2023-08-02,1.7399973276860246,0.00013537685360823955,5.640702233676648,1.7369332982326915,0.9640820933015005,G6M2,g6m2_mid_load,1.0,58.0,33.0,0.98,1.02,57,60,7,142
2023-08-03,1.7401327045396329,0.00013537685360823955,5.640702233676648,1.7369332982326915,0.9640820933015005,G6M2,g6m2_mid_load,1.0,58.0,33.0,0.98,1.02,57,60,7,142
2023-08-04,1.7402680813932412,0.00013537685360823955,5.640702233676648,1.7369332982326915,0.9640820933015005,G6M2,g6m2_mid_load,1.0,58.0,33.0,0.98,1.02,57,60,7,142
2023-08-05,1.7404034582468493,0.00013537685360823955,5.640702233676648,1.7369332982326915,0.9640820933015005,G6M2,g6m2_mid_load,1.0,58.0,33.0,0.98,1.02,57,60,7,142
2023-08-06,1.7405388351004576,0.00013537685360823955,5.640702233676648,1.7369332982326915,0.9640820933015005,G6M2,g6m2_mid_load,1.0,58.0,33.0,0.98,1.02,57,60,7,142
2023-08-07,1.740674211954066,0.00013537685360823955,5.640702233676648,1.7369332982326915,0.9640820933015005,G6M2,g6m2_mid_load,1.0,58.0,33.0,0.98,1.02,57,60,7,142
2023-08-08,1.740809588807674,0.00013537685360823955,5.640702233676648,1.7369332982326915,0.9640820933015005,G6M2,g6m2_mid_load,1.0,58.0,33.0,0.98,1.02,57,60,7,142
2023-08-09,1.7409449656612823,0.00013537685360823955,5.640702233676648,1.7369332982326915,0.9640820933015005,G6M2,g6m2_mid_load,1.0,58.0,33.0,0.98,1.02,57,60,7,142
2023-08-10,1.7410803425148906,0.00013537685360823955,5.640702233676648,1.7369332982326915,0.9640820933015005,G6M2,g6m2_mid_load,1.0,58.0,33.0,0.98,1.02,57,60,7,142
2023-08-11,1.7412157193684987,0.00013537685360823955,5.640702233676648,1.7369332982326915,0.9640820933015005,G6M2,g6m2_mid_load,1.0,58.0,33.0,0.98,1.02,57,60,7,142
2023-08-12,1.741351096222107,0.00013537685360823955,5.640702233676648,1.7369332982326915,0.9640820933015005,G6M2,g6m2_mid_load,1.0,58.0,33.0,0.98,1.02,57,60,7,142
2023-08-13,1.7414864730757154,0.00013537685360823955,5.640702233676648,1.7369332982326915,0.9640820933015005,G6M2,g6m2_mid_load,1.0,58.0,33.0,0.98,1.02,57,60,7,142
2023-08-14,1.7416218499293235,0.00013537685360823955,5.640702233676648,1.7369332982326915,0.9640820933015005,G6M2,g6m2_mid_load,1.0,58.0,33.0,0.98,1.02,57,60,7,142
2023-08-15,1.7417572267829318,0.00013537685360823955,5.640702233676648,1.7369332982326915,0.9640820933015005,G6M2,g6m2_mid_load,1.0,58.0,33.0,0.98,1.02,57,60,7,142
2023-08-16,1.74189260363654,0.00013537685360823955,5.640702233676648,1.7369332982326915,0.9640820933015005,G6M2,g6m2_mid_load,1.0,58.0,33.0,0.98,1.02,57,60,7,142
2023-08-17,1.7420279804901482,0.00013537685360823955,5.640702233676648,1.7369332982326915,0.9640820933015005,G6M2,g6m2_mid_load,1.0,58.0,33.0,0.98,1.02,57,60,7,142
2023-08-18,1.7421633573437565,0.00013537685360823955,5.640702233676648,1.7369332982326915,0.9640820933015005,G6M2,g6m2_mid_load,1.0,58.0,33.0,0.98,1.02,57,60,7,142
2023-08-19,1.7422987341973648,0.00013537685360823955,5.640702233676648,1.7369332982326915,0.9640820933015005,G6M2,g6m2_mid_load,1.0,58.0,33.0,0.98,1.02,57,60,7,142
2023-08-20,1.742434111050973,0.00013537685360823955,5.640702233676648,1.7369332982326915,0.9640820933015005,G6M2,g6m2_mid_load,1.0,58.0,33.0,0.98,1.02,57,60,7,142
2023-08-21,1.7425694879045812,0.00013537685360823955,5.640702233676648,1.7369332982326915,0.9640820933015005,G6M2,g6m2_mid_load,1.0,58.0,33.0,0.98,1.02,57,60,7,142
2023-08-22,1.7427048647581895,0.00013537685360823955,5.640702233676648,1.7369332982326915,0.9640820933015005,G6M2,g6m2_mid_load,1.0,58.0,33.0,0.98,1.02,57,60,7,142
2023-08-23,1.7428402416117976,0.00013537685360823955,5.640702233676648,1.7369332982326915,0.9640820933015005,G6M2,g6m2_mid_load,1.0,58.0,33.0,0.98,1.02,57,60,7,142
2023-08-24,1.742975618465406,0.00013537685360823955,5.640702233676648,1.7369332982326915,0.9640820933015005,G6M2,g6m2_mid_load,1.0,58.0,33.0,0.98,1.02,57,60,7,142
2023-08-25,1.7431109953190143,0.00013537685360823955,5.640702233676648,1.7369332982326915,0.9640820933015005,G6M2,g6m2_mid_load,1.0,58.0,33.0,0.98,1.02,57,60,7,142
2023-08-26,1.7432463721726223,0.00013537685360823955,5.640702233676648,1.7369332982326915,0.9640820933015005,G6M2,g6m2_mid_load,1.0,58.0,33.0,0.98,1.02,57,60,7,142
2023-08-27,1.7433817490262307,0.00013537685360823955,5.640702233676648,1.7369332982326915,0.9640820933015005,G6M2,g6m2_mid_load,1.0,58.0,33.0,0.98,1.02,57,60,7,142
2023-08-28,1.743517125879839,0.00013537685360823955,5.640702233676648,1.7369332982326915,0.9640820933015005,G6M2,g6m2_mid_load,1.0,58.0,33.0,0.98,1.02,57,60,7,142
2023-08-29,1.743652502733447,0.00013537685360823955,5.640702233676648,1.7369332982326915,0.9640820933015005,G6M2,g6m2_mid_load,1.0,58.0,33.0,0.98,1.02,57,60,7,142
2023-08-30,1.7437878795870554,0.00013537685360823955,5.640702233676648,1.7369332982326915,0.9640820933015005,G6M2,g6m2_mid_load,1.0,58.0,33.0,0.98,1.02,57,60,7,142
2023-08-31,1.7439232564406635,0.00013537685360823955,5.640702233676648,1.7369332982326915,0.9640820933015005,G6M2,g6m2_mid_load,1.0,58.0,33.0,0.98,1.02,57,60,7,142
2023-09-01,1.7440586332942718,0.00013537685360823955,5.640702233676648,1.7369332982326915,0.9640820933015005,G6M2,g6m2_mid_load,1.0,58.0,33.0,0.98,1.02,57,60,7,142
2023-09-02,1.7441940101478801,0.00013537685360823955,5.640702233676648,1.7369332982326915,0.9640820933015005,G6M2,g6m2_mid_load,1.0,58.0,33.0,0.98,1.02,57,60,7,142
2023-09-03,1.7443293870014882,0.00013537685360823955,5.640702233676648,1.7369332982326915,0.9640820933015005,G6M2,g6m2_mid_load,1.0,58.0,33.0,0.98,1.02,57,60,7,142
2023-09-04,1.7444647638550965,0.00013537685360823955,5.640702233676648,1.7369332982326915,0.9640820933015005,G6M2,g6m2_mid_load,1.0,58.0,33.0,0.98,1.02,57,60,7,142
2023-09-05,1.7446001407087048,0.00013537685360823955,5.640702233676648,1.7369332982326915,0.9640820933015005,G6M2,g6m2_mid_load,1.0,58.0,33.0,0.98,1.02,57,60,7,142
2023-09-06,1.744735517562313,0.00013537685360823955,5.640702233676648,1.7369332982326915,0.9640820933015005,G6M2,g6m2_mid_load,1.0,58.0,33.0,0.98,1.02,57,60,7,142
2023-09-07,1.7448708944159212,0.00013537685360823955,5.640702233676648,1.7369332982326915,0.9640820933015005,G6M2,g6m2_mid_load,1.0,58.0,33.0,0.98,1.02,57,60,7,142
2023-09-08,1.7450062712695296,0.00013537685360823955,5.640702233676648,1.7369332982326915,0.9640820933015005,G6M2,g6m2_mid_load,1.0,58.0,33.0,0.98,1.02,57,60,7,142
2023-09-09,1.7451416481231377,0.00013537685360823955,5.640702233676648,1.7369332982326915,0.9640820933015005,G6M2,g6m2_mid_load,1.0,58.0,33.0,0.98,1.02,57,60,7,142
2023-09-10,1.745277024976746,0.00013537685360823955,5.640702233676648,1.7369332982326915,0.9640820933015005,G6M2,g6m2_mid_load,1.0,58.0,33.0,0.98,1.02,57,60,7,142
2023-09-11,1.7454124018303543,0.00013537685360823955,5.640702233676648,1.7369332982326915,0.9640820933015005,G6M2,g6m2_mid_load,1.0,58.0,33.0,0.98,1.02,57,60,7,142
2023-09-12,1.7455477786839624,0.00013537685360823955,5.640702233676648,1.7369332982326915,0.9640820933015005,G6M2,g6m2_mid_load,1.0,58.0,33.0,0.98,1.02,57,60,7,142
2023-09-13,1.7456831555375707,0.00013537685360823955,5.640702233676648,1.7369332982326915,0.9640820933015005,G6M2,g6m2_mid_load,1.0,58.0,33.0,0.98,1.02,57,60,7,142
2023-09-14,1.745818532391179,0.00013537685360823955,5.640702233676648,1.7369332982326915,0.9640820933015005,G6M2,g6m2_mid_load,1.0,58.0,33.0,0.98,1.02,57,60,7,142
2023-09-15,1.745953909244787,0.00013537685360823955,5.640702233676648,1.7369332982326915,0.9640820933015005,G6M2,g6m2_mid_load,1.0,58.0,33.0,0.98,1.02,57,60,7,142
2023-09-16,1.7460892860983954,0.00013537685360823955,5.640702233676648,1.7369332982326915,0.9640820933015005,G6M2,g6m2_mid_load,1.0,58.0,33.0,0.98,1.02,57,60,7,142
2023-09-17,1.7462246629520037,0.00013537685360823955,5.640702233676648,1.7369332982326915,0.9640820933015005,G6M2,g6m2_mid_load,1.0,58.0,33.0,0.98,1.02,57,60,7,142
2023-09-18,1.7463600398056118,0.00013537685360823955,5.640702233676648,1.7369332982326915,0.9640820933015005,G6M2,g6m2_mid_load,1.0,58.0,33.0,0.98,1.02,57,60,7,142
2023-09-19,1.7464954166592201,0.00013537685360823955,5.640702233676648,1.7369332982326915,0.9640820933015005,G6M2,g6m2_mid_load,1.0,58.0,33.0,0.98,1.02,57,60,7,142
2023-09-20,1.7466307935128285,0.00013537685360823955,5.640702233676648,1.7369332982326915,0.9640820933015005,G6M2,g6m2_mid_load,1.0,58.0,33.0,0.98,1.02,57,60,7,142
2023-09-21,1.7467661703664366,0.00013537685360823955,5.640702233676648,1.7369332982326915,0.9640820933015005,G6M2,g6m2_mid_load,1.0,58.0,33.0,0.98,1.02,57,60,7,142
2023-09-22,1.7469015472200449,0.00013537685360823955,5.640702233676648,1.7369332982326915,0.9640820933015005,G6M2,g6m2_mid_load,1.0,58.0,33.0,0.98,1.02,57,60,7,142
2023-09-23,1.7470369240736532,0.00013537685360823955,5.640702233676648,1.7369332982326915,0.9640820933015005,G6M2,g6m2_mid_load,1.0,58.0,33.0,0.98,1.02,57,60,7,142
2023-09-24,1.7471723009272613,0.00013537685360823955,5.640702233676648,1.7369332982326915,0.9640820933015005,G6M2,g6m2_mid_load,1.0,58.0,33.0,0.98,1.02,57,60,7,142
2023-09-25,1.7473076777808696,0.00013537685360823955,5.640702233676648,1.7369332982326915,0.9640820933015005,G6M2,g6m2_mid_load,1.0,58.0,33.0,0.98,1.02,57,60,7,142
2023-09-26,1.747443054634478,0.00013537685360823955,5.640702233676648,1.7369332982326915,0.9640820933015005,G6M2,g6m2_mid_load,1.0,58.0,33.0,0.98,1.02,57,60,7,142
2023-09-27,1.747578431488086,0.00013537685360823955,5.640702233676648,1.7369332982326915,0.9640820933015005,G6M2,g6m2_mid_load,1.0,58.0,33.0,0.98,1.02,57,60,7,142
2023-09-28,1.7477138083416943,0.00013537685360823955,5.640702233676648,1.7369332982326915,0.9640820933015005,G6M2,g6m2_mid_load,1.0,58.0,33.0,0.98,1.02,57,60,7,142
2023-09-29,1.7478491851953026,0.00013537685360823955,5.640702233676648,1.7369332982326915,0.9640820933015005,G6M2,g6m2_mid_load,1.0,58.0,33.0,0.98,1.02,57,60,7,142
2023-09-30,1.7479845620489107,0.00013537685360823955,5.640702233676648,1.7369332982326915,0.9640820933015005,G6M2,g6m2_mid_load,1.0,58.0,33.0,0.98,1.02,57,60,7,142
2023-10-01,1.748119938902519,0.00013537685360823955,5.640702233676648,1.7369332982326915,0.9640820933015005,G6M2,g6m2_mid_load,1.0,58.0,33.0,0.98,1.02,57,60,7,142
2023-10-02,1.7482553157561274,0.00013537685360823955,5.640702233676648,1.7369332982326915,0.9640820933015005,G6M2,g6m2_mid_load,1.0,58.0,33.0,0.98,1.02,57,60,7,142
2023-10-03,1.7483906926097355,0.00013537685360823955,5.640702233676648,1.7369332982326915,0.9640820933015005,G6M2,g6m2_mid_load,1.0,58.0,33.0,0.98,1.02,57,60,7,142
2023-10-04,1.7485260694633438,0.00013537685360823955,5.640702233676648,1.7369332982326915,0.9640820933015005,G6M2,g6m2_mid_load,1.0,58.0,33.0,0.98,1.02,57,60,7,142
2023-10-05,1.748661446316952,0.00013537685360823955,5.640702233676648,1.7369332982326915,0.9640820933015005,G6M2,g6m2_mid_load,1.0,58.0,33.0,0.98,1.02,57,60,7,142
2023-10-06,1.7487968231705602,0.00013537685360823955,5.640702233676648,1.7369332982326915,0.9640820933015005,G6M2,g6m2_mid_load,1.0,58.0,33.0,0.98,1.02,57,60,7,142
2023-10-07,1.7489322000241685,0.00013537685360823955,5.640702233676648,1.7369332982326915,0.9640820933015005,G6M2,g6m2_mid_load,1.0,58.0,33.0,0.98,1.02,57,60,7,142
2023-10-08,1.7490675768777768,0.00013537685360823955,5.640702233676648,1.7369332982326915,0.9640820933015005,G6M2,g6m2_mid_load,1.0,58.0,33.0,0.98,1.02,57,60,7,142
2023-10-09,1.749202953731385,0.00013537685360823955,5.640702233676648,1.7369332982326915,0.9640820933015005,G6M2,g6m2_mid_load,1.0,58.0,33.0,0.98,1.02,57,60,7,142
2023-10-10,1.7493383305849932,0.00013537685360823955,5.640702233676648,1.7369332982326915,0.9640820933015005,G6M2,g6m2_mid_load,1.0,58.0,33.0,0.98,1.02,57,60,7,142
2023-10-11,1.7494737074386013,0.00013537685360823955,5.640702233676648,1.7369332982326915,0.9640820933015005,G6M2,g6m2_mid_load,1.0,58.0,33.0,0.98,1.02,57,60,7,142
2023-10-12,1.7496090842922096,0.00013537685360823955,5.640702233676648,1.7369332982326915,0.9640820933015005,G6M2,g6m2_mid_load,1.0,58.0,33.0,0.98,1.02,57,60,7,142
2023-10-13,1.749744461145818,0.00013537685360823955,5.640702233676648,1.7369332982326915,0.9640820933015005,G6M2,g6m2_mid_load,1.0,58.0,33.0,0.98,1.02,57,60,7,142
2023-10-14,1.749879837999426,0.00013537685360823955,5.640702233676648,1.7369332982326915,0.9640820933015005,G6M2,g6m2_mid_load,1.0,58.0,33.0,0.98,1.02,57,60,7,142
2023-10-15,1.7500152148530344,0.00013537685360823955,5.640702233676648,1.7369332982326915,0.9640820933015005,G6M2,g6m2_mid_load,1.0,58.0,33.0,0.98,1.02,57,60,7,142
2023-10-16,1.7501505917066427,0.00013537685360823955,5.640702233676648,1.7369332982326915,0.9640820933015005,G6M2,g6m2_mid_load,1.0,58.0,33.0,0.98,1.02,57,60,7,142
2023-10-17,1.7502859685602508,0.00013537685360823955,5.640702233676648,1.7369332982326915,0.9640820933015005,G6M2,g6m2_mid_load,1.0,58.0,33.0,0.98,1.02,57,60,7,142
2023-10-18,1.750421345413859,0.00013537685360823955,5.640702233676648,1.7369332982326915,0.9640820933015005,G6M2,g6m2_mid_load,1.0,58.0,33.0,0.98,1.02,57,60,7,142
2023-10-19,1.7505567222674674,0.00013537685360823955,5.640702233676648,1.7369332982326915,0.9640820933015005,G6M2,g6m2_mid_load,1.0,58.0,33.0,0.98,1.02,57,60,7,142
2023-10-20,1.7506920991210755,0.00013537685360823955,5.640702233676648,1.7369332982326915,0.9640820933015005,G6M2,g6m2_mid_load,1.0,58.0,33.0,0.98,1.02,57,60,7,142
2023-10-21,1.7508274759746838,0.00013537685360823955,5.640702233676648,1.7369332982326915,0.9640820933015005,G6M2,g6m2_mid_load,1.0,58.0,33.0,0.98,1.02,57,60,7,142
2023-10-22,1.7509628528282921,0.00013537685360823955,5.640702233676648,1.7369332982326915,0.9640820933015005,G6M2,g6m2_mid_load,1.0,58.0,33.0,0.98,1.02,57,60,7,142
2023-10-23,1.7510982296819002,0.00013537685360823955,5.640702233676648,1.7369332982326915,0.9640820933015005,G6M2,g6m2_mid_load,1.0,58.0,33.0,0.98,1.02,57,60,7,142
2023-10-24,1.7512336065355085,0.00013537685360823955,5.640702233676648,1.7369332982326915,0.9640820933015005,G6M2,g6m2_mid_load,1.0,58.0,33.0,0.98,1.02,57,60,7,142
2023-10-25,1.7513689833891168,0.00013537685360823955,5.640702233676648,1.7369332982326915,0.9640820933015005,G6M2,g6m2_mid_load,1.0,58.0,33.0,0.98,1.02,57,60,7,142
2023-10-26,1.751504360242725,0.00013537685360823955,5.640702233676648,1.7369332982326915,0.9640820933015005,G6M2,g6m2_mid_load,1.0,58.0,33.0,0.98,1.02,57,60,7,142
2023-10-27,1.7516397370963332,0.00013537685360823955,5.640702233676648,1.7369332982326915,0.9640820933015005,G6M2,g6m2_mid_load,1.0,58.0,33.0,0.98,1.02,57,60,7,142
2023-10-28,1.7517751139499416,0.00013537685360823955,5.640702233676648,1.7369332982326915,0.9640820933015005,G6M2,g6m2_mid_load,1.0,58.0,33.0,0.98,1.02,57,60,7,142
2023-10-29,1.7519104908035497,0.00013537685360823955,5.640702233676648,1.7369332982326915,0.9640820933015005,G6M2,g6m2_mid_load,1.0,58.0,33.0,0.98,1.02,57,60,7,142
2023-10-30,1.752045867657158,0.00013537685360823955,5.640702233676648,1.7369332982326915,0.9640820933015005,G6M2,g6m2_mid_load,1.0,58.0,33.0,0.98,1.02,57,60,7,142
2023-10-31,1.7521812445107663,0.00013537685360823955,5.640702233676648,1.7369332982326915,0.9640820933015005,G6M2,g6m2_mid_load,1.0,58.0,33.0,0.98,1.02,57,60,7,142
2023-11-01,1.7523166213643744,0.00013537685360823955,5.640702233676648,1.7369332982326915,0.9640820933015005,G6M2,g6m2_mid_load,1.0,58.0,33.0,0.98,1.02,57,60,7,142
2023-11-02,1.7524519982179827,0.00013537685360823955,5.640702233676648,1.7369332982326915,0.9640820933015005,G6M2,g6m2_mid_load,1.0,58.0,33.0,0.98,1.02,57,60,7,142
2023-11-03,1.752587375071591,0.00013537685360823955,5.640702233676648,1.7369332982326915,0.9640820933015005,G6M2,g6m2_mid_load,1.0,58.0,33.0,0.98,1.02,57,60,7,142
2023-11-04,1.752722751925199,0.00013537685360823955,5.640702233676648,1.7369332982326915,0.9640820933015005,G6M2,g6m2_mid_load,1.0,58.0,33.0,0.98,1.02,57,60,7,142
2023-11-05,1.7528581287788074,0.00013537685360823955,5.640702233676648,1.7369332982326915,0.9640820933015005,G6M2,g6m2_mid_load,1.0,58.0,33.0,0.98,1.02,57,60,7,142
2023-11-06,1.7529935056324157,0.00013537685360823955,5.640702233676648,1.7369332982326915,0.9640820933015005,G6M2,g6m2_mid_load,1.0,58.0,33.0,0.98,1.02,57,60,7,142
2023-11-07,1.7531288824860238,0.00013537685360823955,5.640702233676648,1.7369332982326915,0.9640820933015005,G6M2,g6m2_mid_load,1.0,58.0,33.0,0.98,1.02,57,60,7,142
2023-11-08,1.7532642593396321,0.00013537685360823955,5.640702233676648,1.7369332982326915,0.9640820933015005,G6M2,g6m2_mid_load,1.0,58.0,33.0,0.98,1.02,57,60,7,142
2023-11-09,1.7533996361932405,0.00013537685360823955,5.640702233676648,1.7369332982326915,0.9640820933015005,G6M2,g6m2_mid_load,1.0,58.0,33.0,0.98,1.02,57,60,7,142
2023-11-10,1.7535350130468486,0.00013537685360823955,5.640702233676648,1.7369332982326915,0.9640820933015005,G6M2,g6m2_mid_load,1.0,58.0,33.0,0.98,1.02,57,60,7,142
2023-11-11,1.7536703899004569,0.00013537685360823955,5.640702233676648,1.7369332982326915,0.9640820933015005,G6M2,g6m2_mid_load,1.0,58.0,33.0,0.98,1.02,57,60,7,142
2023-11-12,1.7538057667540652,0.00013537685360823955,5.640702233676648,1.7369332982326915,0.9640820933015005,G6M2,g6m2_mid_load,1.0,58.0,33.0,0.98,1.02,57,60,7,142
2023-11-13,1.7539411436076733,0.00013537685360823955,5.640702233676648,1.7369332982326915,0.9640820933015005,G6M2,g6m2_mid_load,1.0,58.0,33.0,0.98,1.02,57,60,7,142
2023-11-14,1.7540765204612816,0.00013537685360823955,5.640702233676648,1.7369332982326915,0.9640820933015005,G6M2,g6m2_mid_load,1.0,58.0,33.0,0.98,1.02,57,60,7,142
2023-11-15,1.7542118973148897,0.00013537685360823955,5.640702233676648,1.7369332982326915,0.9640820933015005,G6M2,g6m2_mid_load,1.0,58.0,33.0,0.98,1.02,57,60,7,142
2023-11-16,1.754347274168498,0.00013537685360823955,5.640702233676648,1.7369332982326915,0.9640820933015005,G6M2,g6m2_mid_load,1.0,58.0,33.0,0.98,1.02,57,60,7,142
2023-11-17,1.7544826510221063,0.00013537685360823955,5.640702233676648,1.7369332982326915,0.9640820933015005,G6M2,g6m2_mid_load,1.0,58.0,33.0,0.98,1.02,57,60,7,142
2023-11-18,1.7546180278757144,0.00013537685360823955,5.640702233676648,1.7369332982326915,0.9640820933015005,G6M2,g6m2_mid_load,1.0,58.0,33.0,0.98,1.02,57,60,7,142
2023-11-19,1.7547534047293227,0.00013537685360823955,5.640702233676648,1.7369332982326915,0.9640820933015005,G6M2,g6m2_mid_load,1.0,58.0,33.0,0.98,1.02,57,60,7,142
2023-11-20,1.754888781582931,0.00013537685360823955,5.640702233676648,1.7369332982326915,0.9640820933015005,G6M2,g6m2_mid_load,1.0,58.0,33.0,0.98,1.02,57,60,7,142
2023-11-21,1.7550241584365391,0.00013537685360823955,5.640702233676648,1.7369332982326915,0.9640820933015005,G6M2,g6m2_mid_load,1.0,58.0,33.0,0.98,1.02,57,60,7,142
2023-11-22,1.7551595352901475,0.00013537685360823955,5.640702233676648,1.7369332982326915,0.9640820933015005,G6M2,g6m2_mid_load,1.0,58.0,33.0,0.98,1.02,57,60,7,142
2023-11-23,1.7552949121437558,0.00013537685360823955,5.640702233676648,1.7369332982326915,0.9640820933015005,G6M2,g6m2_mid_load,1.0,58.0,33.0,0.98,1.02,57,60,7,142
2023-11-24,1.7554302889973639,0.00013537685360823955,5.640702233676648,1.7369332982326915,0.9640820933015005,G6M2,g6m2_mid_load,1.0,58.0,33.0,0.98,1.02,57,60,7,142
2023-11-25,1.7555656658509722,0.00013537685360823955,5.640702233676648,1.7369332982326915,0.9640820933015005,G6M2,g6m2_mid_load,1.0,58.0,33.0,0.98,1.02,57,60,7,142
2023-11-26,1.7557010427045805,0.00013537685360823955,5.640702233676648,1.7369332982326915,0.9640820933015005,G6M2,g6m2_mid_load,1.0,58.0,33.0,0.98,1.02,57,60,7,142
2023-11-27,1.7558364195581886,0.00013537685360823955,5.640702233676648,1.7369332982326915,0.9640820933015005,G6M2,g6m2_mid_load,1.0,58.0,33.0,0.98,1.02,57,60,7,142
2023-11-28,1.755971796411797,0.00013537685360823955,5.640702233676648,1.7369332982326915,0.9640820933015005,G6M2,g6m2_mid_load,1.0,58.0,33.0,0.98,1.02,57,60,7,142
2023-11-29,1.7561071732654052,0.00013537685360823955,5.640702233676648,1.7369332982326915,0.9640820933015005,G6M2,g6m2_mid_load,1.0,58.0,33.0,0.98,1.02,57,60,7,142
2023-11-30,1.7562425501190133,0.00013537685360823955,5.640702233676648,1.7369332982326915,0.9640820933015005,G6M2,g6m2_mid_load,1.0,58.0,33.0,0.98,1.02,57,60,7,142
2023-12-01,1.7563779269726216,0.00013537685360823955,5.640702233676648,1.7369332982326915,0.9640820933015005,G6M2,g6m2_mid_load,1.0,58.0,33.0,0.98,1.02,57,60,7,142
2023-12-02,1.75651330382623,0.00013537685360823955,5.640702233676648,1.7369332982326915,0.9640820933015005,G6M2,g6m2_mid_load,1.0,58.0,33.0,0.98,1.02,57,60,7,142
2023-12-03,1.756648680679838,0.00013537685360823955,5.640702233676648,1.7369332982326915,0.9640820933015005,G6M2,g6m2_mid_load,1.0,58.0,33.0,0.98,1.02,57,60,7,142
2023-12-04,1.7567840575334464,0.00013537685360823955,5.640702233676648,1.7369332982326915,0.9640820933015005,G6M2,g6m2_mid_load,1.0,58.0,33.0,0.98,1.02,57,60,7,142
2023-12-05,1.7569194343870547,0.00013537685360823955,5.640702233676648,1.7369332982326915,0.9640820933015005,G6M2,g6m2_mid_load,1.0,58.0,33.0,0.98,1.02,57,60,7,142
2023-12-06,1.7570548112406628,0.00013537685360823955,5.640702233676648,1.7369332982326915,0.9640820933015005,G6M2,g6m2_mid_load,1.0,58.0,33.0,0.98,1.02,57,60,7,142
2023-12-07,1.757190188094271,0.00013537685360823955,5.640702233676648,1.7369332982326915,0.9640820933015005,G6M2,g6m2_mid_load,1.0,58.0,33.0,0.98,1.02,57,60,7,142
2023-12-08,1.7573255649478794,0.00013537685360823955,5.640702233676648,1.7369332982326915,0.9640820933015005,G6M2,g6m2_mid_load,1.0,58.0,33.0,0.98,1.02,57,60,7,142
2023-12-09,1.7574609418014875,0.00013537685360823955,5.640702233676648,1.7369332982326915,0.9640820933015005,G6M2,g6m2_mid_load,1.0,58.0,33.0,0.98,1.02,57,60,7,142
2023-12-10,1.7575963186550958,0.00013537685360823955,5.640702233676648,1.7369332982326915,0.9640820933015005,G6M2,g6m2_mid_load,1.0,58.0,33.0,0.98,1.02,57,60,7,142
2023-12-11,1.7577316955087041,0.00013537685360823955,5.640702233676648,1.7369332982326915,0.9640820933015005,G6M2,g6m2_mid_load,1.0,58.0,33.0,0.98,1.02,57,60,7,142
2023-12-12,1.7578670723623122,0.00013537685360823955,5.640702233676648,1.7369332982326915,0.9640820933015005,G6M2,g6m2_mid_load,1.0,58.0,33.0,0.98,1.02,57,60,7,142
2023-12-13,1.7580024492159205,0.00013537685360823955,5.640702233676648,1.7369332982326915,0.9640820933015005,G6M2,g6m2_mid_load,1.0,58.0,33.0,0.98,1.02,57,60,7,142
2023-12-14,1.7581378260695288,0.00013537685360823955,5.640702233676648,1.7369332982326915,0.9640820933015005,G6M2,g6m2_mid_load,1.0,58.0,33.0,0.98,1.02,57,60,7,142
2023-12-15,1.758273202923137,0.00013537685360823955,5.640702233676648,1.7369332982326915,0.9640820933015005,G6M2,g6m2_mid_load,1.0,58.0,33.0,0.98,1.02,57,60,7,142
2023-12-16,1.7584085797767453,0.00013537685360823955,5.640702233676648,1.7369332982326915,0.9640820933015005,G6M2,g6m2_mid_load,1.0,58.0,33.0,0.98,1.02,57,60,7,142
2023-12-17,1.7585439566303536,0.00013537685360823955,5.640702233676648,1.7369332982326915,0.9640820933015005,G6M2,g6m2_mid_load,1.0,58.0,33.0,0.98,1.02,57,60,7,142
2023-12-18,1.7586793334839617,0.00013537685360823955,5.640702233676648,1.7369332982326915,0.9640820933015005,G6M2,g6m2_mid_load,1.0,58.0,33.0,0.98,1.02,57,60,7,142
2023-12-19,1.75881471033757,0.00013537685360823955,5.640702233676648,1.7369332982326915,0.9640820933015005,G6M2,g6m2_mid_load,1.0,58.0,33.0,0.98,1.02,57,60,7,142
2023-12-20,1.7589500871911783,0.00013537685360823955,5.640702233676648,1.7369332982326915,0.9640820933015005,G6M2,g6m2_mid_load,1.0,58.0,33.0,0.98,1.02,57,60,7,142
2023-12-21,1.7590854640447864,0.00013537685360823955,5.640702233676648,1.7369332982326915,0.9640820933015005,G6M2,g6m2_mid_load,1.0,58.0,33.0,0.98,1.02,57,60,7,142
2023-12-22,1.7592208408983947,0.00013537685360823955,5.640702233676648,1.7369332982326915,0.9640820933015005,G6M2,g6m2_mid_load,1.0,58.0,33.0,0.98,1.02,57,60,7,142
2023-12-23,1.7593562177520028,0.00013537685360823955,5.640702233676648,1.7369332982326915,0.9640820933015005,G6M2,g6m2_mid_load,1.0,58.0,33.0,0.98,1.02,57,60,7,142
2023-12-24,1.759491594605611,0.00013537685360823955,5.640702233676648,1.7369332982326915,0.9640820933015005,G6M2,g6m2_mid_load,1.0,58.0,33.0,0.98,1.02,57,60,7,142
2023-12-25,1.7596269714592194,0.00013537685360823955,5.640702233676648,1.7369332982326915,0.9640820933015005,G6M2,g6m2_mid_load,1.0,58.0,33.0,0.98,1.02,57,60,7,142
2023-12-26,1.7597623483128275,0.00013537685360823955,5.640702233676648,1.7369332982326915,0.9640820933015005,G6M2,g6m2_mid_load,1.0,58.0,33.0,0.98,1.02,57,60,7,142
2023-12-27,1.7598977251664358,0.00013537685360823955,5.640702233676648,1.7369332982326915,0.9640820933015005,G6M2,g6m2_mid_load,1.0,58.0,33.0,0.98,1.02,57,60,7,142
2023-12-28,1.7600331020200441,0.00013537685360823955,5.640702233676648,1.7369332982326915,0.9640820933015005,G6M2,g6m2_mid_load,1.0,58.0,33.0,0.98,1.02,57,60,7,142
2023-12-29,1.7601684788736522,0.00013537685360823955,5.640702233676648,1.7369332982326915,0.9640820933015005,G6M2,g6m2_mid_load,1.0,58.0,33.0,0.98,1.02,57,60,7,142
2023-12-30,1.7603038557272606,0.00013537685360823955,5.640702233676648,1.7369332982326915,0.9640820933015005,G6M2,g6m2_mid_load,1.0,58.0,33.0,0.98,1.02,57,60,7,142
2023-12-31,1.7604392325808689,0.00013537685360823955,5.640702233676648,1.7369332982326915,0.9640820933015005,G6M2,g6m2_mid_load,1.0,58.0,33.0,0.98,1.02,57,60,7,142
2024-01-01,1.760574609434477,0.00013537685360823955,5.640702233676648,1.7369332982326915,0.9640820933015005,G6M2,g6m2_mid_load,1.0,58.0,33.0,0.98,1.02,57,60,7,142
2024-01-02,1.7607099862880853,0.00013537685360823955,5.640702233676648,1.7369332982326915,0.9640820933015005,G6M2,g6m2_mid_load,1.0,58.0,33.0,0.98,1.02,57,60,7,142
2024-01-03,1.7608453631416936,0.00013537685360823955,5.640702233676648,1.7369332982326915,0.9640820933015005,G6M2,g6m2_mid_load,1.0,58.0,33.0,0.98,1.02,57,60,7,142
2024-01-04,1.7609807399953017,0.00013537685360823955,5.640702233676648,1.7369332982326915,0.9640820933015005,G6M2,g6m2_mid_load,1.0,58.0,33.0,0.98,1.02,57,60,7,142
2024-01-05,1.76111611684891,0.00013537685360823955,5.640702233676648,1.7369332982326915,0.9640820933015005,G6M2,g6m2_mid_load,1.0,58.0,33.0,0.98,1.02,57,60,7,142
2024-01-06,1.7612514937025183,0.00013537685360823955,5.640702233676648,1.7369332982326915,0.9640820933015005,G6M2,g6m2_mid_load,1.0,58.0,33.0,0.98,1.02,57,60,7,142
2024-01-07,1.7613868705561264,0.00013537685360823955,5.640702233676648,1.7369332982326915,0.9640820933015005,G6M2,g6m2_mid_load,1.0,58.0,33.0,0.98,1.02,57,60,7,142
2024-01-08,1.7615222474097347,0.00013537685360823955,5.640702233676648,1.7369332982326915,0.9640820933015005,G6M2,g6m2_mid_load,1.0,58.0,33.0,0.98,1.02,57,60,7,142
2024-01-09,1.761657624263343,0.00013537685360823955,5.640702233676648,1.7369332982326915,0.9640820933015005,G6M2,g6m2_mid_load,1.0,58.0,33.0,0.98,1.02,57,60,7,142
2024-01-10,1.7617930011169511,0.00013537685360823955,5.640702233676648,1.7369332982326915,0.9640820933015005,G6M2,g6m2_mid_load,1.0,58.0,33.0,0.98,1.02,57,60,7,142
2024-01-11,1.7619283779705595,0.00013537685360823955,5.640702233676648,1.7369332982326915,0.9640820933015005,G6M2,g6m2_mid_load,1.0,58.0,33.0,0.98,1.02,57,60,7,142
2024-01-12,1.7620637548241678,0.00013537685360823955,5.640702233676648,1.7369332982326915,0.9640820933015005,G6M2,g6m2_mid_load,1.0,58.0,33.0,0.98,1.02,57,60,7,142
2024-01-13,1.7621991316777759,0.00013537685360823955,5.640702233676648,1.7369332982326915,0.9640820933015005,G6M2,g6m2_mid_load,1.0,58.0,33.0,0.98,1.02,57,60,7,142
2024-01-14,1.7623345085313842,0.00013537685360823955,5.640702233676648,1.7369332982326915,0.9640820933015005,G6M2,g6m2_mid_load,1.0,58.0,33.0,0.98,1.02,57,60,7,142
2024-01-15,1.7624698853849925,0.00013537685360823955,5.640702233676648,1.7369332982326915,0.9640820933015005,G6M2,g6m2_mid_load,1.0,58.0,33.0,0.98,1.02,57,60,7,142
2024-01-16,1.7626052622386006,0.00013537685360823955,5.640702233676648,1.7369332982326915,0.9640820933015005,G6M2,g6m2_mid_load,1.0,58.0,33.0,0.98,1.02,57,60,7,142
2024-01-17,1.762740639092209,0.00013537685360823955,5.640702233676648,1.7369332982326915,0.9640820933015005,G6M2,g6m2_mid_load,1.0,58.0,33.0,0.98,1.02,57,60,7,142
2024-01-18,1.7628760159458172,0.00013537685360823955,5.640702233676648,1.7369332982326915,0.9640820933015005,G6M2,g6m2_mid_load,1.0,58.0,33.0,0.98,1.02,57,60,7,142
2024-01-19,1.7630113927994253,0.00013537685360823955,5.640702233676648,1.7369332982326915,0.9640820933015005,G6M2,g6m2_mid_load,1.0,58.0,33.0,0.98,1.02,57,60,7,142
2024-01-20,1.7631467696530336,0.00013537685360823955,5.640702233676648,1.7369332982326915,0.9640820933015005,G6M2,g6m2_mid_load,1.0,58.0,33.0,0.98,1.02,57,60,7,142
2024-01-21,1.763282146506642,0.00013537685360823955,5.640702233676648,1.7369332982326915,0.9640820933015005,G6M2,g6m2_mid_load,1.0,58.0,33.0,0.98,1.02,57,60,7,142
2024-01-22,1.76341752336025,0.00013537685360823955,5.640702233676648,1.7369332982326915,0.9640820933015005,G6M2,g6m2_mid_load,1.0,58.0,33.0,0.98,1.02,57,60,7,142
2024-01-23,1.7635529002138584,0.00013537685360823955,5.640702233676648,1.7369332982326915,0.9640820933015005,G6M2,g6m2_mid_load,1.0,58.0,33.0,0.98,1.02,57,60,7,142
2024-01-24,1.7636882770674667,0.00013537685360823955,5.640702233676648,1.7369332982326915,0.9640820933015005,G6M2,g6m2_mid_load,1.0,58.0,33.0,0.98,1.02,57,60,7,142
2024-01-25,1.7638236539210748,0.00013537685360823955,5.640702233676648,1.7369332982326915,0.9640820933015005,G6M2,g6m2_mid_load,1.0,58.0,33.0,0.98,1.02,57,60,7,142
2024-01-26,1.763959030774683,0.00013537685360823955,5.640702233676648,1.7369332982326915,0.9640820933015005,G6M2,g6m2_mid_load,1.0,58.0,33.0,0.98,1.02,57,60,7,142
2024-01-27,1.7640944076282914,0.00013537685360823955,5.640702233676648,1.7369332982326915,0.9640820933015005,G6M2,g6m2_mid_load,1.0,58.0,33.0,0.98,1.02,57,60,7,142
2024-01-28,1.7642297844818995,0.00013537685360823955,5.640702233676648,1.7369332982326915,0.9640820933015005,G6M2,g6m2_mid_load,1.0,58.0,33.0,0.98,1.02,57,60,7,142
2024-01-29,1.7643651613355078,0.00013537685360823955,5.640702233676648,1.7369332982326915,0.9640820933015005,G6M2,g6m2_mid_load,1.0,58.0,33.0,0.98,1.02,57,60,7,142
2024-01-30,1.764500538189116,0.00013537685360823955,5.640702233676648,1.7369332982326915,0.9640820933015005,G6M2,g6m2_mid_load,1.0,58.0,33.0,0.98,1.02,57,60,7,142
2024-01-31,1.7646359150427242,0.00013537685360823955,5.640702233676648,1.7369332982326915,0.9640820933015005,G6M2,g6m2_mid_load,1.0,58.0,33.0,0.98,1.02,57,60,7,142
2024-02-01,1.7647712918963325,0.00013537685360823955,5.640702233676648,1.7369332982326915,0.9640820933015005,G6M2,g6m2_mid_load,1.0,58.0,33.0,0.98,1.02,57,60,7,142
2024-02-02,1.7649066687499406,0.00013537685360823955,5.640702233676648,1.7369332982326915,0.9640820933015005,G6M2,g6m2_mid_load,1.0,58.0,33.0,0.98,1.02,57,60,7,142
2024-02-03,1.765042045603549,0.00013537685360823955,5.640702233676648,1.7369332982326915,0.9640820933015005,G6M2,g6m2_mid_load,1.0,58.0,33.0,0.98,1.02,57,60,7,142
2024-02-04,1.7651774224571573,0.00013537685360823955,5.640702233676648,1.7369332982326915,0.9640820933015005,G6M2,g6m2_mid_load,1.0,58.0,33.0,0.98,1.02,57,60,7,142
2024-02-05,1.7653127993107653,0.00013537685360823955,5.640702233676648,1.7369332982326915,0.9640820933015005,G6M2,g6m2_mid_load,1.0,58.0,33.0,0.98,1.02,57,60,7,142
2024-02-06,1.7654481761643737,0.00013537685360823955,5.640702233676648,1.7369332982326915,0.9640820933015005,G6M2,g6m2_mid_load,1.0,58.0,33.0,0.98,1.02,57,60,7,142
2024-02-07,1.765583553017982,0.00013537685360823955,5.640702233676648,1.7369332982326915,0.9640820933015005,G6M2,g6m2_mid_load,1.0,58.0,33.0,0.98,1.02,57,60,7,142
2024-02-08,1.76571892987159,0.00013537685360823955,5.640702233676648,1.7369332982326915,0.9640820933015005,G6M2,g6m2_mid_load,1.0,58.0,33.0,0.98,1.02,57,60,7,142
2024-02-09,1.7658543067251984,0.00013537685360823955,5.640702233676648,1.7369332982326915,0.9640820933015005,G6M2,g6m2_mid_load,1.0,58.0,33.0,0.98,1.02,57,60,7,142
2024-02-10,1.7659896835788067,0.00013537685360823955,5.640702233676648,1.7369332982326915,0.9640820933015005,G6M2,g6m2_mid_load,1.0,58.0,33.0,0.98,1.02,57,60,7,142
2024-02-11,1.7661250604324148,0.00013537685360823955,5.640702233676648,1.7369332982326915,0.9640820933015005,G6M2,g6m2_mid_load,1.0,58.0,33.0,0.98,1.02,57,60,7,142
2024-02-12,1.766260437286023,0.00013537685360823955,5.640702233676648,1.7369332982326915,0.9640820933015005,G6M2,g6m2_mid_load,1.0,58.0,33.0,0.98,1.02,57,60,7,142
2024-02-13,1.7663958141396314,0.00013537685360823955,5.640702233676648,1.7369332982326915,0.9640820933015005,G6M2,g6m2_mid_load,1.0,58.0,33.0,0.98,1.02,57,60,7,142
2024-02-14,1.7665311909932395,0.00013537685360823955,5.640702233676648,1.7369332982326915,0.9640820933015005,G6M2,g6m2_mid_load,1.0,58.0,33.0,0.98,1.02,57,60,7,142
2024-02-15,1.7666665678468478,0.00013537685360823955,5.640702233676648,1.7369332982326915,0.9640820933015005,G6M2,g6m2_mid_load,1.0,58.0,33.0,0.98,1.02,57,60,7,142
2024-02-16,1.7668019447004562,0.00013537685360823955,5.640702233676648,1.7369332982326915,0.9640820933015005,G6M2,g6m2_mid_load,1.0,58.0,33.0,0.98,1.02,57,60,7,142
2024-02-17,1.7669373215540642,0.00013537685360823955,5.640702233676648,1.7369332982326915,0.9640820933015005,G6M2,g6m2_mid_load,1.0,58.0,33.0,0.98,1.02,57,60,7,142
2024-02-18,1.7670726984076726,0.00013537685360823955,5.640702233676648,1.7369332982326915,0.9640820933015005,G6M2,g6m2_mid_load,1.0,58.0,33.0,0.98,1.02,57,60,7,142
2024-02-19,1.7672080752612809,0.00013537685360823955,5.640702233676648,1.7369332982326915,0.9640820933015005,G6M2,g6m2_mid_load,1.0,58.0,33.0,0.98,1.02,57,60,7,142
2024-02-20,1.767343452114889,0.00013537685360823955,5.640702233676648,1.7369332982326915,0.9640820933015005,G6M2,g6m2_mid_load,1.0,58.0,33.0,0.98,1.02,57,60,7,142
2024-02-21,1.7674788289684973,0.00013537685360823955,5.640702233676648,1.7369332982326915,0.9640820933015005,G6M2,g6m2_mid_load,1.0,58.0,33.0,0.98,1.02,57,60,7,142
2024-02-22,1.7676142058221056,0.00013537685360823955,5.640702233676648,1.7369332982326915,0.9640820933015005,G6M2,g6m2_mid_load,1.0,58.0,33.0,0.98,1.02,57,60,7,142
2024-02-23,1.7677495826757137,0.00013537685360823955,5.640702233676648,1.7369332982326915,0.9640820933015005,G6M2,g6m2_mid_load,1.0,58.0,33.0,0.98,1.02,57,60,7,142
2024-02-24,1.767884959529322,0.00013537685360823955,5.640702233676648,1.7369332982326915,0.9640820933015005,G6M2,g6m2_mid_load,1.0,58.0,33.0,0.98,1.02,57,60,7,142
2024-02-25,1.7680203363829303,0.00013537685360823955,5.640702233676648,1.7369332982326915,0.9640820933015005,G6M2,g6m2_mid_load,1.0,58.0,33.0,0.98,1.02,57,60,7,142
2024-02-26,1.7681557132365384,0.00013537685360823955,5.640702233676648,1.7369332982326915,0.9640820933015005,G6M2,g6m2_mid_load,1.0,58.0,33.0,0.98,1.02,57,60,7,142
2024-02-27,1.7682910900901467,0.00013537685360823955,5.640702233676648,1.7369332982326915,0.9640820933015005,G6M2,g6m2_mid_load,1.0,58.0,33.0,0.98,1.02,57,60,7,142
2024-02-28,1.768426466943755,0.00013537685360823955,5.640702233676648,1.7369332982326915,0.9640820933015005,G6M2,g6m2_mid_load,1.0,58.0,33.0,0.98,1.02,57,60,7,142
2024-02-29,1.7685618437973631,0.00013537685360823955,5.640702233676648,1.7369332982326915,0.9640820933015005,G6M2,g6m2_mid_load,1.0,58.0,33.0,0.98,1.02,57,60,7,142
2024-03-01,1.7686972206509715,0.00013537685360823955,5.640702233676648,1.7369332982326915,0.9640820933015005,G6M2,g6m2_mid_load,1.0,58.0,33.0,0.98,1.02,57,60,7,142
2024-03-02,1.7688325975045798,0.00013537685360823955,5.640702233676648,1.7369332982326915,0.9640820933015005,G6M2,g6m2_mid_load,1.0,58.0,33.0,0.98,1.02,57,60,7,142
2024-03-03,1.7689679743581879,0.00013537685360823955,5.640702233676648,1.7369332982326915,0.9640820933015005,G6M2,g6m2_mid_load,1.0,58.0,33.0,0.98,1.02,57,60,7,142
2024-03-04,1.7691033512117962,0.00013537685360823955,5.640702233676648,1.7369332982326915,0.9640820933015005,G6M2,g6m2_mid_load,1.0,58.0,33.0,0.98,1.02,57,60,7,142
2024-03-05,1.7692387280654045,0.00013537685360823955,5.640702233676648,1.7369332982326915,0.9640820933015005,G6M2,g6m2_mid_load,1.0,58.0,33.0,0.98,1.02,57,60,7,142
2024-03-06,1.7693741049190126,0.00013537685360823955,5.640702233676648,1.7369332982326915,0.9640820933015005,G6M2,g6m2_mid_load,1.0,58.0,33.0,0.98,1.02,57,60,7,142
2024-03-07,1.769509481772621,0.00013537685360823955,5.640702233676648,1.7369332982326915,0.9640820933015005,G6M2,g6m2_mid_load,1.0,58.0,33.0,0.98,1.02,57,60,7,142
2024-03-08,1.769644858626229,0.00013537685360823955,5.640702233676648,1.7369332982326915,0.9640820933015005,G6M2,g6m2_mid_load,1.0,58.0,33.0,0.98,1.02,57,60,7,142
2024-03-09,1.7697802354798373,0.00013537685360823955,5.640702233676648,1.7369332982326915,0.9640820933015005,G6M2,g6m2_mid_load,1.0,58.0,33.0,0.98,1.02,57,60,7,142
2024-03-10,1.7699156123334456,0.00013537685360823955,5.640702233676648,1.7369332982326915,0.9640820933015005,G6M2,g6m2_mid_load,1.0,58.0,33.0,0.98,1.02,57,60,7,142
2024-03-11,1.7700509891870537,0.00013537685360823955,5.640702233676648,1.7369332982326915,0.9640820933015005,G6M2,g6m2_mid_load,1.0,58.0,33.0,0.98,1.02,57,60,7,142
2024-03-12,1.770186366040662,0.00013537685360823955,5.640702233676648,1.7369332982326915,0.9640820933015005,G6M2,g6m2_mid_load,1.0,58.0,33.0,0.98,1.02,57,60,7,142
2024-03-13,1.7703217428942704,0.00013537685360823955,5.640702233676648,1.7369332982326915,0.9640820933015005,G6M2,g6m2_mid_load,1.0,58.0,33.0,0.98,1.02,57,60,7,142
2024-03-14,1.7704571197478784,0.00013537685360823955,5.640702233676648,1.7369332982326915,0.9640820933015005,G6M2,g6m2_mid_load,1.0,58.0,33.0,0.98,1.02,57,60,7,142
2024-03-15,1.7705924966014868,0.00013537685360823955,5.640702233676648,1.7369332982326915,0.9640820933015005,G6M2,g6m2_mid_load,1.0,58.0,33.0,0.98,1.02,57,60,7,142
2024-03-16,1.770727873455095,0.00013537685360823955,5.640702233676648,1.7369332982326915,0.9640820933015005,G6M2,g6m2_mid_load,1.0,58.0,33.0,0.98,1.02,57,60,7,142
2024-03-17,1.7708632503087032,0.00013537685360823955,5.640702233676648,1.7369332982326915,0.9640820933015005,G6M2,g6m2_mid_load,1.0,58.0,33.0,0.98,1.02,57,60,7,142
2024-03-18,1.7709986271623115,0.00013537685360823955,5.640702233676648,1.7369332982326915,0.9640820933015005,G6M2,g6m2_mid_load,1.0,58.0,33.0,0.98,1.02,57,60,7,142
2024-03-19,1.7711340040159198,0.00013537685360823955,5.640702233676648,1.7369332982326915,0.9640820933015005,G6M2,g6m2_mid_load,1.0,58.0,33.0,0.98,1.02,57,60,7,142
2024-03-20,1.771269380869528,0.00013537685360823955,5.640702233676648,1.7369332982326915,0.9640820933015005,G6M2,g6m2_mid_load,1.0,58.0,33.0,0.98,1.02,57,60,7,142
2024-03-21,1.7714047577231362,0.00013537685360823955,5.640702233676648,1.7369332982326915,0.9640820933015005,G6M2,g6m2_mid_load,1.0,58.0,33.0,0.98,1.02,57,60,7,142
2024-03-22,1.7715401345767445,0.00013537685360823955,5.640702233676648,1.7369332982326915,0.9640820933015005,G6M2,g6m2_mid_load,1.0,58.0,33.0,0.98,1.02,57,60,7,142
2024-03-23,1.7716755114303526,0.00013537685360823955,5.640702233676648,1.7369332982326915,0.9640820933015005,G6M2,g6m2_mid_load,1.0,58.0,33.0,0.98,1.02,57,60,7,142
2024-03-24,1.771810888283961,0.00013537685360823955,5.640702233676648,1.7369332982326915,0.9640820933015005,G6M2,g6m2_mid_load,1.0,58.0,33.0,0.98,1.02,57,60,7,142
2024-03-25,1.7719462651375693,0.00013537685360823955,5.640702233676648,1.7369332982326915,0.9640820933015005,G6M2,g6m2_mid_load,1.0,58.0,33.0,0.98,1.02,57,60,7,142
2024-03-26,1.7720816419911773,0.00013537685360823955,5.640702233676648,1.7369332982326915,0.9640820933015005,G6M2,g6m2_mid_load,1.0,58.0,33.0,0.98,1.02,57,60,7,142
2024-03-27,1.7722170188447857,0.00013537685360823955,5.640702233676648,1.7369332982326915,0.9640820933015005,G6M2,g6m2_mid_load,1.0,58.0,33.0,0.98,1.02,57,60,7,142
2024-03-28,1.772352395698394,0.00013537685360823955,5.640702233676648,1.7369332982326915,0.9640820933015005,G6M2,g6m2_mid_load,1.0,58.0,33.0,0.98,1.02,57,60,7,142
2024-03-29,1.772487772552002,0.00013537685360823955,5.640702233676648,1.7369332982326915,0.9640820933015005,G6M2,g6m2_mid_load,1.0,58.0,33.0,0.98,1.02,57,60,7,142
2024-03-30,1.7726231494056104,0.00013537685360823955,5.640702233676648,1.7369332982326915,0.9640820933015005,G6M2,g6m2_mid_load,1.0,58.0,33.0,0.98,1.02,57,60,7,142
2024-03-31,1.7727585262592187,0.00013537685360823955,5.640702233676648,1.7369332982326915,0.9640820933015005,G6M2,g6m2_mid_load,1.0,58.0,33.0,0.98,1.02,57,60,7,142
2024-04-01,1.7728939031128268,0.00013537685360823955,5.640702233676648,1.7369332982326915,0.9640820933015005,G6M2,g6m2_mid_load,1.0,58.0,33.0,0.98,1.02,57,60,7,142
2024-04-02,1.7730292799664351,0.00013537685360823955,5.640702233676648,1.7369332982326915,0.9640820933015005,G6M2,g6m2_mid_load,1.0,58.0,33.0,0.98,1.02,57,60,7,142
2024-04-03,1.7731646568200434,0.00013537685360823955,5.640702233676648,1.7369332982326915,0.9640820933015005,G6M2,g6m2_mid_load,1.0,58.0,33.0,0.98,1.02,57,60,7,142
2024-04-04,1.7733000336736515,0.00013537685360823955,5.640702233676648,1.7369332982326915,0.9640820933015005,G6M2,g6m2_mid_load,1.0,58.0,33.0,0.98,1.02,57,60,7,142
2024-04-05,1.7734354105272598,0.00013537685360823955,5.640702233676648,1.7369332982326915,0.9640820933015005,G6M2,g6m2_mid_load,1.0,58.0,33.0,0.98,1.02,57,60,7,142
2024-04-06,1.7735707873808682,0.00013537685360823955,5.640702233676648,1.7369332982326915,0.9640820933015005,G6M2,g6m2_mid_load,1.0,58.0,33.0,0.98,1.02,57,60,7,142
2024-04-07,1.7737061642344762,0.00013537685360823955,5.640702233676648,1.7369332982326915,0.9640820933015005,G6M2,g6m2_mid_load,1.0,58.0,33.0,0.98,1.02,57,60,7,142
2024-04-08,1.7738415410880846,0.00013537685360823955,5.640702233676648,1.7369332982326915,0.9640820933015005,G6M2,g6m2_mid_load,1.0,58.0,33.0,0.98,1.02,57,60,7,142
2024-04-09,1.7739769179416929,0.00013537685360823955,5.640702233676648,1.7369332982326915,0.9640820933015005,G6M2,g6m2_mid_load,1.0,58.0,33.0,0.98,1.02,57,60,7,142
2024-04-10,1.774112294795301,0.00013537685360823955,5.640702233676648,1.7369332982326915,0.9640820933015005,G6M2,g6m2_mid_load,1.0,58.0,33.0,0.98,1.02,57,60,7,142
2024-04-11,1.7742476716489093,0.00013537685360823955,5.640702233676648,1.7369332982326915,0.9640820933015005,G6M2,g6m2_mid_load,1.0,58.0,33.0,0.98,1.02,57,60,7,142
2024-04-12,1.7743830485025174,0.00013537685360823955,5.640702233676648,1.7369332982326915,0.9640820933015005,G6M2,g6m2_mid_load,1.0,58.0,33.0,0.98,1.02,57,60,7,142
2024-04-13,1.7745184253561257,0.00013537685360823955,5.640702233676648,1.7369332982326915,0.9640820933015005,G6M2,g6m2_mid_load,1.0,58.0,33.0,0.98,1.02,57,60,7,142
2024-04-14,1.774653802209734,0.00013537685360823955,5.640702233676648,1.7369332982326915,0.9640820933015005,G6M2,g6m2_mid_load,1.0,58.0,33.0,0.98,1.02,57,60,7,142
2024-04-15,1.774789179063342,0.00013537685360823955,5.640702233676648,1.7369332982326915,0.9640820933015005,G6M2,g6m2_mid_load,1.0,58.0,33.0,0.98,1.02,57,60,7,142
2024-04-16,1.7749245559169504,0.00013537685360823955,5.640702233676648,1.7369332982326915,0.9640820933015005,G6M2,g6m2_mid_load,1.0,58.0,33.0,0.98,1.02,57,60,7,142
2024-04-17,1.7750599327705587,0.00013537685360823955,5.640702233676648,1.7369332982326915,0.9640820933015005,G6M2,g6m2_mid_load,1.0,58.0,33.0,0.98,1.02,57,60,7,142
2024-04-18,1.7751953096241668,0.00013537685360823955,5.640702233676648,1.7369332982326915,0.9640820933015005,G6M2,g6m2_mid_load,1.0,58.0,33.0,0.98,1.02,57,60,7,142
2024-04-19,1.7753306864777751,0.00013537685360823955,5.640702233676648,1.7369332982326915,0.9640820933015005,G6M2,g6m2_mid_load,1.0,58.0,33.0,0.98,1.02,57,60,7,142
2024-04-20,1.7754660633313835,0.00013537685360823955,5.640702233676648,1.7369332982326915,0.9640820933015005,G6M2,g6m2_mid_load,1.0,58.0,33.0,0.98,1.02,57,60,7,142
2024-04-21,1.7756014401849916,0.00013537685360823955,5.640702233676648,1.7369332982326915,0.9640820933015005,G6M2,g6m2_mid_load,1.0,58.0,33.0,0.98,1.02,57,60,7,142
2024-04-22,1.7757368170385999,0.00013537685360823955,5.640702233676648,1.7369332982326915,0.9640820933015005,G6M2,g6m2_mid_load,1.0,58.0,33.0,0.98,1.02,57,60,7,142
2024-04-23,1.7758721938922082,0.00013537685360823955,5.640702233676648,1.7369332982326915,0.9640820933015005,G6M2,g6m2_mid_load,1.0,58.0,33.0,0.98,1.02,57,60,7,142
2024-04-24,1.7760075707458163,0.00013537685360823955,5.640702233676648,1.7369332982326915,0.9640820933015005,G6M2,g6m2_mid_load,1.0,58.0,33.0,0.98,1.02,57,60,7,142
2024-04-25,1.7761429475994246,0.00013537685360823955,5.640702233676648,1.7369332982326915,0.9640820933015005,G6M2,g6m2_mid_load,1.0,58.0,33.0,0.98,1.02,57,60,7,142
2024-04-26,1.776278324453033,0.00013537685360823955,5.640702233676648,1.7369332982326915,0.9640820933015005,G6M2,g6m2_mid_load,1.0,58.0,33.0,0.98,1.02,57,60,7,142
2024-04-27,1.776413701306641,0.00013537685360823955,5.640702233676648,1.7369332982326915,0.9640820933015005,G6M2,g6m2_mid_load,1.0,58.0,33.0,0.98,1.02,57,60,7,142
2024-04-28,1.7765490781602493,0.00013537685360823955,5.640702233676648,1.7369332982326915,0.9640820933015005,G6M2,g6m2_mid_load,1.0,58.0,33.0,0.98,1.02,57,60,7,142
2024-04-29,1.7766844550138576,0.00013537685360823955,5.640702233676648,1.7369332982326915,0.9640820933015005,G6M2,g6m2_mid_load,1.0,58.0,33.0,0.98,1.02,57,60,7,142
2024-04-30,1.7768198318674657,0.00013537685360823955,5.640702233676648,1.7369332982326915,0.9640820933015005,G6M2,g6m2_mid_load,1.0,58.0,33.0,0.98,1.02,57,60,7,142
2024-05-01,1.776955208721074,0.00013537685360823955,5.640702233676648,1.7369332982326915,0.9640820933015005,G6M2,g6m2_mid_load,1.0,58.0,33.0,0.98,1.02,57,60,7,142
2024-05-02,1.7770905855746824,0.00013537685360823955,5.640702233676648,1.7369332982326915,0.9640820933015005,G6M2,g6m2_mid_load,1.0,58.0,33.0,0.98,1.02,57,60,7,142
2024-05-03,1.7772259624282905,0.00013537685360823955,5.640702233676648,1.7369332982326915,0.9640820933015005,G6M2,g6m2_mid_load,1.0,58.0,33.0,0.98,1.02,57,60,7,142
2024-05-04,1.7773613392818988,0.00013537685360823955,5.640702233676648,1.7369332982326915,0.9640820933015005,G6M2,g6m2_mid_load,1.0,58.0,33.0,0.98,1.02,57,60,7,142
2024-05-05,1.777496716135507,0.00013537685360823955,5.640702233676648,1.7369332982326915,0.9640820933015005,G6M2,g6m2_mid_load,1.0,58.0,33.0,0.98,1.02,57,60,7,142
2024-05-06,1.7776320929891152,0.00013537685360823955,5.640702233676648,1.7369332982326915,0.9640820933015005,G6M2,g6m2_mid_load,1.0,58.0,33.0,0.98,1.02,57,60,7,142
2024-05-07,1.7777674698427235,0.00013537685360823955,5.640702233676648,1.7369332982326915,0.9640820933015005,G6M2,g6m2_mid_load,1.0,58.0,33.0,0.98,1.02,57,60,7,142
2024-05-08,1.7779028466963318,0.00013537685360823955,5.640702233676648,1.7369332982326915,0.9640820933015005,G6M2,g6m2_mid_load,1.0,58.0,33.0,0.98,1.02,57,60,7,142
2024-05-09,1.77803822354994,0.00013537685360823955,5.640702233676648,1.7369332982326915,0.9640820933015005,G6M2,g6m2_mid_load,1.0,58.0,33.0,0.98,1.02,57,60,7,142
2024-05-10,1.7781736004035482,0.00013537685360823955,5.640702233676648,1.7369332982326915,0.9640820933015005,G6M2,g6m2_mid_load,1.0,58.0,33.0,0.98,1.02,57,60,7,142
2024-05-11,1.7783089772571565,0.00013537685360823955,5.640702233676648,1.7369332982326915,0.9640820933015005,G6M2,g6m2_mid_load,1.0,58.0,33.0,0.98,1.02,57,60,7,142
2024-05-12,1.7784443541107646,0.00013537685360823955,5.640702233676648,1.7369332982326915,0.9640820933015005,G6M2,g6m2_mid_load,1.0,58.0,33.0,0.98,1.02,57,60,7,142
2024-05-13,1.778579730964373,0.00013537685360823955,5.640702233676648,1.7369332982326915,0.9640820933015005,G6M2,g6m2_mid_load,1.0,58.0,33.0,0.98,1.02,57,60,7,142
2024-05-14,1.7787151078179813,0.00013537685360823955,5.640702233676648,1.7369332982326915,0.9640820933015005,G6M2,g6m2_mid_load,1.0,58.0,33.0,0.98,1.02,57,60,7,142
2024-05-15,1.7788504846715893,0.00013537685360823955,5.640702233676648,1.7369332982326915,0.9640820933015005,G6M2,g6m2_mid_load,1.0,58.0,33.0,0.98,1.02,57,60,7,142
2024-05-16,1.7789858615251977,0.00013537685360823955,5.640702233676648,1.7369332982326915,0.9640820933015005,G6M2,g6m2_mid_load,1.0,58.0,33.0,0.98,1.02,57,60,7,142
2024-05-17,1.779121238378806,0.00013537685360823955,5.640702233676648,1.7369332982326915,0.9640820933015005,G6M2,g6m2_mid_load,1.0,58.0,33.0,0.98,1.02,57,60,7,142
2024-05-18,1.779256615232414,0.00013537685360823955,5.640702233676648,1.7369332982326915,0.9640820933015005,G6M2,g6m2_mid_load,1.0,58.0,33.0,0.98,1.02,57,60,7,142
2024-05-19,1.7793919920860224,0.00013537685360823955,5.640702233676648,1.7369332982326915,0.9640820933015005,G6M2,g6m2_mid_load,1.0,58.0,33.0,0.98,1.02,57,60,7,142
2024-05-20,1.7795273689396307,0.00013537685360823955,5.640702233676648,1.7369332982326915,0.9640820933015005,G6M2,g6m2_mid_load,1.0,58.0,33.0,0.98,1.02,57,60,7,142
2024-05-21,1.7796627457932388,0.00013537685360823955,5.640702233676648,1.7369332982326915,0.9640820933015005,G6M2,g6m2_mid_load,1.0,58.0,33.0,0.98,1.02,57,60,7,142
2024-05-22,1.7797981226468471,0.00013537685360823955,5.640702233676648,1.7369332982326915,0.9640820933015005,G6M2,g6m2_mid_load,1.0,58.0,33.0,0.98,1.02,57,60,7,142
2024-05-23,1.7799334995004552,0.00013537685360823955,5.640702233676648,1.7369332982326915,0.9640820933015005,G6M2,g6m2_mid_load,1.0,58.0,33.0,0.98,1.02,57,60,7,142
2024-05-24,1.7800688763540635,0.00013537685360823955,5.640702233676648,1.7369332982326915,0.9640820933015005,G6M2,g6m2_mid_load,1.0,58.0,33.0,0.98,1.02,57,60,7,142
2024-05-25,1.7802042532076718,0.00013537685360823955,5.640702233676648,1.7369332982326915,0.9640820933015005,G6M2,g6m2_mid_load,1.0,58.0,33.0,0.98,1.02,57,60,7,142
2024-05-26,1.78033963006128,0.00013537685360823955,5.640702233676648,1.7369332982326915,0.9640820933015005,G6M2,g6m2_mid_load,1.0,58.0,33.0,0.98,1.02,57,60,7,142
2024-05-27,1.7804750069148882,0.00013537685360823955,5.640702233676648,1.7369332982326915,0.9640820933015005,G6M2,g6m2_mid_load,1.0,58.0,33.0,0.98,1.02,57,60,7,142
2024-05-28,1.7806103837684966,0.00013537685360823955,5.640702233676648,1.7369332982326915,0.9640820933015005,G6M2,g6m2_mid_load,1.0,58.0,33.0,0.98,1.02,57,60,7,142
2024-05-29,1.7807457606221047,0.00013537685360823955,5.640702233676648,1.7369332982326915,0.9640820933015005,G6M2,g6m2_mid_load,1.0,58.0,33.0,0.98,1.02,57,60,7,142
2024-05-30,1.780881137475713,0.00013537685360823955,5.640702233676648,1.7369332982326915,0.9640820933015005,G6M2,g6m2_mid_load,1.0,58.0,33.0,0.98,1.02,57,60,7,142
2024-05-31,1.7810165143293213,0.00013537685360823955,5.640702233676648,1.7369332982326915,0.9640820933015005,G6M2,g6m2_mid_load,1.0,58.0,33.0,0.98,1.02,57,60,7,142
2024-06-01,1.7811518911829294,0.00013537685360823955,5.640702233676648,1.7369332982326915,0.9640820933015005,G6M2,g6m2_mid_load,1.0,58.0,33.0,0.98,1.02,57,60,7,142
2024-06-02,1.7812872680365377,0.00013537685360823955,5.640702233676648,1.7369332982326915,0.9640820933015005,G6M2,g6m2_mid_load,1.0,58.0,33.0,0.98,1.02,57,60,7,142
2024-06-03,1.781422644890146,0.00013537685360823955,5.640702233676648,1.7369332982326915,0.9640820933015005,G6M2,g6m2_mid_load,1.0,58.0,33.0,0.98,1.02,57,60,7,142
2024-06-04,1.781558021743754,0.00013537685360823955,5.640702233676648,1.7369332982326915,0.9640820933015005,G6M2,g6m2_mid_load,1.0,58.0,33.0,0.98,1.02,57,60,7,142
2024-06-05,1.7816933985973624,0.00013537685360823955,5.640702233676648,1.7369332982326915,0.9640820933015005,G6M2,g6m2_mid_load,1.0,58.0,33.0,0.98,1.02,57,60,7,142
2024-06-06,1.7818287754509707,0.00013537685360823955,5.640702233676648,1.7369332982326915,0.9640820933015005,G6M2,g6m2_mid_load,1.0,58.0,33.0,0.98,1.02,57,60,7,142
2024-06-07,1.7819641523045788,0.00013537685360823955,5.640702233676648,1.7369332982326915,0.9640820933015005,G6M2,g6m2_mid_load,1.0,58.0,33.0,0.98,1.02,57,60,7,142
2024-06-08,1.7820995291581871,0.00013537685360823955,5.640702233676648,1.7369332982326915,0.9640820933015005,G6M2,g6m2_mid_load,1.0,58.0,33.0,0.98,1.02,57,60,7,142
2024-06-09,1.7822349060117955,0.00013537685360823955,5.640702233676648,1.7369332982326915,0.9640820933015005,G6M2,g6m2_mid_load,1.0,58.0,33.0,0.98,1.02,57,60,7,142
2024-06-10,1.7823702828654036,0.00013537685360823955,5.640702233676648,1.7369332982326915,0.9640820933015005,G6M2,g6m2_mid_load,1.0,58.0,33.0,0.98,1.02,57,60,7,142
2024-06-11,1.7825056597190119,0.00013537685360823955,5.640702233676648,1.7369332982326915,0.9640820933015005,G6M2,g6m2_mid_load,1.0,58.0,33.0,0.98,1.02,57,60,7,142
2024-06-12,1.7826410365726202,0.00013537685360823955,5.640702233676648,1.7369332982326915,0.9640820933015005,G6M2,g6m2_mid_load,1.0,58.0,33.0,0.98,1.02,57,60,7,142
2024-06-13,1.7827764134262283,0.00013537685360823955,5.640702233676648,1.7369332982326915,0.9640820933015005,G6M2,g6m2_mid_load,1.0,58.0,33.0,0.98,1.02,57,60,7,142
2024-06-14,1.7829117902798366,0.00013537685360823955,5.640702233676648,1.7369332982326915,0.9640820933015005,G6M2,g6m2_mid_load,1.0,58.0,33.0,0.98,1.02,57,60,7,142
2024-06-15,1.783047167133445,0.00013537685360823955,5.640702233676648,1.7369332982326915,0.9640820933015005,G6M2,g6m2_mid_load,1.0,58.0,33.0,0.98,1.02,57,60,7,142
2024-06-16,1.783182543987053,0.00013537685360823955,5.640702233676648,1.7369332982326915,0.9640820933015005,G6M2,g6m2_mid_load,1.0,58.0,33.0,0.98,1.02,57,60,7,142
2024-06-17,1.7833179208406613,0.00013537685360823955,5.640702233676648,1.7369332982326915,0.9640820933015005,G6M2,g6m2_mid_load,1.0,58.0,33.0,0.98,1.02,57,60,7,142
2024-06-18,1.7834532976942696,0.00013537685360823955,5.640702233676648,1.7369332982326915,0.9640820933015005,G6M2,g6m2_mid_load,1.0,58.0,33.0,0.98,1.02,57,60,7,142
2024-06-19,1.7835886745478777,0.00013537685360823955,5.640702233676648,1.7369332982326915,0.9640820933015005,G6M2,g6m2_mid_load,1.0,58.0,33.0,0.98,1.02,57,60,7,142
2024-06-20,1.783724051401486,0.00013537685360823955,5.640702233676648,1.7369332982326915,0.9640820933015005,G6M2,g6m2_mid_load,1.0,58.0,33.0,0.98,1.02,57,60,7,142
2024-06-21,1.7838594282550944,0.00013537685360823955,5.640702233676648,1.7369332982326915,0.9640820933015005,G6M2,g6m2_mid_load,1.0,58.0,33.0,0.98,1.02,57,60,7,142
2024-06-22,1.7839948051087025,0.00013537685360823955,5.640702233676648,1.7369332982326915,0.9640820933015005,G6M2,g6m2_mid_load,1.0,58.0,33.0,0.98,1.02,57,60,7,142
2024-06-23,1.7841301819623108,0.00013537685360823955,5.640702233676648,1.7369332982326915,0.9640820933015005,G6M2,g6m2_mid_load,1.0,58.0,33.0,0.98,1.02,57,60,7,142
2024-06-24,1.784265558815919,0.00013537685360823955,5.640702233676648,1.7369332982326915,0.9640820933015005,G6M2,g6m2_mid_load,1.0,58.0,33.0,0.98,1.02,57,60,7,142
2024-06-25,1.7844009356695272,0.00013537685360823955,5.640702233676648,1.7369332982326915,0.9640820933015005,G6M2,g6m2_mid_load,1.0,58.0,33.0,0.98,1.02,57,60,7,142
2024-06-26,1.7845363125231355,0.00013537685360823955,5.640702233676648,1.7369332982326915,0.9640820933015005,G6M2,g6m2_mid_load,1.0,58.0,33.0,0.98,1.02,57,60,7,142
2024-06-27,1.7846716893767436,0.00013537685360823955,5.640702233676648,1.7369332982326915,0.9640820933015005,G6M2,g6m2_mid_load,1.0,58.0,33.0,0.98,1.02,57,60,7,142
2024-06-28,1.784807066230352,0.00013537685360823955,5.640702233676648,1.7369332982326915,0.9640820933015005,G6M2,g6m2_mid_load,1.0,58.0,33.0,0.98,1.02,57,60,7,142
2024-06-29,1.7849424430839602,0.00013537685360823955,5.640702233676648,1.7369332982326915,0.9640820933015005,G6M2,g6m2_mid_load,1.0,58.0,33.0,0.98,1.02,57,60,7,142
2024-06-30,1.7850778199375683,0.00013537685360823955,5.640702233676648,1.7369332982326915,0.9640820933015005,G6M2,g6m2_mid_load,1.0,58.0,33.0,0.98,1.02,57,60,7,142
2024-07-01,1.7852131967911766,0.00013537685360823955,5.640702233676648,1.7369332982326915,0.9640820933015005,G6M2,g6m2_mid_load,1.0,58.0,33.0,0.98,1.02,57,60,7,142
2024-07-02,1.785348573644785,0.00013537685360823955,5.640702233676648,1.7369332982326915,0.9640820933015005,G6M2,g6m2_mid_load,1.0,58.0,33.0,0.98,1.02,57,60,7,142
2024-07-03,1.785483950498393,0.00013537685360823955,5.640702233676648,1.7369332982326915,0.9640820933015005,G6M2,g6m2_mid_load,1.0,58.0,33.0,0.98,1.02,57,60,7,142
2024-07-04,1.7856193273520014,0.00013537685360823955,5.640702233676648,1.7369332982326915,0.9640820933015005,G6M2,g6m2_mid_load,1.0,58.0,33.0,0.98,1.02,57,60,7,142
2024-07-05,1.7857547042056097,0.00013537685360823955,5.640702233676648,1.7369332982326915,0.9640820933015005,G6M2,g6m2_mid_load,1.0,58.0,33.0,0.98,1.02,57,60,7,142
2024-07-06,1.7858900810592178,0.00013537685360823955,5.640702233676648,1.7369332982326915,0.9640820933015005,G6M2,g6m2_mid_load,1.0,58.0,33.0,0.98,1.02,57,60,7,142
2024-07-07,1.786025457912826,0.00013537685360823955,5.640702233676648,1.7369332982326915,0.9640820933015005,G6M2,g6m2_mid_load,1.0,58.0,33.0,0.98,1.02,57,60,7,142
2024-07-08,1.7861608347664344,0.00013537685360823955,5.640702233676648,1.7369332982326915,0.9640820933015005,G6M2,g6m2_mid_load,1.0,58.0,33.0,0.98,1.02,57,60,7,142
2024-07-09,1.7862962116200425,0.00013537685360823955,5.640702233676648,1.7369332982326915,0.9640820933015005,G6M2,g6m2_mid_load,1.0,58.0,33.0,0.98,1.02,57,60,7,142
2024-07-10,1.7864315884736508,0.00013537685360823955,5.640702233676648,1.7369332982326915,0.9640820933015005,G6M2,g6m2_mid_load,1.0,58.0,33.0,0.98,1.02,57,60,7,142
2024-07-11,1.7865669653272591,0.00013537685360823955,5.640702233676648,1.7369332982326915,0.9640820933015005,G6M2,g6m2_mid_load,1.0,58.0,33.0,0.98,1.02,57,60,7,142
2024-07-12,1.7867023421808672,0.00013537685360823955,5.640702233676648,1.7369332982326915,0.9640820933015005,G6M2,g6m2_mid_load,1.0,58.0,33.0,0.98,1.02,57,60,7,142
2024-07-13,1.7868377190344755,0.00013537685360823955,5.640702233676648,1.7369332982326915,0.9640820933015005,G6M2,g6m2_mid_load,1.0,58.0,33.0,0.98,1.02,57,60,7,142
2024-07-14,1.7869730958880838,0.00013537685360823955,5.640702233676648,1.7369332982326915,0.9640820933015005,G6M2,g6m2_mid_load,1.0,58.0,33.0,0.98,1.02,57,60,7,142
2024-07-15,1.787108472741692,0.00013537685360823955,5.640702233676648,1.7369332982326915,0.9640820933015005,G6M2,g6m2_mid_load,1.0,58.0,33.0,0.98,1.02,57,60,7,142
2024-07-16,1.7872438495953002,0.00013537685360823955,5.640702233676648,1.7369332982326915,0.9640820933015005,G6M2,g6m2_mid_load,1.0,58.0,33.0,0.98,1.02,57,60,7,142
2024-07-17,1.7873792264489086,0.00013537685360823955,5.640702233676648,1.7369332982326915,0.9640820933015005,G6M2,g6m2_mid_load,1.0,58.0,33.0,0.98,1.02,57,60,7,142
2024-07-18,1.7875146033025167,0.00013537685360823955,5.640702233676648,1.7369332982326915,0.9640820933015005,G6M2,g6m2_mid_load,1.0,58.0,33.0,0.98,1.02,57,60,7,142
2024-07-19,1.787649980156125,0.00013537685360823955,5.640702233676648,1.7369332982326915,0.9640820933015005,G6M2,g6m2_mid_load,1.0,58.0,33.0,0.98,1.02,57,60,7,142
2024-07-20,1.7877853570097333,0.00013537685360823955,5.640702233676648,1.7369332982326915,0.9640820933015005,G6M2,g6m2_mid_load,1.0,58.0,33.0,0.98,1.02,57,60,7,142
2024-07-21,1.7879207338633414,0.00013537685360823955,5.640702233676648,1.7369332982326915,0.9640820933015005,G6M2,g6m2_mid_load,1.0,58.0,33.0,0.98,1.02,57,60,7,142
2024-07-22,1.7880561107169497,0.00013537685360823955,5.640702233676648,1.7369332982326915,0.9640820933015005,G6M2,g6m2_mid_load,1.0,58.0,33.0,0.98,1.02,57,60,7,142
2024-07-23,1.788191487570558,0.00013537685360823955,5.640702233676648,1.7369332982326915,0.9640820933015005,G6M2,g6m2_mid_load,1.0,58.0,33.0,0.98,1.02,57,60,7,142
2024-07-24,1.788326864424166,0.00013537685360823955,5.640702233676648,1.7369332982326915,0.9640820933015005,G6M2,g6m2_mid_load,1.0,58.0,33.0,0.98,1.02,57,60,7,142
2024-07-25,1.7884622412777744,0.00013537685360823955,5.640702233676648,1.7369332982326915,0.9640820933015005,G6M2,g6m2_mid_load,1.0,58.0,33.0,0.98,1.02,57,60,7,142
2024-07-26,1.7885976181313827,0.00013537685360823955,5.640702233676648,1.7369332982326915,0.9640820933015005,G6M2,g6m2_mid_load,1.0,58.0,33.0,0.98,1.02,57,60,7,142
2024-07-27,1.7887329949849908,0.00013537685360823955,5.640702233676648,1.7369332982326915,0.9640820933015005,G6M2,g6m2_mid_load,1.0,58.0,33.0,0.98,1.02,57,60,7,142
2024-07-28,1.7888683718385991,0.00013537685360823955,5.640702233676648,1.7369332982326915,0.9640820933015005,G6M2,g6m2_mid_load,1.0,58.0,33.0,0.98,1.02,57,60,7,142
2024-07-29,1.7890037486922075,0.00013537685360823955,5.640702233676648,1.7369332982326915,0.9640820933015005,G6M2,g6m2_mid_load,1.0,58.0,33.0,0.98,1.02,57,60,7,142
2024-07-30,1.7891391255458156,0.00013537685360823955,5.640702233676648,1.7369332982326915,0.9640820933015005,G6M2,g6m2_mid_load,1.0,58.0,33.0,0.98,1.02,57,60,7,142
2024-07-31,1.7892745023994239,0.00013537685360823955,5.640702233676648,1.7369332982326915,0.9640820933015005,G6M2,g6m2_mid_load,1.0,58.0,33.0,0.98,1.02,57,60,7,142
2024-08-01,1.7894098792530322,0.00013537685360823955,5.640702233676648,1.7369332982326915,0.9640820933015005,G6M2,g6m2_mid_load,1.0,58.0,33.0,0.98,1.02,57,60,7,142
2024-08-02,1.7895452561066403,0.00013537685360823955,5.640702233676648,1.7369332982326915,0.9640820933015005,G6M2,g6m2_mid_load,1.0,58.0,33.0,0.98,1.02,57,60,7,142
2024-08-03,1.7896806329602486,0.00013537685360823955,5.640702233676648,1.7369332982326915,0.9640820933015005,G6M2,g6m2_mid_load,1.0,58.0,33.0,0.98,1.02,57,60,7,142
2024-08-04,1.789816009813857,0.00013537685360823955,5.640702233676648,1.7369332982326915,0.9640820933015005,G6M2,g6m2_mid_load,1.0,58.0,33.0,0.98,1.02,57,60,7,142
2024-08-05,1.789951386667465,0.00013537685360823955,5.640702233676648,1.7369332982326915,0.9640820933015005,G6M2,g6m2_mid_load,1.0,58.0,33.0,0.98,1.02,57,60,7,142
2024-08-06,1.7900867635210733,0.00013537685360823955,5.640702233676648,1.7369332982326915,0.9640820933015005,G6M2,g6m2_mid_load,1.0,58.0,33.0,0.98,1.02,57,60,7,142
2024-08-07,1.7902221403746814,0.00013537685360823955,5.640702233676648,1.7369332982326915,0.9640820933015005,G6M2,g6m2_mid_load,1.0,58.0,33.0,0.98,1.02,57,60,7,142
2024-08-08,1.7903575172282897,0.00013537685360823955,5.640702233676648,1.7369332982326915,0.9640820933015005,G6M2,g6m2_mid_load,1.0,58.0,33.0,0.98,1.02,57,60,7,142
2024-08-09,1.790492894081898,0.00013537685360823955,5.640702233676648,1.7369332982326915,0.9640820933015005,G6M2,g6m2_mid_load,1.0,58.0,33.0,0.98,1.02,57,60,7,142
2024-08-10,1.7906282709355061,0.00013537685360823955,5.640702233676648,1.7369332982326915,0.9640820933015005,G6M2,g6m2_mid_load,1.0,58.0,33.0,0.98,1.02,57,60,7,142
2024-08-11,1.7907636477891145,0.00013537685360823955,5.640702233676648,1.7369332982326915,0.9640820933015005,G6M2,g6m2_mid_load,1.0,58.0,33.0,0.98,1.02,57,60,7,142
2024-08-12,1.7908990246427228,0.00013537685360823955,5.640702233676648,1.7369332982326915,0.9640820933015005,G6M2,g6m2_mid_load,1.0,58.0,33.0,0.98,1.02,57,60,7,142
2024-08-13,1.7910344014963309,0.00013537685360823955,5.640702233676648,1.7369332982326915,0.9640820933015005,G6M2,g6m2_mid_load,1.0,58.0,33.0,0.98,1.02,57,60,7,142
2024-08-14,1.7911697783499392,0.00013537685360823955,5.640702233676648,1.7369332982326915,0.9640820933015005,G6M2,g6m2_mid_load,1.0,58.0,33.0,0.98,1.02,57,60,7,142
2024-08-15,1.7913051552035475,0.00013537685360823955,5.640702233676648,1.7369332982326915,0.9640820933015005,G6M2,g6m2_mid_load,1.0,58.0,33.0,0.98,1.02,57,60,7,142
2024-08-16,1.7914405320571556,0.00013537685360823955,5.640702233676648,1.7369332982326915,0.9640820933015005,G6M2,g6m2_mid_load,1.0,58.0,33.0,0.98,1.02,57,60,7,142
2024-08-17,1.791575908910764,0.00013537685360823955,5.640702233676648,1.7369332982326915,0.9640820933015005,G6M2,g6m2_mid_load,1.0,58.0,33.0,0.98,1.02,57,60,7,142
2024-08-18,1.7917112857643722,0.00013537685360823955,5.640702233676648,1.7369332982326915,0.9640820933015005,G6M2,g6m2_mid_load,1.0,58.0,33.0,0.98,1.02,57,60,7,142
2024-08-19,1.7918466626179803,0.00013537685360823955,5.640702233676648,1.7369332982326915,0.9640820933015005,G6M2,g6m2_mid_load,1.0,58.0,33.0,0.98,1.02,57,60,7,142
2024-08-20,1.7919820394715886,0.00013537685360823955,5.640702233676648,1.7369332982326915,0.9640820933015005,G6M2,g6m2_mid_load,1.0,58.0,33.0,0.98,1.02,57,60,7,142
2024-08-21,1.792117416325197,0.00013537685360823955,5.640702233676648,1.7369332982326915,0.9640820933015005,G6M2,g6m2_mid_load,1.0,58.0,33.0,0.98,1.02,57,60,7,142
2024-08-22,1.792252793178805,0.00013537685360823955,5.640702233676648,1.7369332982326915,0.9640820933015005,G6M2,g6m2_mid_load,1.0,58.0,33.0,0.98,1.02,57,60,7,142
2024-08-23,1.7923881700324134,0.00013537685360823955,5.640702233676648,1.7369332982326915,0.9640820933015005,G6M2,g6m2_mid_load,1.0,58.0,33.0,0.98,1.02,57,60,7,142
2024-08-24,1.7925235468860217,0.00013537685360823955,5.640702233676648,1.7369332982326915,0.9640820933015005,G6M2,g6m2_mid_load,1.0,58.0,33.0,0.98,1.02,57,60,7,142
2024-08-25,1.7926589237396298,0.00013537685360823955,5.640702233676648,1.7369332982326915,0.9640820933015005,G6M2,g6m2_mid_load,1.0,58.0,33.0,0.98,1.02,57,60,7,142
2024-08-26,1.792794300593238,0.00013537685360823955,5.640702233676648,1.7369332982326915,0.9640820933015005,G6M2,g6m2_mid_load,1.0,58.0,33.0,0.98,1.02,57,60,7,142
2024-08-27,1.7929296774468464,0.00013537685360823955,5.640702233676648,1.7369332982326915,0.9640820933015005,G6M2,g6m2_mid_load,1.0,58.0,33.0,0.98,1.02,57,60,7,142
2024-08-28,1.7930650543004545,0.00013537685360823955,5.640702233676648,1.7369332982326915,0.9640820933015005,G6M2,g6m2_mid_load,1.0,58.0,33.0,0.98,1.02,57,60,7,142
2024-08-29,1.7932004311540628,0.00013537685360823955,5.640702233676648,1.7369332982326915,0.9640820933015005,G6M2,g6m2_mid_load,1.0,58.0,33.0,0.98,1.02,57,60,7,142
2024-08-30,1.7933358080076711,0.00013537685360823955,5.640702233676648,1.7369332982326915,0.9640820933015005,G6M2,g6m2_mid_load,1.0,58.0,33.0,0.98,1.02,57,60,7,142
2024-08-31,1.7934711848612792,0.00013537685360823955,5.640702233676648,1.7369332982326915,0.9640820933015005,G6M2,g6m2_mid_load,1.0,58.0,33.0,0.98,1.02,57,60,7,142
2024-09-01,1.7936065617148875,0.00013537685360823955,5.640702233676648,1.7369332982326915,0.9640820933015005,G6M2,g6m2_mid_load,1.0,58.0,33.0,0.98,1.02,57,60,7,142
2024-09-02,1.7937419385684958,0.00013537685360823955,5.640702233676648,1.7369332982326915,0.9640820933015005,G6M2,g6m2_mid_load,1.0,58.0,33.0,0.98,1.02,57,60,7,142
2024-09-03,1.793877315422104,0.00013537685360823955,5.640702233676648,1.7369332982326915,0.9640820933015005,G6M2,g6m2_mid_load,1.0,58.0,33.0,0.98,1.02,57,60,7,142
2024-09-04,1.7940126922757123,0.00013537685360823955,5.640702233676648,1.7369332982326915,0.9640820933015005,G6M2,g6m2_mid_load,1.0,58.0,33.0,0.98,1.02,57,60,7,142
2024-09-05,1.7941480691293206,0.00013537685360823955,5.640702233676648,1.7369332982326915,0.9640820933015005,G6M2,g6m2_mid_load,1.0,58.0,33.0,0.98,1.02,57,60,7,142
2024-09-06,1.7942834459829287,0.00013537685360823955,5.640702233676648,1.7369332982326915,0.9640820933015005,G6M2,g6m2_mid_load,1.0,58.0,33.0,0.98,1.02,57,60,7,142
2024-09-07,1.794418822836537,0.00013537685360823955,5.640702233676648,1.7369332982326915,0.9640820933015005,G6M2,g6m2_mid_load,1.0,58.0,33.0,0.98,1.02,57,60,7,142
2024-09-08,1.7945541996901453,0.00013537685360823955,5.640702233676648,1.7369332982326915,0.9640820933015005,G6M2,g6m2_mid_load,1.0,58.0,33.0,0.98,1.02,57,60,7,142
2024-09-09,1.7946895765437534,0.00013537685360823955,5.640702233676648,1.7369332982326915,0.9640820933015005,G6M2,g6m2_mid_load,1.0,58.0,33.0,0.98,1.02,57,60,7,142
2024-09-10,1.7948249533973617,0.00013537685360823955,5.640702233676648,1.7369332982326915,0.9640820933015005,G6M2,g6m2_mid_load,1.0,58.0,33.0,0.98,1.02,57,60,7,142
2024-09-11,1.7949603302509698,0.00013537685360823955,5.640702233676648,1.7369332982326915,0.9640820933015005,G6M2,g6m2_mid_load,1.0,58.0,33.0,0.98,1.02,57,60,7,142
2024-09-12,1.795095707104578,0.00013537685360823955,5.640702233676648,1.7369332982326915,0.9640820933015005,G6M2,g6m2_mid_load,1.0,58.0,33.0,0.98,1.02,57,60,7,142
2024-09-13,1.7952310839581864,0.00013537685360823955,5.640702233676648,1.7369332982326915,0.9640820933015005,G6M2,g6m2_mid_load,1.0,58.0,33.0,0.98,1.02,57,60,7,142
2024-09-14,1.7953664608117945,0.00013537685360823955,5.640702233676648,1.7369332982326915,0.9640820933015005,G6M2,g6m2_mid_load,1.0,58.0,33.0,0.98,1.02,57,60,7,142
2024-09-15,1.7955018376654028,0.00013537685360823955,5.640702233676648,1.7369332982326915,0.9640820933015005,G6M2,g6m2_mid_load,1.0,58.0,33.0,0.98,1.02,57,60,7,142
2024-09-16,1.7956372145190111,0.00013537685360823955,5.640702233676648,1.7369332982326915,0.9640820933015005,G6M2,g6m2_mid_load,1.0,58.0,33.0,0.98,1.02,57,60,7,142
2024-09-17,1.7957725913726192,0.00013537685360823955,5.640702233676648,1.7369332982326915,0.9640820933015005,G6M2,g6m2_mid_load,1.0,58.0,33.0,0.98,1.02,57,60,7,142
2024-09-18,1.7959079682262276,0.00013537685360823955,5.640702233676648,1.7369332982326915,0.9640820933015005,G6M2,g6m2_mid_load,1.0,58.0,33.0,0.98,1.02,57,60,7,142
2024-09-19,1.7960433450798359,0.00013537685360823955,5.640702233676648,1.7369332982326915,0.9640820933015005,G6M2,g6m2_mid_load,1.0,58.0,33.0,0.98,1.02,57,60,7,142
2024-09-20,1.796178721933444,0.00013537685360823955,5.640702233676648,1.7369332982326915,0.9640820933015005,G6M2,g6m2_mid_load,1.0,58.0,33.0,0.98,1.02,57,60,7,142
2024-09-21,1.7963140987870523,0.00013537685360823955,5.640702233676648,1.7369332982326915,0.9640820933015005,G6M2,g6m2_mid_load,1.0,58.0,33.0,0.98,1.02,57,60,7,142
2024-09-22,1.7964494756406606,0.00013537685360823955,5.640702233676648,1.7369332982326915,0.9640820933015005,G6M2,g6m2_mid_load,1.0,58.0,33.0,0.98,1.02,57,60,7,142
2024-09-23,1.7965848524942687,0.00013537685360823955,5.640702233676648,1.7369332982326915,0.9640820933015005,G6M2,g6m2_mid_load,1.0,58.0,33.0,0.98,1.02,57,60,7,142
2024-09-24,1.796720229347877,0.00013537685360823955,5.640702233676648,1.7369332982326915,0.9640820933015005,G6M2,g6m2_mid_load,1.0,58.0,33.0,0.98,1.02,57,60,7,142
2024-09-25,1.7968556062014853,0.00013537685360823955,5.640702233676648,1.7369332982326915,0.9640820933015005,G6M2,g6m2_mid_load,1.0,58.0,33.0,0.98,1.02,57,60,7,142
2024-09-26,1.7969909830550934,0.00013537685360823955,5.640702233676648,1.7369332982326915,0.9640820933015005,G6M2,g6m2_mid_load,1.0,58.0,33.0,0.98,1.02,57,60,7,142
2024-09-27,1.7971263599087017,0.00013537685360823955,5.640702233676648,1.7369332982326915,0.9640820933015005,G6M2,g6m2_mid_load,1.0,58.0,33.0,0.98,1.02,57,60,7,142
2024-09-28,1.79726173676231,0.00013537685360823955,5.640702233676648,1.7369332982326915,0.9640820933015005,G6M2,g6m2_mid_load,1.0,58.0,33.0,0.98,1.02,57,60,7,142
2024-09-29,1.7973971136159181,0.00013537685360823955,5.640702233676648,1.7369332982326915,0.9640820933015005,G6M2,g6m2_mid_load,1.0,58.0,33.0,0.98,1.02,57,60,7,142
2024-09-30,1.7975324904695265,0.00013537685360823955,5.640702233676648,1.7369332982326915,0.9640820933015005,G6M2,g6m2_mid_load,1.0,58.0,33.0,0.98,1.02,57,60,7,142
2024-10-01,1.7976678673231348,0.00013537685360823955,5.640702233676648,1.7369332982326915,0.9640820933015005,G6M2,g6m2_mid_load,1.0,58.0,33.0,0.98,1.02,57,60,7,142
2024-10-02,1.7978032441767429,0.00013537685360823955,5.640702233676648,1.7369332982326915,0.9640820933015005,G6M2,g6m2_mid_load,1.0,58.0,33.0,0.98,1.02,57,60,7,142
2024-10-03,1.7979386210303512,0.00013537685360823955,5.640702233676648,1.7369332982326915,0.9640820933015005,G6M2,g6m2_mid_load,1.0,58.0,33.0,0.98,1.02,57,60,7,142
2024-10-04,1.7980739978839595,0.00013537685360823955,5.640702233676648,1.7369332982326915,0.9640820933015005,G6M2,g6m2_mid_load,1.0,58.0,33.0,0.98,1.02,57,60,7,142
2024-10-05,1.7982093747375676,0.00013537685360823955,5.640702233676648,1.7369332982326915,0.9640820933015005,G6M2,g6m2_mid_load,1.0,58.0,33.0,0.98,1.02,57,60,7,142
2024-10-06,1.798344751591176,0.00013537685360823955,5.640702233676648,1.7369332982326915,0.9640820933015005,G6M2,g6m2_mid_load,1.0,58.0,33.0,0.98,1.02,57,60,7,142
2024-10-07,1.7984801284447842,0.00013537685360823955,5.640702233676648,1.7369332982326915,0.9640820933015005,G6M2,g6m2_mid_load,1.0,58.0,33.0,0.98,1.02,57,60,7,142
2024-10-08,1.7986155052983923,0.00013537685360823955,5.640702233676648,1.7369332982326915,0.9640820933015005,G6M2,g6m2_mid_load,1.0,58.0,33.0,0.98,1.02,57,60,7,142
2024-10-09,1.7987508821520006,0.00013537685360823955,5.640702233676648,1.7369332982326915,0.9640820933015005,G6M2,g6m2_mid_load,1.0,58.0,33.0,0.98,1.02,57,60,7,142
2024-10-10,1.798886259005609,0.00013537685360823955,5.640702233676648,1.7369332982326915,0.9640820933015005,G6M2,g6m2_mid_load,1.0,58.0,33.0,0.98,1.02,57,60,7,142
2024-10-11,1.799021635859217,0.00013537685360823955,5.640702233676648,1.7369332982326915,0.9640820933015005,G6M2,g6m2_mid_load,1.0,58.0,33.0,0.98,1.02,57,60,7,142
2024-10-12,1.7991570127128254,0.00013537685360823955,5.640702233676648,1.7369332982326915,0.9640820933015005,G6M2,g6m2_mid_load,1.0,58.0,33.0,0.98,1.02,57,60,7,142
2024-10-13,1.7992923895664337,0.00013537685360823955,5.640702233676648,1.7369332982326915,0.9640820933015005,G6M2,g6m2_mid_load,1.0,58.0,33.0,0.98,1.02,57,60,7,142
2024-10-14,1.7994277664200418,0.00013537685360823955,5.640702233676648,1.7369332982326915,0.9640820933015005,G6M2,g6m2_mid_load,1.0,58.0,33.0,0.98,1.02,57,60,7,142
2024-10-15,1.79956314327365,0.00013537685360823955,5.640702233676648,1.7369332982326915,0.9640820933015005,G6M2,g6m2_mid_load,1.0,58.0,33.0,0.98,1.02,57,60,7,142
2024-10-16,1.7996985201272584,0.00013537685360823955,5.640702233676648,1.7369332982326915,0.9640820933015005,G6M2,g6m2_mid_load,1.0,58.0,33.0,0.98,1.02,57,60,7,142
2024-10-17,1.7998338969808665,0.00013537685360823955,5.640702233676648,1.7369332982326915,0.9640820933015005,G6M2,g6m2_mid_load,1.0,58.0,33.0,0.98,1.02,57,60,7,142
2024-10-18,1.7999692738344748,0.00013537685360823955,5.640702233676648,1.7369332982326915,0.9640820933015005,G6M2,g6m2_mid_load,1.0,58.0,33.0,0.98,1.02,57,60,7,142
2024-10-19,1.8001046506880831,0.00013537685360823955,5.640702233676648,1.7369332982326915,0.9640820933015005,G6M2,g6m2_mid_load,1.0,58.0,33.0,0.98,1.02,57,60,7,142
2024-10-20,1.8002400275416912,0.00013537685360823955,5.640702233676648,1.7369332982326915,0.9640820933015005,G6M2,g6m2_mid_load,1.0,58.0,33.0,0.98,1.02,57,60,7,142
2024-10-21,1.8003754043952995,0.00013537685360823955,5.640702233676648,1.7369332982326915,0.9640820933015005,G6M2,g6m2_mid_load,1.0,58.0,33.0,0.98,1.02,57,60,7,142
2024-10-22,1.8005107812489078,0.00013537685360823955,5.640702233676648,1.7369332982326915,0.9640820933015005,G6M2,g6m2_mid_load,1.0,58.0,33.0,0.98,1.02,57,60,7,142
2024-10-23,1.800646158102516,0.00013537685360823955,5.640702233676648,1.7369332982326915,0.9640820933015005,G6M2,g6m2_mid_load,1.0,58.0,33.0,0.98,1.02,57,60,7,142
2024-10-24,1.8007815349561243,0.00013537685360823955,5.640702233676648,1.7369332982326915,0.9640820933015005,G6M2,g6m2_mid_load,1.0,58.0,33.0,0.98,1.02,57,60,7,142
2024-10-25,1.8009169118097323,0.00013537685360823955,5.640702233676648,1.7369332982326915,0.9640820933015005,G6M2,g6m2_mid_load,1.0,58.0,33.0,0.98,1.02,57,60,7,142
2024-10-26,1.8010522886633407,0.00013537685360823955,5.640702233676648,1.7369332982326915,0.9640820933015005,G6M2,g6m2_mid_load,1.0,58.0,33.0,0.98,1.02,57,60,7,142
2024-10-27,1.801187665516949,0.00013537685360823955,5.640702233676648,1.7369332982326915,0.9640820933015005,G6M2,g6m2_mid_load,1.0,58.0,33.0,0.98,1.02,57,60,7,142
2024-10-28,1.801323042370557,0.00013537685360823955,5.640702233676648,1.7369332982326915,0.9640820933015005,G6M2,g6m2_mid_load,1.0,58.0,33.0,0.98,1.02,57,60,7,142
2024-10-29,1.8014584192241654,0.00013537685360823955,5.640702233676648,1.7369332982326915,0.9640820933015005,G6M2,g6m2_mid_load,1.0,58.0,33.0,0.98,1.02,57,60,7,142
2024-10-30,1.8015937960777737,0.00013537685360823955,5.640702233676648,1.7369332982326915,0.9640820933015005,G6M2,g6m2_mid_load,1.0,58.0,33.0,0.98,1.02,57,60,7,142
2024-10-31,1.8017291729313818,0.00013537685360823955,5.640702233676648,1.7369332982326915,0.9640820933015005,G6M2,g6m2_mid_load,1.0,58.0,33.0,0.98,1.02,57,60,7,142
2024-11-01,1.80186454978499,0.00013537685360823955,5.640702233676648,1.7369332982326915,0.9640820933015005,G6M2,g6m2_mid_load,1.0,58.0,33.0,0.98,1.02,57,60,7,142
2024-11-02,1.8019999266385984,0.00013537685360823955,5.640702233676648,1.7369332982326915,0.9640820933015005,G6M2,g6m2_mid_load,1.0,58.0,33.0,0.98,1.02,57,60,7,142
2024-11-03,1.8021353034922065,0.00013537685360823955,5.640702233676648,1.7369332982326915,0.9640820933015005,G6M2,g6m2_mid_load,1.0,58.0,33.0,0.98,1.02,57,60,7,142
2024-11-04,1.8022706803458148,0.00013537685360823955,5.640702233676648,1.7369332982326915,0.9640820933015005,G6M2,g6m2_mid_load,1.0,58.0,33.0,0.98,1.02,57,60,7,142
2024-11-05,1.8024060571994232,0.00013537685360823955,5.640702233676648,1.7369332982326915,0.9640820933015005,G6M2,g6m2_mid_load,1.0,58.0,33.0,0.98,1.02,57,60,7,142
2024-11-06,1.8025414340530312,0.00013537685360823955,5.640702233676648,1.7369332982326915,0.9640820933015005,G6M2,g6m2_mid_load,1.0,58.0,33.0,0.98,1.02,57,60,7,142
2024-11-07,1.8026768109066396,0.00013537685360823955,5.640702233676648,1.7369332982326915,0.9640820933015005,G6M2,g6m2_mid_load,1.0,58.0,33.0,0.98,1.02,57,60,7,142
2024-11-08,1.8028121877602479,0.00013537685360823955,5.640702233676648,1.7369332982326915,0.9640820933015005,G6M2,g6m2_mid_load,1.0,58.0,33.0,0.98,1.02,57,60,7,142
2024-11-09,1.802947564613856,0.00013537685360823955,5.640702233676648,1.7369332982326915,0.9640820933015005,G6M2,g6m2_mid_load,1.0,58.0,33.0,0.98,1.02,57,60,7,142
2024-11-10,1.8030829414674643,0.00013537685360823955,5.640702233676648,1.7369332982326915,0.9640820933015005,G6M2,g6m2_mid_load,1.0,58.0,33.0,0.98,1.02,57,60,7,142
2024-11-11,1.8032183183210726,0.00013537685360823955,5.640702233676648,1.7369332982326915,0.9640820933015005,G6M2,g6m2_mid_load,1.0,58.0,33.0,0.98,1.02,57,60,7,142
2024-11-12,1.8033536951746807,0.00013537685360823955,5.640702233676648,1.7369332982326915,0.9640820933015005,G6M2,g6m2_mid_load,1.0,58.0,33.0,0.98,1.02,57,60,7,142
2024-11-13,1.803489072028289,0.00013537685360823955,5.640702233676648,1.7369332982326915,0.9640820933015005,G6M2,g6m2_mid_load,1.0,58.0,33.0,0.98,1.02,57,60,7,142
2024-11-14,1.8036244488818973,0.00013537685360823955,5.640702233676648,1.7369332982326915,0.9640820933015005,G6M2,g6m2_mid_load,1.0,58.0,33.0,0.98,1.02,57,60,7,142
2024-11-15,1.8037598257355054,0.00013537685360823955,5.640702233676648,1.7369332982326915,0.9640820933015005,G6M2,g6m2_mid_load,1.0,58.0,33.0,0.98,1.02,57,60,7,142
2024-11-16,1.8038952025891137,0.00013537685360823955,5.640702233676648,1.7369332982326915,0.9640820933015005,G6M2,g6m2_mid_load,1.0,58.0,33.0,0.98,1.02,57,60,7,142
2024-11-17,1.804030579442722,0.00013537685360823955,5.640702233676648,1.7369332982326915,0.9640820933015005,G6M2,g6m2_mid_load,1.0,58.0,33.0,0.98,1.02,57,60,7,142
2024-11-18,1.8041659562963301,0.00013537685360823955,5.640702233676648,1.7369332982326915,0.9640820933015005,G6M2,g6m2_mid_load,1.0,58.0,33.0,0.98,1.02,57,60,7,142
2024-11-19,1.8043013331499385,0.00013537685360823955,5.640702233676648,1.7369332982326915,0.9640820933015005,G6M2,g6m2_mid_load,1.0,58.0,33.0,0.98,1.02,57,60,7,142
2024-11-20,1.8044367100035468,0.00013537685360823955,5.640702233676648,1.7369332982326915,0.9640820933015005,G6M2,g6m2_mid_load,1.0,58.0,33.0,0.98,1.02,57,60,7,142
2024-11-21,1.8045720868571549,0.00013537685360823955,5.640702233676648,1.7369332982326915,0.9640820933015005,G6M2,g6m2_mid_load,1.0,58.0,33.0,0.98,1.02,57,60,7,142
2024-11-22,1.8047074637107632,0.00013537685360823955,5.640702233676648,1.7369332982326915,0.9640820933015005,G6M2,g6m2_mid_load,1.0,58.0,33.0,0.98,1.02,57,60,7,142
2024-11-23,1.8048428405643713,0.00013537685360823955,5.640702233676648,1.7369332982326915,0.9640820933015005,G6M2,g6m2_mid_load,1.0,58.0,33.0,0.98,1.02,57,60,7,142
2024-11-24,1.8049782174179796,0.00013537685360823955,5.640702233676648,1.7369332982326915,0.9640820933015005,G6M2,g6m2_mid_load,1.0,58.0,33.0,0.98,1.02,57,60,7,142
2024-11-25,1.805113594271588,0.00013537685360823955,5.640702233676648,1.7369332982326915,0.9640820933015005,G6M2,g6m2_mid_load,1.0,58.0,33.0,0.98,1.02,57,60,7,142
2024-11-26,1.805248971125196,0.00013537685360823955,5.640702233676648,1.7369332982326915,0.9640820933015005,G6M2,g6m2_mid_load,1.0,58.0,33.0,0.98,1.02,57,60,7,142
2024-11-27,1.8053843479788043,0.00013537685360823955,5.640702233676648,1.7369332982326915,0.9640820933015005,G6M2,g6m2_mid_load,1.0,58.0,33.0,0.98,1.02,57,60,7,142
2024-11-28,1.8055197248324126,0.00013537685360823955,5.640702233676648,1.7369332982326915,0.9640820933015005,G6M2,g6m2_mid_load,1.0,58.0,33.0,0.98,1.02,57,60,7,142
2024-11-29,1.8056551016860207,0.00013537685360823955,5.640702233676648,1.7369332982326915,0.9640820933015005,G6M2,g6m2_mid_load,1.0,58.0,33.0,0.98,1.02,57,60,7,142
2024-11-30,1.805790478539629,0.00013537685360823955,5.640702233676648,1.7369332982326915,0.9640820933015005,G6M2,g6m2_mid_load,1.0,58.0,33.0,0.98,1.02,57,60,7,142
2024-12-01,1.8059258553932374,0.00013537685360823955,5.640702233676648,1.7369332982326915,0.9640820933015005,G6M2,g6m2_mid_load,1.0,58.0,33.0,0.98,1.02,57,60,7,142
2024-12-02,1.8060612322468454,0.00013537685360823955,5.640702233676648,1.7369332982326915,0.9640820933015005,G6M2,g6m2_mid_load,1.0,58.0,33.0,0.98,1.02,57,60,7,142
2024-12-03,1.8061966091004538,0.00013537685360823955,5.640702233676648,1.7369332982326915,0.9640820933015005,G6M2,g6m2_mid_load,1.0,58.0,33.0,0.98,1.02,57,60,7,142
2024-12-04,1.806331985954062,0.00013537685360823955,5.640702233676648,1.7369332982326915,0.9640820933015005,G6M2,g6m2_mid_load,1.0,58.0,33.0,0.98,1.02,57,60,7,142
2024-12-05,1.8064673628076702,0.00013537685360823955,5.640702233676648,1.7369332982326915,0.9640820933015005,G6M2,g6m2_mid_load,1.0,58.0,33.0,0.98,1.02,57,60,7,142
2024-12-06,1.8066027396612785,0.00013537685360823955,5.640702233676648,1.7369332982326915,0.9640820933015005,G6M2,g6m2_mid_load,1.0,58.0,33.0,0.98,1.02,57,60,7,142
2024-12-07,1.8067381165148868,0.00013537685360823955,5.640702233676648,1.7369332982326915,0.9640820933015005,G6M2,g6m2_mid_load,1.0,58.0,33.0,0.98,1.02,57,60,7,142
2024-12-08,1.806873493368495,0.00013537685360823955,5.640702233676648,1.7369332982326915,0.9640820933015005,G6M2,g6m2_mid_load,1.0,58.0,33.0,0.98,1.02,57,60,7,142
2024-12-09,1.8070088702221032,0.00013537685360823955,5.640702233676648,1.7369332982326915,0.9640820933015005,G6M2,g6m2_mid_load,1.0,58.0,33.0,0.98,1.02,57,60,7,142
2024-12-10,1.8071442470757115,0.00013537685360823955,5.640702233676648,1.7369332982326915,0.9640820933015005,G6M2,g6m2_mid_load,1.0,58.0,33.0,0.98,1.02,57,60,7,142
2024-12-11,1.8072796239293196,0.00013537685360823955,5.640702233676648,1.7369332982326915,0.9640820933015005,G6M2,g6m2_mid_load,1.0,58.0,33.0,0.98,1.02,57,60,7,142
2024-12-12,1.807415000782928,0.00013537685360823955,5.640702233676648,1.7369332982326915,0.9640820933015005,G6M2,g6m2_mid_load,1.0,58.0,33.0,0.98,1.02,57,60,7,142
2024-12-13,1.8075503776365363,0.00013537685360823955,5.640702233676648,1.7369332982326915,0.9640820933015005,G6M2,g6m2_mid_load,1.0,58.0,33.0,0.98,1.02,57,60,7,142
2024-12-14,1.8076857544901443,0.00013537685360823955,5.640702233676648,1.7369332982326915,0.9640820933015005,G6M2,g6m2_mid_load,1.0,58.0,33.0,0.98,1.02,57,60,7,142
2024-12-15,1.8078211313437527,0.00013537685360823955,5.640702233676648,1.7369332982326915,0.9640820933015005,G6M2,g6m2_mid_load,1.0,58.0,33.0,0.98,1.02,57,60,7,142
2024-12-16,1.807956508197361,0.00013537685360823955,5.640702233676648,1.7369332982326915,0.9640820933015005,G6M2,g6m2_mid_load,1.0,58.0,33.0,0.98,1.02,57,60,7,142
2024-12-17,1.808091885050969,0.00013537685360823955,5.640702233676648,1.7369332982326915,0.9640820933015005,G6M2,g6m2_mid_load,1.0,58.0,33.0,0.98,1.02,57,60,7,142
2024-12-18,1.8082272619045774,0.00013537685360823955,5.640702233676648,1.7369332982326915,0.9640820933015005,G6M2,g6m2_mid_load,1.0,58.0,33.0,0.98,1.02,57,60,7,142
2024-12-19,1.8083626387581857,0.00013537685360823955,5.640702233676648,1.7369332982326915,0.9640820933015005,G6M2,g6m2_mid_load,1.0,58.0,33.0,0.98,1.02,57,60,7,142
2024-12-20,1.8084980156117938,0.00013537685360823955,5.640702233676648,1.7369332982326915,0.9640820933015005,G6M2,g6m2_mid_load,1.0,58.0,33.0,0.98,1.02,57,60,7,142
2024-12-21,1.8086333924654021,0.00013537685360823955,5.640702233676648,1.7369332982326915,0.9640820933015005,G6M2,g6m2_mid_load,1.0,58.0,33.0,0.98,1.02,57,60,7,142
2024-12-22,1.8087687693190104,0.00013537685360823955,5.640702233676648,1.7369332982326915,0.9640820933015005,G6M2,g6m2_mid_load,1.0,58.0,33.0,0.98,1.02,57,60,7,142
2024-12-23,1.8089041461726185,0.00013537685360823955,5.640702233676648,1.7369332982326915,0.9640820933015005,G6M2,g6m2_mid_load,1.0,58.0,33.0,0.98,1.02,57,60,7,142
2024-12-24,1.8090395230262268,0.00013537685360823955,5.640702233676648,1.7369332982326915,0.9640820933015005,G6M2,g6m2_mid_load,1.0,58.0,33.0,0.98,1.02,57,60,7,142
2024-12-25,1.8091748998798352,0.00013537685360823955,5.640702233676648,1.7369332982326915,0.9640820933015005,G6M2,g6m2_mid_load,1.0,58.0,33.0,0.98,1.02,57,60,7,142
2024-12-26,1.8093102767334432,0.00013537685360823955,5.640702233676648,1.7369332982326915,0.9640820933015005,G6M2,g6m2_mid_load,1.0,58.0,33.0,0.98,1.02,57,60,7,142
2024-12-27,1.8094456535870516,0.00013537685360823955,5.640702233676648,1.7369332982326915,0.9640820933015005,G6M2,g6m2_mid_load,1.0,58.0,33.0,0.98,1.02,57,60,7,142
2024-12-28,1.8095810304406599,0.00013537685360823955,5.640702233676648,1.7369332982326915,0.9640820933015005,G6M2,g6m2_mid_load,1.0,58.0,33.0,0.98,1.02,57,60,7,142
2024-12-29,1.809716407294268,0.00013537685360823955,5.640702233676648,1.7369332982326915,0.9640820933015005,G6M2,g6m2_mid_load,1.0,58.0,33.0,0.98,1.02,57,60,7,142
2024-12-30,1.8098517841478763,0.00013537685360823955,5.640702233676648,1.7369332982326915,0.9640820933015005,G6M2,g6m2_mid_load,1.0,58.0,33.0,0.98,1.02,57,60,7,142
2024-12-31,1.8099871610014846,0.00013537685360823955,5.640702233676648,1.7369332982326915,0.9640820933015005,G6M2,g6m2_mid_load,1.0,58.0,33.0,0.98,1.02,57,60,7,142
2025-01-01,1.8101225378550927,0.00013537685360823955,5.640702233676648,1.7369332982326915,0.9640820933015005,G6M2,g6m2_mid_load,1.0,58.0,33.0,0.98,1.02,57,60,7,142
2025-01-02,1.810257914708701,0.00013537685360823955,5.640702233676648,1.7369332982326915,0.9640820933015005,G6M2,g6m2_mid_load,1.0,58.0,33.0,0.98,1.02,57,60,7,142
2025-01-03,1.8103932915623093,0.00013537685360823955,5.640702233676648,1.7369332982326915,0.9640820933015005,G6M2,g6m2_mid_load,1.0,58.0,33.0,0.98,1.02,57,60,7,142
2025-01-04,1.8105286684159174,0.00013537685360823955,5.640702233676648,1.7369332982326915,0.9640820933015005,G6M2,g6m2_mid_load,1.0,58.0,33.0,0.98,1.02,57,60,7,142
2025-01-05,1.8106640452695257,0.00013537685360823955,5.640702233676648,1.7369332982326915,0.9640820933015005,G6M2,g6m2_mid_load,1.0,58.0,33.0,0.98,1.02,57,60,7,142
2025-01-06,1.8107994221231338,0.00013537685360823955,5.640702233676648,1.7369332982326915,0.9640820933015005,G6M2,g6m2_mid_load,1.0,58.0,33.0,0.98,1.02,57,60,7,142
2025-01-07,1.8109347989767421,0.00013537685360823955,5.640702233676648,1.7369332982326915,0.9640820933015005,G6M2,g6m2_mid_load,1.0,58.0,33.0,0.98,1.02,57,60,7,142
2025-01-08,1.8110701758303505,0.00013537685360823955,5.640702233676648,1.7369332982326915,0.9640820933015005,G6M2,g6m2_mid_load,1.0,58.0,33.0,0.98,1.02,57,60,7,142
2025-01-09,1.8112055526839586,0.00013537685360823955,5.640702233676648,1.7369332982326915,0.9640820933015005,G6M2,g6m2_mid_load,1.0,58.0,33.0,0.98,1.02,57,60,7,142
2025-01-10,1.8113409295375669,0.00013537685360823955,5.640702233676648,1.7369332982326915,0.9640820933015005,G6M2,g6m2_mid_load,1.0,58.0,33.0,0.98,1.02,57,60,7,142
2025-01-11,1.8114763063911752,0.00013537685360823955,5.640702233676648,1.7369332982326915,0.9640820933015005,G6M2,g6m2_mid_load,1.0,58.0,33.0,0.98,1.02,57,60,7,142
2025-01-12,1.8116116832447833,0.00013537685360823955,5.640702233676648,1.7369332982326915,0.9640820933015005,G6M2,g6m2_mid_load,1.0,58.0,33.0,0.98,1.02,57,60,7,142
2025-01-13,1.8117470600983916,0.00013537685360823955,5.640702233676648,1.7369332982326915,0.9640820933015005,G6M2,g6m2_mid_load,1.0,58.0,33.0,0.98,1.02,57,60,7,142
2025-01-14,1.811882436952,0.00013537685360823955,5.640702233676648,1.7369332982326915,0.9640820933015005,G6M2,g6m2_mid_load,1.0,58.0,33.0,0.98,1.02,57,60,7,142
2025-01-15,1.812017813805608,0.00013537685360823955,5.640702233676648,1.7369332982326915,0.9640820933015005,G6M2,g6m2_mid_load,1.0,58.0,33.0,0.98,1.02,57,60,7,142
2025-01-16,1.8121531906592163,0.00013537685360823955,5.640702233676648,1.7369332982326915,0.9640820933015005,G6M2,g6m2_mid_load,1.0,58.0,33.0,0.98,1.02,57,60,7,142
2025-01-17,1.8122885675128246,0.00013537685360823955,5.640702233676648,1.7369332982326915,0.9640820933015005,G6M2,g6m2_mid_load,1.0,58.0,33.0,0.98,1.02,57,60,7,142
2025-01-18,1.8124239443664327,0.00013537685360823955,5.640702233676648,1.7369332982326915,0.9640820933015005,G6M2,g6m2_mid_load,1.0,58.0,33.0,0.98,1.02,57,60,7,142
2025-01-19,1.812559321220041,0.00013537685360823955,5.640702233676648,1.7369332982326915,0.9640820933015005,G6M2,g6m2_mid_load,1.0,58.0,33.0,0.98,1.02,57,60,7,142
2025-01-20,1.8126946980736494,0.00013537685360823955,5.640702233676648,1.7369332982326915,0.9640820933015005,G6M2,g6m2_mid_load,1.0,58.0,33.0,0.98,1.02,57,60,7,142
2025-01-21,1.8128300749272575,0.00013537685360823955,5.640702233676648,1.7369332982326915,0.9640820933015005,G6M2,g6m2_mid_load,1.0,58.0,33.0,0.98,1.02,57,60,7,142
2025-01-22,1.8129654517808658,0.00013537685360823955,5.640702233676648,1.7369332982326915,0.9640820933015005,G6M2,g6m2_mid_load,1.0,58.0,33.0,0.98,1.02,57,60,7,142
2025-01-23,1.813100828634474,0.00013537685360823955,5.640702233676648,1.7369332982326915,0.9640820933015005,G6M2,g6m2_mid_load,1.0,58.0,33.0,0.98,1.02,57,60,7,142
2025-01-24,1.8132362054880822,0.00013537685360823955,5.640702233676648,1.7369332982326915,0.9640820933015005,G6M2,g6m2_mid_load,1.0,58.0,33.0,0.98,1.02,57,60,7,142
2025-01-25,1.8133715823416905,0.00013537685360823955,5.640702233676648,1.7369332982326915,0.9640820933015005,G6M2,g6m2_mid_load,1.0,58.0,33.0,0.98,1.02,57,60,7,142
2025-01-26,1.8135069591952988,0.00013537685360823955,5.640702233676648,1.7369332982326915,0.9640820933015005,G6M2,g6m2_mid_load,1.0,58.0,33.0,0.98,1.02,57,60,7,142
2025-01-27,1.813642336048907,0.00013537685360823955,5.640702233676648,1.7369332982326915,0.9640820933015005,G6M2,g6m2_mid_load,1.0,58.0,33.0,0.98,1.02,57,60,7,142
2025-01-28,1.8137777129025152,0.00013537685360823955,5.640702233676648,1.7369332982326915,0.9640820933015005,G6M2,g6m2_mid_load,1.0,58.0,33.0,0.98,1.02,57,60,7,142
2025-01-29,1.8139130897561235,0.00013537685360823955,5.640702233676648,1.7369332982326915,0.9640820933015005,G6M2,g6m2_mid_load,1.0,58.0,33.0,0.98,1.02,57,60,7,142
2025-01-30,1.8140484666097316,0.00013537685360823955,5.640702233676648,1.7369332982326915,0.9640820933015005,G6M2,g6m2_mid_load,1.0,58.0,33.0,0.98,1.02,57,60,7,142
2025-01-31,1.81418384346334,0.00013537685360823955,5.640702233676648,1.7369332982326915,0.9640820933015005,G6M2,g6m2_mid_load,1.0,58.0,33.0,0.98,1.02,57,60,7,142
2025-02-01,1.8143192203169483,0.00013537685360823955,5.640702233676648,1.7369332982326915,0.9640820933015005,G6M2,g6m2_mid_load,1.0,58.0,33.0,0.98,1.02,57,60,7,142
2025-02-02,1.8144545971705563,0.00013537685360823955,5.640702233676648,1.7369332982326915,0.9640820933015005,G6M2,g6m2_mid_load,1.0,58.0,33.0,0.98,1.02,57,60,7,142
2025-02-03,1.8145899740241647,0.00013537685360823955,5.640702233676648,1.7369332982326915,0.9640820933015005,G6M2,g6m2_mid_load,1.0,58.0,33.0,0.98,1.02,57,60,7,142
2025-02-04,1.814725350877773,0.00013537685360823955,5.640702233676648,1.7369332982326915,0.9640820933015005,G6M2,g6m2_mid_load,1.0,58.0,33.0,0.98,1.02,57,60,7,142
2025-02-05,1.814860727731381,0.00013537685360823955,5.640702233676648,1.7369332982326915,0.9640820933015005,G6M2,g6m2_mid_load,1.0,58.0,33.0,0.98,1.02,57,60,7,142
2025-02-06,1.8149961045849894,0.00013537685360823955,5.640702233676648,1.7369332982326915,0.9640820933015005,G6M2,g6m2_mid_load,1.0,58.0,33.0,0.98,1.02,57,60,7,142
2025-02-07,1.8151314814385975,0.00013537685360823955,5.640702233676648,1.7369332982326915,0.9640820933015005,G6M2,g6m2_mid_load,1.0,58.0,33.0,0.98,1.02,57,60,7,142
2025-02-08,1.8152668582922058,0.00013537685360823955,5.640702233676648,1.7369332982326915,0.9640820933015005,G6M2,g6m2_mid_load,1.0,58.0,33.0,0.98,1.02,57,60,7,142
2025-02-09,1.8154022351458141,0.00013537685360823955,5.640702233676648,1.7369332982326915,0.9640820933015005,G6M2,g6m2_mid_load,1.0,58.0,33.0,0.98,1.02,57,60,7,142
2025-02-10,1.8155376119994222,0.00013537685360823955,5.640702233676648,1.7369332982326915,0.9640820933015005,G6M2,g6m2_mid_load,1.0,58.0,33.0,0.98,1.02,57,60,7,142
2025-02-11,1.8156729888530305,0.00013537685360823955,5.640702233676648,1.7369332982326915,0.9640820933015005,G6M2,g6m2_mid_load,1.0,58.0,33.0,0.98,1.02,57,60,7,142
2025-02-12,1.8158083657066388,0.00013537685360823955,5.640702233676648,1.7369332982326915,0.9640820933015005,G6M2,g6m2_mid_load,1.0,58.0,33.0,0.98,1.02,57,60,7,142
2025-02-13,1.815943742560247,0.00013537685360823955,5.640702233676648,1.7369332982326915,0.9640820933015005,G6M2,g6m2_mid_load,1.0,58.0,33.0,0.98,1.02,57,60,7,142
2025-02-14,1.8160791194138552,0.00013537685360823955,5.640702233676648,1.7369332982326915,0.9640820933015005,G6M2,g6m2_mid_load,1.0,58.0,33.0,0.98,1.02,57,60,7,142
2025-02-15,1.8162144962674636,0.00013537685360823955,5.640702233676648,1.7369332982326915,0.9640820933015005,G6M2,g6m2_mid_load,1.0,58.0,33.0,0.98,1.02,57,60,7,142
2025-02-16,1.8163498731210717,0.00013537685360823955,5.640702233676648,1.7369332982326915,0.9640820933015005,G6M2,g6m2_mid_load,1.0,58.0,33.0,0.98,1.02,57,60,7,142
2025-02-17,1.81648524997468,0.00013537685360823955,5.640702233676648,1.7369332982326915,0.9640820933015005,G6M2,g6m2_mid_load,1.0,58.0,33.0,0.98,1.02,57,60,7,142
2025-02-18,1.8166206268282883,0.00013537685360823955,5.640702233676648,1.7369332982326915,0.9640820933015005,G6M2,g6m2_mid_load,1.0,58.0,33.0,0.98,1.02,57,60,7,142
2025-02-19,1.8167560036818964,0.00013537685360823955,5.640702233676648,1.7369332982326915,0.9640820933015005,G6M2,g6m2_mid_load,1.0,58.0,33.0,0.98,1.02,57,60,7,142
2025-02-20,1.8168913805355047,0.00013537685360823955,5.640702233676648,1.7369332982326915,0.9640820933015005,G6M2,g6m2_mid_load,1.0,58.0,33.0,0.98,1.02,57,60,7,142
2025-02-21,1.817026757389113,0.00013537685360823955,5.640702233676648,1.7369332982326915,0.9640820933015005,G6M2,g6m2_mid_load,1.0,58.0,33.0,0.98,1.02,57,60,7,142
2025-02-22,1.817162134242721,0.00013537685360823955,5.640702233676648,1.7369332982326915,0.9640820933015005,G6M2,g6m2_mid_load,1.0,58.0,33.0,0.98,1.02,57,60,7,142
2025-02-23,1.8172975110963294,0.00013537685360823955,5.640702233676648,1.7369332982326915,0.9640820933015005,G6M2,g6m2_mid_load,1.0,58.0,33.0,0.98,1.02,57,60,7,142
2025-02-24,1.8174328879499377,0.00013537685360823955,5.640702233676648,1.7369332982326915,0.9640820933015005,G6M2,g6m2_mid_load,1.0,58.0,33.0,0.98,1.02,57,60,7,142
2025-02-25,1.8175682648035458,0.00013537685360823955,5.640702233676648,1.7369332982326915,0.9640820933015005,G6M2,g6m2_mid_load,1.0,58.0,33.0,0.98,1.02,57,60,7,142
2025-02-26,1.8177036416571541,0.00013537685360823955,5.640702233676648,1.7369332982326915,0.9640820933015005,G6M2,g6m2_mid_load,1.0,58.0,33.0,0.98,1.02,57,60,7,142
2025-02-27,1.8178390185107625,0.00013537685360823955,5.640702233676648,1.7369332982326915,0.9640820933015005,G6M2,g6m2_mid_load,1.0,58.0,33.0,0.98,1.02,57,60,7,142
2025-02-28,1.8179743953643706,0.00013537685360823955,5.640702233676648,1.7369332982326915,0.9640820933015005,G6M2,g6m2_mid_load,1.0,58.0,33.0,0.98,1.02,57,60,7,142
2025-03-01,1.8181097722179789,0.00013537685360823955,5.640702233676648,1.7369332982326915,0.9640820933015005,G6M2,g6m2_mid_load,1.0,58.0,33.0,0.98,1.02,57,60,7,142
2025-03-02,1.8182451490715872,0.00013537685360823955,5.640702233676648,1.7369332982326915,0.9640820933015005,G6M2,g6m2_mid_load,1.0,58.0,33.0,0.98,1.02,57,60,7,142
2025-03-03,1.8183805259251953,0.00013537685360823955,5.640702233676648,1.7369332982326915,0.9640820933015005,G6M2,g6m2_mid_load,1.0,58.0,33.0,0.98,1.02,57,60,7,142
2025-03-04,1.8185159027788036,0.00013537685360823955,5.640702233676648,1.7369332982326915,0.9640820933015005,G6M2,g6m2_mid_load,1.0,58.0,33.0,0.98,1.02,57,60,7,142
2025-03-05,1.818651279632412,0.00013537685360823955,5.640702233676648,1.7369332982326915,0.9640820933015005,G6M2,g6m2_mid_load,1.0,58.0,33.0,0.98,1.02,57,60,7,142
2025-03-06,1.81878665648602,0.00013537685360823955,5.640702233676648,1.7369332982326915,0.9640820933015005,G6M2,g6m2_mid_load,1.0,58.0,33.0,0.98,1.02,57,60,7,142
2025-03-07,1.8189220333396283,0.00013537685360823955,5.640702233676648,1.7369332982326915,0.9640820933015005,G6M2,g6m2_mid_load,1.0,58.0,33.0,0.98,1.02,57,60,7,142
2025-03-08,1.8190574101932366,0.00013537685360823955,5.640702233676648,1.7369332982326915,0.9640820933015005,G6M2,g6m2_mid_load,1.0,58.0,33.0,0.98,1.02,57,60,7,142
2025-03-09,1.8191927870468447,0.00013537685360823955,5.640702233676648,1.7369332982326915,0.9640820933015005,G6M2,g6m2_mid_load,1.0,58.0,33.0,0.98,1.02,57,60,7,142
2025-03-10,1.819328163900453,0.00013537685360823955,5.640702233676648,1.7369332982326915,0.9640820933015005,G6M2,g6m2_mid_load,1.0,58.0,33.0,0.98,1.02,57,60,7,142
2025-03-11,1.8194635407540614,0.00013537685360823955,5.640702233676648,1.7369332982326915,0.9640820933015005,G6M2,g6m2_mid_load,1.0,58.0,33.0,0.98,1.02,57,60,7,142
2025-03-12,1.8195989176076695,0.00013537685360823955,5.640702233676648,1.7369332982326915,0.9640820933015005,G6M2,g6m2_mid_load,1.0,58.0,33.0,0.98,1.02,57,60,7,142
2025-03-13,1.8197342944612778,0.00013537685360823955,5.640702233676648,1.7369332982326915,0.9640820933015005,G6M2,g6m2_mid_load,1.0,58.0,33.0,0.98,1.02,57,60,7,142
2025-03-14,1.819869671314886,0.00013537685360823955,5.640702233676648,1.7369332982326915,0.9640820933015005,G6M2,g6m2_mid_load,1.0,58.0,33.0,0.98,1.02,57,60,7,142
2025-03-15,1.8200050481684942,0.00013537685360823955,5.640702233676648,1.7369332982326915,0.9640820933015005,G6M2,g6m2_mid_load,1.0,58.0,33.0,0.98,1.02,57,60,7,142
2025-03-16,1.8201404250221025,0.00013537685360823955,5.640702233676648,1.7369332982326915,0.9640820933015005,G6M2,g6m2_mid_load,1.0,58.0,33.0,0.98,1.02,57,60,7,142
2025-03-17,1.8202758018757108,0.00013537685360823955,5.640702233676648,1.7369332982326915,0.9640820933015005,G6M2,g6m2_mid_load,1.0,58.0,33.0,0.98,1.02,57,60,7,142
2025-03-18,1.820411178729319,0.00013537685360823955,5.640702233676648,1.7369332982326915,0.9640820933015005,G6M2,g6m2_mid_load,1.0,58.0,33.0,0.98,1.02,57,60,7,142
2025-03-19,1.8205465555829272,0.00013537685360823955,5.640702233676648,1.7369332982326915,0.9640820933015005,G6M2,g6m2_mid_load,1.0,58.0,33.0,0.98,1.02,57,60,7,142
2025-03-20,1.8206819324365355,0.00013537685360823955,5.640702233676648,1.7369332982326915,0.9640820933015005,G6M2,g6m2_mid_load,1.0,58.0,33.0,0.98,1.02,57,60,7,142
2025-03-21,1.8208173092901436,0.00013537685360823955,5.640702233676648,1.7369332982326915,0.9640820933015005,G6M2,g6m2_mid_load,1.0,58.0,33.0,0.98,1.02,57,60,7,142
2025-03-22,1.820952686143752,0.00013537685360823955,5.640702233676648,1.7369332982326915,0.9640820933015005,G6M2,g6m2_mid_load,1.0,58.0,33.0,0.98,1.02,57,60,7,142
2025-03-23,1.82108806299736,0.00013537685360823955,5.640702233676648,1.7369332982326915,0.9640820933015005,G6M2,g6m2_mid_load,1.0,58.0,33.0,0.98,1.02,57,60,7,142
2025-03-24,1.8212234398509684,0.00013537685360823955,5.640702233676648,1.7369332982326915,0.9640820933015005,G6M2,g6m2_mid_load,1.0,58.0,33.0,0.98,1.02,57,60,7,142
2025-03-25,1.8213588167045767,0.00013537685360823955,5.640702233676648,1.7369332982326915,0.9640820933015005,G6M2,g6m2_mid_load,1.0,58.0,33.0,0.98,1.02,57,60,7,142
2025-03-26,1.8214941935581848,0.00013537685360823955,5.640702233676648,1.7369332982326915,0.9640820933015005,G6M2,g6m2_mid_load,1.0,58.0,33.0,0.98,1.02,57,60,7,142
2025-03-27,1.821629570411793,0.00013537685360823955,5.640702233676648,1.7369332982326915,0.9640820933015005,G6M2,g6m2_mid_load,1.0,58.0,33.0,0.98,1.02,57,60,7,142
2025-03-28,1.8217649472654014,0.00013537685360823955,5.640702233676648,1.7369332982326915,0.9640820933015005,G6M2,g6m2_mid_load,1.0,58.0,33.0,0.98,1.02,57,60,7,142
2025-03-29,1.8219003241190095,0.00013537685360823955,5.640702233676648,1.7369332982326915,0.9640820933015005,G6M2,g6m2_mid_load,1.0,58.0,33.0,0.98,1.02,57,60,7,142
2025-03-30,1.8220357009726178,0.00013537685360823955,5.640702233676648,1.7369332982326915,0.9640820933015005,G6M2,g6m2_mid_load,1.0,58.0,33.0,0.98,1.02,57,60,7,142
2025-03-31,1.8221710778262261,0.00013537685360823955,5.640702233676648,1.7369332982326915,0.9640820933015005,G6M2,g6m2_mid_load,1.0,58.0,33.0,0.98,1.02,57,60,7,142
2025-04-01,1.8223064546798342,0.00013537685360823955,5.640702233676648,1.7369332982326915,0.9640820933015005,G6M2,g6m2_mid_load,1.0,58.0,33.0,0.98,1.02,57,60,7,142
2025-04-02,1.8224418315334425,0.00013537685360823955,5.640702233676648,1.7369332982326915,0.9640820933015005,G6M2,g6m2_mid_load,1.0,58.0,33.0,0.98,1.02,57,60,7,142
2025-04-03,1.8225772083870508,0.00013537685360823955,5.640702233676648,1.7369332982326915,0.9640820933015005,G6M2,g6m2_mid_load,1.0,58.0,33.0,0.98,1.02,57,60,7,142
2025-04-04,1.822712585240659,0.00013537685360823955,5.640702233676648,1.7369332982326915,0.9640820933015005,G6M2,g6m2_mid_load,1.0,58.0,33.0,0.98,1.02,57,60,7,142
2025-04-05,1.8228479620942672,0.00013537685360823955,5.640702233676648,1.7369332982326915,0.9640820933015005,G6M2,g6m2_mid_load,1.0,58.0,33.0,0.98,1.02,57,60,7,142
2025-04-06,1.8229833389478756,0.00013537685360823955,5.640702233676648,1.7369332982326915,0.9640820933015005,G6M2,g6m2_mid_load,1.0,58.0,33.0,0.98,1.02,57,60,7,142
2025-04-07,1.8231187158014837,0.00013537685360823955,5.640702233676648,1.7369332982326915,0.9640820933015005,G6M2,g6m2_mid_load,1.0,58.0,33.0,0.98,1.02,57,60,7,142
2025-04-08,1.823254092655092,0.00013537685360823955,5.640702233676648,1.7369332982326915,0.9640820933015005,G6M2,g6m2_mid_load,1.0,58.0,33.0,0.98,1.02,57,60,7,142
2025-04-09,1.8233894695087003,0.00013537685360823955,5.640702233676648,1.7369332982326915,0.9640820933015005,G6M2,g6m2_mid_load,1.0,58.0,33.0,0.98,1.02,57,60,7,142
2025-04-10,1.8235248463623084,0.00013537685360823955,5.640702233676648,1.7369332982326915,0.9640820933015005,G6M2,g6m2_mid_load,1.0,58.0,33.0,0.98,1.02,57,60,7,142
2025-04-11,1.8236602232159167,0.00013537685360823955,5.640702233676648,1.7369332982326915,0.9640820933015005,G6M2,g6m2_mid_load,1.0,58.0,33.0,0.98,1.02,57,60,7,142
2025-04-12,1.823795600069525,0.00013537685360823955,5.640702233676648,1.7369332982326915,0.9640820933015005,G6M2,g6m2_mid_load,1.0,58.0,33.0,0.98,1.02,57,60,7,142
2025-04-13,1.823930976923133,0.00013537685360823955,5.640702233676648,1.7369332982326915,0.9640820933015005,G6M2,g6m2_mid_load,1.0,58.0,33.0,0.98,1.02,57,60,7,142
2025-04-14,1.8240663537767414,0.00013537685360823955,5.640702233676648,1.7369332982326915,0.9640820933015005,G6M2,g6m2_mid_load,1.0,58.0,33.0,0.98,1.02,57,60,7,142
2025-04-15,1.8242017306303497,0.00013537685360823955,5.640702233676648,1.7369332982326915,0.9640820933015005,G6M2,g6m2_mid_load,1.0,58.0,33.0,0.98,1.02,57,60,7,142
2025-04-16,1.8243371074839578,0.00013537685360823955,5.640702233676648,1.7369332982326915,0.9640820933015005,G6M2,g6m2_mid_load,1.0,58.0,33.0,0.98,1.02,57,60,7,142
2025-04-17,1.8244724843375661,0.00013537685360823955,5.640702233676648,1.7369332982326915,0.9640820933015005,G6M2,g6m2_mid_load,1.0,58.0,33.0,0.98,1.02,57,60,7,142
2025-04-18,1.8246078611911745,0.00013537685360823955,5.640702233676648,1.7369332982326915,0.9640820933015005,G6M2,g6m2_mid_load,1.0,58.0,33.0,0.98,1.02,57,60,7,142
2025-04-19,1.8247432380447826,0.00013537685360823955,5.640702233676648,1.7369332982326915,0.9640820933015005,G6M2,g6m2_mid_load,1.0,58.0,33.0,0.98,1.02,57,60,7,142
2025-04-20,1.8248786148983909,0.00013537685360823955,5.640702233676648,1.7369332982326915,0.9640820933015005,G6M2,g6m2_mid_load,1.0,58.0,33.0,0.98,1.02,57,60,7,142
2025-04-21,1.8250139917519992,0.00013537685360823955,5.640702233676648,1.7369332982326915,0.9640820933015005,G6M2,g6m2_mid_load,1.0,58.0,33.0,0.98,1.02,57,60,7,142
2025-04-22,1.8251493686056073,0.00013537685360823955,5.640702233676648,1.7369332982326915,0.9640820933015005,G6M2,g6m2_mid_load,1.0,58.0,33.0,0.98,1.02,57,60,7,142
2025-04-23,1.8252847454592156,0.00013537685360823955,5.640702233676648,1.7369332982326915,0.9640820933015005,G6M2,g6m2_mid_load,1.0,58.0,33.0,0.98,1.02,57,60,7,142
2025-04-24,1.8254201223128237,0.00013537685360823955,5.640702233676648,1.7369332982326915,0.9640820933015005,G6M2,g6m2_mid_load,1.0,58.0,33.0,0.98,1.02,57,60,7,142
2025-04-25,1.825555499166432,0.00013537685360823955,5.640702233676648,1.7369332982326915,0.9640820933015005,G6M2,g6m2_mid_load,1.0,58.0,33.0,0.98,1.02,57,60,7,142
2025-04-26,1.8256908760200403,0.00013537685360823955,5.640702233676648,1.7369332982326915,0.9640820933015005,G6M2,g6m2_mid_load,1.0,58.0,33.0,0.98,1.02,57,60,7,142
2025-04-27,1.8258262528736484,0.00013537685360823955,5.640702233676648,1.7369332982326915,0.9640820933015005,G6M2,g6m2_mid_load,1.0,58.0,33.0,0.98,1.02,57,60,7,142
2025-04-28,1.8259616297272567,0.00013537685360823955,5.640702233676648,1.7369332982326915,0.9640820933015005,G6M2,g6m2_mid_load,1.0,58.0,33.0,0.98,1.02,57,60,7,142
2025-04-29,1.826097006580865,0.00013537685360823955,5.640702233676648,1.7369332982326915,0.9640820933015005,G6M2,g6m2_mid_load,1.0,58.0,33.0,0.98,1.02,57,60,7,142
2025-04-30,1.8262323834344731,0.00013537685360823955,5.640702233676648,1.7369332982326915,0.9640820933015005,G6M2,g6m2_mid_load,1.0,58.0,33.0,0.98,1.02,57,60,7,142
2025-05-01,1.8263677602880815,0.00013537685360823955,5.640702233676648,1.7369332982326915,0.9640820933015005,G6M2,g6m2_mid_load,1.0,58.0,33.0,0.98,1.02,57,60,7,142
2025-05-02,1.8265031371416898,0.00013537685360823955,5.640702233676648,1.7369332982326915,0.9640820933015005,G6M2,g6m2_mid_load,1.0,58.0,33.0,0.98,1.02,57,60,7,142
2025-05-03,1.8266385139952979,0.00013537685360823955,5.640702233676648,1.7369332982326915,0.9640820933015005,G6M2,g6m2_mid_load,1.0,58.0,33.0,0.98,1.02,57,60,7,142
2025-05-04,1.8267738908489062,0.00013537685360823955,5.640702233676648,1.7369332982326915,0.9640820933015005,G6M2,g6m2_mid_load,1.0,58.0,33.0,0.98,1.02,57,60,7,142
2025-05-05,1.8269092677025145,0.00013537685360823955,5.640702233676648,1.7369332982326915,0.9640820933015005,G6M2,g6m2_mid_load,1.0,58.0,33.0,0.98,1.02,57,60,7,142
2025-05-06,1.8270446445561226,0.00013537685360823955,5.640702233676648,1.7369332982326915,0.9640820933015005,G6M2,g6m2_mid_load,1.0,58.0,33.0,0.98,1.02,57,60,7,142
2025-05-07,1.827180021409731,0.00013537685360823955,5.640702233676648,1.7369332982326915,0.9640820933015005,G6M2,g6m2_mid_load,1.0,58.0,33.0,0.98,1.02,57,60,7,142
2025-05-08,1.8273153982633392,0.00013537685360823955,5.640702233676648,1.7369332982326915,0.9640820933015005,G6M2,g6m2_mid_load,1.0,58.0,33.0,0.98,1.02,57,60,7,142
2025-05-09,1.8274507751169473,0.00013537685360823955,5.640702233676648,1.7369332982326915,0.9640820933015005,G6M2,g6m2_mid_load,1.0,58.0,33.0,0.98,1.02,57,60,7,142
2025-05-10,1.8275861519705556,0.00013537685360823955,5.640702233676648,1.7369332982326915,0.9640820933015005,G6M2,g6m2_mid_load,1.0,58.0,33.0,0.98,1.02,57,60,7,142
2025-05-11,1.827721528824164,0.00013537685360823955,5.640702233676648,1.7369332982326915,0.9640820933015005,G6M2,g6m2_mid_load,1.0,58.0,33.0,0.98,1.02,57,60,7,142
2025-05-12,1.827856905677772,0.00013537685360823955,5.640702233676648,1.7369332982326915,0.9640820933015005,G6M2,g6m2_mid_load,1.0,58.0,33.0,0.98,1.02,57,60,7,142
2025-05-13,1.8279922825313804,0.00013537685360823955,5.640702233676648,1.7369332982326915,0.9640820933015005,G6M2,g6m2_mid_load,1.0,58.0,33.0,0.98,1.02,57,60,7,142
2025-05-14,1.8281276593849887,0.00013537685360823955,5.640702233676648,1.7369332982326915,0.9640820933015005,G6M2,g6m2_mid_load,1.0,58.0,33.0,0.98,1.02,57,60,7,142
2025-05-15,1.8282630362385968,0.00013537685360823955,5.640702233676648,1.7369332982326915,0.9640820933015005,G6M2,g6m2_mid_load,1.0,58.0,33.0,0.98,1.02,57,60,7,142
2025-05-16,1.828398413092205,0.00013537685360823955,5.640702233676648,1.7369332982326915,0.9640820933015005,G6M2,g6m2_mid_load,1.0,58.0,33.0,0.98,1.02,57,60,7,142
2025-05-17,1.8285337899458134,0.00013537685360823955,5.640702233676648,1.7369332982326915,0.9640820933015005,G6M2,g6m2_mid_load,1.0,58.0,33.0,0.98,1.02,57,60,7,142
2025-05-18,1.8286691667994215,0.00013537685360823955,5.640702233676648,1.7369332982326915,0.9640820933015005,G6M2,g6m2_mid_load,1.0,58.0,33.0,0.98,1.02,57,60,7,142
2025-05-19,1.8288045436530298,0.00013537685360823955,5.640702233676648,1.7369332982326915,0.9640820933015005,G6M2,g6m2_mid_load,1.0,58.0,33.0,0.98,1.02,57,60,7,142
2025-05-20,1.8289399205066381,0.00013537685360823955,5.640702233676648,1.7369332982326915,0.9640820933015005,G6M2,g6m2_mid_load,1.0,58.0,33.0,0.98,1.02,57,60,7,142
2025-05-21,1.8290752973602462,0.00013537685360823955,5.640702233676648,1.7369332982326915,0.9640820933015005,G6M2,g6m2_mid_load,1.0,58.0,33.0,0.98,1.02,57,60,7,142
2025-05-22,1.8292106742138545,0.00013537685360823955,5.640702233676648,1.7369332982326915,0.9640820933015005,G6M2,g6m2_mid_load,1.0,58.0,33.0,0.98,1.02,57,60,7,142
2025-05-23,1.8293460510674628,0.00013537685360823955,5.640702233676648,1.7369332982326915,0.9640820933015005,G6M2,g6m2_mid_load,1.0,58.0,33.0,0.98,1.02,57,60,7,142
2025-05-24,1.829481427921071,0.00013537685360823955,5.640702233676648,1.7369332982326915,0.9640820933015005,G6M2,g6m2_mid_load,1.0,58.0,33.0,0.98,1.02,57,60,7,142
2025-05-25,1.8296168047746793,0.00013537685360823955,5.640702233676648,1.7369332982326915,0.9640820933015005,G6M2,g6m2_mid_load,1.0,58.0,33.0,0.98,1.02,57,60,7,142
2025-05-26,1.8297521816282876,0.00013537685360823955,5.640702233676648,1.7369332982326915,0.9640820933015005,G6M2,g6m2_mid_load,1.0,58.0,33.0,0.98,1.02,57,60,7,142
2025-05-27,1.8298875584818957,0.00013537685360823955,5.640702233676648,1.7369332982326915,0.9640820933015005,G6M2,g6m2_mid_load,1.0,58.0,33.0,0.98,1.02,57,60,7,142
2025-05-28,1.830022935335504,0.00013537685360823955,5.640702233676648,1.7369332982326915,0.9640820933015005,G6M2,g6m2_mid_load,1.0,58.0,33.0,0.98,1.02,57,60,7,142
2025-05-29,1.8301583121891123,0.00013537685360823955,5.640702233676648,1.7369332982326915,0.9640820933015005,G6M2,g6m2_mid_load,1.0,58.0,33.0,0.98,1.02,57,60,7,142
2025-05-30,1.8302936890427204,0.00013537685360823955,5.640702233676648,1.7369332982326915,0.9640820933015005,G6M2,g6m2_mid_load,1.0,58.0,33.0,0.98,1.02,57,60,7,142
2025-05-31,1.8304290658963287,0.00013537685360823955,5.640702233676648,1.7369332982326915,0.9640820933015005,G6M2,g6m2_mid_load,1.0,58.0,33.0,0.98,1.02,57,60,7,142
2025-06-01,1.830564442749937,0.00013537685360823955,5.640702233676648,1.7369332982326915,0.9640820933015005,G6M2,g6m2_mid_load,1.0,58.0,33.0,0.98,1.02,57,60,7,142
2025-06-02,1.830699819603545,0.00013537685360823955,5.640702233676648,1.7369332982326915,0.9640820933015005,G6M2,g6m2_mid_load,1.0,58.0,33.0,0.98,1.02,57,60,7,142
2025-06-03,1.8308351964571534,0.00013537685360823955,5.640702233676648,1.7369332982326915,0.9640820933015005,G6M2,g6m2_mid_load,1.0,58.0,33.0,0.98,1.02,57,60,7,142
2025-06-04,1.8309705733107617,0.00013537685360823955,5.640702233676648,1.7369332982326915,0.9640820933015005,G6M2,g6m2_mid_load,1.0,58.0,33.0,0.98,1.02,57,60,7,142
2025-06-05,1.8311059501643698,0.00013537685360823955,5.640702233676648,1.7369332982326915,0.9640820933015005,G6M2,g6m2_mid_load,1.0,58.0,33.0,0.98,1.02,57,60,7,142
2025-06-06,1.8312413270179781,0.00013537685360823955,5.640702233676648,1.7369332982326915,0.9640820933015005,G6M2,g6m2_mid_load,1.0,58.0,33.0,0.98,1.02,57,60,7,142
2025-06-07,1.8313767038715862,0.00013537685360823955,5.640702233676648,1.7369332982326915,0.9640820933015005,G6M2,g6m2_mid_load,1.0,58.0,33.0,0.98,1.02,57,60,7,142
2025-06-08,1.8315120807251946,0.00013537685360823955,5.640702233676648,1.7369332982326915,0.9640820933015005,G6M2,g6m2_mid_load,1.0,58.0,33.0,0.98,1.02,57,60,7,142
2025-06-09,1.8316474575788029,0.00013537685360823955,5.640702233676648,1.7369332982326915,0.9640820933015005,G6M2,g6m2_mid_load,1.0,58.0,33.0,0.98,1.02,57,60,7,142
2025-06-10,1.831782834432411,0.00013537685360823955,5.640702233676648,1.7369332982326915,0.9640820933015005,G6M2,g6m2_mid_load,1.0,58.0,33.0,0.98,1.02,57,60,7,142
2025-06-11,1.8319182112860193,0.00013537685360823955,5.640702233676648,1.7369332982326915,0.9640820933015005,G6M2,g6m2_mid_load,1.0,58.0,33.0,0.98,1.02,57,60,7,142
2025-06-12,1.8320535881396276,0.00013537685360823955,5.640702233676648,1.7369332982326915,0.9640820933015005,G6M2,g6m2_mid_load,1.0,58.0,33.0,0.98,1.02,57,60,7,142
2025-06-13,1.8321889649932357,0.00013537685360823955,5.640702233676648,1.7369332982326915,0.9640820933015005,G6M2,g6m2_mid_load,1.0,58.0,33.0,0.98,1.02,57,60,7,142
2025-06-14,1.832324341846844,0.00013537685360823955,5.640702233676648,1.7369332982326915,0.9640820933015005,G6M2,g6m2_mid_load,1.0,58.0,33.0,0.98,1.02,57,60,7,142
2025-06-15,1.8324597187004523,0.00013537685360823955,5.640702233676648,1.7369332982326915,0.9640820933015005,G6M2,g6m2_mid_load,1.0,58.0,33.0,0.98,1.02,57,60,7,142
2025-06-16,1.8325950955540604,0.00013537685360823955,5.640702233676648,1.7369332982326915,0.9640820933015005,G6M2,g6m2_mid_load,1.0,58.0,33.0,0.98,1.02,57,60,7,142
2025-06-17,1.8327304724076687,0.00013537685360823955,5.640702233676648,1.7369332982326915,0.9640820933015005,G6M2,g6m2_mid_load,1.0,58.0,33.0,0.98,1.02,57,60,7,142
2025-06-18,1.832865849261277,0.00013537685360823955,5.640702233676648,1.7369332982326915,0.9640820933015005,G6M2,g6m2_mid_load,1.0,58.0,33.0,0.98,1.02,57,60,7,142
2025-06-19,1.8330012261148851,0.00013537685360823955,5.640702233676648,1.7369332982326915,0.9640820933015005,G6M2,g6m2_mid_load,1.0,58.0,33.0,0.98,1.02,57,60,7,142
2025-06-20,1.8331366029684935,0.00013537685360823955,5.640702233676648,1.7369332982326915,0.9640820933015005,G6M2,g6m2_mid_load,1.0,58.0,33.0,0.98,1.02,57,60,7,142
2025-06-21,1.8332719798221018,0.00013537685360823955,5.640702233676648,1.7369332982326915,0.9640820933015005,G6M2,g6m2_mid_load,1.0,58.0,33.0,0.98,1.02,57,60,7,142
2025-06-22,1.8334073566757099,0.00013537685360823955,5.640702233676648,1.7369332982326915,0.9640820933015005,G6M2,g6m2_mid_load,1.0,58.0,33.0,0.98,1.02,57,60,7,142
2025-06-23,1.8335427335293182,0.00013537685360823955,5.640702233676648,1.7369332982326915,0.9640820933015005,G6M2,g6m2_mid_load,1.0,58.0,33.0,0.98,1.02,57,60,7,142
2025-06-24,1.8336781103829265,0.00013537685360823955,5.640702233676648,1.7369332982326915,0.9640820933015005,G6M2,g6m2_mid_load,1.0,58.0,33.0,0.98,1.02,57,60,7,142
2025-06-25,1.8338134872365346,0.00013537685360823955,5.640702233676648,1.7369332982326915,0.9640820933015005,G6M2,g6m2_mid_load,1.0,58.0,33.0,0.98,1.02,57,60,7,142
2025-06-26,1.833948864090143,0.00013537685360823955,5.640702233676648,1.7369332982326915,0.9640820933015005,G6M2,g6m2_mid_load,1.0,58.0,33.0,0.98,1.02,57,60,7,142
2025-06-27,1.8340842409437512,0.00013537685360823955,5.640702233676648,1.7369332982326915,0.9640820933015005,G6M2,g6m2_mid_load,1.0,58.0,33.0,0.98,1.02,57,60,7,142
2025-06-28,1.8342196177973593,0.00013537685360823955,5.640702233676648,1.7369332982326915,0.9640820933015005,G6M2,g6m2_mid_load,1.0,58.0,33.0,0.98,1.02,57,60,7,142
2025-06-29,1.8343549946509676,0.00013537685360823955,5.640702233676648,1.7369332982326915,0.9640820933015005,G6M2,g6m2_mid_load,1.0,58.0,33.0,0.98,1.02,57,60,7,142
2025-06-30,1.834490371504576,0.00013537685360823955,5.640702233676648,1.7369332982326915,0.9640820933015005,G6M2,g6m2_mid_load,1.0,58.0,33.0,0.98,1.02,57,60,7,142
2025-07-01,1.834625748358184,0.00013537685360823955,5.640702233676648,1.7369332982326915,0.9640820933015005,G6M2,g6m2_mid_load,1.0,58.0,33.0,0.98,1.02,57,60,7,142
2025-07-02,1.8347611252117924,0.00013537685360823955,5.640702233676648,1.7369332982326915,0.9640820933015005,G6M2,g6m2_mid_load,1.0,58.0,33.0,0.98,1.02,57,60,7,142
2025-07-03,1.8348965020654007,0.00013537685360823955,5.640702233676648,1.7369332982326915,0.9640820933015005,G6M2,g6m2_mid_load,1.0,58.0,33.0,0.98,1.02,57,60,7,142
2025-07-04,1.8350318789190088,0.00013537685360823955,5.640702233676648,1.7369332982326915,0.9640820933015005,G6M2,g6m2_mid_load,1.0,58.0,33.0,0.98,1.02,57,60,7,142
2025-07-05,1.835167255772617,0.00013537685360823955,5.640702233676648,1.7369332982326915,0.9640820933015005,G6M2,g6m2_mid_load,1.0,58.0,33.0,0.98,1.02,57,60,7,142
2025-07-06,1.8353026326262254,0.00013537685360823955,5.640702233676648,1.7369332982326915,0.9640820933015005,G6M2,g6m2_mid_load,1.0,58.0,33.0,0.98,1.02,57,60,7,142
2025-07-07,1.8354380094798335,0.00013537685360823955,5.640702233676648,1.7369332982326915,0.9640820933015005,G6M2,g6m2_mid_load,1.0,58.0,33.0,0.98,1.02,57,60,7,142
2025-07-08,1.8355733863334418,0.00013537685360823955,5.640702233676648,1.7369332982326915,0.9640820933015005,G6M2,g6m2_mid_load,1.0,58.0,33.0,0.98,1.02,57,60,7,142
2025-07-09,1.83570876318705,0.00013537685360823955,5.640702233676648,1.7369332982326915,0.9640820933015005,G6M2,g6m2_mid_load,1.0,58.0,33.0,0.98,1.02,57,60,7,142
2025-07-10,1.8358441400406582,0.00013537685360823955,5.640702233676648,1.7369332982326915,0.9640820933015005,G6M2,g6m2_mid_load,1.0,58.0,33.0,0.98,1.02,57,60,7,142
2025-07-11,1.8359795168942665,0.00013537685360823955,5.640702233676648,1.7369332982326915,0.9640820933015005,G6M2,g6m2_mid_load,1.0,58.0,33.0,0.98,1.02,57,60,7,142
2025-07-12,1.8361148937478746,0.00013537685360823955,5.640702233676648,1.7369332982326915,0.9640820933015005,G6M2,g6m2_mid_load,1.0,58.0,33.0,0.98,1.02,57,60,7,142
2025-07-13,1.836250270601483,0.00013537685360823955,5.640702233676648,1.7369332982326915,0.9640820933015005,G6M2,g6m2_mid_load,1.0,58.0,33.0,0.98,1.02,57,60,7,142
2025-07-14,1.8363856474550913,0.00013537685360823955,5.640702233676648,1.7369332982326915,0.9640820933015005,G6M2,g6m2_mid_load,1.0,58.0,33.0,0.98,1.02,57,60,7,142
2025-07-15,1.8365210243086993,0.00013537685360823955,5.640702233676648,1.7369332982326915,0.9640820933015005,G6M2,g6m2_mid_load,1.0,58.0,33.0,0.98,1.02,57,60,7,142
2025-07-16,1.8366564011623077,0.00013537685360823955,5.640702233676648,1.7369332982326915,0.9640820933015005,G6M2,g6m2_mid_load,1.0,58.0,33.0,0.98,1.02,57,60,7,142
2025-07-17,1.836791778015916,0.00013537685360823955,5.640702233676648,1.7369332982326915,0.9640820933015005,G6M2,g6m2_mid_load,1.0,58.0,33.0,0.98,1.02,57,60,7,142
2025-07-18,1.836927154869524,0.00013537685360823955,5.640702233676648,1.7369332982326915,0.9640820933015005,G6M2,g6m2_mid_load,1.0,58.0,33.0,0.98,1.02,57,60,7,142
2025-07-19,1.8370625317231324,0.00013537685360823955,5.640702233676648,1.7369332982326915,0.9640820933015005,G6M2,g6m2_mid_load,1.0,58.0,33.0,0.98,1.02,57,60,7,142
2025-07-20,1.8371979085767407,0.00013537685360823955,5.640702233676648,1.7369332982326915,0.9640820933015005,G6M2,g6m2_mid_load,1.0,58.0,33.0,0.98,1.02,57,60,7,142
2025-07-21,1.8373332854303488,0.00013537685360823955,5.640702233676648,1.7369332982326915,0.9640820933015005,G6M2,g6m2_mid_load,1.0,58.0,33.0,0.98,1.02,57,60,7,142
2025-07-22,1.837468662283957,0.00013537685360823955,5.640702233676648,1.7369332982326915,0.9640820933015005,G6M2,g6m2_mid_load,1.0,58.0,33.0,0.98,1.02,57,60,7,142
2025-07-23,1.8376040391375654,0.00013537685360823955,5.640702233676648,1.7369332982326915,0.9640820933015005,G6M2,g6m2_mid_load,1.0,58.0,33.0,0.98,1.02,57,60,7,142
2025-07-24,1.8377394159911735,0.00013537685360823955,5.640702233676648,1.7369332982326915,0.9640820933015005,G6M2,g6m2_mid_load,1.0,58.0,33.0,0.98,1.02,57,60,7,142
2025-07-25,1.8378747928447818,0.00013537685360823955,5.640702233676648,1.7369332982326915,0.9640820933015005,G6M2,g6m2_mid_load,1.0,58.0,33.0,0.98,1.02,57,60,7,142
2025-07-26,1.8380101696983902,0.00013537685360823955,5.640702233676648,1.7369332982326915,0.9640820933015005,G6M2,g6m2_mid_load,1.0,58.0,33.0,0.98,1.02,57,60,7,142
2025-07-27,1.8381455465519982,0.00013537685360823955,5.640702233676648,1.7369332982326915,0.9640820933015005,G6M2,g6m2_mid_load,1.0,58.0,33.0,0.98,1.02,57,60,7,142
2025-07-28,1.8382809234056066,0.00013537685360823955,5.640702233676648,1.7369332982326915,0.9640820933015005,G6M2,g6m2_mid_load,1.0,58.0,33.0,0.98,1.02,57,60,7,142
2025-07-29,1.8384163002592149,0.00013537685360823955,5.640702233676648,1.7369332982326915,0.9640820933015005,G6M2,g6m2_mid_load,1.0,58.0,33.0,0.98,1.02,57,60,7,142
2025-07-30,1.838551677112823,0.00013537685360823955,5.640702233676648,1.7369332982326915,0.9640820933015005,G6M2,g6m2_mid_load,1.0,58.0,33.0,0.98,1.02,57,60,7,142
2025-07-31,1.8386870539664313,0.00013537685360823955,5.640702233676648,1.7369332982326915,0.9640820933015005,G6M2,g6m2_mid_load,1.0,58.0,33.0,0.98,1.02,57,60,7,142
2025-08-01,1.8388224308200396,0.00013537685360823955,5.640702233676648,1.7369332982326915,0.9640820933015005,G6M2,g6m2_mid_load,1.0,58.0,33.0,0.98,1.02,57,60,7,142
2025-08-02,1.8389578076736477,0.00013537685360823955,5.640702233676648,1.7369332982326915,0.9640820933015005,G6M2,g6m2_mid_load,1.0,58.0,33.0,0.98,1.02,57,60,7,142
2025-08-03,1.839093184527256,0.00013537685360823955,5.640702233676648,1.7369332982326915,0.9640820933015005,G6M2,g6m2_mid_load,1.0,58.0,33.0,0.98,1.02,57,60,7,142
2025-08-04,1.8392285613808643,0.00013537685360823955,5.640702233676648,1.7369332982326915,0.9640820933015005,G6M2,g6m2_mid_load,1.0,58.0,33.0,0.98,1.02,57,60,7,142
2025-08-05,1.8393639382344724,0.00013537685360823955,5.640702233676648,1.7369332982326915,0.9640820933015005,G6M2,g6m2_mid_load,1.0,58.0,33.0,0.98,1.02,57,60,7,142
