Iref,Tref,OHref,count
0.29953429713845253,58.39892177581787,11.306352619266852,18098
0.29953429713845253,58.39892177581787,7.86433999718116,17375
0.29953429713845253,58.39892177581787,16.25484269462183,15827
0.29953429713845253,58.39892177581787,5.470185273177321,13401
0.29953429713845253,57.77678394317627,7.86433999718116,13271
0.29953429713845253,58.39892177581787,33.59721364050968,12726
0.29953429713845253,58.39892177581787,23.369155369933406,12719
0.29953429713845253,57.77678394317627,5.470185273177321,11342
0.29953429713845253,57.77678394317627,11.306352619266852,10510
0.29953429713845253,57.77678394317627,3.8048872421094977,10099
0.9744024504721165,58.39892177581787,99.83526981836191,9892
0.29953429713845253,57.77678394317627,16.25484269462183,9530
0.9744024504721165,59.021059608459474,99.83526981836191,9223
0.9744024504721165,58.39892177581787,69.44224472744489,9105
0.9744024504721165,58.39892177581787,143.53051429753026,9073
0.9744024504721165,58.39892177581787,48.301821205670116,8837
0.9744024504721165,58.39892177581787,33.59721364050968,8803
0.9744024504721165,59.021059608459474,143.53051429753026,8568
0.29953429713845253,59.021059608459474,16.25484269462183,8385
0.29953429713845253,57.77678394317627,33.59721364050968,8085
0.9744024504721165,59.021059608459474,69.44224472744489,7755
0.9744024504721165,58.39892177581787,206.3500060849692,7731
0.29953429713845253,58.39892177581787,48.301821205670116,7627
0.29953429713845253,59.021059608459474,23.369155369933406,7598
0.29953429713845253,57.15464611053467,23.369155369933406,7561
0.9744024504721165,59.021059608459474,206.3500060849692,7257
0.29953429713845253,59.021059608459474,33.59721364050968,7255
0.29953429713845253,57.15464611053467,16.25484269462183,7199
0.29953429713845253,57.15464611053467,11.306352619266852,7190
0.29953429713845253,57.15464611053467,3.8048872421094977,7177
0.29953429713845253,57.15464611053467,33.59721364050968,7077
0.29953429713845253,58.39892177581787,3.8048872421094977,7019
0.29953429713845253,57.77678394317627,23.369155369933406,6633
0.9744024504721165,59.021059608459474,48.301821205670116,6602
0.29953429713845253,59.021059608459474,11.306352619266852,6592
0.29953429713845253,57.15464611053467,7.86433999718116,6451
0.29953429713845253,57.15464611053467,5.470185273177321,6443
0.9744024504721165,58.39892177581787,23.369155369933406,6264
0.29953429713845253,59.021059608459474,48.301821205670116,6168
0.9744024504721165,58.39892177581787,613.1761030823689,6152
0.29953429713845253,57.77678394317627,48.301821205670116,6101
0.9744024504721165,58.39892177581787,296.66392000101365,6096
0.29953429713845253,57.15464611053467,48.301821205670116,5918
0.9744024504721165,59.021059608459474,613.1761030823689,5846
0.29953429713845253,59.021059608459474,7.86433999718116,5784
0.9744024504721165,58.39892177581787,16.25484269462183,5756
0.9744024504721165,58.39892177581787,11.306352619266852,5744
0.9744024504721165,59.021059608459474,33.59721364050968,5615
0.9744024504721165,58.39892177581787,426.50583394762765,5414
0.9744024504721165,59.021059608459474,296.66392000101365,5285
0.29953429713845253,58.39892177581787,69.44224472744489,5125
0.29953429713845253,56.532508277893065,3.8048872421094977,5119
0.29953429713845253,56.532508277893065,11.306352619266852,5059
0.9181634376943111,57.77678394317627,33.59721364050968,5020
0.9181634376943111,57.77678394317627,7.86433999718116,4951
0.29953429713845253,57.15464611053467,2.6465587913731943,4918
0.9744024504721165,58.39892177581787,7.86433999718116,4899
0.9744024504721165,57.77678394317627,33.59721364050968,4542
0.29953429713845253,56.532508277893065,2.6465587913731943,4530
0.9181634376943111,57.77678394317627,11.306352619266852,4520
0.9744024504721165,59.021059608459474,23.369155369933406,4414
0.29953429713845253,59.021059608459474,69.44224472744489,4402
0.29953429713845253,59.64319744110107,48.301821205670116,4395
0.29953429713845253,56.532508277893065,33.59721364050968,4354
0.29953429713845253,59.64319744110107,16.25484269462183,4300
0.9744024504721165,58.39892177581787,5.470185273177321,4298
0.29953429713845253,56.532508277893065,48.301821205670116,4203
0.29953429713845253,56.532508277893065,7.86433999718116,4126
0.9181634376943111,57.77678394317627,5.470185273177321,4054
0.29953429713845253,59.021059608459474,5.470185273177321,4046
0.29953429713845253,57.77678394317627,99.83526981836191,4042
0.9744024504721165,57.77678394317627,48.301821205670116,3990
0.29953429713845253,57.77678394317627,69.44224472744489,3960
0.29953429713845253,57.15464611053467,69.44224472744489,3956
0.29953429713845253,56.532508277893065,16.25484269462183,3953
0.9744024504721165,59.021059608459474,426.50583394762765,3937
0.29953429713845253,56.532508277893065,23.369155369933406,3916
0.29953429713845253,57.77678394317627,2.6465587913731943,3792
0.29953429713845253,59.021059608459474,143.53051429753026,3767
0.9744024504721165,59.021059608459474,16.25484269462183,3705
0.9744024504721165,57.77678394317627,11.306352619266852,3674
0.9744024504721165,57.77678394317627,23.369155369933406,3599
0.9181634376943111,57.77678394317627,16.25484269462183,3587
0.9181634376943111,57.77678394317627,23.369155369933406,3582
0.29953429713845253,55.910370445251466,2.6465587913731943,3576
0.29953429713845253,56.532508277893065,5.470185273177321,3506
0.29953429713845253,57.15464611053467,99.83526981836191,3403
0.9744024504721165,57.77678394317627,69.44224472744489,3351
0.29953429713845253,59.021059608459474,99.83526981836191,3311
0.29953429713845253,59.021059608459474,3.8048872421094977,3244
0.9744024504721165,57.77678394317627,16.25484269462183,3220
0.29953429713845253,56.532508277893065,69.44224472744489,3178
0.29953429713845253,59.64319744110107,23.369155369933406,3113
0.9744024504721165,57.77678394317627,7.86433999718116,3102
0.9744024504721165,58.39892177581787,3.8048872421094977,3043
0.29953429713845253,59.64319744110107,11.306352619266852,3007
0.9181634376943111,57.77678394317627,48.301821205670116,2989
0.9744024504721165,57.77678394317627,99.83526981836191,2946
0.29953429713845253,56.532508277893065,99.83526981836191,2921
0.9744024504721165,57.77678394317627,5.470185273177321,2858
0.9181634376943111,57.77678394317627,3.8048872421094977,2842
0.29953429713845253,59.64319744110107,33.59721364050968,2810
0.9744024504721165,59.021059608459474,11.306352619266852,2778
0.29953429713845253,59.64319744110107,69.44224472744489,2758
0.29953429713845253,59.64319744110107,7.86433999718116,2735
0.29953429713845253,58.39892177581787,2.6465587913731943,2724
0.29953429713845253,55.910370445251466,3.8048872421094977,2651
0.29953429713845253,57.77678394317627,143.53051429753026,2622
0.9744024504721165,57.77678394317627,143.53051429753026,2599
0.29953429713845253,57.77678394317627,296.66392000101365,2502
0.9744024504721165,59.021059608459474,7.86433999718116,2443
0.9181634376943111,58.39892177581787,33.59721364050968,2397
0.29953429713845253,55.910370445251466,33.59721364050968,2292
0.9744024504721165,59.021059608459474,5.470185273177321,2278
0.9744024504721165,58.39892177581787,2.6465587913731943,2225
0.29953429713845253,59.64319744110107,99.83526981836191,2209
0.9181634376943111,58.39892177581787,7.86433999718116,2201
0.9181634376943111,57.77678394317627,2.6465587913731943,2188
0.29953429713845253,55.910370445251466,11.306352619266852,2130
0.9744024504721165,57.77678394317627,206.3500060849692,2128
0.29953429713845253,58.39892177581787,99.83526981836191,2123
0.9744024504721165,57.77678394317627,3.8048872421094977,2043
0.29953429713845253,57.77678394317627,206.3500060849692,2038
0.29953429713845253,55.28823261260986,2.6465587913731943,2028
0.29953429713845253,57.15464611053467,143.53051429753026,1981
0.9181634376943111,58.39892177581787,11.306352619266852,1971
0.29953429713845253,58.39892177581787,296.66392000101365,1951
0.9181634376943111,57.77678394317627,69.44224472744489,1929
0.29953429713845253,55.910370445251466,48.301821205670116,1875
0.9181634376943111,58.39892177581787,5.470185273177321,1867
0.9181634376943111,58.39892177581787,23.369155369933406,1863
0.9744024504721165,59.64319744110107,48.301821205670116,1830
0.9744024504721165,59.64319744110107,99.83526981836191,1789
0.29953429713845253,55.910370445251466,23.369155369933406,1750
0.9744024504721165,58.39892177581787,1.8408622885527222,1728
0.29953429713845253,55.910370445251466,16.25484269462183,1712
0.9181634376943111,58.39892177581787,16.25484269462183,1705
0.9744024504721165,59.64319744110107,33.59721364050968,1678
0.29953429713845253,55.910370445251466,7.86433999718116,1660
0.29953429713845253,54.04395694732666,99.83526981836191,1645
0.9744024504721165,59.64319744110107,69.44224472744489,1640
0.29953429713845253,57.77678394317627,1.8408622885527222,1639
0.9181634376943111,57.77678394317627,1.8408622885527222,1626
0.29953429713845253,59.021059608459474,2.6465587913731943,1615
0.29953429713845253,59.64319744110107,5.470185273177321,1564
0.9744024504721165,57.77678394317627,2.6465587913731943,1520
0.29953429713845253,57.15464611053467,1.8408622885527222,1508
0.29953429713845253,58.39892177581787,143.53051429753026,1486
0.29953429713845253,55.910370445251466,5.470185273177321,1457
0.29953429713845253,56.532508277893065,143.53051429753026,1453
0.29953429713845253,56.532508277893065,1.8408622885527222,1449
0.9181634376943111,58.39892177581787,48.301821205670116,1445
0.29953429713845253,55.910370445251466,69.44224472744489,1428
0.9744024504721165,59.021059608459474,3.8048872421094977,1402
0.9181634376943111,58.39892177581787,3.8048872421094977,1393
0.29953429713845253,54.66609477996826,2.6465587913731943,1365
0.9744024504721165,59.64319744110107,23.369155369933406,1346
0.9744024504721165,60.88747310638428,33.59721364050968,1328
0.9744024504721165,60.26533527374268,48.301821205670116,1316
0.9744024504721165,60.26533527374268,33.59721364050968,1295
0.9744024504721165,59.64319744110107,16.25484269462183,1273
0.9181634376943111,57.77678394317627,99.83526981836191,1250
1.4805535654723645,57.77678394317627,99.83526981836191,1223
0.29953429713845253,57.77678394317627,426.50583394762765,1218
0.9744024504721165,60.88747310638428,48.301821205670116,1215
0.9744024504721165,60.88747310638428,23.369155369933406,1203
0.9181634376943111,58.39892177581787,2.6465587913731943,1173
0.29953429713845253,55.910370445251466,1.8408622885527222,1165
0.9744024504721165,59.64319744110107,11.306352619266852,1154
0.29953429713845253,58.39892177581787,1.8408622885527222,1152
0.9744024504721165,59.64319744110107,143.53051429753026,1148
0.29953429713845253,54.04395694732666,2.6465587913731943,1120
0.9744024504721165,60.88747310638428,11.306352619266852,1096
0.29953429713845253,56.532508277893065,206.3500060849692,1092
0.9744024504721165,60.26533527374268,69.44224472744489,1092
0.9744024504721165,60.88747310638428,16.25484269462183,1091
0.29953429713845253,57.15464611053467,206.3500060849692,1086
0.9744024504721165,60.26533527374268,23.369155369933406,1085
0.29953429713845253,57.15464611053467,1.2804453755048701,1079
0.29953429713845253,54.04395694732666,143.53051429753026,1064
0.29953429713845253,50.933267784118655,1.8408622885527222,1063
0.29953429713845253,51.555405616760254,1.8408622885527222,1061
0.9744024504721165,60.88747310638428,69.44224472744489,1056
0.29953429713845253,53.42181911468506,1.8408622885527222,1053
0.29953429713845253,52.17754344940185,1.8408622885527222,1037
0.9744024504721165,59.021059608459474,2.6465587913731943,1035
0.9744024504721165,57.77678394317627,296.66392000101365,1031
0.9744024504721165,58.39892177581787,1.2804453755048701,1031
0.29953429713845253,52.79968128204346,1.8408622885527222,1027
0.9181634376943111,57.15464611053467,33.59721364050968,1025
1.4805535654723645,57.77678394317627,69.44224472744489,1017
0.9181634376943111,58.39892177581787,69.44224472744489,1005
0.9744024504721165,60.26533527374268,99.83526981836191,1003
0.9744024504721165,60.26533527374268,16.25484269462183,996
0.29953429713845253,50.31112995147705,1.8408622885527222,996
0.9744024504721165,60.26533527374268,11.306352619266852,993
0.9744024504721165,57.77678394317627,1.8408622885527222,985
0.29953429713845253,53.42181911468506,69.44224472744489,980
0.29953429713845253,56.532508277893065,1.2804453755048701,964
0.29953429713845253,59.64319744110107,3.8048872421094977,957
0.9181634376943111,57.77678394317627,1.2804453755048701,956
0.29953429713845253,55.910370445251466,99.83526981836191,950
0.9744024504721165,59.64319744110107,7.86433999718116,944
0.9181634376943111,59.021059608459474,16.25484269462183,921
0.29953429713845253,53.42181911468506,2.6465587913731943,915
0.29953429713845253,54.04395694732666,1.8408622885527222,898
0.9744024504721165,59.64319744110107,5.470185273177321,891
0.9744024504721165,60.88747310638428,99.83526981836191,888
0.9181634376943111,58.39892177581787,1.8408622885527222,873
1.4805535654723645,56.532508277893065,23.369155369933406,865
0.29953429713845253,55.910370445251466,143.53051429753026,855
0.9744024504721165,60.88747310638428,7.86433999718116,846
0.29953429713845253,58.39892177581787,426.50583394762765,843
0.9744024504721165,59.021059608459474,1.8408622885527222,830
0.6932073865830898,59.64319744110107,7.86433999718116,828
0.9744024504721165,60.26533527374268,7.86433999718116,827
0.6932073865830898,59.64319744110107,16.25484269462183,825
0.29953429713845253,57.77678394317627,1.2804453755048701,823
0.29953429713845253,59.64319744110107,143.53051429753026,821
0.9744024504721165,58.39892177581787,0.8906371594698739,816
0.9181634376943111,59.021059608459474,7.86433999718116,810
0.9744024504721165,59.64319744110107,206.3500060849692,809
0.9744024504721165,57.77678394317627,613.1761030823689,799
0.9181634376943111,57.77678394317627,0.8906371594698739,790
0.9744024504721165,60.88747310638428,5.470185273177321,790
0.29953429713845253,55.28823261260986,3.8048872421094977,785
0.29953429713845253,52.79968128204346,2.6465587913731943,778
0.29953429713845253,53.42181911468506,143.53051429753026,770
0.4120123226940632,59.021059608459474,206.3500060849692,769
0.9744024504721165,60.26533527374268,5.470185273177321,760
0.29953429713845253,54.66609477996826,1.8408622885527222,758
0.29953429713845253,55.910370445251466,1.2804453755048701,741
0.8619244249165058,57.77678394317627,33.59721364050968,739
0.9744024504721165,60.26533527374268,143.53051429753026,732
0.29953429713845253,59.021059608459474,1.8408622885527222,732
0.4120123226940632,59.64319744110107,206.3500060849692,722
0.9744024504721165,59.64319744110107,3.8048872421094977,715
0.9744024504721165,60.88747310638428,3.8048872421094977,712
1.4805535654723645,57.77678394317627,48.301821205670116,697
0.4120123226940632,58.39892177581787,99.83526981836191,695
0.29953429713845253,52.79968128204346,16.25484269462183,694
0.9744024504721165,59.021059608459474,1.2804453755048701,678
0.9744024504721165,60.88747310638428,143.53051429753026,663
0.9181634376943111,58.39892177581787,99.83526981836191,659
0.9181634376943111,59.64319744110107,16.25484269462183,658
0.9181634376943111,57.15464611053467,11.306352619266852,652
0.29953429713845253,55.28823261260986,1.8408622885527222,648
0.29953429713845253,52.17754344940185,2.6465587913731943,645
0.8619244249165058,58.39892177581787,33.59721364050968,644
0.9744024504721165,59.64319744110107,296.66392000101365,643
0.8619244249165058,57.77678394317627,5.470185273177321,636
0.9744024504721165,59.64319744110107,426.50583394762765,619
0.9744024504721165,60.26533527374268,3.8048872421094977,617
0.9181634376943111,57.15464611053467,23.369155369933406,614
0.9181634376943111,59.021059608459474,33.59721364050968,613
0.8619244249165058,57.77678394317627,7.86433999718116,603
0.8056854121387005,58.39892177581787,33.59721364050968,603
0.8056854121387005,57.77678394317627,33.59721364050968,592
0.9181634376943111,59.021059608459474,5.470185273177321,586
0.9181634376943111,57.15464611053467,48.301821205670116,586
0.8619244249165058,57.77678394317627,48.301821205670116,586
1.4805535654723645,57.15464611053467,99.83526981836191,585
0.8619244249165058,58.39892177581787,48.301821205670116,580
0.29953429713845253,53.42181911468506,48.301821205670116,579
0.9744024504721165,58.39892177581787,0.6194989376378506,579
0.29953429713845253,58.39892177581787,206.3500060849692,574
0.29953429713845253,59.64319744110107,2.6465587913731943,574
0.8619244249165058,57.77678394317627,16.25484269462183,567
0.8619244249165058,57.77678394317627,23.369155369933406,565
0.29953429713845253,57.15464611053467,296.66392000101365,555
1.4805535654723645,57.77678394317627,33.59721364050968,554
0.29953429713845253,55.910370445251466,206.3500060849692,551
0.9744024504721165,57.77678394317627,1.2804453755048701,548
0.29953429713845253,53.42181911468506,99.83526981836191,546
0.9744024504721165,59.021059608459474,0.8906371594698739,546
0.35577330991625783,57.77678394317627,33.59721364050968,545
0.29953429713845253,54.04395694732666,69.44224472744489,544
0.8619244249165058,58.39892177581787,5.470185273177321,538
0.9181634376943111,59.021059608459474,23.369155369933406,538
0.9744024504721165,60.88747310638428,2.6465587913731943,530
0.8619244249165058,57.77678394317627,11.306352619266852,527
0.9181634376943111,59.64319744110107,7.86433999718116,526
0.9181634376943111,58.39892177581787,1.2804453755048701,523
0.29953429713845253,56.532508277893065,296.66392000101365,516
0.9181634376943111,57.15464611053467,7.86433999718116,514
0.29953429713845253,51.555405616760254,2.6465587913731943,514
0.4120123226940632,58.39892177581787,143.53051429753026,510
0.29953429713845253,58.39892177581787,1.2804453755048701,510
0.4120123226940632,57.77678394317627,69.44224472744489,506
0.9744024504721165,59.64319744110107,2.6465587913731943,505
1.4805535654723645,57.15464611053467,69.44224472744489,503
0.35577330991625783,59.021059608459474,11.306352619266852,496
0.35577330991625783,58.39892177581787,16.25484269462183,494
0.35577330991625783,58.39892177581787,11.306352619266852,494
0.9181634376943111,59.021059608459474,48.301821205670116,493
0.4120123226940632,57.77678394317627,99.83526981836191,490
1.4805535654723645,57.77678394317627,23.369155369933406,489
0.9181634376943111,59.021059608459474,11.306352619266852,485
0.35577330991625783,57.77678394317627,23.369155369933406,481
0.29953429713845253,52.79968128204346,11.306352619266852,476
0.9181634376943111,57.15464611053467,16.25484269462183,475
0.29953429713845253,53.42181911468506,33.59721364050968,474
0.35577330991625783,59.021059608459474,7.86433999718116,474
0.35577330991625783,59.021059608459474,23.369155369933406,473
0.4120123226940632,57.15464611053467,69.44224472744489,473
0.9181634376943111,57.15464611053467,69.44224472744489,467
0.4120123226940632,58.39892177581787,48.301821205670116,466
0.9744024504721165,60.26533527374268,2.6465587913731943,466
0.4120123226940632,57.15464611053467,99.83526981836191,465
0.35577330991625783,58.39892177581787,33.59721364050968,462
0.8619244249165058,58.39892177581787,23.369155369933406,462
1.4805535654723645,57.77678394317627,143.53051429753026,458
0.29953429713845253,55.910370445251466,0.8906371594698739,456
0.35577330991625783,57.15464611053467,11.306352619266852,453
0.9744024504721165,61.509610939025876,11.306352619266852,447
0.29953429713845253,50.31112995147705,1.2804453755048701,443
0.35577330991625783,58.39892177581787,7.86433999718116,443
0.9744024504721165,61.509610939025876,16.25484269462183,442
0.7494463993608951,58.39892177581787,33.59721364050968,442
0.35577330991625783,58.39892177581787,23.369155369933406,442
0.9744024504721165,57.77678394317627,0.8906371594698739,442
0.4120123226940632,57.15464611053467,33.59721364050968,440
0.35577330991625783,57.15464611053467,48.301821205670116,437
0.35577330991625783,57.77678394317627,11.306352619266852,434
0.8056854121387005,59.021059608459474,33.59721364050968,433
0.9744024504721165,57.15464611053467,33.59721364050968,432
0.9181634376943111,57.77678394317627,0.6194989376378506,431
0.29953429713845253,50.933267784118655,2.6465587913731943,430
0.8619244249165058,58.39892177581787,16.25484269462183,430
0.4120123226940632,59.64319744110107,143.53051429753026,430
0.8619244249165058,58.39892177581787,7.86433999718116,430
0.35577330991625783,58.39892177581787,48.301821205670116,429
0.4120123226940632,57.77678394317627,33.59721364050968,429
0.35577330991625783,59.021059608459474,3.8048872421094977,428
0.35577330991625783,57.77678394317627,7.86433999718116,427
0.35577330991625783,57.15464611053467,33.59721364050968,427
0.9744024504721165,57.15464611053467,23.369155369933406,427
0.8619244249165058,58.39892177581787,11.306352619266852,425
0.9181634376943111,58.39892177581787,0.8906371594698739,424
0.4120123226940632,57.77678394317627,7.86433999718116,423
0.35577330991625783,59.021059608459474,16.25484269462183,421
0.35577330991625783,58.39892177581787,5.470185273177321,420
1.0868804760277269,58.39892177581787,16.25484269462183,420
0.35577330991625783,57.77678394317627,48.301821205670116,419
0.9744024504721165,59.64319744110107,613.1761030823689,418
0.8619244249165058,57.77678394317627,3.8048872421094977,418
1.3118365271389485,57.77678394317627,3.8048872421094977,417
0.35577330991625783,57.15464611053467,16.25484269462183,415
0.4120123226940632,58.39892177581787,33.59721364050968,414
0.4120123226940632,58.39892177581787,69.44224472744489,411
0.35577330991625783,57.77678394317627,16.25484269462183,404
0.9181634376943111,59.64319744110107,5.470185273177321,398
0.35577330991625783,57.15464611053467,5.470185273177321,397
0.9744024504721165,60.26533527374268,206.3500060849692,394
0.9744024504721165,60.88747310638428,206.3500060849692,393
0.4120123226940632,59.021059608459474,33.59721364050968,391
0.8056854121387005,58.39892177581787,48.301821205670116,389
0.9181634376943111,59.64319744110107,33.59721364050968,389
0.9181634376943111,57.15464611053467,5.470185273177321,385
0.35577330991625783,59.021059608459474,33.59721364050968,385
0.9744024504721165,57.15464611053467,48.301821205670116,384
0.4120123226940632,58.39892177581787,206.3500060849692,382
0.5244903482496739,59.021059608459474,7.86433999718116,381
0.9744024504721165,59.64319744110107,1.8408622885527222,379
0.9181634376943111,59.64319744110107,23.369155369933406,379
0.35577330991625783,57.15464611053467,23.369155369933406,378
0.35577330991625783,56.532508277893065,33.59721364050968,377
0.4120123226940632,57.77678394317627,48.301821205670116,376
0.9744024504721165,59.021059608459474,0.6194989376378506,375
0.4120123226940632,57.77678394317627,23.369155369933406,374
0.9744024504721165,61.509610939025876,23.369155369933406,373
0.4120123226940632,59.021059608459474,69.44224472744489,371
1.4805535654723645,57.15464611053467,23.369155369933406,370
0.8056854121387005,57.77678394317627,23.369155369933406,366
0.35577330991625783,57.77678394317627,3.8048872421094977,366
0.4120123226940632,59.021059608459474,99.83526981836191,365
0.29953429713845253,54.04395694732666,23.369155369933406,365
0.9744024504721165,61.509610939025876,33.59721364050968,364
0.8056854121387005,57.77678394317627,48.301821205670116,363
0.29953429713845253,53.42181911468506,23.369155369933406,361
0.5244903482496739,58.39892177581787,16.25484269462183,360
0.7494463993608951,57.77678394317627,33.59721364050968,360
1.4805535654723645,57.15464611053467,48.301821205670116,360
0.5244903482496739,58.39892177581787,11.306352619266852,360
0.29953429713845253,56.532508277893065,0.8906371594698739,360
0.8056854121387005,57.77678394317627,11.306352619266852,358
0.9744024504721165,57.15464611053467,16.25484269462183,357
0.4120123226940632,57.15464611053467,48.301821205670116,357
0.4120123226940632,57.15464611053467,23.369155369933406,357
0.8619244249165058,58.39892177581787,3.8048872421094977,356
0.4120123226940632,59.021059608459474,48.301821205670116,355
0.35577330991625783,57.15464611053467,7.86433999718116,355
0.35577330991625783,57.77678394317627,5.470185273177321,353
0.8056854121387005,58.39892177581787,23.369155369933406,353
0.29953429713845253,55.28823261260986,11.306352619266852,352
0.4120123226940632,57.77678394317627,5.470185273177321,350
0.9181634376943111,59.021059608459474,3.8048872421094977,350
0.29953429713845253,59.021059608459474,296.66392000101365,350
0.9181634376943111,59.021059608459474,99.83526981836191,350
0.9181634376943111,57.15464611053467,99.83526981836191,349
0.8619244249165058,59.021059608459474,33.59721364050968,348
0.4120123226940632,58.39892177581787,23.369155369933406,347
0.7494463993608951,58.39892177581787,48.301821205670116,347
0.9181634376943111,59.021059608459474,69.44224472744489,347
0.29953429713845253,53.42181911468506,11.306352619266852,345
0.4120123226940632,57.77678394317627,16.25484269462183,344
0.9181634376943111,59.64319744110107,11.306352619266852,339
0.35577330991625783,58.39892177581787,2.6465587913731943,339
0.9744024504721165,60.88747310638428,1.8408622885527222,339
0.35577330991625783,59.64319744110107,7.86433999718116,339
0.9744024504721165,57.15464611053467,11.306352619266852,337
0.35577330991625783,59.021059608459474,48.301821205670116,335
0.8619244249165058,58.39892177581787,69.44224472744489,335
0.29953429713845253,54.04395694732666,11.306352619266852,333
0.35577330991625783,58.39892177581787,3.8048872421094977,333
0.8056854121387005,57.77678394317627,16.25484269462183,331
0.8056854121387005,58.39892177581787,11.306352619266852,330
0.35577330991625783,56.532508277893065,48.301821205670116,330
0.8619244249165058,57.77678394317627,99.83526981836191,329
0.9744024504721165,57.15464611053467,7.86433999718116,329
0.8056854121387005,58.39892177581787,16.25484269462183,328
0.29953429713845253,54.66609477996826,3.8048872421094977,327
0.8619244249165058,57.77678394317627,69.44224472744489,325
0.7494463993608951,58.39892177581787,23.369155369933406,324
0.35577330991625783,56.532508277893065,11.306352619266852,324
0.9744024504721165,57.15464611053467,69.44224472744489,323
0.35577330991625783,58.39892177581787,69.44224472744489,321
0.4120123226940632,57.77678394317627,143.53051429753026,321
0.9744024504721165,60.26533527374268,1.8408622885527222,321
0.29953429713845253,57.77678394317627,0.8906371594698739,318
0.35577330991625783,59.021059608459474,5.470185273177321,318
0.29953429713845253,50.933267784118655,1.2804453755048701,317
0.29953429713845253,52.79968128204346,48.301821205670116,316
0.9744024504721165,59.64319744110107,1.2804453755048701,314
0.8619244249165058,59.021059608459474,48.301821205670116,312
1.0868804760277269,58.39892177581787,5.470185273177321,312
0.6932073865830898,57.77678394317627,33.59721364050968,311
0.8056854121387005,58.39892177581787,3.8048872421094977,311
0.5244903482496739,59.021059608459474,11.306352619266852,310
0.35577330991625783,56.532508277893065,23.369155369933406,309
0.4682513354718685,57.77678394317627,33.59721364050968,309
0.8056854121387005,57.77678394317627,7.86433999718116,309
0.4120123226940632,57.77678394317627,11.306352619266852,308
0.9181634376943111,58.39892177581787,0.6194989376378506,308
0.29953429713845253,60.26533527374268,7.86433999718116,307
0.4120123226940632,57.15464611053467,16.25484269462183,306
0.4120123226940632,59.021059608459474,143.53051429753026,306
0.35577330991625783,59.64319744110107,11.306352619266852,303
0.9744024504721165,61.509610939025876,7.86433999718116,303
0.35577330991625783,57.77678394317627,2.6465587913731943,302
0.29953429713845253,60.26533527374268,33.59721364050968,302
0.9744024504721165,61.509610939025876,48.301821205670116,301
0.4120123226940632,57.15464611053467,143.53051429753026,300
0.4120123226940632,56.532508277893065,99.83526981836191,299
0.29953429713845253,57.15464611053467,0.8906371594698739,299
0.5807293610274791,59.64319744110107,16.25484269462183,299
0.9744024504721165,61.509610939025876,3.8048872421094977,299
0.29953429713845253,60.26533527374268,11.306352619266852,299
0.8056854121387005,57.77678394317627,5.470185273177321,298
0.4120123226940632,58.39892177581787,11.306352619266852,298
0.4120123226940632,56.532508277893065,143.53051429753026,298
0.5244903482496739,57.77678394317627,11.306352619266852,296
0.5807293610274791,59.021059608459474,16.25484269462183,295
0.29953429713845253,50.31112995147705,2.6465587913731943,295
0.5807293610274791,59.64319744110107,11.306352619266852,293
0.9744024504721165,57.15464611053467,5.470185273177321,293
0.35577330991625783,56.532508277893065,3.8048872421094977,293
0.7494463993608951,59.021059608459474,33.59721364050968,292
0.35577330991625783,59.64319744110107,23.369155369933406,292
0.9181634376943111,59.64319744110107,99.83526981836191,292
1.4805535654723645,56.532508277893065,2.6465587913731943,291
0.4120123226940632,59.64319744110107,11.306352619266852,291
0.35577330991625783,57.15464611053467,3.8048872421094977,290
0.35577330991625783,56.532508277893065,16.25484269462183,290
0.8056854121387005,57.77678394317627,3.8048872421094977,289
0.8619244249165058,58.39892177581787,99.83526981836191,289
0.5807293610274791,59.021059608459474,33.59721364050968,288
0.29953429713845253,57.15464611053467,426.50583394762765,288
0.29953429713845253,60.26533527374268,16.25484269462183,286
0.8056854121387005,58.39892177581787,5.470185273177321,286
0.29953429713845253,59.021059608459474,1.2804453755048701,285
0.5244903482496739,59.64319744110107,11.306352619266852,285
0.8619244249165058,58.39892177581787,2.6465587913731943,285
0.9744024504721165,60.88747310638428,1.2804453755048701,284
0.4120123226940632,57.15464611053467,11.306352619266852,283
0.35577330991625783,57.77678394317627,69.44224472744489,283
0.9744024504721165,61.509610939025876,5.470185273177321,283
0.35577330991625783,59.64319744110107,33.59721364050968,282
0.35577330991625783,59.021059608459474,2.6465587913731943,281
0.9181634376943111,59.021059608459474,2.6465587913731943,280
0.29953429713845253,52.17754344940185,1.2804453755048701,280
0.8619244249165058,59.021059608459474,11.306352619266852,276
0.4682513354718685,58.39892177581787,48.301821205670116,276
0.4120123226940632,58.39892177581787,16.25484269462183,276
0.8056854121387005,58.39892177581787,7.86433999718116,276
0.6932073865830898,58.39892177581787,33.59721364050968,275
0.9181634376943111,59.64319744110107,48.301821205670116,275
0.29953429713845253,52.79968128204346,33.59721364050968,274
0.35577330991625783,59.64319744110107,16.25484269462183,274
0.29953429713845253,51.555405616760254,1.2804453755048701,272
0.7494463993608951,57.77678394317627,5.470185273177321,271
0.4120123226940632,56.532508277893065,69.44224472744489,271
0.8056854121387005,57.77678394317627,69.44224472744489,270
0.29953429713845253,56.532508277893065,426.50583394762765,270
0.8619244249165058,59.021059608459474,5.470185273177321,269
0.7494463993608951,58.39892177581787,11.306352619266852,269
0.7494463993608951,58.39892177581787,16.25484269462183,269
1.3118365271389485,57.77678394317627,23.369155369933406,268
0.7494463993608951,57.77678394317627,7.86433999718116,268
1.0868804760277269,59.021059608459474,5.470185273177321,268
0.6932073865830898,59.021059608459474,16.25484269462183,267
0.8619244249165058,57.77678394317627,2.6465587913731943,266
0.6932073865830898,59.021059608459474,7.86433999718116,266
0.9181634376943111,60.26533527374268,33.59721364050968,264
0.4682513354718685,59.64319744110107,23.369155369933406,264
0.9744024504721165,57.77678394317627,0.6194989376378506,263
0.35577330991625783,57.15464611053467,69.44224472744489,262
0.29953429713845253,60.26533527374268,23.369155369933406,262
0.8619244249165058,57.15464611053467,33.59721364050968,262
0.9744024504721165,61.509610939025876,2.6465587913731943,262
0.5807293610274791,57.77678394317627,33.59721364050968,261
0.7494463993608951,57.77678394317627,11.306352619266852,260
0.35577330991625783,56.532508277893065,7.86433999718116,259
0.8619244249165058,59.021059608459474,23.369155369933406,259
0.9181634376943111,60.26533527374268,16.25484269462183,259
1.0868804760277269,59.021059608459474,16.25484269462183,259
0.9181634376943111,60.26533527374268,23.369155369933406,258
0.8056854121387005,58.39892177581787,69.44224472744489,258
0.4682513354718685,58.39892177581787,33.59721364050968,257
0.7494463993608951,57.77678394317627,48.301821205670116,257
0.4682513354718685,57.15464611053467,33.59721364050968,255
0.5807293610274791,59.64319744110107,33.59721364050968,255
0.6932073865830898,58.39892177581787,16.25484269462183,254
0.4120123226940632,59.021059608459474,11.306352619266852,254
0.4682513354718685,57.77678394317627,23.369155369933406,253
0.4120123226940632,56.532508277893065,23.369155369933406,253
0.9181634376943111,57.15464611053467,3.8048872421094977,253
0.4682513354718685,57.77678394317627,48.301821205670116,252
1.4805535654723645,57.77678394317627,16.25484269462183,252
0.9744024504721165,57.15464611053467,99.83526981836191,251
0.4682513354718685,59.64319744110107,48.301821205670116,251
0.35577330991625783,56.532508277893065,5.470185273177321,251
0.8056854121387005,58.39892177581787,2.6465587913731943,251
0.4120123226940632,57.15464611053467,7.86433999718116,250
0.4682513354718685,59.021059608459474,48.301821205670116,250
0.4120123226940632,59.021059608459474,7.86433999718116,250
0.4120123226940632,57.15464611053467,5.470185273177321,250
1.4805535654723645,56.532508277893065,1.8408622885527222,249
0.4120123226940632,58.39892177581787,7.86433999718116,248
0.9744024504721165,60.26533527374268,1.2804453755048701,248
0.4120123226940632,56.532508277893065,33.59721364050968,248
0.5807293610274791,59.021059608459474,11.306352619266852,248
0.5807293610274791,59.021059608459474,23.369155369933406,247
0.6932073865830898,58.39892177581787,7.86433999718116,247
0.4120123226940632,56.532508277893065,48.301821205670116,247
0.29953429713845253,60.26533527374268,48.301821205670116,246
0.4682513354718685,59.021059608459474,33.59721364050968,245
0.4120123226940632,59.021059608459474,16.25484269462183,244
0.5244903482496739,58.39892177581787,7.86433999718116,244
0.8056854121387005,57.15464611053467,33.59721364050968,244
0.7494463993608951,57.77678394317627,16.25484269462183,243
0.5807293610274791,58.39892177581787,33.59721364050968,243
0.8056854121387005,57.77678394317627,99.83526981836191,243
0.9181634376943111,60.88747310638428,33.59721364050968,243
0.5244903482496739,57.15464611053467,11.306352619266852,242
0.29953429713845253,59.64319744110107,1.8408622885527222,242
0.9181634376943111,60.88747310638428,23.369155369933406,241
0.8056854121387005,59.021059608459474,48.301821205670116,241
0.5244903482496739,59.021059608459474,16.25484269462183,239
0.5807293610274791,57.77678394317627,23.369155369933406,239
0.9744024504721165,61.509610939025876,69.44224472744489,238
0.7494463993608951,58.39892177581787,5.470185273177321,238
0.5807293610274791,57.77678394317627,16.25484269462183,237
0.35577330991625783,57.15464611053467,2.6465587913731943,237
0.7494463993608951,57.77678394317627,3.8048872421094977,237
0.35577330991625783,57.77678394317627,99.83526981836191,237
0.5807293610274791,59.021059608459474,7.86433999718116,236
0.9181634376943111,60.88747310638428,48.301821205670116,236
0.8619244249165058,59.021059608459474,16.25484269462183,236
0.8619244249165058,59.021059608459474,7.86433999718116,235
0.6932073865830898,57.77678394317627,16.25484269462183,235
0.8056854121387005,59.021059608459474,23.369155369933406,235
0.4682513354718685,59.021059608459474,23.369155369933406,235
0.5807293610274791,57.77678394317627,11.306352619266852,234
0.29953429713845253,53.42181911468506,1.2804453755048701,234
0.6369683738052845,57.77678394317627,33.59721364050968,233
0.4682513354718685,59.64319744110107,5.470185273177321,233
0.7494463993608951,57.77678394317627,23.369155369933406,233
0.29953429713845253,55.28823261260986,1.2804453755048701,231
0.4682513354718685,57.15464611053467,48.301821205670116,231
0.4120123226940632,59.64319744110107,33.59721364050968,230
0.35577330991625783,56.532508277893065,69.44224472744489,230
0.7494463993608951,58.39892177581787,3.8048872421094977,228
0.35577330991625783,59.64319744110107,3.8048872421094977,228
0.7494463993608951,58.39892177581787,7.86433999718116,228
0.5807293610274791,58.39892177581787,16.25484269462183,228
0.4120123226940632,59.64319744110107,69.44224472744489,227
0.29953429713845253,52.79968128204346,1.2804453755048701,227
0.4120123226940632,59.021059608459474,23.369155369933406,227
1.3118365271389485,57.15464611053467,23.369155369933406,226
0.5244903482496739,57.77678394317627,16.25484269462183,226
0.8619244249165058,57.15464611053467,7.86433999718116,226
0.6369683738052845,58.39892177581787,33.59721364050968,224
0.9181634376943111,60.88747310638428,16.25484269462183,223
0.7494463993608951,58.39892177581787,69.44224472744489,222
0.9181634376943111,57.15464611053467,2.6465587913731943,222
0.6932073865830898,60.26533527374268,16.25484269462183,221
0.7494463993608951,59.021059608459474,48.301821205670116,221
0.5807293610274791,59.64319744110107,23.369155369933406,221
0.6932073865830898,57.77678394317627,23.369155369933406,221
0.29953429713845253,54.66609477996826,11.306352619266852,220
0.4682513354718685,58.39892177581787,23.369155369933406,219
0.5807293610274791,58.39892177581787,11.306352619266852,219
0.9181634376943111,59.021059608459474,1.8408622885527222,219
0.9181634376943111,60.88747310638428,11.306352619266852,218
0.8056854121387005,58.39892177581787,99.83526981836191,217
0.29953429713845253,59.021059608459474,206.3500060849692,216
0.5807293610274791,58.39892177581787,23.369155369933406,216
0.6932073865830898,57.77678394317627,7.86433999718116,215
0.35577330991625783,59.64319744110107,48.301821205670116,215
0.6932073865830898,59.021059608459474,33.59721364050968,214
0.8619244249165058,57.15464611053467,23.369155369933406,214
0.4682513354718685,59.64319744110107,7.86433999718116,213
0.4120123226940632,57.77678394317627,206.3500060849692,213
0.5807293610274791,58.39892177581787,7.86433999718116,213
0.9181634376943111,59.64319744110107,3.8048872421094977,213
0.5244903482496739,57.77678394317627,33.59721364050968,212
0.9181634376943111,60.26533527374268,11.306352619266852,211
0.4682513354718685,57.77678394317627,11.306352619266852,211
0.4682513354718685,57.15464611053467,16.25484269462183,211
0.4120123226940632,58.39892177581787,2.6465587913731943,211
0.35577330991625783,57.15464611053467,99.83526981836191,211
0.6932073865830898,57.77678394317627,48.301821205670116,210
0.8619244249165058,59.64319744110107,33.59721364050968,209
0.4120123226940632,59.64319744110107,7.86433999718116,209
0.9181634376943111,60.26533527374268,48.301821205670116,208
0.6932073865830898,58.39892177581787,48.301821205670116,208
0.35577330991625783,59.64319744110107,5.470185273177321,208
0.4120123226940632,59.021059608459474,5.470185273177321,208
0.8056854121387005,59.021059608459474,11.306352619266852,208
0.8619244249165058,57.15464611053467,11.306352619266852,207
0.35577330991625783,59.021059608459474,69.44224472744489,207
0.4120123226940632,58.39892177581787,5.470185273177321,206
0.5244903482496739,59.021059608459474,33.59721364050968,206
0.8056854121387005,59.64319744110107,33.59721364050968,206
0.8619244249165058,59.021059608459474,69.44224472744489,205
0.4682513354718685,57.77678394317627,16.25484269462183,203
0.29953429713845253,52.79968128204346,7.86433999718116,203
0.5244903482496739,58.39892177581787,33.59721364050968,203
0.5807293610274791,57.77678394317627,7.86433999718116,203
0.9744024504721165,59.64319744110107,0.8906371594698739,203
0.29953429713845253,55.28823261260986,5.470185273177321,203
0.6932073865830898,59.64319744110107,99.83526981836191,203
0.29953429713845253,59.021059608459474,426.50583394762765,203
0.6369683738052845,58.39892177581787,23.369155369933406,202
0.4120123226940632,56.532508277893065,16.25484269462183,202
0.8619244249165058,59.021059608459474,3.8048872421094977,202
0.9181634376943111,58.39892177581787,143.53051429753026,201
0.5807293610274791,57.77678394317627,48.301821205670116,201
0.29953429713845253,60.26533527374268,3.8048872421094977,201
0.4120123226940632,57.15464611053467,206.3500060849692,200
0.8056854121387005,57.15464611053467,23.369155369933406,200
0.7494463993608951,57.77678394317627,69.44224472744489,200
0.6932073865830898,58.39892177581787,5.470185273177321,199
0.35577330991625783,56.532508277893065,2.6465587913731943,199
0.6932073865830898,58.39892177581787,11.306352619266852,198
0.8056854121387005,59.021059608459474,16.25484269462183,198
0.5244903482496739,59.021059608459474,99.83526981836191,198
0.4682513354718685,57.15464611053467,23.369155369933406,197
0.6369683738052845,57.77678394317627,16.25484269462183,197
0.6932073865830898,58.39892177581787,23.369155369933406,197
0.8056854121387005,59.021059608459474,3.8048872421094977,197
0.5244903482496739,57.15464611053467,16.25484269462183,196
0.6932073865830898,57.77678394317627,5.470185273177321,196
0.6932073865830898,57.77678394317627,11.306352619266852,196
0.35577330991625783,57.77678394317627,1.8408622885527222,196
0.8619244249165058,59.021059608459474,99.83526981836191,196
0.5807293610274791,59.64319744110107,7.86433999718116,196
0.7494463993608951,57.15464611053467,33.59721364050968,195
0.5807293610274791,59.021059608459474,48.301821205670116,195
0.8056854121387005,57.15464611053467,11.306352619266852,194
0.4682513354718685,57.15464611053467,11.306352619266852,194
0.6932073865830898,57.15464611053467,33.59721364050968,194
0.6932073865830898,59.64319744110107,11.306352619266852,192
0.8056854121387005,57.77678394317627,2.6465587913731943,192
0.4120123226940632,57.77678394317627,3.8048872421094977,192
0.29953429713845253,54.04395694732666,1.2804453755048701,191
0.7494463993608951,59.021059608459474,23.369155369933406,191
0.8619244249165058,57.15464611053467,16.25484269462183,191
0.4682513354718685,59.64319744110107,33.59721364050968,190
0.4120123226940632,56.532508277893065,11.306352619266852,190
0.5244903482496739,59.64319744110107,16.25484269462183,190
0.5807293610274791,57.15464611053467,33.59721364050968,190
0.4120123226940632,57.77678394317627,2.6465587913731943,189
0.5244903482496739,57.77678394317627,48.301821205670116,189
0.29953429713845253,55.28823261260986,23.369155369933406,189
0.5807293610274791,57.15464611053467,11.306352619266852,189
0.4682513354718685,59.021059608459474,16.25484269462183,188
0.29953429713845253,55.28823261260986,0.8906371594698739,188
0.9181634376943111,59.64319744110107,69.44224472744489,187
0.29953429713845253,54.04395694732666,3.8048872421094977,187
0.4682513354718685,57.15464611053467,7.86433999718116,186
0.6369683738052845,59.021059608459474,33.59721364050968,186
1.4805535654723645,57.77678394317627,11.306352619266852,185
0.5807293610274791,57.15464611053467,7.86433999718116,185
0.29953429713845253,55.28823261260986,33.59721364050968,185
0.4120123226940632,57.15464611053467,3.8048872421094977,185
0.7494463993608951,58.39892177581787,99.83526981836191,184
0.29953429713845253,52.17754344940185,7.86433999718116,184
0.7494463993608951,57.77678394317627,99.83526981836191,184
0.29953429713845253,60.26533527374268,69.44224472744489,183
1.4805535654723645,57.15464611053467,33.59721364050968,182
0.5807293610274791,58.39892177581787,48.301821205670116,182
0.6369683738052845,57.77678394317627,23.369155369933406,182
0.4120123226940632,58.39892177581787,3.8048872421094977,182
0.8619244249165058,58.39892177581787,1.8408622885527222,182
0.5244903482496739,57.15464611053467,33.59721364050968,182
0.5807293610274791,57.15464611053467,23.369155369933406,181
0.9744024504721165,57.77678394317627,426.50583394762765,181
0.9181634376943111,60.26533527374268,7.86433999718116,181
0.9181634376943111,60.88747310638428,7.86433999718116,181
0.6932073865830898,60.26533527374268,7.86433999718116,181
0.9181634376943111,60.26533527374268,5.470185273177321,181
0.9181634376943111,60.88747310638428,5.470185273177321,180
0.7494463993608951,59.021059608459474,16.25484269462183,180
0.6932073865830898,57.15464611053467,11.306352619266852,180
0.29953429713845253,58.39892177581787,0.8906371594698739,180
0.8056854121387005,59.021059608459474,69.44224472744489,180
0.5807293610274791,57.15464611053467,16.25484269462183,179
0.8056854121387005,57.15464611053467,48.301821205670116,179
0.5807293610274791,59.64319744110107,5.470185273177321,179
0.7494463993608951,59.64319744110107,33.59721364050968,178
0.29953429713845253,54.04395694732666,48.301821205670116,177
0.29953429713845253,55.28823261260986,7.86433999718116,176
0.35577330991625783,58.39892177581787,99.83526981836191,175
0.9181634376943111,57.77678394317627,143.53051429753026,175
0.8619244249165058,59.64319744110107,5.470185273177321,175
0.5244903482496739,59.64319744110107,7.86433999718116,175
0.6369683738052845,57.77678394317627,5.470185273177321,175
0.5244903482496739,57.77678394317627,7.86433999718116,174
0.4682513354718685,58.39892177581787,16.25484269462183,174
0.5244903482496739,57.77678394317627,23.369155369933406,174
0.6369683738052845,57.77678394317627,7.86433999718116,173
0.8056854121387005,59.021059608459474,5.470185273177321,173
0.6369683738052845,57.77678394317627,48.301821205670116,172
0.29953429713845253,52.79968128204346,23.369155369933406,172
0.8619244249165058,57.77678394317627,1.8408622885527222,172
0.6932073865830898,59.021059608459474,5.470185273177321,171
0.35577330991625783,57.15464611053467,1.8408622885527222,171
0.8056854121387005,57.15464611053467,16.25484269462183,171
0.8619244249165058,59.64319744110107,48.301821205670116,171
0.4682513354718685,59.021059608459474,69.44224472744489,171
0.4120123226940632,59.021059608459474,3.8048872421094977,171
0.6369683738052845,59.021059608459474,23.369155369933406,171
0.4682513354718685,59.021059608459474,11.306352619266852,170
0.9744024504721165,57.15464611053467,143.53051429753026,170
0.5807293610274791,59.64319744110107,3.8048872421094977,170
0.7494463993608951,57.15464611053467,48.301821205670116,169
0.6369683738052845,58.39892177581787,16.25484269462183,169
0.35577330991625783,55.910370445251466,16.25484269462183,169
0.6932073865830898,58.39892177581787,69.44224472744489,168
0.6932073865830898,57.15464611053467,23.369155369933406,168
0.5807293610274791,59.021059608459474,5.470185273177321,168
0.7494463993608951,57.15464611053467,16.25484269462183,168
0.7494463993608951,59.021059608459474,7.86433999718116,167
0.6369683738052845,58.39892177581787,7.86433999718116,167
0.5807293610274791,57.77678394317627,5.470185273177321,166
0.5244903482496739,59.021059608459474,23.369155369933406,166
0.8619244249165058,57.15464611053467,48.301821205670116,166
0.4682513354718685,59.64319744110107,69.44224472744489,166
0.5807293610274791,58.39892177581787,69.44224472744489,166
0.8056854121387005,60.26533527374268,33.59721364050968,165
0.6369683738052845,57.77678394317627,11.306352619266852,165
0.5807293610274791,58.39892177581787,5.470185273177321,165
0.8056854121387005,57.15464611053467,7.86433999718116,165
0.9181634376943111,60.26533527374268,3.8048872421094977,165
0.6932073865830898,59.021059608459474,23.369155369933406,164
0.7494463993608951,59.021059608459474,11.306352619266852,164
0.7494463993608951,59.021059608459474,69.44224472744489,164
0.4120123226940632,59.021059608459474,2.6465587913731943,164
0.8056854121387005,59.64319744110107,48.301821205670116,164
0.4682513354718685,58.39892177581787,11.306352619266852,164
0.8619244249165058,59.021059608459474,2.6465587913731943,163
0.9744024504721165,57.15464611053467,3.8048872421094977,163
1.0868804760277269,58.39892177581787,3.8048872421094977,162
0.8056854121387005,59.021059608459474,7.86433999718116,162
0.4682513354718685,57.77678394317627,7.86433999718116,162
0.6369683738052845,57.15464611053467,33.59721364050968,162
0.29953429713845253,55.910370445251466,296.66392000101365,161
0.35577330991625783,56.532508277893065,99.83526981836191,161
0.6369683738052845,58.39892177581787,11.306352619266852,161
0.5244903482496739,57.15464611053467,23.369155369933406,161
0.7494463993608951,59.021059608459474,3.8048872421094977,160
0.4120123226940632,59.64319744110107,99.83526981836191,160
0.4120123226940632,59.64319744110107,16.25484269462183,160
0.6369683738052845,59.021059608459474,16.25484269462183,160
0.5244903482496739,56.532508277893065,11.306352619266852,160
0.5807293610274791,59.021059608459474,3.8048872421094977,159
0.5807293610274791,57.77678394317627,69.44224472744489,159
0.4682513354718685,57.77678394317627,5.470185273177321,158
0.6932073865830898,57.77678394317627,69.44224472744489,158
0.4682513354718685,58.39892177581787,7.86433999718116,157
0.8619244249165058,60.26533527374268,33.59721364050968,157
0.5244903482496739,58.39892177581787,23.369155369933406,157
0.7494463993608951,57.15464611053467,11.306352619266852,157
0.8056854121387005,59.64319744110107,23.369155369933406,156
0.6369683738052845,58.39892177581787,48.301821205670116,156
0.7494463993608951,59.021059608459474,5.470185273177321,156
0.9744024504721165,60.88747310638428,0.8906371594698739,156
0.4120123226940632,57.15464611053467,2.6465587913731943,156
0.9181634376943111,60.88747310638428,69.44224472744489,156
0.5244903482496739,58.39892177581787,48.301821205670116,155
0.4682513354718685,59.021059608459474,7.86433999718116,155
0.6369683738052845,59.021059608459474,11.306352619266852,155
0.8056854121387005,59.021059608459474,99.83526981836191,154
0.7494463993608951,57.15464611053467,23.369155369933406,154
0.6932073865830898,58.39892177581787,99.83526981836191,154
0.35577330991625783,55.910370445251466,11.306352619266852,154
0.4682513354718685,58.39892177581787,69.44224472744489,153
0.8619244249165058,57.15464611053467,5.470185273177321,153
0.8056854121387005,58.39892177581787,1.8408622885527222,153
0.7494463993608951,58.39892177581787,2.6465587913731943,153
0.8619244249165058,59.64319744110107,23.369155369933406,152
0.6369683738052845,57.15464611053467,7.86433999718116,152
0.9181634376943111,60.88747310638428,3.8048872421094977,152
0.7494463993608951,57.15464611053467,7.86433999718116,151
0.4120123226940632,59.64319744110107,23.369155369933406,151
0.4120123226940632,59.64319744110107,48.301821205670116,151
0.6932073865830898,59.021059608459474,48.301821205670116,151
0.6932073865830898,59.021059608459474,11.306352619266852,151
0.35577330991625783,59.021059608459474,99.83526981836191,151
0.6932073865830898,57.15464611053467,5.470185273177321,150
0.5807293610274791,58.39892177581787,3.8048872421094977,150
0.6932073865830898,59.64319744110107,33.59721364050968,150
0.6932073865830898,59.64319744110107,5.470185273177321,150
0.29953429713845253,55.28823261260986,48.301821205670116,149
0.4682513354718685,59.64319744110107,11.306352619266852,149
0.7494463993608951,59.64319744110107,23.369155369933406,149
0.29953429713845253,52.17754344940185,11.306352619266852,149
0.5244903482496739,57.77678394317627,5.470185273177321,149
0.4120123226940632,56.532508277893065,7.86433999718116,149
0.8056854121387005,59.64319744110107,16.25484269462183,149
0.29953429713845253,60.26533527374268,99.83526981836191,148
0.9181634376943111,60.26533527374268,69.44224472744489,148
0.35577330991625783,60.26533527374268,11.306352619266852,148
0.6932073865830898,58.39892177581787,3.8048872421094977,148
0.9744024504721165,60.26533527374268,0.8906371594698739,147
0.35577330991625783,56.532508277893065,1.8408622885527222,147
0.6932073865830898,57.15464611053467,48.301821205670116,146
0.6369683738052845,59.021059608459474,7.86433999718116,146
0.6369683738052845,59.64319744110107,23.369155369933406,146
0.8056854121387005,59.64319744110107,7.86433999718116,146
0.7494463993608951,57.15464611053467,5.470185273177321,146
0.6932073865830898,57.15464611053467,16.25484269462183,146
0.29953429713845253,57.77678394317627,0.6194989376378506,146
0.29953429713845253,60.26533527374268,5.470185273177321,145
0.4120123226940632,56.532508277893065,5.470185273177321,145
0.35577330991625783,57.77678394317627,143.53051429753026,144
0.6932073865830898,57.77678394317627,3.8048872421094977,144
0.4120123226940632,59.64319744110107,3.8048872421094977,144
0.8056854121387005,59.021059608459474,2.6465587913731943,144
0.4682513354718685,59.64319744110107,16.25484269462183,144
0.4682513354718685,57.77678394317627,69.44224472744489,144
0.6369683738052845,57.15464611053467,11.306352619266852,144
0.4682513354718685,59.021059608459474,3.8048872421094977,144
0.35577330991625783,60.26533527374268,16.25484269462183,143
0.9744024504721165,61.509610939025876,99.83526981836191,143
0.5807293610274791,57.77678394317627,3.8048872421094977,143
0.4682513354718685,57.15464611053467,69.44224472744489,142
0.5244903482496739,59.64319744110107,33.59721364050968,142
0.6932073865830898,57.15464611053467,7.86433999718116,142
0.35577330991625783,55.910370445251466,23.369155369933406,142
0.6369683738052845,57.77678394317627,3.8048872421094977,142
0.9744024504721165,61.509610939025876,1.8408622885527222,141
0.7494463993608951,59.64319744110107,48.301821205670116,141
0.35577330991625783,55.910370445251466,33.59721364050968,141
1.4805535654723645,57.77678394317627,7.86433999718116,140
0.6369683738052845,58.39892177581787,5.470185273177321,140
0.8056854121387005,60.26533527374268,48.301821205670116,140
0.8056854121387005,57.15464611053467,5.470185273177321,140
0.8619244249165058,59.64319744110107,11.306352619266852,140
0.9744024504721165,57.15464611053467,2.6465587913731943,140
0.7494463993608951,59.64319744110107,16.25484269462183,140
0.6369683738052845,58.39892177581787,3.8048872421094977,139
0.4682513354718685,59.64319744110107,3.8048872421094977,139
0.4682513354718685,59.021059608459474,5.470185273177321,139
0.5244903482496739,58.39892177581787,5.470185273177321,138
0.5807293610274791,60.26533527374268,11.306352619266852,138
1.3118365271389485,58.39892177581787,99.83526981836191,138
0.5244903482496739,58.39892177581787,69.44224472744489,138
0.8619244249165058,60.26533527374268,48.301821205670116,137
1.0868804760277269,59.021059608459474,99.83526981836191,137
0.8619244249165058,59.64319744110107,16.25484269462183,137
0.6369683738052845,57.77678394317627,99.83526981836191,137
0.5244903482496739,57.15464611053467,7.86433999718116,137
0.8619244249165058,60.88747310638428,23.369155369933406,137
0.8619244249165058,60.88747310638428,33.59721364050968,136
0.7494463993608951,60.26533527374268,33.59721364050968,136
1.3118365271389485,58.39892177581787,3.8048872421094977,136
0.5244903482496739,59.021059608459474,48.301821205670116,135
0.5807293610274791,57.15464611053467,5.470185273177321,135
0.9181634376943111,57.15464611053467,1.8408622885527222,135
0.8619244249165058,60.88747310638428,11.306352619266852,135
0.9181634376943111,61.509610939025876,11.306352619266852,135
0.4682513354718685,57.15464611053467,3.8048872421094977,135
0.4682513354718685,56.532508277893065,33.59721364050968,135
0.8056854121387005,60.88747310638428,33.59721364050968,134
0.6369683738052845,57.15464611053467,48.301821205670116,134
0.8619244249165058,59.64319744110107,69.44224472744489,133
0.6369683738052845,57.15464611053467,23.369155369933406,133
0.5244903482496739,57.15464611053467,48.301821205670116,133
0.4682513354718685,57.15464611053467,5.470185273177321,133
0.8619244249165058,60.26533527374268,11.306352619266852,132
0.9744024504721165,61.509610939025876,143.53051429753026,132
0.35577330991625783,58.39892177581787,1.8408622885527222,132
0.9181634376943111,59.021059608459474,143.53051429753026,132
0.4120123226940632,56.532508277893065,206.3500060849692,132
0.9181634376943111,60.26533527374268,99.83526981836191,131
1.4805535654723645,57.15464611053467,143.53051429753026,131
0.29953429713845253,54.66609477996826,23.369155369933406,131
0.9744024504721165,60.88747310638428,296.66392000101365,131
0.35577330991625783,59.021059608459474,1.8408622885527222,131
0.4682513354718685,58.39892177581787,5.470185273177321,131
0.35577330991625783,55.910370445251466,5.470185273177321,130
0.35577330991625783,58.39892177581787,143.53051429753026,130
0.6369683738052845,57.15464611053467,16.25484269462183,130
0.35577330991625783,60.26533527374268,7.86433999718116,130
0.8619244249165058,57.77678394317627,1.2804453755048701,130
0.8619244249165058,59.64319744110107,7.86433999718116,130
1.3118365271389485,57.77678394317627,2.6465587913731943,130
1.4805535654723645,55.910370445251466,23.369155369933406,130
0.6932073865830898,59.64319744110107,48.301821205670116,130
0.5244903482496739,57.77678394317627,3.8048872421094977,129
0.29953429713845253,50.31112995147705,0.8906371594698739,129
0.29953429713845253,53.42181911468506,3.8048872421094977,128
0.35577330991625783,56.532508277893065,143.53051429753026,128
0.5807293610274791,57.15464611053467,48.301821205670116,128
0.7494463993608951,57.77678394317627,2.6465587913731943,128
0.8056854121387005,57.15464611053467,3.8048872421094977,128
0.35577330991625783,60.26533527374268,33.59721364050968,128
0.7494463993608951,59.021059608459474,99.83526981836191,128
0.5807293610274791,59.021059608459474,69.44224472744489,128
0.5807293610274791,58.39892177581787,99.83526981836191,127
0.9744024504721165,61.509610939025876,206.3500060849692,127
0.9181634376943111,59.64319744110107,2.6465587913731943,127
0.8619244249165058,57.15464611053467,69.44224472744489,127
0.9744024504721165,60.26533527374268,0.6194989376378506,127
0.5244903482496739,60.26533527374268,11.306352619266852,126
0.5244903482496739,57.15464611053467,5.470185273177321,126
0.8619244249165058,60.26533527374268,23.369155369933406,126
0.8056854121387005,60.26533527374268,16.25484269462183,126
0.5244903482496739,56.532508277893065,16.25484269462183,126
0.35577330991625783,55.910370445251466,48.301821205670116,126
0.35577330991625783,59.64319744110107,2.6465587913731943,126
0.6369683738052845,57.15464611053467,5.470185273177321,125
0.8056854121387005,59.64319744110107,5.470185273177321,124
0.29953429713845253,52.17754344940185,0.8906371594698739,124
1.4805535654723645,58.39892177581787,23.369155369933406,124
0.6932073865830898,57.77678394317627,99.83526981836191,124
0.8056854121387005,57.15464611053467,69.44224472744489,124
0.29953429713845253,57.15464611053467,0.6194989376378506,123
0.4682513354718685,58.39892177581787,3.8048872421094977,123
0.9744024504721165,60.26533527374268,296.66392000101365,123
0.5244903482496739,59.021059608459474,5.470185273177321,122
0.6369683738052845,59.64319744110107,33.59721364050968,122
1.4805535654723645,57.15464611053467,1.8408622885527222,122
0.9744024504721165,59.64319744110107,0.6194989376378506,122
0.9744024504721165,61.509610939025876,1.2804453755048701,122
0.8619244249165058,59.021059608459474,1.8408622885527222,122
0.9181634376943111,61.509610939025876,7.86433999718116,122
0.8619244249165058,60.88747310638428,48.301821205670116,122
0.8619244249165058,59.64319744110107,3.8048872421094977,122
0.8056854121387005,59.64319744110107,11.306352619266852,121
0.9181634376943111,61.509610939025876,33.59721364050968,121
0.7494463993608951,59.64319744110107,11.306352619266852,121
0.5807293610274791,60.26533527374268,23.369155369933406,121
0.6369683738052845,57.77678394317627,69.44224472744489,121
0.5244903482496739,57.77678394317627,69.44224472744489,121
0.4120123226940632,57.77678394317627,1.8408622885527222,120
0.4120123226940632,56.532508277893065,3.8048872421094977,120
0.35577330991625783,59.64319744110107,99.83526981836191,120
0.6369683738052845,58.39892177581787,99.83526981836191,120
0.6932073865830898,59.021059608459474,69.44224472744489,120
0.7494463993608951,59.64319744110107,7.86433999718116,120
0.29953429713845253,60.26533527374268,2.6465587913731943,120
0.6932073865830898,59.021059608459474,99.83526981836191,119
0.5244903482496739,60.26533527374268,16.25484269462183,119
0.5244903482496739,59.64319744110107,23.369155369933406,119
0.8056854121387005,59.64319744110107,3.8048872421094977,119
0.35577330991625783,55.910370445251466,7.86433999718116,119
0.29953429713845253,59.64319744110107,206.3500060849692,119
0.8056854121387005,60.26533527374268,23.369155369933406,119
0.8619244249165058,58.39892177581787,1.2804453755048701,119
0.7494463993608951,60.26533527374268,11.306352619266852,118
0.6369683738052845,59.021059608459474,48.301821205670116,118
0.5244903482496739,59.64319744110107,99.83526981836191,118
0.5807293610274791,57.15464611053467,69.44224472744489,118
0.5807293610274791,59.021059608459474,2.6465587913731943,118
0.8619244249165058,60.88747310638428,16.25484269462183,117
0.7494463993608951,59.64319744110107,5.470185273177321,117
0.29953429713845253,54.66609477996826,1.2804453755048701,117
0.4682513354718685,57.77678394317627,99.83526981836191,117
0.6369683738052845,59.64319744110107,7.86433999718116,117
0.29953429713845253,55.28823261260986,0.6194989376378506,117
0.9181634376943111,61.509610939025876,16.25484269462183,116
0.7494463993608951,60.26533527374268,23.369155369933406,116
0.7494463993608951,59.64319744110107,3.8048872421094977,115
0.4682513354718685,56.532508277893065,11.306352619266852,115
0.4120123226940632,56.532508277893065,2.6465587913731943,115
0.29953429713845253,55.28823261260986,16.25484269462183,115
0.9744024504721165,60.88747310638428,426.50583394762765,115
0.6932073865830898,59.64319744110107,23.369155369933406,115
0.6369683738052845,58.39892177581787,69.44224472744489,115
0.4682513354718685,56.532508277893065,7.86433999718116,114
0.8619244249165058,59.64319744110107,99.83526981836191,114
0.8619244249165058,57.15464611053467,3.8048872421094977,114
0.8056854121387005,60.26533527374268,7.86433999718116,114
0.29953429713845253,51.555405616760254,0.8906371594698739,114
0.5244903482496739,57.15464611053467,3.8048872421094977,113
0.6369683738052845,59.64319744110107,11.306352619266852,113
0.4120123226940632,60.26533527374268,11.306352619266852,113
0.29953429713845253,59.64319744110107,1.2804453755048701,113
0.8619244249165058,60.26533527374268,16.25484269462183,113
0.9181634376943111,61.509610939025876,23.369155369933406,113
0.8619244249165058,60.26533527374268,69.44224472744489,112
0.35577330991625783,57.15464611053467,143.53051429753026,112
1.3118365271389485,57.15464611053467,16.25484269462183,112
0.29953429713845253,53.42181911468506,0.8906371594698739,112
0.6932073865830898,60.26533527374268,11.306352619266852,112
0.8619244249165058,57.15464611053467,99.83526981836191,112
0.4682513354718685,57.77678394317627,3.8048872421094977,112
0.4682513354718685,60.26533527374268,48.301821205670116,112
0.4682513354718685,60.26533527374268,23.369155369933406,112
0.5807293610274791,56.532508277893065,33.59721364050968,111
0.35577330991625783,59.64319744110107,69.44224472744489,111
0.5244903482496739,57.77678394317627,2.6465587913731943,111
0.6369683738052845,59.021059608459474,69.44224472744489,110
0.7494463993608951,60.26533527374268,16.25484269462183,110
0.29953429713845253,52.17754344940185,5.470185273177321,110
1.3118365271389485,57.15464611053467,3.8048872421094977,110
0.35577330991625783,55.910370445251466,2.6465587913731943,109
0.6932073865830898,60.26533527374268,23.369155369933406,109
0.8619244249165058,58.39892177581787,143.53051429753026,109
0.35577330991625783,60.26533527374268,23.369155369933406,109
0.6932073865830898,57.15464611053467,69.44224472744489,109
0.6932073865830898,57.77678394317627,2.6465587913731943,109
0.29953429713845253,52.17754344940185,3.8048872421094977,109
0.5244903482496739,56.532508277893065,33.59721364050968,108
0.7494463993608951,57.15464611053467,99.83526981836191,108
0.5807293610274791,59.64319744110107,2.6465587913731943,108
0.6369683738052845,60.26533527374268,33.59721364050968,108
0.7494463993608951,57.15464611053467,69.44224472744489,108
0.6369683738052845,59.021059608459474,5.470185273177321,108
1.4805535654723645,57.77678394317627,2.6465587913731943,107
0.8056854121387005,60.88747310638428,11.306352619266852,107
0.9744024504721165,56.532508277893065,33.59721364050968,107
0.8056854121387005,59.64319744110107,69.44224472744489,107
0.5244903482496739,57.15464611053467,69.44224472744489,107
0.5807293610274791,60.26533527374268,33.59721364050968,107
0.8619244249165058,60.26533527374268,5.470185273177321,106
0.4682513354718685,56.532508277893065,16.25484269462183,106
0.9744024504721165,60.26533527374268,426.50583394762765,106
0.6932073865830898,59.021059608459474,3.8048872421094977,106
0.5807293610274791,60.26533527374268,7.86433999718116,106
0.9181634376943111,60.88747310638428,99.83526981836191,106
0.6369683738052845,59.64319744110107,16.25484269462183,106
0.9744024504721165,57.15464611053467,1.8408622885527222,105
0.5244903482496739,59.021059608459474,69.44224472744489,105
0.9181634376943111,59.021059608459474,1.2804453755048701,105
0.29953429713845253,52.79968128204346,0.8906371594698739,105
0.9744024504721165,56.532508277893065,16.25484269462183,105
0.7494463993608951,60.88747310638428,33.59721364050968,105
0.8056854121387005,60.26533527374268,11.306352619266852,105
0.29953429713845253,59.64319744110107,296.66392000101365,105
0.4120123226940632,60.26533527374268,33.59721364050968,105
0.7494463993608951,57.15464611053467,3.8048872421094977,105
0.4682513354718685,57.15464611053467,99.83526981836191,104
1.4805535654723645,57.15464611053467,16.25484269462183,104
0.4682513354718685,58.39892177581787,99.83526981836191,104
0.7494463993608951,59.64319744110107,69.44224472744489,104
0.7494463993608951,60.26533527374268,48.301821205670116,104
0.5807293610274791,56.532508277893065,16.25484269462183,104
0.29953429713845253,59.021059608459474,0.8906371594698739,104
0.5807293610274791,59.64319744110107,48.301821205670116,103
0.9181634376943111,60.88747310638428,2.6465587913731943,103
0.29953429713845253,52.79968128204346,5.470185273177321,103
0.4682513354718685,56.532508277893065,23.369155369933406,103
0.8056854121387005,57.77678394317627,1.8408622885527222,103
0.5807293610274791,57.77678394317627,99.83526981836191,103
1.1993585015833377,57.77678394317627,7.86433999718116,103
0.9744024504721165,56.532508277893065,48.301821205670116,102
0.6369683738052845,59.021059608459474,3.8048872421094977,102
0.6369683738052845,56.532508277893065,33.59721364050968,102
0.9744024504721165,60.88747310638428,0.6194989376378506,101
0.35577330991625783,59.021059608459474,143.53051429753026,101
0.4120123226940632,59.64319744110107,5.470185273177321,101
0.8056854121387005,60.26533527374268,5.470185273177321,101
0.4682513354718685,58.39892177581787,2.6465587913731943,101
0.5807293610274791,59.021059608459474,99.83526981836191,100
0.5807293610274791,60.26533527374268,16.25484269462183,100
0.4120123226940632,59.64319744110107,2.6465587913731943,100
1.4805535654723645,57.77678394317627,5.470185273177321,100
0.6369683738052845,57.15464611053467,3.8048872421094977,100
0.35577330991625783,60.26533527374268,48.301821205670116,100
0.29953429713845253,52.17754344940185,16.25484269462183,99
0.9744024504721165,56.532508277893065,99.83526981836191,99
0.7494463993608951,59.021059608459474,2.6465587913731943,99
0.5807293610274791,56.532508277893065,48.301821205670116,99
0.7494463993608951,60.88747310638428,23.369155369933406,99
0.8056854121387005,60.88747310638428,23.369155369933406,99
0.5244903482496739,59.021059608459474,3.8048872421094977,99
0.5807293610274791,56.532508277893065,5.470185273177321,99
0.5807293610274791,58.39892177581787,2.6465587913731943,99
0.29953429713845253,60.26533527374268,143.53051429753026,99
0.35577330991625783,56.532508277893065,1.2804453755048701,99
0.29953429713845253,50.933267784118655,0.8906371594698739,98
0.9181634376943111,59.64319744110107,1.8408622885527222,98
0.6369683738052845,60.26533527374268,23.369155369933406,98
0.6369683738052845,57.15464611053467,69.44224472744489,98
0.9181634376943111,57.15464611053467,1.2804453755048701,98
0.7494463993608951,60.26533527374268,7.86433999718116,98
0.4682513354718685,60.26533527374268,33.59721364050968,98
0.29953429713845253,55.910370445251466,426.50583394762765,98
0.4682513354718685,57.15464611053467,2.6465587913731943,97
0.5807293610274791,57.15464611053467,3.8048872421094977,97
0.5807293610274791,60.26533527374268,48.301821205670116,97
0.5244903482496739,58.39892177581787,3.8048872421094977,97
0.35577330991625783,55.910370445251466,3.8048872421094977,97
0.9744024504721165,61.509610939025876,296.66392000101365,96
0.6932073865830898,57.15464611053467,3.8048872421094977,96
0.6932073865830898,56.532508277893065,33.59721364050968,96
0.4682513354718685,56.532508277893065,48.301821205670116,96
0.8619244249165058,60.26533527374268,7.86433999718116,95
0.4120123226940632,58.39892177581787,1.8408622885527222,95
0.5244903482496739,57.77678394317627,99.83526981836191,95
0.4682513354718685,56.532508277893065,5.470185273177321,95
0.8619244249165058,58.39892177581787,0.8906371594698739,95
0.6932073865830898,58.39892177581787,2.6465587913731943,94
0.6932073865830898,56.532508277893065,23.369155369933406,94
0.4682513354718685,59.021059608459474,2.6465587913731943,94
0.6369683738052845,57.77678394317627,2.6465587913731943,94
0.6932073865830898,60.26533527374268,48.301821205670116,94
0.29953429713845253,52.79968128204346,3.8048872421094977,93
0.6369683738052845,56.532508277893065,16.25484269462183,93
0.29953429713845253,56.532508277893065,0.6194989376378506,93
0.9744024504721165,56.532508277893065,23.369155369933406,93
0.4682513354718685,59.021059608459474,99.83526981836191,93
0.35577330991625783,57.15464611053467,1.2804453755048701,93
0.6932073865830898,60.26533527374268,5.470185273177321,93
1.4805535654723645,57.15464611053467,2.6465587913731943,92
1.0868804760277269,59.021059608459474,3.8048872421094977,92
0.8056854121387005,59.64319744110107,99.83526981836191,92
0.5244903482496739,59.021059608459474,2.6465587913731943,92
0.5807293610274791,57.77678394317627,2.6465587913731943,92
0.6932073865830898,59.64319744110107,3.8048872421094977,92
0.9181634376943111,56.532508277893065,33.59721364050968,92
0.9181634376943111,60.26533527374268,2.6465587913731943,91
0.8619244249165058,60.26533527374268,2.6465587913731943,91
0.29953429713845253,51.555405616760254,0.6194989376378506,91
0.6932073865830898,60.26533527374268,33.59721364050968,91
0.5807293610274791,57.15464611053467,2.6465587913731943,91
0.4120123226940632,60.26533527374268,7.86433999718116,91
0.4682513354718685,57.77678394317627,2.6465587913731943,90
0.6932073865830898,57.15464611053467,99.83526981836191,90
0.8619244249165058,60.88747310638428,5.470185273177321,90
0.35577330991625783,59.64319744110107,1.8408622885527222,90
0.5244903482496739,59.64319744110107,48.301821205670116,90
0.5807293610274791,57.15464611053467,99.83526981836191,89
0.4120123226940632,57.15464611053467,1.8408622885527222,89
0.8619244249165058,60.88747310638428,7.86433999718116,89
0.7494463993608951,59.64319744110107,99.83526981836191,89
0.6369683738052845,59.021059608459474,99.83526981836191,89
0.4682513354718685,60.26533527374268,3.8048872421094977,89
0.7494463993608951,58.39892177581787,143.53051429753026,89
0.5807293610274791,56.532508277893065,11.306352619266852,89
0.9181634376943111,61.509610939025876,5.470185273177321,89
0.6369683738052845,58.39892177581787,2.6465587913731943,89
0.35577330991625783,60.26533527374268,3.8048872421094977,89
0.4120123226940632,60.26533527374268,16.25484269462183,88
0.4120123226940632,60.26533527374268,23.369155369933406,88
0.5244903482496739,56.532508277893065,23.369155369933406,88
0.29953429713845253,52.17754344940185,0.6194989376378506,88
0.8056854121387005,60.88747310638428,7.86433999718116,88
0.9744024504721165,57.15464611053467,206.3500060849692,88
0.6932073865830898,60.26533527374268,99.83526981836191,88
0.35577330991625783,60.26533527374268,5.470185273177321,87
0.8619244249165058,59.64319744110107,2.6465587913731943,87
0.8056854121387005,60.88747310638428,16.25484269462183,87
0.4120123226940632,59.021059608459474,1.8408622885527222,86
0.4682513354718685,58.39892177581787,143.53051429753026,86
0.5244903482496739,58.39892177581787,99.83526981836191,86
0.9744024504721165,56.532508277893065,69.44224472744489,86
1.2555975143611429,57.77678394317627,3.8048872421094977,85
0.6369683738052845,60.26533527374268,11.306352619266852,84
0.5244903482496739,60.26533527374268,33.59721364050968,84
0.4120123226940632,55.910370445251466,33.59721364050968,84
0.4120123226940632,60.26533527374268,3.8048872421094977,84
0.7494463993608951,57.77678394317627,1.8408622885527222,84
0.6932073865830898,56.532508277893065,16.25484269462183,84
0.4682513354718685,56.532508277893065,69.44224472744489,84
0.5807293610274791,59.64319744110107,69.44224472744489,84
0.5807293610274791,56.532508277893065,23.369155369933406,83
0.6369683738052845,56.532508277893065,23.369155369933406,83
0.5244903482496739,59.64319744110107,3.8048872421094977,83
0.5244903482496739,60.26533527374268,7.86433999718116,83
0.6369683738052845,59.64319744110107,48.301821205670116,83
0.6369683738052845,60.26533527374268,16.25484269462183,83
0.4682513354718685,56.532508277893065,3.8048872421094977,83
0.7494463993608951,59.021059608459474,143.53051429753026,83
0.4120123226940632,57.15464611053467,1.2804453755048701,82
0.4120123226940632,60.26533527374268,99.83526981836191,82
0.8056854121387005,59.64319744110107,2.6465587913731943,82
0.6932073865830898,56.532508277893065,48.301821205670116,82
0.29953429713845253,59.64319744110107,0.8906371594698739,82
0.5244903482496739,56.532508277893065,69.44224472744489,82
0.8619244249165058,60.26533527374268,3.8048872421094977,82
0.8056854121387005,60.26533527374268,3.8048872421094977,82
0.7494463993608951,60.26533527374268,99.83526981836191,82
0.35577330991625783,55.910370445251466,69.44224472744489,81
0.7494463993608951,58.39892177581787,1.8408622885527222,81
0.9181634376943111,60.88747310638428,1.8408622885527222,80
0.6369683738052845,57.15464611053467,99.83526981836191,80
0.8056854121387005,57.15464611053467,99.83526981836191,80
0.29953429713845253,50.933267784118655,0.6194989376378506,80
0.8056854121387005,60.88747310638428,48.301821205670116,80
0.9744024504721165,56.532508277893065,11.306352619266852,80
0.6369683738052845,56.532508277893065,11.306352619266852,80
0.7494463993608951,60.26533527374268,5.470185273177321,80
1.2555975143611429,57.77678394317627,2.6465587913731943,79
0.29953429713845253,54.04395694732666,0.8906371594698739,79
0.7494463993608951,60.88747310638428,11.306352619266852,79
0.6369683738052845,59.64319744110107,5.470185273177321,79
0.8619244249165058,60.88747310638428,69.44224472744489,79
0.5807293610274791,59.64319744110107,1.8408622885527222,78
0.7494463993608951,56.532508277893065,23.369155369933406,78
0.7494463993608951,60.26533527374268,69.44224472744489,78
0.6932073865830898,57.15464611053467,2.6465587913731943,78
0.4120123226940632,60.26533527374268,5.470185273177321,78
0.9744024504721165,61.509610939025876,0.8906371594698739,78
0.5244903482496739,55.910370445251466,11.306352619266852,78
0.4120123226940632,60.26533527374268,2.6465587913731943,78
0.5244903482496739,57.15464611053467,99.83526981836191,77
0.29953429713845253,60.26533527374268,1.8408622885527222,77
0.4682513354718685,57.77678394317627,1.8408622885527222,77
0.5807293610274791,57.77678394317627,1.8408622885527222,77
0.7494463993608951,60.88747310638428,16.25484269462183,77
0.5807293610274791,60.26533527374268,3.8048872421094977,77
0.9744024504721165,56.532508277893065,5.470185273177321,77
0.35577330991625783,60.26533527374268,99.83526981836191,77
0.6932073865830898,58.39892177581787,1.8408622885527222,77
0.4120123226940632,56.532508277893065,1.8408622885527222,77
0.8056854121387005,59.021059608459474,1.8408622885527222,77
0.5244903482496739,57.15464611053467,2.6465587913731943,77
0.5807293610274791,56.532508277893065,7.86433999718116,77
0.5244903482496739,58.39892177581787,2.6465587913731943,77
0.29953429713845253,54.66609477996826,0.8906371594698739,76
1.0868804760277269,57.77678394317627,16.25484269462183,76
0.7494463993608951,60.26533527374268,3.8048872421094977,76
0.8619244249165058,57.77678394317627,143.53051429753026,76
0.8619244249165058,57.15464611053467,2.6465587913731943,76
0.5244903482496739,60.26533527374268,23.369155369933406,76
0.8056854121387005,60.88747310638428,5.470185273177321,76
0.6932073865830898,59.021059608459474,2.6465587913731943,76
0.8619244249165058,60.26533527374268,99.83526981836191,76
0.8056854121387005,58.39892177581787,143.53051429753026,76
1.4805535654723645,57.77678394317627,1.8408622885527222,75
0.6369683738052845,59.64319744110107,3.8048872421094977,75
0.9744024504721165,56.532508277893065,143.53051429753026,75
0.4682513354718685,60.26533527374268,11.306352619266852,75
0.7494463993608951,57.15464611053467,2.6465587913731943,75
0.6369683738052845,57.15464611053467,2.6465587913731943,75
0.5244903482496739,60.26533527374268,48.301821205670116,75
0.8619244249165058,60.88747310638428,3.8048872421094977,75
0.5807293610274791,56.532508277893065,3.8048872421094977,75
0.29953429713845253,51.555405616760254,3.8048872421094977,75
0.8056854121387005,58.39892177581787,1.2804453755048701,75
0.29953429713845253,50.31112995147705,0.6194989376378506,75
0.5244903482496739,56.532508277893065,48.301821205670116,74
0.4120123226940632,55.910370445251466,11.306352619266852,74
0.6932073865830898,60.88747310638428,16.25484269462183,74
0.4682513354718685,60.26533527374268,16.25484269462183,74
0.4682513354718685,59.021059608459474,143.53051429753026,74
0.6932073865830898,56.532508277893065,11.306352619266852,73
0.8056854121387005,57.15464611053467,2.6465587913731943,73
0.29953429713845253,59.64319744110107,426.50583394762765,73
0.8619244249165058,57.77678394317627,0.8906371594698739,73
0.35577330991625783,55.910370445251466,1.8408622885527222,73
0.9744024504721165,57.15464611053467,1.2804453755048701,73
0.5244903482496739,59.64319744110107,5.470185273177321,73
0.35577330991625783,59.64319744110107,143.53051429753026,73
0.5244903482496739,55.910370445251466,16.25484269462183,73
0.29953429713845253,55.28823261260986,69.44224472744489,73
0.4682513354718685,57.15464611053467,1.8408622885527222,72
0.6369683738052845,59.64319744110107,69.44224472744489,72
0.35577330991625783,60.26533527374268,2.6465587913731943,72
0.5807293610274791,56.532508277893065,99.83526981836191,72
0.9181634376943111,61.509610939025876,48.301821205670116,72
0.5244903482496739,56.532508277893065,5.470185273177321,71
0.9744024504721165,61.509610939025876,426.50583394762765,71
0.4120123226940632,55.910370445251466,23.369155369933406,71
0.4682513354718685,56.532508277893065,2.6465587913731943,71
0.8619244249165058,61.509610939025876,11.306352619266852,71
0.9181634376943111,60.26533527374268,143.53051429753026,71
1.3118365271389485,57.77678394317627,16.25484269462183,71
0.4120123226940632,60.26533527374268,69.44224472744489,70
0.6369683738052845,59.021059608459474,2.6465587913731943,70
0.9181634376943111,59.021059608459474,0.6194989376378506,70
0.5244903482496739,59.64319744110107,2.6465587913731943,70
0.6932073865830898,60.26533527374268,3.8048872421094977,70
0.35577330991625783,57.77678394317627,1.2804453755048701,70
1.3118365271389485,59.021059608459474,23.369155369933406,69
0.5807293610274791,60.26533527374268,5.470185273177321,69
0.9181634376943111,57.15464611053467,143.53051429753026,69
1.1993585015833377,58.39892177581787,7.86433999718116,69
0.35577330991625783,58.39892177581787,1.2804453755048701,69
0.8056854121387005,60.26533527374268,99.83526981836191,69
0.9181634376943111,59.021059608459474,0.8906371594698739,69
0.9181634376943111,56.532508277893065,23.369155369933406,68
0.7494463993608951,60.88747310638428,48.301821205670116,68
0.4682513354718685,56.532508277893065,99.83526981836191,68
1.1993585015833377,57.77678394317627,5.470185273177321,68
0.5244903482496739,56.532508277893065,3.8048872421094977,68
0.8056854121387005,57.77678394317627,1.2804453755048701,68
0.8056854121387005,59.021059608459474,143.53051429753026,68
0.8056854121387005,56.532508277893065,33.59721364050968,67
0.9744024504721165,56.532508277893065,7.86433999718116,67
0.5807293610274791,60.26533527374268,69.44224472744489,67
0.5807293610274791,58.39892177581787,1.8408622885527222,67
0.8619244249165058,59.021059608459474,143.53051429753026,67
0.9181634376943111,60.26533527374268,1.8408622885527222,67
0.8056854121387005,56.532508277893065,48.301821205670116,67
0.9744024504721165,57.15464611053467,0.8906371594698739,67
0.5807293610274791,57.77678394317627,1.2804453755048701,66
0.4682513354718685,58.39892177581787,1.8408622885527222,66
0.6369683738052845,56.532508277893065,48.301821205670116,66
0.29953429713845253,55.910370445251466,0.6194989376378506,66
1.4805535654723645,57.77678394317627,3.8048872421094977,66
0.6932073865830898,60.88747310638428,23.369155369933406,66
0.9181634376943111,59.64319744110107,143.53051429753026,66
0.9181634376943111,56.532508277893065,11.306352619266852,66
0.29953429713845253,53.42181911468506,16.25484269462183,66
0.8056854121387005,56.532508277893065,23.369155369933406,66
0.5807293610274791,59.64319744110107,99.83526981836191,65
0.5244903482496739,59.64319744110107,69.44224472744489,65
0.6932073865830898,56.532508277893065,5.470185273177321,65
0.4682513354718685,59.64319744110107,99.83526981836191,65
0.6932073865830898,59.64319744110107,69.44224472744489,65
0.4120123226940632,55.910370445251466,5.470185273177321,65
0.6369683738052845,56.532508277893065,7.86433999718116,65
0.5244903482496739,57.77678394317627,1.8408622885527222,65
0.9181634376943111,56.532508277893065,16.25484269462183,64
0.5807293610274791,59.021059608459474,1.8408622885527222,64
0.29953429713845253,54.66609477996826,0.6194989376378506,64
0.4682513354718685,59.64319744110107,2.6465587913731943,64
0.4682513354718685,55.910370445251466,23.369155369933406,64
0.4682513354718685,57.77678394317627,143.53051429753026,64
0.6932073865830898,56.532508277893065,69.44224472744489,64
0.9744024504721165,62.13174877166748,16.25484269462183,64
0.29953429713845253,60.88747310638428,16.25484269462183,64
0.8056854121387005,60.88747310638428,2.6465587913731943,63
1.4805535654723645,57.15464611053467,11.306352619266852,63
0.9181634376943111,61.509610939025876,3.8048872421094977,63
0.35577330991625783,60.26533527374268,69.44224472744489,63
0.6932073865830898,57.77678394317627,1.8408622885527222,63
0.7494463993608951,59.64319744110107,2.6465587913731943,63
1.3118365271389485,58.39892177581787,16.25484269462183,63
0.5807293610274791,58.39892177581787,1.2804453755048701,63
0.5244903482496739,58.39892177581787,1.8408622885527222,63
0.5244903482496739,58.39892177581787,143.53051429753026,63
0.7494463993608951,59.021059608459474,1.8408622885527222,62
0.8056854121387005,60.26533527374268,69.44224472744489,62
0.4682513354718685,60.26533527374268,7.86433999718116,62
0.5244903482496739,56.532508277893065,7.86433999718116,62
0.4120123226940632,60.26533527374268,48.301821205670116,62
0.8056854121387005,60.26533527374268,2.6465587913731943,62
0.4682513354718685,60.26533527374268,69.44224472744489,62
0.6369683738052845,60.26533527374268,48.301821205670116,62
0.6369683738052845,56.532508277893065,69.44224472744489,61
0.4682513354718685,56.532508277893065,1.8408622885527222,61
0.8619244249165058,57.15464611053467,1.8408622885527222,61
0.8619244249165058,60.88747310638428,2.6465587913731943,61
0.6932073865830898,59.64319744110107,2.6465587913731943,61
0.6369683738052845,60.26533527374268,7.86433999718116,61
0.6369683738052845,60.88747310638428,33.59721364050968,61
0.4682513354718685,60.26533527374268,5.470185273177321,61
0.9744024504721165,62.13174877166748,11.306352619266852,61
0.8056854121387005,57.77678394317627,143.53051429753026,61
0.6932073865830898,60.88747310638428,11.306352619266852,61
0.7494463993608951,56.532508277893065,33.59721364050968,61
0.5807293610274791,57.15464611053467,1.8408622885527222,60
0.29953429713845253,60.88747310638428,11.306352619266852,60
0.6369683738052845,60.26533527374268,5.470185273177321,60
0.8056854121387005,60.88747310638428,69.44224472744489,60
0.5244903482496739,57.77678394317627,143.53051429753026,60
0.4120123226940632,55.910370445251466,48.301821205670116,60
0.4120123226940632,58.39892177581787,1.2804453755048701,60
0.29953429713845253,60.88747310638428,23.369155369933406,60
0.9744024504721165,56.532508277893065,3.8048872421094977,60
0.6369683738052845,58.39892177581787,1.8408622885527222,60
0.8056854121387005,60.88747310638428,3.8048872421094977,59
0.7494463993608951,60.88747310638428,5.470185273177321,59
0.29953429713845253,53.42181911468506,0.6194989376378506,59
1.0868804760277269,59.021059608459474,23.369155369933406,59
0.5244903482496739,59.021059608459474,1.8408622885527222,59
0.35577330991625783,55.910370445251466,99.83526981836191,59
0.9181634376943111,56.532508277893065,48.301821205670116,58
0.8619244249165058,60.88747310638428,99.83526981836191,58
1.3118365271389485,59.021059608459474,7.86433999718116,58
0.7494463993608951,57.77678394317627,143.53051429753026,58
0.9181634376943111,61.509610939025876,69.44224472744489,58
0.9181634376943111,60.88747310638428,143.53051429753026,58
0.29953429713845253,60.88747310638428,33.59721364050968,57
0.6932073865830898,56.532508277893065,7.86433999718116,57
0.6369683738052845,57.77678394317627,1.8408622885527222,57
0.6932073865830898,58.39892177581787,143.53051429753026,57
0.6932073865830898,60.26533527374268,69.44224472744489,57
0.7494463993608951,59.64319744110107,143.53051429753026,57
0.6932073865830898,60.88747310638428,33.59721364050968,57
0.7494463993608951,60.88747310638428,99.83526981836191,57
0.7494463993608951,60.88747310638428,7.86433999718116,57
0.29953429713845253,52.79968128204346,143.53051429753026,57
0.5244903482496739,57.15464611053467,1.8408622885527222,56
0.8619244249165058,59.64319744110107,1.8408622885527222,56
0.7494463993608951,56.532508277893065,5.470185273177321,56
0.8056854121387005,56.532508277893065,11.306352619266852,56
0.5807293610274791,58.39892177581787,143.53051429753026,56
0.4120123226940632,55.910370445251466,2.6465587913731943,56
0.4120123226940632,55.910370445251466,16.25484269462183,56
0.29953429713845253,50.933267784118655,3.8048872421094977,56
0.4682513354718685,55.910370445251466,11.306352619266852,56
0.8619244249165058,61.509610939025876,33.59721364050968,56
1.2555975143611429,57.77678394317627,1.8408622885527222,55
0.4120123226940632,55.910370445251466,69.44224472744489,55
0.6932073865830898,59.021059608459474,1.8408622885527222,55
0.9181634376943111,58.39892177581787,206.3500060849692,55
0.5807293610274791,60.88747310638428,23.369155369933406,55
0.5807293610274791,60.88747310638428,33.59721364050968,55
0.9181634376943111,59.64319744110107,1.2804453755048701,55
0.9181634376943111,56.532508277893065,69.44224472744489,55
0.6369683738052845,59.64319744110107,99.83526981836191,55
0.5807293610274791,57.77678394317627,143.53051429753026,55
0.9181634376943111,56.532508277893065,7.86433999718116,55
0.7494463993608951,56.532508277893065,48.301821205670116,55
0.5807293610274791,55.910370445251466,33.59721364050968,54
0.6369683738052845,58.39892177581787,143.53051429753026,54
0.7494463993608951,56.532508277893065,69.44224472744489,54
0.6369683738052845,56.532508277893065,5.470185273177321,54
0.9744024504721165,62.13174877166748,7.86433999718116,53
0.5244903482496739,56.532508277893065,2.6465587913731943,53
0.6932073865830898,56.532508277893065,99.83526981836191,53
0.6369683738052845,60.26533527374268,99.83526981836191,53
0.6369683738052845,59.021059608459474,143.53051429753026,53
0.9181634376943111,60.26533527374268,1.2804453755048701,53
0.7494463993608951,56.532508277893065,11.306352619266852,53
0.35577330991625783,56.532508277893065,206.3500060849692,53
0.4682513354718685,55.910370445251466,33.59721364050968,53
0.35577330991625783,57.15464611053467,206.3500060849692,53
0.7494463993608951,57.15464611053467,1.8408622885527222,53
0.6369683738052845,57.15464611053467,1.8408622885527222,53
0.8619244249165058,59.021059608459474,1.2804453755048701,53
0.4682513354718685,57.15464611053467,143.53051429753026,53
1.1993585015833377,58.39892177581787,5.470185273177321,52
0.6369683738052845,56.532508277893065,3.8048872421094977,52
1.3118365271389485,59.021059608459474,3.8048872421094977,52
0.5807293610274791,60.26533527374268,99.83526981836191,52
0.5807293610274791,59.021059608459474,1.2804453755048701,52
0.9181634376943111,61.509610939025876,2.6465587913731943,52
0.8619244249165058,58.39892177581787,0.6194989376378506,52
0.5807293610274791,56.532508277893065,69.44224472744489,52
0.5244903482496739,56.532508277893065,99.83526981836191,52
0.29953429713845253,60.26533527374268,206.3500060849692,51
0.8056854121387005,56.532508277893065,69.44224472744489,51
0.29953429713845253,58.39892177581787,0.6194989376378506,51
0.8056854121387005,59.64319744110107,1.8408622885527222,51
0.6369683738052845,60.26533527374268,69.44224472744489,51
0.5244903482496739,60.26533527374268,5.470185273177321,51
0.7494463993608951,56.532508277893065,7.86433999718116,51
1.3118365271389485,58.39892177581787,23.369155369933406,50
0.6932073865830898,60.88747310638428,5.470185273177321,50
0.6932073865830898,60.26533527374268,2.6465587913731943,50
0.6932073865830898,60.88747310638428,7.86433999718116,50
0.35577330991625783,59.021059608459474,1.2804453755048701,50
0.5244903482496739,60.26533527374268,3.8048872421094977,50
0.5807293610274791,57.15464611053467,143.53051429753026,50
0.4120123226940632,55.910370445251466,143.53051429753026,50
0.29953429713845253,60.88747310638428,48.301821205670116,50
0.6932073865830898,57.77678394317627,143.53051429753026,49
0.6369683738052845,60.26533527374268,3.8048872421094977,49
0.6369683738052845,60.88747310638428,16.25484269462183,49
0.6932073865830898,60.88747310638428,3.8048872421094977,49
0.7494463993608951,60.88747310638428,69.44224472744489,49
0.4682513354718685,59.021059608459474,1.8408622885527222,49
0.6932073865830898,60.88747310638428,48.301821205670116,49
0.8619244249165058,61.509610939025876,48.301821205670116,49
0.8056854121387005,57.15464611053467,1.8408622885527222,49
0.8619244249165058,60.26533527374268,143.53051429753026,48
0.35577330991625783,57.77678394317627,206.3500060849692,48
0.6369683738052845,59.021059608459474,1.8408622885527222,48
0.8619244249165058,56.532508277893065,16.25484269462183,48
0.6932073865830898,57.15464611053467,1.8408622885527222,48
0.29953429713845253,60.88747310638428,7.86433999718116,48
0.5807293610274791,56.532508277893065,143.53051429753026,48
0.6369683738052845,57.77678394317627,143.53051429753026,48
0.29953429713845253,51.555405616760254,5.470185273177321,48
0.4682513354718685,56.532508277893065,143.53051429753026,48
0.8056854121387005,57.77678394317627,0.8906371594698739,48
0.6932073865830898,59.64319744110107,1.8408622885527222,48
0.9744024504721165,56.532508277893065,206.3500060849692,48
0.8619244249165058,56.532508277893065,33.59721364050968,48
0.29953429713845253,54.66609477996826,5.470185273177321,47
0.29953429713845253,52.79968128204346,0.6194989376378506,47
0.8619244249165058,61.509610939025876,5.470185273177321,47
0.4682513354718685,55.910370445251466,69.44224472744489,47
0.5244903482496739,56.532508277893065,1.8408622885527222,47
0.7494463993608951,60.88747310638428,2.6465587913731943,47
0.7494463993608951,57.77678394317627,1.2804453755048701,47
0.4120123226940632,55.910370445251466,99.83526981836191,47
1.2555975143611429,57.77678394317627,0.8906371594698739,47
0.4682513354718685,60.26533527374268,2.6465587913731943,47
0.4120123226940632,57.77678394317627,0.8906371594698739,47
0.9181634376943111,59.021059608459474,206.3500060849692,46
0.29953429713845253,50.31112995147705,3.8048872421094977,46
0.6932073865830898,56.532508277893065,3.8048872421094977,46
0.8056854121387005,60.88747310638428,99.83526981836191,46
0.6369683738052845,56.532508277893065,2.6465587913731943,46
0.35577330991625783,57.77678394317627,0.8906371594698739,46
1.3118365271389485,57.15464611053467,2.6465587913731943,46
0.7494463993608951,56.532508277893065,16.25484269462183,46
0.5807293610274791,60.26533527374268,2.6465587913731943,46
0.8619244249165058,61.509610939025876,16.25484269462183,46
0.7494463993608951,60.88747310638428,3.8048872421094977,46
0.35577330991625783,60.88747310638428,11.306352619266852,46
0.4682513354718685,55.910370445251466,48.301821205670116,46
1.4805535654723645,57.15464611053467,5.470185273177321,45
0.9181634376943111,60.88747310638428,1.2804453755048701,45
0.7494463993608951,58.39892177581787,0.8906371594698739,45
0.5244903482496739,55.910370445251466,23.369155369933406,45
0.9181634376943111,56.532508277893065,5.470185273177321,45
0.8619244249165058,57.15464611053467,143.53051429753026,45
1.3118365271389485,59.021059608459474,16.25484269462183,45
0.8056854121387005,56.532508277893065,99.83526981836191,45
0.7494463993608951,59.64319744110107,1.8408622885527222,45
0.6932073865830898,58.39892177581787,1.2804453755048701,45
0.9744024504721165,61.509610939025876,0.6194989376378506,45
0.6369683738052845,60.88747310638428,11.306352619266852,45
0.4682513354718685,59.64319744110107,143.53051429753026,45
0.9181634376943111,57.15464611053467,0.8906371594698739,44
1.4805535654723645,58.39892177581787,5.470185273177321,44
0.35577330991625783,55.910370445251466,1.2804453755048701,44
0.7494463993608951,57.15464611053467,1.2804453755048701,44
0.35577330991625783,55.910370445251466,143.53051429753026,44
0.7494463993608951,57.15464611053467,143.53051429753026,44
0.7494463993608951,58.39892177581787,1.2804453755048701,44
0.5807293610274791,60.88747310638428,11.306352619266852,44
0.35577330991625783,60.26533527374268,143.53051429753026,44
0.4120123226940632,55.910370445251466,7.86433999718116,44
0.6932073865830898,60.88747310638428,2.6465587913731943,44
0.8056854121387005,56.532508277893065,7.86433999718116,44
1.2555975143611429,57.77678394317627,1.2804453755048701,44
1.0868804760277269,59.64319744110107,23.369155369933406,44
0.5244903482496739,60.88747310638428,23.369155369933406,44
0.7494463993608951,60.26533527374268,2.6465587913731943,44
0.5807293610274791,59.021059608459474,143.53051429753026,43
0.29953429713845253,60.26533527374268,296.66392000101365,43
0.4120123226940632,57.77678394317627,1.2804453755048701,43
0.9744024504721165,62.13174877166748,5.470185273177321,43
0.8056854121387005,58.39892177581787,206.3500060849692,43
0.9181634376943111,56.532508277893065,3.8048872421094977,43
0.8619244249165058,58.39892177581787,206.3500060849692,43
0.7494463993608951,56.532508277893065,3.8048872421094977,43
0.4682513354718685,55.910370445251466,16.25484269462183,43
0.8619244249165058,60.26533527374268,1.8408622885527222,43
0.5807293610274791,60.88747310638428,16.25484269462183,43
0.8619244249165058,61.509610939025876,23.369155369933406,43
0.35577330991625783,60.88747310638428,23.369155369933406,43
0.5807293610274791,56.532508277893065,2.6465587913731943,43
0.9744024504721165,57.15464611053467,0.6194989376378506,43
0.5807293610274791,57.15464611053467,1.2804453755048701,42
1.1993585015833377,58.39892177581787,3.8048872421094977,42
0.6369683738052845,55.910370445251466,33.59721364050968,42
0.5807293610274791,55.910370445251466,16.25484269462183,42
0.8619244249165058,59.64319744110107,1.2804453755048701,42
0.5244903482496739,57.15464611053467,143.53051429753026,42
0.8056854121387005,56.532508277893065,3.8048872421094977,42
0.6369683738052845,59.64319744110107,2.6465587913731943,42
0.8619244249165058,56.532508277893065,11.306352619266852,42
0.6369683738052845,60.88747310638428,23.369155369933406,42
0.35577330991625783,60.88747310638428,48.301821205670116,42
0.6369683738052845,60.26533527374268,2.6465587913731943,42
0.6369683738052845,59.64319744110107,143.53051429753026,42
0.9744024504721165,62.13174877166748,3.8048872421094977,42
0.4120123226940632,60.26533527374268,1.8408622885527222,42
0.9744024504721165,56.532508277893065,2.6465587913731943,42
0.5807293610274791,57.77678394317627,0.8906371594698739,42
0.7494463993608951,59.021059608459474,1.2804453755048701,41
0.8056854121387005,59.021059608459474,1.2804453755048701,41
0.5807293610274791,59.64319744110107,143.53051429753026,41
0.6369683738052845,60.88747310638428,48.301821205670116,41
0.5244903482496739,55.910370445251466,33.59721364050968,41
0.5244903482496739,59.021059608459474,143.53051429753026,41
0.5244903482496739,60.26533527374268,2.6465587913731943,41
0.8619244249165058,56.532508277893065,23.369155369933406,41
0.8056854121387005,56.532508277893065,16.25484269462183,41
0.29953429713845253,59.021059608459474,0.6194989376378506,41
0.8619244249165058,59.64319744110107,143.53051429753026,41
0.6369683738052845,60.88747310638428,5.470185273177321,41
0.6932073865830898,55.910370445251466,33.59721364050968,41
0.4682513354718685,59.64319744110107,1.8408622885527222,41
0.7494463993608951,56.532508277893065,99.83526981836191,41
0.6369683738052845,57.77678394317627,1.2804453755048701,41
0.6369683738052845,56.532508277893065,99.83526981836191,41
0.6932073865830898,60.88747310638428,69.44224472744489,41
0.5244903482496739,60.88747310638428,16.25484269462183,40
1.0868804760277269,59.64319744110107,5.470185273177321,40
0.4120123226940632,60.26533527374268,206.3500060849692,40
0.9181634376943111,61.509610939025876,1.8408622885527222,40
0.6932073865830898,59.021059608459474,143.53051429753026,40
0.6932073865830898,59.021059608459474,1.2804453755048701,40
0.8056854121387005,61.509610939025876,33.59721364050968,40
0.4682513354718685,57.15464611053467,1.2804453755048701,40
0.29953429713845253,55.28823261260986,99.83526981836191,40
0.35577330991625783,58.39892177581787,206.3500060849692,40
0.6932073865830898,60.88747310638428,99.83526981836191,40
0.8619244249165058,56.532508277893065,3.8048872421094977,39
0.5807293610274791,60.88747310638428,5.470185273177321,39
1.3680755399167537,57.15464611053467,2.6465587913731943,39
0.5807293610274791,60.88747310638428,48.301821205670116,39
1.4805535654723645,57.15464611053467,7.86433999718116,39
0.7494463993608951,58.39892177581787,206.3500060849692,39
0.5244903482496739,55.28823261260986,11.306352619266852,39
0.6932073865830898,57.15464611053467,143.53051429753026,38
0.8619244249165058,56.532508277893065,5.470185273177321,38
0.9744024504721165,62.13174877166748,23.369155369933406,38
0.9744024504721165,56.532508277893065,0.8906371594698739,38
0.4120123226940632,60.26533527374268,143.53051429753026,38
0.5244903482496739,57.77678394317627,1.2804453755048701,38
0.8619244249165058,56.532508277893065,48.301821205670116,38
0.5244903482496739,60.88747310638428,33.59721364050968,38
0.6369683738052845,60.88747310638428,7.86433999718116,38
0.6932073865830898,55.910370445251466,16.25484269462183,38
0.7494463993608951,57.77678394317627,0.8906371594698739,38
0.6369683738052845,60.88747310638428,3.8048872421094977,38
0.5244903482496739,59.64319744110107,1.8408622885527222,38
0.35577330991625783,56.532508277893065,0.8906371594698739,38
0.4120123226940632,56.532508277893065,1.2804453755048701,37
0.4120123226940632,55.910370445251466,3.8048872421094977,37
0.4120123226940632,59.64319744110107,1.8408622885527222,37
0.8619244249165058,56.532508277893065,69.44224472744489,37
0.8056854121387005,61.509610939025876,11.306352619266852,37
0.6932073865830898,60.26533527374268,143.53051429753026,37
0.5807293610274791,60.88747310638428,69.44224472744489,37
0.7494463993608951,60.26533527374268,143.53051429753026,37
0.6369683738052845,58.39892177581787,1.2804453755048701,37
0.6369683738052845,57.15464611053467,1.2804453755048701,37
0.4682513354718685,60.88747310638428,33.59721364050968,36
0.6369683738052845,59.64319744110107,1.8408622885527222,36
0.9181634376943111,56.532508277893065,2.6465587913731943,36
0.8619244249165058,59.021059608459474,0.8906371594698739,36
0.29953429713845253,60.26533527374268,426.50583394762765,36
0.9181634376943111,56.532508277893065,99.83526981836191,36
0.6369683738052845,56.532508277893065,1.8408622885527222,36
0.29953429713845253,55.28823261260986,143.53051429753026,36
0.8619244249165058,61.509610939025876,7.86433999718116,36
0.8056854121387005,59.64319744110107,143.53051429753026,36
0.4120123226940632,55.910370445251466,1.2804453755048701,36
0.35577330991625783,60.88747310638428,16.25484269462183,36
0.35577330991625783,60.26533527374268,1.8408622885527222,36
0.6369683738052845,59.021059608459474,1.2804453755048701,36
0.8056854121387005,61.509610939025876,23.369155369933406,36
0.6932073865830898,58.39892177581787,0.8906371594698739,35
0.29953429713845253,60.88747310638428,3.8048872421094977,35
0.5807293610274791,60.88747310638428,7.86433999718116,35
0.35577330991625783,57.77678394317627,296.66392000101365,35
0.5807293610274791,55.910370445251466,23.369155369933406,35
0.5807293610274791,55.910370445251466,11.306352619266852,35
0.8056854121387005,59.021059608459474,206.3500060849692,35
1.0868804760277269,57.77678394317627,3.8048872421094977,35
0.4682513354718685,55.910370445251466,7.86433999718116,35
0.5807293610274791,56.532508277893065,1.8408622885527222,34
0.4682513354718685,55.910370445251466,3.8048872421094977,34
0.35577330991625783,59.64319744110107,1.2804453755048701,34
0.8056854121387005,58.39892177581787,0.8906371594698739,34
0.4120123226940632,59.021059608459474,1.2804453755048701,34
0.4682513354718685,60.88747310638428,23.369155369933406,34
0.8056854121387005,61.509610939025876,48.301821205670116,34
0.5807293610274791,55.910370445251466,48.301821205670116,34
0.6932073865830898,57.77678394317627,1.2804453755048701,34
0.8619244249165058,60.88747310638428,1.8408622885527222,34
0.6932073865830898,56.532508277893065,143.53051429753026,34
0.8056854121387005,57.15464611053467,1.2804453755048701,34
0.8619244249165058,57.77678394317627,0.6194989376378506,34
0.5244903482496739,60.88747310638428,7.86433999718116,34
0.9181634376943111,59.64319744110107,0.6194989376378506,34
0.8619244249165058,56.532508277893065,7.86433999718116,34
0.9181634376943111,59.64319744110107,0.8906371594698739,34
0.8056854121387005,56.532508277893065,5.470185273177321,33
1.0868804760277269,59.021059608459474,7.86433999718116,33
0.7494463993608951,61.509610939025876,7.86433999718116,33
1.0868804760277269,59.64319744110107,16.25484269462183,33
0.7494463993608951,59.021059608459474,206.3500060849692,33
0.35577330991625783,60.88747310638428,7.86433999718116,33
1.4805535654723645,58.39892177581787,2.6465587913731943,33
0.9181634376943111,59.64319744110107,206.3500060849692,33
0.4682513354718685,57.77678394317627,1.2804453755048701,33
0.9181634376943111,60.88747310638428,0.8906371594698739,33
0.8056854121387005,57.15464611053467,143.53051429753026,33
0.4682513354718685,58.39892177581787,1.2804453755048701,33
0.4120123226940632,59.021059608459474,0.8906371594698739,33
1.0306414632499217,59.021059608459474,5.470185273177321,33
0.29953429713845253,60.88747310638428,5.470185273177321,33
0.9744024504721165,55.910370445251466,0.8906371594698739,33
0.4682513354718685,60.26533527374268,99.83526981836191,33
0.35577330991625783,60.88747310638428,33.59721364050968,33
1.2555975143611429,58.39892177581787,3.8048872421094977,33
0.8056854121387005,60.26533527374268,143.53051429753026,32
0.29953429713845253,60.26533527374268,0.8906371594698739,32
0.8056854121387005,60.26533527374268,1.8408622885527222,32
0.5807293610274791,56.532508277893065,1.2804453755048701,32
0.5244903482496739,60.26533527374268,69.44224472744489,32
0.6369683738052845,57.15464611053467,143.53051429753026,32
0.5807293610274791,55.910370445251466,69.44224472744489,32
0.29953429713845253,59.64319744110107,0.6194989376378506,32
0.5807293610274791,59.64319744110107,1.2804453755048701,32
0.8619244249165058,57.15464611053467,1.2804453755048701,32
0.4120123226940632,60.88747310638428,11.306352619266852,32
0.5244903482496739,60.88747310638428,11.306352619266852,32
0.29953429713845253,60.26533527374268,1.2804453755048701,32
0.6932073865830898,56.532508277893065,1.8408622885527222,32
0.4120123226940632,57.15464611053467,0.8906371594698739,32
0.9744024504721165,62.13174877166748,33.59721364050968,32
0.5807293610274791,60.88747310638428,2.6465587913731943,32
0.8619244249165058,60.88747310638428,1.2804453755048701,32
0.5244903482496739,56.532508277893065,143.53051429753026,32
0.4682513354718685,57.15464611053467,206.3500060849692,31
0.6932073865830898,56.532508277893065,2.6465587913731943,31
0.4682513354718685,55.910370445251466,5.470185273177321,31
0.6369683738052845,55.910370445251466,5.470185273177321,31
0.6932073865830898,60.26533527374268,1.8408622885527222,31
0.6932073865830898,55.910370445251466,23.369155369933406,31
0.7494463993608951,59.64319744110107,1.2804453755048701,31
1.1993585015833377,57.77678394317627,3.8048872421094977,31
1.4805535654723645,58.39892177581787,1.8408622885527222,31
0.5244903482496739,60.26533527374268,99.83526981836191,31
0.6369683738052845,55.910370445251466,11.306352619266852,30
0.4682513354718685,58.39892177581787,206.3500060849692,30
0.6369683738052845,59.021059608459474,206.3500060849692,30
0.4682513354718685,56.532508277893065,1.2804453755048701,30
0.6369683738052845,59.64319744110107,1.2804453755048701,30
0.9181634376943111,60.26533527374268,0.6194989376378506,30
0.7494463993608951,56.532508277893065,2.6465587913731943,30
0.5244903482496739,60.88747310638428,48.301821205670116,30
0.29953429713845253,60.88747310638428,69.44224472744489,30
0.4682513354718685,59.021059608459474,1.2804453755048701,30
0.6932073865830898,55.910370445251466,69.44224472744489,30
0.8056854121387005,60.88747310638428,1.8408622885527222,30
0.5244903482496739,55.910370445251466,48.301821205670116,30
0.6932073865830898,55.910370445251466,48.301821205670116,30
0.4120123226940632,55.910370445251466,1.8408622885527222,30
0.9744024504721165,55.910370445251466,0.6194989376378506,30
0.6932073865830898,60.88747310638428,1.8408622885527222,30
0.4682513354718685,60.88747310638428,11.306352619266852,30
0.6932073865830898,55.910370445251466,7.86433999718116,30
0.6932073865830898,60.26533527374268,1.2804453755048701,30
0.9181634376943111,56.532508277893065,143.53051429753026,29
0.4682513354718685,55.910370445251466,2.6465587913731943,29
0.6932073865830898,57.77678394317627,0.8906371594698739,29
0.8619244249165058,61.509610939025876,3.8048872421094977,29
0.29953429713845253,54.04395694732666,16.25484269462183,29
0.7494463993608951,56.532508277893065,1.8408622885527222,29
0.8619244249165058,57.77678394317627,206.3500060849692,29
0.4120123226940632,60.88747310638428,33.59721364050968,29
0.5244903482496739,60.88747310638428,3.8048872421094977,29
0.8619244249165058,56.532508277893065,99.83526981836191,29
0.5244903482496739,60.88747310638428,5.470185273177321,29
0.7494463993608951,60.88747310638428,143.53051429753026,29
0.9744024504721165,54.66609477996826,0.6194989376378506,29
0.5244903482496739,54.66609477996826,11.306352619266852,29
0.4120123226940632,59.021059608459474,613.1761030823689,29
0.29953429713845253,54.66609477996826,16.25484269462183,29
0.6932073865830898,56.532508277893065,1.2804453755048701,29
0.6932073865830898,58.39892177581787,206.3500060849692,29
0.9744024504721165,57.15464611053467,296.66392000101365,29
0.5807293610274791,55.910370445251466,3.8048872421094977,29
0.9181634376943111,57.77678394317627,206.3500060849692,29
0.7494463993608951,60.88747310638428,1.8408622885527222,29
0.8056854121387005,59.64319744110107,1.2804453755048701,28
0.5244903482496739,55.910370445251466,7.86433999718116,28
0.5244903482496739,56.532508277893065,1.2804453755048701,28
0.8056854121387005,58.39892177581787,0.6194989376378506,28
0.8619244249165058,61.509610939025876,2.6465587913731943,28
0.5244903482496739,55.910370445251466,3.8048872421094977,28
0.9744024504721165,56.532508277893065,1.2804453755048701,28
0.5807293610274791,55.910370445251466,7.86433999718116,28
0.4682513354718685,58.39892177581787,0.6194989376378506,28
0.6932073865830898,55.910370445251466,11.306352619266852,28
0.5807293610274791,55.910370445251466,5.470185273177321,28
0.6369683738052845,59.64319744110107,613.1761030823689,28
0.29953429713845253,60.88747310638428,143.53051429753026,28
0.35577330991625783,58.39892177581787,296.66392000101365,28
1.4805535654723645,58.39892177581787,99.83526981836191,27
0.29953429713845253,60.88747310638428,2.6465587913731943,27
0.6369683738052845,56.532508277893065,143.53051429753026,27
0.35577330991625783,59.021059608459474,206.3500060849692,27
0.6369683738052845,55.910370445251466,16.25484269462183,27
0.8619244249165058,59.021059608459474,206.3500060849692,27
1.4805535654723645,57.77678394317627,1.2804453755048701,27
0.5244903482496739,59.64319744110107,143.53051429753026,27
0.7494463993608951,61.509610939025876,23.369155369933406,27
0.6369683738052845,60.88747310638428,69.44224472744489,27
0.8619244249165058,60.26533527374268,0.8906371594698739,27
0.5807293610274791,60.26533527374268,1.8408622885527222,27
0.4682513354718685,60.88747310638428,48.301821205670116,27
0.4120123226940632,56.532508277893065,0.8906371594698739,27
0.4682513354718685,56.532508277893065,206.3500060849692,27
0.4120123226940632,57.15464611053467,0.6194989376378506,27
0.8619244249165058,60.88747310638428,143.53051429753026,27
0.4120123226940632,60.88747310638428,23.369155369933406,27
0.35577330991625783,55.910370445251466,0.8906371594698739,27
1.3118365271389485,58.39892177581787,7.86433999718116,27
1.0306414632499217,59.021059608459474,3.8048872421094977,27
0.8056854121387005,56.532508277893065,143.53051429753026,27
1.3118365271389485,56.532508277893065,2.6465587913731943,27
0.35577330991625783,57.15464611053467,0.8906371594698739,26
0.5807293610274791,57.77678394317627,206.3500060849692,26
0.5244903482496739,55.910370445251466,2.6465587913731943,26
0.9744024504721165,56.532508277893065,1.8408622885527222,26
0.9744024504721165,62.13174877166748,48.301821205670116,26
0.5244903482496739,55.910370445251466,1.8408622885527222,26
0.9181634376943111,61.509610939025876,99.83526981836191,26
0.5807293610274791,60.88747310638428,3.8048872421094977,26
0.29953429713845253,54.04395694732666,0.6194989376378506,26
0.9744024504721165,62.13174877166748,2.6465587913731943,26
0.9744024504721165,56.532508277893065,0.6194989376378506,26
0.4120123226940632,55.28823261260986,0.8906371594698739,26
0.4682513354718685,60.26533527374268,1.8408622885527222,26
0.6932073865830898,59.64319744110107,143.53051429753026,26
0.6369683738052845,60.26533527374268,143.53051429753026,26
0.7494463993608951,60.26533527374268,1.8408622885527222,26
0.9181634376943111,56.532508277893065,1.8408622885527222,26
0.35577330991625783,60.88747310638428,3.8048872421094977,26
0.9181634376943111,58.39892177581787,426.50583394762765,26
0.8056854121387005,56.532508277893065,2.6465587913731943,26
0.7494463993608951,59.021059608459474,0.8906371594698739,26
0.4682513354718685,55.910370445251466,1.8408622885527222,26
1.4805535654723645,59.021059608459474,23.369155369933406,25
0.6369683738052845,59.021059608459474,613.1761030823689,25
0.7494463993608951,61.509610939025876,48.301821205670116,25
0.6932073865830898,57.77678394317627,206.3500060849692,25
0.5807293610274791,55.910370445251466,99.83526981836191,25
1.3680755399167537,57.77678394317627,5.470185273177321,25
0.35577330991625783,59.021059608459474,0.8906371594698739,25
0.29953429713845253,54.66609477996826,7.86433999718116,25
0.9181634376943111,60.88747310638428,206.3500060849692,25
0.5244903482496739,55.910370445251466,5.470185273177321,25
0.6932073865830898,59.64319744110107,1.2804453755048701,25
0.7494463993608951,55.910370445251466,5.470185273177321,25
0.4120123226940632,56.532508277893065,0.6194989376378506,25
0.9181634376943111,57.15464611053467,0.6194989376378506,25
0.8056854121387005,61.509610939025876,5.470185273177321,25
0.8056854121387005,61.509610939025876,3.8048872421094977,25
0.8056854121387005,61.509610939025876,16.25484269462183,25
0.7494463993608951,60.88747310638428,1.2804453755048701,25
0.35577330991625783,54.04395694732666,1.8408622885527222,25
0.4120123226940632,55.910370445251466,206.3500060849692,25
0.7494463993608951,55.910370445251466,23.369155369933406,24
0.6369683738052845,55.910370445251466,48.301821205670116,24
0.7494463993608951,56.532508277893065,143.53051429753026,24
1.2555975143611429,57.15464611053467,3.8048872421094977,24
0.35577330991625783,50.31112995147705,1.2804453755048701,24
0.5807293610274791,57.15464611053467,0.8906371594698739,24
1.4805535654723645,55.910370445251466,2.6465587913731943,24
0.4120123226940632,60.88747310638428,16.25484269462183,24
0.9744024504721165,62.13174877166748,69.44224472744489,24
0.7494463993608951,55.910370445251466,33.59721364050968,24
0.35577330991625783,54.66609477996826,0.8906371594698739,24
0.4682513354718685,59.021059608459474,0.8906371594698739,24
0.6932073865830898,55.910370445251466,2.6465587913731943,24
1.0868804760277269,58.39892177581787,99.83526981836191,24
0.6369683738052845,55.910370445251466,7.86433999718116,24
0.8056854121387005,61.509610939025876,2.6465587913731943,24
0.4682513354718685,60.88747310638428,5.470185273177321,24
0.5244903482496739,60.26533527374268,1.8408622885527222,24
0.8056854121387005,59.64319744110107,0.8906371594698739,24
0.8619244249165058,60.26533527374268,1.2804453755048701,24
0.5244903482496739,57.15464611053467,1.2804453755048701,24
0.6932073865830898,59.021059608459474,0.8906371594698739,24
0.9181634376943111,60.26533527374268,206.3500060849692,24
0.4682513354718685,58.39892177581787,0.8906371594698739,24
0.35577330991625783,55.28823261260986,1.8408622885527222,23
0.5244903482496739,55.910370445251466,143.53051429753026,23
0.8619244249165058,60.88747310638428,0.8906371594698739,23
0.8619244249165058,56.532508277893065,2.6465587913731943,23
0.35577330991625783,57.77678394317627,426.50583394762765,23
0.9744024504721165,57.15464611053467,426.50583394762765,23
0.6369683738052845,57.77678394317627,206.3500060849692,23
0.35577330991625783,56.532508277893065,296.66392000101365,23
0.4682513354718685,60.88747310638428,16.25484269462183,23
0.4682513354718685,57.15464611053467,0.8906371594698739,23
0.9181634376943111,60.88747310638428,0.6194989376378506,23
0.9181634376943111,60.26533527374268,0.8906371594698739,23
0.6932073865830898,57.15464611053467,1.2804453755048701,23
0.4120123226940632,60.88747310638428,69.44224472744489,23
0.6369683738052845,60.26533527374268,1.8408622885527222,23
0.35577330991625783,60.88747310638428,99.83526981836191,23
0.9744024504721165,55.28823261260986,0.8906371594698739,23
0.9744024504721165,55.910370445251466,1.2804453755048701,23
0.35577330991625783,60.88747310638428,2.6465587913731943,23
0.35577330991625783,60.26533527374268,0.8906371594698739,23
0.5807293610274791,59.021059608459474,0.8906371594698739,22
0.5244903482496739,56.532508277893065,0.8906371594698739,22
0.5807293610274791,57.15464611053467,206.3500060849692,22
0.4682513354718685,60.88747310638428,99.83526981836191,22
0.5244903482496739,54.04395694732666,11.306352619266852,22
0.35577330991625783,54.04395694732666,1.2804453755048701,22
0.35577330991625783,59.64319744110107,206.3500060849692,22
0.4682513354718685,55.910370445251466,1.2804453755048701,22
0.6932073865830898,55.910370445251466,5.470185273177321,22
0.9744024504721165,54.04395694732666,0.6194989376378506,22
0.7494463993608951,57.77678394317627,206.3500060849692,22
0.5807293610274791,58.39892177581787,0.8906371594698739,22
0.4682513354718685,59.64319744110107,206.3500060849692,22
0.4682513354718685,60.88747310638428,7.86433999718116,22
0.35577330991625783,55.28823261260986,0.8906371594698739,22
0.5244903482496739,60.88747310638428,69.44224472744489,22
0.29953429713845253,51.555405616760254,7.86433999718116,22
1.3118365271389485,59.021059608459474,99.83526981836191,22
0.5244903482496739,59.021059608459474,1.2804453755048701,22
0.6932073865830898,59.021059608459474,206.3500060849692,22
0.7494463993608951,55.910370445251466,11.306352619266852,22
0.9744024504721165,54.66609477996826,0.8906371594698739,22
0.8619244249165058,61.509610939025876,69.44224472744489,22
0.9181634376943111,57.15464611053467,206.3500060849692,21
0.6369683738052845,57.15464611053467,0.8906371594698739,21
0.5807293610274791,60.88747310638428,99.83526981836191,21
1.2555975143611429,57.15464611053467,2.6465587913731943,21
0.35577330991625783,56.532508277893065,426.50583394762765,21
0.5244903482496739,55.28823261260986,16.25484269462183,21
0.9744024504721165,53.42181911468506,0.6194989376378506,21
0.4120123226940632,60.88747310638428,7.86433999718116,21
0.7494463993608951,60.26533527374268,1.2804453755048701,21
0.5807293610274791,60.26533527374268,143.53051429753026,21
0.8619244249165058,56.532508277893065,1.8408622885527222,21
0.5244903482496739,58.39892177581787,1.2804453755048701,21
0.5807293610274791,55.910370445251466,2.6465587913731943,21
0.5807293610274791,58.39892177581787,206.3500060849692,21
0.5807293610274791,55.910370445251466,1.2804453755048701,21
0.29953429713845253,60.88747310638428,99.83526981836191,21
0.9744024504721165,52.79968128204346,0.6194989376378506,21
0.4120123226940632,55.28823261260986,1.8408622885527222,21
0.5244903482496739,57.77678394317627,206.3500060849692,21
0.35577330991625783,60.88747310638428,5.470185273177321,21
0.8056854121387005,55.910370445251466,33.59721364050968,21
0.8056854121387005,61.509610939025876,7.86433999718116,21
0.7494463993608951,61.509610939025876,16.25484269462183,21
0.8056854121387005,60.88747310638428,1.2804453755048701,21
0.4120123226940632,58.39892177581787,0.8906371594698739,21
0.4120123226940632,60.88747310638428,5.470185273177321,21
0.35577330991625783,58.39892177581787,426.50583394762765,21
0.8056854121387005,56.532508277893065,1.8408622885527222,21
0.6369683738052845,58.39892177581787,206.3500060849692,20
0.6932073865830898,60.88747310638428,143.53051429753026,20
1.4805535654723645,55.910370445251466,1.8408622885527222,20
0.35577330991625783,54.66609477996826,1.8408622885527222,20
0.35577330991625783,54.04395694732666,0.8906371594698739,20
0.5244903482496739,59.021059608459474,206.3500060849692,20
0.6369683738052845,57.15464611053467,206.3500060849692,20
0.35577330991625783,57.15464611053467,0.6194989376378506,20
0.35577330991625783,57.15464611053467,426.50583394762765,20
0.6369683738052845,55.910370445251466,3.8048872421094977,20
0.5244903482496739,60.88747310638428,2.6465587913731943,20
0.4682513354718685,60.26533527374268,143.53051429753026,20
0.8056854121387005,57.77678394317627,206.3500060849692,20
0.8056854121387005,57.15464611053467,0.8906371594698739,20
0.35577330991625783,51.555405616760254,1.8408622885527222,20
0.6932073865830898,61.509610939025876,16.25484269462183,20
1.0868804760277269,57.15464611053467,23.369155369933406,20
0.4120123226940632,60.88747310638428,2.6465587913731943,20
0.4682513354718685,59.64319744110107,1.2804453755048701,20
0.9181634376943111,61.509610939025876,1.2804453755048701,20
0.4120123226940632,60.88747310638428,99.83526981836191,20
0.4682513354718685,59.021059608459474,206.3500060849692,19
0.4682513354718685,59.64319744110107,0.8906371594698739,19
0.4682513354718685,60.26533527374268,1.2804453755048701,19
0.5807293610274791,59.64319744110107,0.8906371594698739,19
0.6369683738052845,55.910370445251466,23.369155369933406,19
0.29953429713845253,52.17754344940185,143.53051429753026,19
0.6369683738052845,58.39892177581787,0.8906371594698739,19
0.5244903482496739,55.910370445251466,1.2804453755048701,19
0.8619244249165058,55.910370445251466,48.301821205670116,19
0.9181634376943111,56.532508277893065,1.2804453755048701,19
0.8619244249165058,59.021059608459474,613.1761030823689,19
0.5244903482496739,60.26533527374268,143.53051429753026,19
0.8056854121387005,60.88747310638428,143.53051429753026,19
0.6369683738052845,56.532508277893065,1.2804453755048701,19
0.4682513354718685,57.77678394317627,206.3500060849692,19
0.4120123226940632,59.64319744110107,1.2804453755048701,19
0.9744024504721165,53.42181911468506,0.8906371594698739,19
0.6369683738052845,60.88747310638428,1.8408622885527222,19
0.7494463993608951,61.509610939025876,33.59721364050968,19
0.7494463993608951,61.509610939025876,11.306352619266852,19
0.8056854121387005,59.021059608459474,0.8906371594698739,19
0.7494463993608951,55.910370445251466,16.25484269462183,19
0.35577330991625783,60.88747310638428,69.44224472744489,19
0.7494463993608951,57.15464611053467,0.8906371594698739,19
0.7494463993608951,61.509610939025876,3.8048872421094977,19
0.9744024504721165,54.04395694732666,0.8906371594698739,19
0.35577330991625783,52.17754344940185,1.8408622885527222,19
1.3680755399167537,57.15464611053467,5.470185273177321,19
0.29953429713845253,50.31112995147705,16.25484269462183,19
0.29953429713845253,51.555405616760254,11.306352619266852,19
1.0868804760277269,57.15464611053467,3.8048872421094977,18
0.35577330991625783,50.933267784118655,1.2804453755048701,18
0.9181634376943111,61.509610939025876,0.6194989376378506,18
0.4120123226940632,55.910370445251466,0.8906371594698739,18
0.9181634376943111,61.509610939025876,0.8906371594698739,18
0.4120123226940632,57.77678394317627,426.50583394762765,18
0.6932073865830898,59.64319744110107,0.8906371594698739,18
1.0306414632499217,58.39892177581787,206.3500060849692,18
0.5807293610274791,60.26533527374268,0.8906371594698739,18
0.4682513354718685,55.910370445251466,143.53051429753026,18
0.4120123226940632,60.88747310638428,48.301821205670116,18
0.6369683738052845,60.88747310638428,2.6465587913731943,18
1.0868804760277269,59.64319744110107,11.306352619266852,18
0.7494463993608951,60.88747310638428,0.8906371594698739,18
1.0868804760277269,59.64319744110107,7.86433999718116,18
0.9181634376943111,58.39892177581787,296.66392000101365,18
0.4682513354718685,55.910370445251466,0.8906371594698739,18
1.2555975143611429,58.39892177581787,0.6194989376378506,18
0.8619244249165058,55.910370445251466,16.25484269462183,18
0.8619244249165058,56.532508277893065,1.2804453755048701,18
0.8619244249165058,59.021059608459474,0.6194989376378506,18
0.5244903482496739,55.910370445251466,69.44224472744489,18
0.5807293610274791,55.910370445251466,143.53051429753026,18
0.5807293610274791,56.532508277893065,0.8906371594698739,18
0.7494463993608951,55.910370445251466,48.301821205670116,18
0.6369683738052845,55.910370445251466,69.44224472744489,18
0.4682513354718685,55.910370445251466,99.83526981836191,18
0.6369683738052845,60.88747310638428,99.83526981836191,18
0.35577330991625783,51.555405616760254,0.8906371594698739,17
0.6369683738052845,59.64319744110107,206.3500060849692,17
0.7494463993608951,59.64319744110107,206.3500060849692,17
0.8056854121387005,57.15464611053467,206.3500060849692,17
0.5244903482496739,54.66609477996826,16.25484269462183,17
0.35577330991625783,52.79968128204346,1.8408622885527222,17
1.4805535654723645,57.15464611053467,3.8048872421094977,17
0.35577330991625783,55.28823261260986,2.6465587913731943,17
0.7494463993608951,61.509610939025876,5.470185273177321,17
1.4805535654723645,57.77678394317627,0.8906371594698739,17
0.35577330991625783,55.28823261260986,33.59721364050968,17
0.35577330991625783,55.28823261260986,5.470185273177321,17
0.35577330991625783,55.910370445251466,206.3500060849692,17
0.35577330991625783,58.39892177581787,0.8906371594698739,17
0.5807293610274791,59.021059608459474,206.3500060849692,17
0.4682513354718685,60.88747310638428,69.44224472744489,17
0.5244903482496739,57.77678394317627,0.8906371594698739,17
0.29953429713845253,54.66609477996826,143.53051429753026,17
0.9181634376943111,55.910370445251466,1.2804453755048701,17
0.5244903482496739,60.26533527374268,1.2804453755048701,17
0.8619244249165058,56.532508277893065,143.53051429753026,17
1.2555975143611429,58.39892177581787,2.6465587913731943,17
0.5244903482496739,55.910370445251466,0.8906371594698739,17
0.4120123226940632,58.39892177581787,296.66392000101365,17
0.5807293610274791,56.532508277893065,206.3500060849692,16
0.8619244249165058,57.15464611053467,0.8906371594698739,16
0.29953429713845253,54.04395694732666,33.59721364050968,16
0.5244903482496739,59.64319744110107,1.2804453755048701,16
1.4805535654723645,58.39892177581787,7.86433999718116,16
0.5807293610274791,60.88747310638428,1.8408622885527222,16
1.2555975143611429,57.77678394317627,0.6194989376378506,16
0.9744024504721165,50.933267784118655,0.6194989376378506,16
0.9181634376943111,51.555405616760254,0.6194989376378506,16
0.35577330991625783,60.26533527374268,206.3500060849692,16
0.9744024504721165,52.17754344940185,0.6194989376378506,16
1.0868804760277269,57.15464611053467,5.470185273177321,16
0.7494463993608951,58.39892177581787,296.66392000101365,16
0.7494463993608951,56.532508277893065,0.8906371594698739,16
0.9181634376943111,62.13174877166748,33.59721364050968,16
0.35577330991625783,50.31112995147705,0.8906371594698739,16
0.6369683738052845,55.910370445251466,2.6465587913731943,16
0.9181634376943111,55.910370445251466,0.6194989376378506,16
0.5244903482496739,61.509610939025876,11.306352619266852,16
0.8619244249165058,55.910370445251466,7.86433999718116,16
0.8619244249165058,59.64319744110107,0.8906371594698739,16
0.8056854121387005,57.15464611053467,0.6194989376378506,16
0.6369683738052845,55.910370445251466,99.83526981836191,16
0.6369683738052845,59.021059608459474,0.8906371594698739,16
0.7494463993608951,60.26533527374268,0.8906371594698739,16
0.35577330991625783,60.26533527374268,1.2804453755048701,16
0.9744024504721165,55.28823261260986,0.6194989376378506,16
0.6932073865830898,61.509610939025876,23.369155369933406,16
0.4120123226940632,56.532508277893065,296.66392000101365,16
0.6369683738052845,57.77678394317627,0.8906371594698739,16
0.5244903482496739,58.39892177581787,0.8906371594698739,16
0.4682513354718685,57.77678394317627,0.8906371594698739,16
0.8056854121387005,57.77678394317627,0.6194989376378506,16
0.8619244249165058,58.39892177581787,296.66392000101365,16
1.0306414632499217,58.39892177581787,143.53051429753026,15
0.4120123226940632,58.39892177581787,613.1761030823689,15
1.3118365271389485,57.77678394317627,99.83526981836191,15
1.3118365271389485,59.64319744110107,23.369155369933406,15
0.9744024504721165,50.31112995147705,0.6194989376378506,15
0.35577330991625783,56.532508277893065,0.6194989376378506,15
0.8619244249165058,61.509610939025876,99.83526981836191,15
0.5807293610274791,56.532508277893065,0.6194989376378506,15
0.5244903482496739,60.88747310638428,1.8408622885527222,15
0.8619244249165058,60.88747310638428,206.3500060849692,15
0.5244903482496739,55.910370445251466,99.83526981836191,15
0.5244903482496739,56.532508277893065,206.3500060849692,15
0.6932073865830898,60.26533527374268,0.8906371594698739,15
0.29953429713845253,60.88747310638428,1.2804453755048701,15
1.0868804760277269,57.77678394317627,5.470185273177321,15
0.9181634376943111,61.509610939025876,143.53051429753026,15
0.35577330991625783,53.42181911468506,1.2804453755048701,15
0.6932073865830898,60.88747310638428,1.2804453755048701,15
0.5807293610274791,55.910370445251466,1.8408622885527222,15
1.0868804760277269,59.64319744110107,99.83526981836191,15
0.6932073865830898,55.910370445251466,1.8408622885527222,15
0.7494463993608951,60.88747310638428,206.3500060849692,15
0.4120123226940632,60.88747310638428,3.8048872421094977,15
0.8056854121387005,60.26533527374268,206.3500060849692,15
1.0868804760277269,59.021059608459474,11.306352619266852,15
0.4682513354718685,58.39892177581787,296.66392000101365,15
0.35577330991625783,59.64319744110107,426.50583394762765,15
0.6932073865830898,57.77678394317627,426.50583394762765,15
0.5807293610274791,60.26533527374268,1.2804453755048701,15
0.8056854121387005,59.021059608459474,0.6194989376378506,15
0.5807293610274791,61.509610939025876,33.59721364050968,15
0.8619244249165058,55.910370445251466,5.470185273177321,15
0.29953429713845253,53.42181911468506,7.86433999718116,15
0.35577330991625783,53.42181911468506,1.8408622885527222,15
1.0306414632499217,58.39892177581787,426.50583394762765,15
0.6932073865830898,61.509610939025876,33.59721364050968,15
0.4120123226940632,54.66609477996826,1.8408622885527222,15
0.7494463993608951,55.910370445251466,69.44224472744489,15
0.6932073865830898,59.64319744110107,296.66392000101365,14
1.0306414632499217,59.021059608459474,206.3500060849692,14
0.9181634376943111,52.79968128204346,0.6194989376378506,14
0.9181634376943111,52.79968128204346,0.8906371594698739,14
0.29953429713845253,50.31112995147705,143.53051429753026,14
1.3118365271389485,58.39892177581787,2.6465587913731943,14
0.9744024504721165,52.17754344940185,0.8906371594698739,14
0.8619244249165058,60.26533527374268,206.3500060849692,14
0.35577330991625783,52.79968128204346,1.2804453755048701,14
0.5244903482496739,57.77678394317627,426.50583394762765,14
1.0306414632499217,58.39892177581787,69.44224472744489,14
0.6932073865830898,59.021059608459474,296.66392000101365,14
0.6369683738052845,61.509610939025876,11.306352619266852,14
0.8056854121387005,60.26533527374268,1.2804453755048701,14
0.8056854121387005,60.88747310638428,0.8906371594698739,14
0.8056854121387005,55.910370445251466,7.86433999718116,14
0.6932073865830898,55.910370445251466,3.8048872421094977,14
0.7494463993608951,55.910370445251466,1.8408622885527222,14
0.4120123226940632,54.66609477996826,0.8906371594698739,14
0.9744024504721165,54.66609477996826,1.2804453755048701,14
0.7494463993608951,61.509610939025876,2.6465587913731943,14
0.7494463993608951,56.532508277893065,206.3500060849692,14
0.7494463993608951,55.910370445251466,7.86433999718116,14
0.8056854121387005,55.910370445251466,11.306352619266852,14
0.7494463993608951,57.15464611053467,206.3500060849692,14
0.6932073865830898,56.532508277893065,0.8906371594698739,14
0.6932073865830898,55.910370445251466,99.83526981836191,14
0.6932073865830898,57.15464611053467,0.8906371594698739,14
0.6932073865830898,61.509610939025876,7.86433999718116,14
0.8619244249165058,55.910370445251466,23.369155369933406,14
0.8619244249165058,55.910370445251466,11.306352619266852,14
0.4682513354718685,60.88747310638428,2.6465587913731943,14
0.4682513354718685,60.88747310638428,3.8048872421094977,14
0.6369683738052845,55.910370445251466,1.2804453755048701,14
0.8056854121387005,58.39892177581787,296.66392000101365,14
0.8056854121387005,59.021059608459474,613.1761030823689,14
0.35577330991625783,58.39892177581787,0.6194989376378506,14
1.2555975143611429,57.15464611053467,1.8408622885527222,14
0.5244903482496739,54.04395694732666,16.25484269462183,14
0.5244903482496739,59.021059608459474,0.8906371594698739,14
0.9181634376943111,55.910370445251466,5.470185273177321,14
0.5244903482496739,58.39892177581787,206.3500060849692,14
0.5244903482496739,60.26533527374268,206.3500060849692,14
0.8619244249165058,59.64319744110107,206.3500060849692,14
0.9181634376943111,51.555405616760254,1.2804453755048701,13
0.29953429713845253,60.88747310638428,1.8408622885527222,13
0.5244903482496739,60.26533527374268,0.8906371594698739,13
0.5807293610274791,58.39892177581787,296.66392000101365,13
0.4120123226940632,60.88747310638428,206.3500060849692,13
0.6369683738052845,60.88747310638428,1.2804453755048701,13
0.5244903482496739,53.42181911468506,11.306352619266852,13
0.4682513354718685,57.77678394317627,0.6194989376378506,13
0.5807293610274791,61.509610939025876,11.306352619266852,13
0.6369683738052845,55.910370445251466,1.8408622885527222,13
0.9181634376943111,62.13174877166748,5.470185273177321,13
0.9744024504721165,51.555405616760254,0.8906371594698739,13
0.7494463993608951,56.532508277893065,1.2804453755048701,13
0.8056854121387005,55.910370445251466,23.369155369933406,13
0.7494463993608951,58.39892177581787,0.6194989376378506,13
0.4120123226940632,54.04395694732666,0.8906371594698739,13
0.7494463993608951,59.021059608459474,296.66392000101365,13
0.4120123226940632,54.04395694732666,1.8408622885527222,13
0.7494463993608951,57.15464611053467,0.6194989376378506,13
0.9744024504721165,62.13174877166748,1.8408622885527222,13
0.4120123226940632,57.77678394317627,296.66392000101365,13
1.0306414632499217,59.021059608459474,143.53051429753026,13
0.4120123226940632,60.88747310638428,1.8408622885527222,13
0.6932073865830898,56.532508277893065,206.3500060849692,13
0.6369683738052845,60.88747310638428,143.53051429753026,13
0.9744024504721165,56.532508277893065,426.50583394762765,13
0.9181634376943111,50.933267784118655,0.6194989376378506,13
1.4805535654723645,57.77678394317627,0.6194989376378506,13
0.29953429713845253,60.88747310638428,206.3500060849692,13
0.35577330991625783,57.15464611053467,296.66392000101365,13
0.35577330991625783,60.88747310638428,1.8408622885527222,13
0.8056854121387005,55.910370445251466,2.6465587913731943,13
0.8056854121387005,59.64319744110107,206.3500060849692,13
0.9181634376943111,54.66609477996826,1.2804453755048701,13
0.29953429713845253,50.933267784118655,7.86433999718116,13
0.8619244249165058,57.15464611053467,0.6194989376378506,13
0.9181634376943111,55.910370445251466,7.86433999718116,13
0.29953429713845253,60.88747310638428,426.50583394762765,13
0.7494463993608951,57.77678394317627,0.6194989376378506,13
0.9744024504721165,51.555405616760254,0.6194989376378506,12
0.8056854121387005,55.910370445251466,48.301821205670116,12
0.9744024504721165,56.532508277893065,296.66392000101365,12
0.4120123226940632,60.88747310638428,143.53051429753026,12
0.5807293610274791,60.88747310638428,143.53051429753026,12
0.6369683738052845,58.39892177581787,0.6194989376378506,12
0.5807293610274791,59.64319744110107,206.3500060849692,12
0.6369683738052845,61.509610939025876,23.369155369933406,12
0.6369683738052845,61.509610939025876,48.301821205670116,12
0.6369683738052845,61.509610939025876,5.470185273177321,12
0.6369683738052845,61.509610939025876,16.25484269462183,12
0.4682513354718685,60.26533527374268,206.3500060849692,12
0.5244903482496739,60.88747310638428,99.83526981836191,12
0.35577330991625783,50.933267784118655,1.8408622885527222,12
0.5244903482496739,59.64319744110107,206.3500060849692,12
0.5244903482496739,53.42181911468506,16.25484269462183,12
0.35577330991625783,50.933267784118655,0.6194989376378506,12
1.4805535654723645,59.64319744110107,23.369155369933406,12
0.6369683738052845,59.64319744110107,0.8906371594698739,12
0.35577330991625783,59.021059608459474,296.66392000101365,12
0.8056854121387005,59.64319744110107,0.6194989376378506,12
0.8619244249165058,55.910370445251466,33.59721364050968,12
0.8619244249165058,55.910370445251466,1.8408622885527222,12
0.9181634376943111,61.509610939025876,206.3500060849692,12
0.4120123226940632,52.79968128204346,1.2804453755048701,12
0.7494463993608951,55.910370445251466,2.6465587913731943,12
0.9744024504721165,55.910370445251466,1.8408622885527222,12
0.4120123226940632,58.39892177581787,0.6194989376378506,12
0.4120123226940632,57.77678394317627,0.6194989376378506,12
1.3118365271389485,61.509610939025876,23.369155369933406,12
0.35577330991625783,54.66609477996826,1.2804453755048701,12
0.9181634376943111,55.910370445251466,23.369155369933406,12
0.29953429713845253,50.31112995147705,7.86433999718116,12
1.2555975143611429,58.39892177581787,1.2804453755048701,12
0.8619244249165058,56.532508277893065,0.8906371594698739,12
0.8619244249165058,56.532508277893065,0.6194989376378506,11
0.9181634376943111,55.910370445251466,11.306352619266852,11
0.35577330991625783,52.17754344940185,0.8906371594698739,11
0.9181634376943111,52.17754344940185,0.6194989376378506,11
0.9181634376943111,55.910370445251466,33.59721364050968,11
0.9181634376943111,56.532508277893065,0.8906371594698739,11
0.9181634376943111,56.532508277893065,206.3500060849692,11
0.9181634376943111,54.66609477996826,0.6194989376378506,11
0.5244903482496739,57.15464611053467,206.3500060849692,11
0.5244903482496739,57.15464611053467,0.8906371594698739,11
0.6369683738052845,58.39892177581787,426.50583394762765,11
0.6369683738052845,60.26533527374268,1.2804453755048701,11
0.4682513354718685,58.39892177581787,426.50583394762765,11
0.4682513354718685,57.77678394317627,296.66392000101365,11
0.6369683738052845,58.39892177581787,296.66392000101365,11
0.9181634376943111,52.79968128204346,1.2804453755048701,11
0.9181634376943111,50.31112995147705,0.6194989376378506,11
0.29953429713845253,51.555405616760254,143.53051429753026,11
1.3118365271389485,60.88747310638428,3.8048872421094977,11
1.3118365271389485,60.26533527374268,23.369155369933406,11
0.9181634376943111,57.77678394317627,296.66392000101365,11
0.35577330991625783,55.28823261260986,1.2804453755048701,11
0.8619244249165058,58.39892177581787,426.50583394762765,11
0.8619244249165058,56.532508277893065,206.3500060849692,11
1.3118365271389485,56.532508277893065,3.8048872421094977,11
1.2555975143611429,58.39892177581787,1.8408622885527222,11
0.8056854121387005,61.509610939025876,69.44224472744489,11
1.0868804760277269,61.509610939025876,23.369155369933406,11
0.8056854121387005,55.910370445251466,1.2804453755048701,11
0.8056854121387005,61.509610939025876,1.8408622885527222,11
0.35577330991625783,59.64319744110107,0.8906371594698739,11
0.8056854121387005,60.26533527374268,0.8906371594698739,11
1.0306414632499217,59.021059608459474,426.50583394762765,11
0.8056854121387005,55.910370445251466,16.25484269462183,11
0.8056854121387005,56.532508277893065,1.2804453755048701,11
0.4120123226940632,53.42181911468506,0.8906371594698739,11
0.7494463993608951,60.26533527374268,206.3500060849692,11
0.9744024504721165,52.79968128204346,0.8906371594698739,11
0.6932073865830898,59.64319744110107,206.3500060849692,11
1.0868804760277269,57.77678394317627,23.369155369933406,11
1.0306414632499217,58.39892177581787,99.83526981836191,11
0.9181634376943111,62.13174877166748,7.86433999718116,11
1.0306414632499217,58.39892177581787,613.1761030823689,11
0.6932073865830898,57.77678394317627,296.66392000101365,11
0.4120123226940632,60.26533527374268,1.2804453755048701,11
0.4682513354718685,54.04395694732666,1.2804453755048701,11
0.4682513354718685,55.28823261260986,1.8408622885527222,11
0.6369683738052845,61.509610939025876,3.8048872421094977,11
0.6369683738052845,61.509610939025876,33.59721364050968,10
0.6369683738052845,56.532508277893065,0.8906371594698739,10
0.4682513354718685,60.26533527374268,0.8906371594698739,10
0.5807293610274791,51.555405616760254,0.8906371594698739,10
0.5244903482496739,61.509610939025876,48.301821205670116,10
0.5807293610274791,55.910370445251466,0.8906371594698739,10
0.6369683738052845,55.910370445251466,0.8906371594698739,10
0.5807293610274791,61.509610939025876,16.25484269462183,10
0.5807293610274791,50.933267784118655,0.8906371594698739,10
0.4682513354718685,60.88747310638428,1.8408622885527222,10
0.29953429713845253,50.933267784118655,143.53051429753026,10
0.35577330991625783,50.31112995147705,1.8408622885527222,10
0.35577330991625783,53.42181911468506,0.6194989376378506,10
0.35577330991625783,51.555405616760254,0.6194989376378506,10
0.5244903482496739,58.39892177581787,0.6194989376378506,10
0.5244903482496739,54.04395694732666,1.8408622885527222,10
0.9181634376943111,50.933267784118655,0.8906371594698739,10
0.9181634376943111,55.910370445251466,48.301821205670116,10
0.4682513354718685,55.28823261260986,0.8906371594698739,10
0.4682513354718685,54.66609477996826,1.8408622885527222,10
0.4120123226940632,60.88747310638428,1.2804453755048701,10
0.9744024504721165,55.910370445251466,2.6465587913731943,10
0.6932073865830898,57.15464611053467,0.6194989376378506,10
0.4682513354718685,52.79968128204346,1.2804453755048701,10
0.9744024504721165,55.910370445251466,69.44224472744489,10
0.9744024504721165,55.910370445251466,23.369155369933406,10
0.4120123226940632,59.021059608459474,296.66392000101365,10
0.4120123226940632,59.64319744110107,613.1761030823689,10
0.6932073865830898,57.77678394317627,0.6194989376378506,10
0.9744024504721165,53.42181911468506,1.2804453755048701,10
1.0306414632499217,59.021059608459474,16.25484269462183,10
1.0306414632499217,59.021059608459474,99.83526981836191,10
0.4120123226940632,53.42181911468506,1.2804453755048701,10
0.4120123226940632,50.933267784118655,0.6194989376378506,10
0.7494463993608951,59.64319744110107,0.8906371594698739,10
1.0306414632499217,59.021059608459474,296.66392000101365,10
0.9744024504721165,50.933267784118655,0.8906371594698739,10
0.9181634376943111,62.13174877166748,11.306352619266852,10
0.6932073865830898,61.509610939025876,69.44224472744489,10
1.0306414632499217,59.021059608459474,613.1761030823689,10
0.35577330991625783,60.26533527374268,296.66392000101365,10
0.9181634376943111,59.021059608459474,296.66392000101365,10
1.0868804760277269,60.26533527374268,23.369155369933406,10
0.7494463993608951,59.64319744110107,296.66392000101365,10
1.0868804760277269,61.509610939025876,5.470185273177321,10
0.8619244249165058,54.66609477996826,0.6194989376378506,10
0.9181634376943111,59.021059608459474,426.50583394762765,10
0.8056854121387005,60.26533527374268,0.6194989376378506,10
1.3118365271389485,56.532508277893065,23.369155369933406,10
0.35577330991625783,57.77678394317627,0.6194989376378506,10
0.8619244249165058,50.31112995147705,0.6194989376378506,10
0.8056854121387005,59.021059608459474,426.50583394762765,10
1.2555975143611429,57.15464611053467,1.2804453755048701,10
0.35577330991625783,54.04395694732666,2.6465587913731943,10
0.35577330991625783,55.28823261260986,0.6194989376378506,10
0.8619244249165058,59.021059608459474,296.66392000101365,10
0.9181634376943111,55.910370445251466,0.8906371594698739,10
0.9181634376943111,57.77678394317627,426.50583394762765,10
0.9181634376943111,57.15464611053467,296.66392000101365,10
0.8619244249165058,61.509610939025876,1.8408622885527222,10
1.3118365271389485,60.88747310638428,23.369155369933406,10
0.8619244249165058,61.509610939025876,1.2804453755048701,10
0.29953429713845253,50.31112995147705,11.306352619266852,10
1.4805535654723645,56.532508277893065,5.470185273177321,10
